seed,optimizer,best_loss,best_physical_objective,penalty,penalty_fraction,total_evaluations,runtime_seconds,speed_knots,cargo_tonnes,fuel_type,operating_mode,use_shore_power,total_fuel_tonnes,total_opex_usd,total_wtw_ghg_tonnes,voyage_duration_hours,schedule_delay_hours,uncertainty_risk_tonnes,cii_rating,fueleu_compliant,domain_status,is_feasible,convergence_history
100,DE,3.275826915759734,3.2758,0.0,0.0,2500,148.538,18.59,696.7,bio_methanol,maneuvering,False,195.95,210402.34,330.6,26.3,0.0,27.23,NOT_EVALUABLE,True,VALID,True,"[4.114571633347294, 3.8066795321497167, 3.8066795321497167, 3.358995880652983, 3.300226595448197, 3.283186595448197, 3.283186595448197, 3.283186595448197, 3.283186595448197, 3.2825612145813023, 3.2825612145813023, 3.2825612145813023, 3.2825612145813023, 3.2825612145813023, 3.2825612145813023, 3.2825612145813023, 3.2763843525000125, 3.2763843525000125, 3.2763843525000125, 3.275896958753994, 3.275896958753994, 3.275896958753994, 3.275896958753994, 3.275896958753994, 3.275896958753994, 3.275896958753994, 3.275896958753994, 3.275896958753994, 3.275896958753994, 3.2758938914318847, 3.2758437790728596, 3.2758437790728596, 3.2758437790728596, 3.2758437790728596, 3.2758437790728596, 3.2758437790728596, 3.2758437790728596, 3.2758304330084664, 3.2758304330084664, 3.2758304330084664, 3.2758286162758012, 3.2758286162758012, 3.2758282150614946, 3.2758275597153457, 3.2758275597153457, 3.2758275597153457, 3.275827154550895, 3.275827154550895, 3.275826915759734, 3.275826915759734]"
137,DE,3.275826573079509,3.2758,0.0,0.0,2500,157.069,18.59,741.2,bio_methanol,transit,False,195.95,210402.32,330.6,26.3,0.0,27.23,NOT_EVALUABLE,True,VALID,True,"[3.4303502414681364, 3.320290061755986, 3.320290061755986, 3.2932373193176634, 3.2932373193176634, 3.2932373193176634, 3.2932373193176634, 3.293113070825298, 3.2788134824078035, 3.2788134824078035, 3.2760730708252983, 3.2760730708252983, 3.2760730708252983, 3.2760730708252983, 3.2760730708252983, 3.2760730708252983, 3.2760730708252983, 3.2760730708252983, 3.2760730708252983, 3.2759932986088973, 3.2759932986088973, 3.2759932986088973, 3.27594037776158, 3.27594037776158, 3.2758562458102087, 3.2758562458102087, 3.2758562458102087, 3.2758562458102087, 3.2758562458102087, 3.2758520892513605, 3.275841962653922, 3.275834008363755, 3.275834008363755, 3.2758281034152232, 3.2758281034152232, 3.2758281034152232, 3.2758270398164786, 3.275826741672652, 3.275826733618734, 3.275826733618734, 3.275826733618734, 3.275826573079509, 3.275826573079509, 3.275826573079509, 3.275826573079509, 3.275826573079509, 3.275826573079509, 3.275826573079509, 3.275826573079509, 3.275826573079509]"
174,DE,3.2758268499944565,3.2758,0.0,0.0,2500,200.99,18.59,897.8,bio_methanol,maneuvering,False,195.95,210402.34,330.6,26.3,0.0,27.23,NOT_EVALUABLE,True,VALID,True,"[3.925830079955851, 3.828065446531618, 3.2997994274556386, 3.2997994274556386, 3.2997994274556386, 3.2997994274556386, 3.2997994274556386, 3.2997994274556386, 3.2821481713573677, 3.2821481713573677, 3.2821481713573677, 3.2813088633284155, 3.2813088633284155, 3.2813088633284155, 3.2813088633284155, 3.2760831094183707, 3.2760831094183707, 3.2760831094183707, 3.2760831094183707, 3.275933987945058, 3.275866074899576, 3.275863469778624, 3.275863469778624, 3.275863469778624, 3.275830526851485, 3.275830526851485, 3.275830526851485, 3.275830526851485, 3.275830526851485, 3.275830526851485, 3.275830526851485, 3.275830526851485, 3.275830526851485, 3.275830526851485, 3.275830526851485, 3.275830526851485, 3.275830526851485, 3.2758279127709438, 3.2758279127709438, 3.27582781380132, 3.27582781380132, 3.27582781380132, 3.2758268499944565, 3.2758268499944565, 3.2758268499944565, 3.2758268499944565, 3.2758268499944565, 3.2758268499944565, 3.2758268499944565, 3.2758268499944565]"
211,DE,3.2758266878511564,3.2758,0.0,0.0,2500,220.238,18.59,216.9,bio_methanol,maneuvering,False,195.95,210402.33,330.6,26.3,0.0,27.23,NOT_EVALUABLE,True,VALID,True,"[3.4099401983165145, 3.2937610372795594, 3.2937610372795594, 3.2937610372795594, 3.2937610372795594, 3.2937610372795594, 3.2937610372795594, 3.2937610372795594, 3.2816670509287076, 3.2816670509287076, 3.276721037279559, 3.276721037279559, 3.2766539148319977, 3.2766539148319977, 3.2766539148319977, 3.2766539148319977, 3.2766539148319977, 3.2766539148319977, 3.2766539148319977, 3.276389484817642, 3.2762908894259306, 3.2762908894259306, 3.2762908894259306, 3.2761230016016434, 3.2761230016016434, 3.276005645563405, 3.276005645563405, 3.276005645563405, 3.276005645563405, 3.275905506393204, 3.275905506393204, 3.2758659074432224, 3.2758354349163517, 3.275833924062048, 3.2758272513949276, 3.2758272513949276, 3.2758272513949276, 3.2758272513949276, 3.2758272513949276, 3.2758272513949276, 3.2758272513949276, 3.2758272513949276, 3.2758269786532606, 3.2758269786532606, 3.2758269786532606, 3.2758269786532606, 3.2758269786532606, 3.2758268105343924, 3.2758268105343924, 3.2758266878511564]"
248,DE,3.2758266506756857,3.2758,0.0,0.0,2500,227.906,18.59,399.2,bio_methanol,maneuvering,False,195.95,210402.33,330.6,26.3,0.0,27.23,NOT_EVALUABLE,True,VALID,True,"[3.478488923366948, 3.3214619226912525, 3.3214619226912525, 3.2969716311038453, 3.2969716311038453, 3.2969716311038453, 3.2969716311038453, 3.2870165313658277, 3.2870165313658277, 3.2796866999502816, 3.279244665583863, 3.2780787604508737, 3.277363242485202, 3.2760384466765444, 3.2760384466765444, 3.2759164588125858, 3.2759164588125858, 3.2759164588125858, 3.2759164588125858, 3.2759164588125858, 3.2759164588125858, 3.2759164588125858, 3.2759164588125858, 3.2759164588125858, 3.2759164588125858, 3.2759164588125858, 3.2758620839999075, 3.2758620839999075, 3.2758430820466042, 3.2758430820466042, 3.2758430820466042, 3.2758397648878788, 3.2758340968939814, 3.2758340968939814, 3.2758311234291164, 3.2758267324216166, 3.2758267324216166, 3.2758267324216166, 3.2758267324216166, 3.2758267324216166, 3.2758267324216166, 3.275826724083428, 3.2758266886856537, 3.2758266709979162, 3.2758266709979162, 3.2758266709979162, 3.2758266709979162, 3.2758266538936662, 3.2758266506756857, 3.2758266506756857]"
285,DE,3.2758265731454386,3.2758,0.0,0.0,2500,236.928,18.59,401.6,bio_methanol,transit,False,195.95,210402.32,330.6,26.3,0.0,27.23,NOT_EVALUABLE,True,VALID,True,"[3.4442730336799783, 3.3224636968215298, 3.3224636968215298, 3.3224636968215298, 3.299063977566129, 3.299063977566129, 3.299063977566129, 3.294746802491446, 3.291889147536708, 3.2789848006363664, 3.2789848006363664, 3.275873855574064, 3.275873855574064, 3.275873855574064, 3.275873855574064, 3.275873855574064, 3.275830601294303, 3.275830601294303, 3.275830601294303, 3.275830601294303, 3.275830601294303, 3.275827744017316, 3.275827744017316, 3.275827744017316, 3.275827744017316, 3.275827744017316, 3.275827744017316, 3.275827744017316, 3.275827744017316, 3.27582759801935, 3.27582759801935, 3.27582759801935, 3.27582759801935, 3.2758269943004894, 3.2758269943004894, 3.2758269943004894, 3.2758268631288474, 3.2758268631288474, 3.2758268631288474, 3.2758268631288474, 3.2758268631288474, 3.2758268631288474, 3.2758268631288474, 3.2758268631288474, 3.2758268631288474, 3.2758268631288474, 3.2758268631288474, 3.2758265742735664, 3.2758265731454386, 3.2758265731454386]"
322,DE,3.275826578951965,3.2758,0.0,0.0,2500,250.631,18.59,0.0,bio_methanol,maneuvering,False,195.95,210402.32,330.6,26.3,0.0,27.23,NOT_EVALUABLE,True,VALID,True,"[3.333378243662939, 3.333378243662939, 3.333378243662939, 3.333378243662939, 3.333378243662939, 3.2973865480956954, 3.2973865480956954, 3.2849372189609336, 3.2849372189609336, 3.2849372189609336, 3.2849372189609336, 3.280260928970354, 3.280260928970354, 3.280260928970354, 3.2797922029289666, 3.276691261845208, 3.2764530265335257, 3.2762196172654097, 3.2762196172654097, 3.2762196172654097, 3.2762196172654097, 3.2762196172654097, 3.2762196172654097, 3.2759660755517688, 3.2759660755517688, 3.2759660755517688, 3.2759200059104834, 3.2759200059104834, 3.275870615740281, 3.275870615740281, 3.2758694663637304, 3.2758577905254906, 3.2758369565279866, 3.2758369565279866, 3.2758298709315823, 3.2758298709315823, 3.275826578951965, 3.275826578951965, 3.275826578951965, 3.275826578951965, 3.275826578951965, 3.275826578951965, 3.275826578951965, 3.275826578951965, 3.275826578951965, 3.275826578951965, 3.275826578951965, 3.275826578951965, 3.275826578951965, 3.275826578951965]"
359,DE,3.275826651614791,3.2758,0.0,0.0,2500,253.417,18.59,224.0,bio_methanol,maneuvering,False,195.95,210402.33,330.6,26.3,0.0,27.23,NOT_EVALUABLE,True,VALID,True,"[3.364739236233699, 3.364739236233699, 3.364739236233699, 3.352807125271162, 3.333444901109722, 3.320042520033436, 3.2853551571451356, 3.2853551571451356, 3.2853551571451356, 3.2853551571451356, 3.2853551571451356, 3.2853551571451356, 3.2853551571451356, 3.2796475965414276, 3.2796475965414276, 3.2796475965414276, 3.2796475965414276, 3.27597915448482, 3.27597915448482, 3.27597915448482, 3.27597915448482, 3.27597915448482, 3.27597915448482, 3.27597915448482, 3.27597915448482, 3.27586965606796, 3.27583409592037, 3.27583409592037, 3.27583409592037, 3.27583409592037, 3.27583409592037, 3.275832661802281, 3.275832661802281, 3.275832661802281, 3.2758284530138138, 3.2758284530138138, 3.2758284530138138, 3.2758270176920496, 3.2758270176920496, 3.2758270176920496, 3.2758270176920496, 3.2758270176920496, 3.2758270176920496, 3.2758270176920496, 3.2758270176920496, 3.2758270176920496, 3.275826817175856, 3.275826817175856, 3.275826651614791, 3.275826651614791]"
396,DE,3.2758266467964443,3.2758,0.0,0.0,2500,258.973,18.59,1000.0,bio_methanol,maneuvering,False,195.95,210402.33,330.6,26.3,0.0,27.23,NOT_EVALUABLE,True,VALID,True,"[3.330750639583462, 3.330750639583462, 3.330750639583462, 3.3150301184510393, 3.313710639583462, 3.2934846502093067, 3.293340605991173, 3.293340605991173, 3.293340605991173, 3.2767457684405756, 3.2767457684405756, 3.2767457684405756, 3.2767457684405756, 3.2767457684405756, 3.2763006059911723, 3.2763006059911723, 3.2763006059911723, 3.2763006059911723, 3.2763006059911723, 3.2763006059911723, 3.276047692574822, 3.276047692574822, 3.276047692574822, 3.2758487178224263, 3.2758487178224263, 3.2758487178224263, 3.2758487178224263, 3.2758487178224263, 3.275840573230657, 3.275840573230657, 3.275840573230657, 3.2758302875155487, 3.2758300165746554, 3.2758300165746554, 3.2758281055207696, 3.2758281055207696, 3.2758279811981965, 3.275827762586494, 3.275827762586494, 3.275827762586494, 3.2758271929723892, 3.2758270067147026, 3.2758266774721205, 3.2758266709348405, 3.2758266709348405, 3.2758266467964443, 3.2758266467964443, 3.2758266467964443, 3.2758266467964443, 3.2758266467964443]"
433,DE,3.275826567254572,3.2758,0.0,0.0,2500,277.504,18.59,174.3,bio_methanol,maneuvering,False,195.95,210402.32,330.6,26.3,0.0,27.23,NOT_EVALUABLE,True,VALID,True,"[3.5011746235335415, 3.4060033255467674, 3.2980075487993936, 3.2972440201713544, 3.296710595259067, 3.279070992062373, 3.279070992062373, 3.279070992062373, 3.279070992062373, 3.279070992062373, 3.279070992062373, 3.279070992062373, 3.279070992062373, 3.279070992062373, 3.279070992062373, 3.279070992062373, 3.275972258154824, 3.275972258154824, 3.275972258154824, 3.275972258154824, 3.275972258154824, 3.275972258154824, 3.2758302026337844, 3.2758302026337844, 3.2758302026337844, 3.2758302026337844, 3.2758302026337844, 3.2758302026337844, 3.2758302026337844, 3.2758302026337844, 3.275829684293748, 3.275829684293748, 3.275826829063137, 3.275826829063137, 3.275826829063137, 3.275826829063137, 3.275826686244814, 3.275826686244814, 3.275826686244814, 3.275826651168602, 3.275826651168602, 3.275826651168602, 3.2758266482013645, 3.2758266482013645, 3.2758266482013645, 3.2758265680282697, 3.2758265680282697, 3.2758265680282697, 3.2758265680282697, 3.275826567254572]"
470,DE,3.2758265743937365,3.2758,0.0,0.0,2500,278.23,18.59,121.2,bio_methanol,transit,False,195.95,210402.32,330.6,26.3,0.0,27.23,NOT_EVALUABLE,True,VALID,True,"[3.871989019623343, 3.4013780489230476, 3.4013780489230476, 3.3339146149453853, 3.3021035756882604, 3.3021035756882604, 3.281588067361196, 3.276901567571592, 3.276901567571592, 3.276901567571592, 3.276901567571592, 3.276901567571592, 3.276901567571592, 3.276901567571592, 3.2764805707553055, 3.2764805707553055, 3.2764805707553055, 3.2764805707553055, 3.2764805707553055, 3.2764805707553055, 3.275963084790127, 3.275963084790127, 3.275963084790127, 3.2758599742019596, 3.2758599742019596, 3.2758599742019596, 3.2758487025937155, 3.2758487025937155, 3.2758487025937155, 3.2758487025937155, 3.2758487025937155, 3.2758487025937155, 3.2758419320979737, 3.2758419320979737, 3.2758281202364383, 3.2758281202364383, 3.2758281202364383, 3.2758281202364383, 3.2758269171106216, 3.2758269171106216, 3.275826835330719, 3.275826835330719, 3.275826835330719, 3.275826835330719, 3.275826835330719, 3.275826835330719, 3.275826835330719, 3.275826731918503, 3.2758265743937365, 3.2758265743937365]"
507,DE,3.275826876018104,3.2758,0.0,0.0,2500,279.679,18.59,287.2,bio_methanol,transit,False,195.95,210402.34,330.6,26.3,0.0,27.23,NOT_EVALUABLE,True,VALID,True,"[3.3118177219610523, 3.3118177219610523, 3.3118177219610523, 3.3118177219610523, 3.307299087922958, 3.307299087922958, 3.2858033379440346, 3.2858033379440346, 3.2858033379440346, 3.2791186222828848, 3.2791186222828848, 3.2791186222828848, 3.278344233297247, 3.278344233297247, 3.2773008253083287, 3.2768862113279127, 3.2767456022945254, 3.2767456022945254, 3.2767456022945254, 3.2762683790593026, 3.275841832092369, 3.275841832092369, 3.275841832092369, 3.275841832092369, 3.275841832092369, 3.275834335058817, 3.275834335058817, 3.275834335058817, 3.275834335058817, 3.275834335058817, 3.27582813544028, 3.27582813544028, 3.27582813544028, 3.27582813544028, 3.27582813544028, 3.27582813544028, 3.27582813544028, 3.27582813544028, 3.27582813544028, 3.27582813544028, 3.27582813544028, 3.27582813544028, 3.27582813544028, 3.27582813544028, 3.2758279615826016, 3.2758279615826016, 3.2758271909431205, 3.2758268760181037, 3.2758268760181037, 3.2758268760181037]"
544,DE,3.275826662389022,3.2758,0.0,0.0,2500,284.785,18.59,562.3,bio_methanol,transit,False,195.95,210402.33,330.6,26.3,0.0,27.23,NOT_EVALUABLE,True,VALID,True,"[3.3610825128153694, 3.3610825128153694, 3.2823143065299503, 3.2823143065299503, 3.2823143065299503, 3.2823143065299503, 3.2823143065299503, 3.2823143065299503, 3.277288659495852, 3.277288659495852, 3.277288659495852, 3.277288659495852, 3.277288659495852, 3.277288659495852, 3.276855105631047, 3.276855105631047, 3.276855105631047, 3.276737869667044, 3.276737869667044, 3.275856732446508, 3.275856732446508, 3.275856732446508, 3.275856732446508, 3.275856732446508, 3.275851435016608, 3.275851435016608, 3.275851435016608, 3.275851435016608, 3.275851435016608, 3.275851435016608, 3.275851435016608, 3.275851435016608, 3.275830116993357, 3.275830116993357, 3.275830116993357, 3.275830116993357, 3.275830116993357, 3.275830116993357, 3.275830116993357, 3.275827201582859, 3.275827201582859, 3.275827201582859, 3.2758270542572525, 3.2758270542572525, 3.2758268478404005, 3.2758268478404005, 3.2758268478404005, 3.275826722148645, 3.275826717601995, 3.275826662389022]"
581,DE,3.275826646458326,3.2758,0.0,0.0,2500,297.509,18.59,294.3,bio_methanol,transit,False,195.95,210402.33,330.6,26.3,0.0,27.23,NOT_EVALUABLE,True,VALID,True,"[4.020185877414368, 3.4069957248098053, 3.4069957248098053, 3.3608221466041948, 3.308045406609518, 3.308045406609518, 3.283177998379229, 3.2781178554836776, 3.2758406193865577, 3.2758406193865577, 3.2758406193865577, 3.2758406193865577, 3.2758406193865577, 3.2758406193865577, 3.2758406193865577, 3.2758406193865577, 3.2758406193865577, 3.2758406193865577, 3.2758406193865577, 3.2758406193865577, 3.2758406193865577, 3.2758406193865577, 3.2758406193865577, 3.2758406193865577, 3.2758406193865577, 3.2758406193865577, 3.2758406193865577, 3.2758406193865577, 3.2758356381460114, 3.2758356381460114, 3.2758356381460114, 3.2758356381460114, 3.2758356381460114, 3.2758356381460114, 3.2758356381460114, 3.2758356381460114, 3.2758356381460114, 3.275829998434029, 3.2758279433429753, 3.2758270089172026, 3.275826656152922, 3.275826656152922, 3.275826656152922, 3.275826656152922, 3.275826656152922, 3.275826656152922, 3.275826656152922, 3.275826646458326, 3.275826646458326, 3.275826646458326]"
618,DE,3.275826689078967,3.2758,0.0,0.0,2500,299.345,18.59,272.7,bio_methanol,transit,False,195.95,210402.33,330.6,26.3,0.0,27.23,NOT_EVALUABLE,True,VALID,True,"[3.343388645692751, 3.343388645692751, 3.343388645692751, 3.3371980008376783, 3.3283634314456982, 3.2946562459676176, 3.2946562459676176, 3.2946562459676176, 3.2946562459676176, 3.2946562459676176, 3.2946562459676176, 3.2946562459676176, 3.2776702748126363, 3.2776702748126363, 3.2776702748126363, 3.2776702748126363, 3.2776702748126363, 3.2776702748126363, 3.2776702748126363, 3.2776702748126363, 3.2776702748126363, 3.2761520477746777, 3.2761520477746777, 3.2761520477746777, 3.27586464477843, 3.27586464477843, 3.27586464477843, 3.27586464477843, 3.27586464477843, 3.2758355684532154, 3.2758355684532154, 3.2758355684532154, 3.2758355684532154, 3.2758355684532154, 3.2758355684532154, 3.2758355684532154, 3.2758355684532154, 3.2758355684532154, 3.2758355684532154, 3.275827778419961, 3.275827778419961, 3.275827778419961, 3.275827778419961, 3.275827778419961, 3.275827778419961, 3.2758273443956973, 3.2758273443956973, 3.275826996187894, 3.275826996187894, 3.275826689078967]"
655,DE,3.275826570958142,3.2758,0.0,0.0,2500,296.697,18.59,0.0,bio_methanol,maneuvering,False,195.95,210402.32,330.6,26.3,0.0,27.23,NOT_EVALUABLE,True,VALID,True,"[3.2954380530944976, 3.2954380530944976, 3.2954380530944976, 3.2954380530944976, 3.281633850331385, 3.281633850331385, 3.281633850331385, 3.281633850331385, 3.281633850331385, 3.281633850331385, 3.281633850331385, 3.281633850331385, 3.2815268006172014, 3.278229855443703, 3.278229855443703, 3.27670028506349, 3.276298250632956, 3.276298250632956, 3.276298250632956, 3.275865935079756, 3.275865935079756, 3.275865935079756, 3.275865935079756, 3.275865935079756, 3.275865935079756, 3.275865935079756, 3.275841502927963, 3.275841502927963, 3.275841502927963, 3.275841502927963, 3.2758351760334317, 3.2758351760334317, 3.2758349907088955, 3.2758349907088955, 3.2758326511744884, 3.2758326511744884, 3.2758326511744884, 3.2758290375559005, 3.2758271679750686, 3.2758271679750686, 3.275826570958142, 3.275826570958142, 3.275826570958142, 3.275826570958142, 3.275826570958142, 3.275826570958142, 3.275826570958142, 3.275826570958142, 3.275826570958142, 3.275826570958142]"
692,DE,3.2758266426763383,3.2758,0.0,0.0,2500,294.157,18.59,428.3,bio_methanol,maneuvering,False,195.95,210402.33,330.6,26.3,0.0,27.23,NOT_EVALUABLE,True,VALID,True,"[3.2809682779403286, 3.2809682779403286, 3.2809682779403286, 3.2809682779403286, 3.2809682779403286, 3.279173738409445, 3.279173738409445, 3.279173738409445, 3.279173738409445, 3.277295201162077, 3.277295201162077, 3.277295201162077, 3.277295201162077, 3.277295201162077, 3.2762622474265735, 3.2762622474265735, 3.2762622474265735, 3.2762622474265735, 3.2759004479648657, 3.2759004479648657, 3.275833565393181, 3.275833565393181, 3.275833565393181, 3.275833565393181, 3.275833565393181, 3.275833565393181, 3.275833565393181, 3.275833565393181, 3.275833565393181, 3.275833565393181, 3.275833565393181, 3.275827045663812, 3.275827045663812, 3.275827045663812, 3.275827045663812, 3.275827045663812, 3.275827045663812, 3.275827045663812, 3.275826743677742, 3.275826743677742, 3.275826743677742, 3.275826743677742, 3.275826743677742, 3.2758266426763383, 3.2758266426763383, 3.2758266426763383, 3.2758266426763383, 3.2758266426763383, 3.2758266426763383, 3.2758266426763383]"
729,DE,3.2758266490903063,3.2758,0.0,0.0,2500,292.952,18.59,0.0,bio_methanol,transit,False,195.95,210402.33,330.6,26.3,0.0,27.23,NOT_EVALUABLE,True,VALID,True,"[3.8284131608459653, 3.490111907422362, 3.306237161589674, 3.2939218352331205, 3.2939218352331205, 3.2939218352331205, 3.2939218352331205, 3.2939218352331205, 3.2885116693570486, 3.2859016379490478, 3.2824883263515376, 3.2792170318133893, 3.2770905652266946, 3.2770905652266946, 3.2770905652266946, 3.2770905652266946, 3.2770905652266946, 3.276027647758382, 3.276027647758382, 3.2758655560574863, 3.2758655560574863, 3.2758655560574863, 3.2758655560574863, 3.2758655560574863, 3.2758655560574863, 3.2758655560574863, 3.2758328779116774, 3.2758328779116774, 3.2758328779116774, 3.2758328779116774, 3.2758328779116774, 3.2758328779116774, 3.2758296953794153, 3.2758296953794153, 3.2758284173014047, 3.2758275589295494, 3.2758275589295494, 3.2758275589295494, 3.2758275589295494, 3.2758275589295494, 3.275827226555997, 3.2758266495242387, 3.2758266495242387, 3.2758266495242387, 3.2758266495242387, 3.2758266495242387, 3.2758266495242387, 3.2758266490903063, 3.2758266490903063, 3.2758266490903063]"
766,DE,3.275826650978221,3.2758,0.0,0.0,2500,293.395,18.59,1000.0,bio_methanol,maneuvering,False,195.95,210402.33,330.6,26.3,0.0,27.23,NOT_EVALUABLE,True,VALID,True,"[3.8470117720331625, 3.8470117720331625, 3.2911338852736565, 3.2911338852736565, 3.2788080835986713, 3.2788080835986713, 3.2788080835986713, 3.2788080835986713, 3.276837172401733, 3.276837172401733, 3.276837172401733, 3.276837172401733, 3.276837172401733, 3.276837172401733, 3.276837172401733, 3.276837172401733, 3.276837172401733, 3.276837172401733, 3.2766719263925483, 3.2759221496443467, 3.2759221496443467, 3.2759221496443467, 3.2759221496443467, 3.2758883223787243, 3.275836961789356, 3.275836961789356, 3.275836961789356, 3.275836961789356, 3.2758340143883795, 3.2758340143883795, 3.275827228628306, 3.275827228628306, 3.275827228628306, 3.275827228628306, 3.275827228628306, 3.275827228628306, 3.275827228628306, 3.275826742974342, 3.275826742974342, 3.275826742974342, 3.275826742974342, 3.275826742974342, 3.275826737710267, 3.27582669571527, 3.27582669571527, 3.27582669571527, 3.275826694815533, 3.275826650978221, 3.275826650978221, 3.275826650978221]"
803,DE,3.275826569056166,3.2758,0.0,0.0,2500,293.608,18.59,1000.0,bio_methanol,maneuvering,False,195.95,210402.32,330.6,26.3,0.0,27.23,NOT_EVALUABLE,True,VALID,True,"[3.3832219542092155, 3.3832219542092155, 3.308984105270854, 3.308984105270854, 3.308984105270854, 3.29037682573235, 3.2890339148013163, 3.2890339148013163, 3.2787100281842103, 3.2787100281842103, 3.2787100281842103, 3.276252534253019, 3.276252534253019, 3.276252534253019, 3.276252534253019, 3.276252534253019, 3.276252534253019, 3.2758579956380696, 3.2758579956380696, 3.2758579956380696, 3.2758579956380696, 3.2758579956380696, 3.2758579956380696, 3.2758338535848166, 3.2758338535848166, 3.2758338535848166, 3.2758332324170363, 3.2758332324170363, 3.2758332324170363, 3.275827800871663, 3.275827800871663, 3.275827800871663, 3.275827034310293, 3.2758266787166668, 3.2758266787166668, 3.2758266787166668, 3.2758266787166668, 3.2758266787166668, 3.2758266787166668, 3.275826677573867, 3.275826677573867, 3.275826677573867, 3.275826677573867, 3.2758266614717226, 3.275826654861762, 3.275826654861762, 3.275826654861762, 3.275826654861762, 3.275826569056166, 3.275826569056166]"
840,DE,3.2758265725038958,3.2758,0.0,0.0,2500,293.554,18.59,1000.0,bio_methanol,transit,False,195.95,210402.32,330.6,26.3,0.0,27.23,NOT_EVALUABLE,True,VALID,True,"[3.4059105725084238, 3.315140898147966, 3.315140898147966, 3.315140898147966, 3.2943618073283227, 3.2943618073283227, 3.2943618073283227, 3.293087194374232, 3.290725582971604, 3.290725582971604, 3.290725582971604, 3.2809589621438664, 3.2773347448921286, 3.2772831861460663, 3.2772831861460663, 3.277046174179659, 3.2760870990167956, 3.2760870990167956, 3.2758826436621304, 3.2758826436621304, 3.2758826436621304, 3.2758826436621304, 3.2758826436621304, 3.275828828507752, 3.275828828507752, 3.2758272000104305, 3.2758272000104305, 3.2758272000104305, 3.2758272000104305, 3.2758272000104305, 3.2758272000104305, 3.2758272000104305, 3.2758272000104305, 3.2758272000104305, 3.2758272000104305, 3.27582701442254, 3.27582701442254, 3.27582701442254, 3.2758266718244755, 3.2758266718244755, 3.2758266718244755, 3.2758266718244755, 3.2758266718244755, 3.2758266718244755, 3.2758266718244755, 3.2758266718244755, 3.2758266718244755, 3.275826655981405, 3.2758265725038953, 3.2758265725038953]"
877,DE,3.275826678069288,3.2758,0.0,0.0,2500,293.65,18.59,999.7,bio_methanol,transit,False,195.95,210402.33,330.6,26.3,0.0,27.23,NOT_EVALUABLE,True,VALID,True,"[3.396022495049433, 3.30007089101304, 3.277984150981862, 3.277984150981862, 3.277984150981862, 3.277984150981862, 3.277984150981862, 3.277984150981862, 3.277984150981862, 3.277984150981862, 3.277984150981862, 3.277984150981862, 3.277984150981862, 3.276278259337763, 3.2761193999230542, 3.2761193999230542, 3.2761193999230542, 3.275951865344615, 3.275951865344615, 3.275951865344615, 3.275951865344615, 3.275951865344615, 3.275951865344615, 3.275951865344615, 3.275951865344615, 3.275951865344615, 3.275951865344615, 3.275908589656126, 3.275857373023169, 3.275857373023169, 3.275857373023169, 3.2758439115802642, 3.2758439115802642, 3.275830580591061, 3.275830580591061, 3.275830580591061, 3.2758290404002466, 3.2758288200393912, 3.275828144244001, 3.275828144244001, 3.2758272230451886, 3.275827043087745, 3.275827043087745, 3.275827043087745, 3.275827043087745, 3.275827043087745, 3.2758270367282227, 3.2758270367282227, 3.2758269117601126, 3.2758266780692877]"
914,DE,3.275826568722459,3.2758,0.0,0.0,2500,293.259,18.59,62.7,bio_methanol,transit,False,195.95,210402.32,330.6,26.3,0.0,27.23,NOT_EVALUABLE,True,VALID,True,"[3.348667587940594, 3.348667587940594, 3.348667587940594, 3.2792163630330986, 3.2792163630330986, 3.2792163630330986, 3.2792163630330986, 3.2792163630330986, 3.2792163630330986, 3.2792163630330986, 3.2792163630330986, 3.2792163630330986, 3.2792163630330986, 3.2792163630330986, 3.2771734623531783, 3.2771734623531783, 3.2771734623531783, 3.2763245760120148, 3.2763245760120148, 3.2763245760120148, 3.2763245760120148, 3.276022903019246, 3.276022903019246, 3.276022903019246, 3.276022903019246, 3.276022903019246, 3.275910846398915, 3.275910846398915, 3.2758468140793457, 3.2758468140793457, 3.2758468140793457, 3.2758468140793457, 3.2758439434947766, 3.2758439434947766, 3.2758439434947766, 3.275832461790812, 3.275832461790812, 3.275832461790812, 3.2758275565626005, 3.2758275565626005, 3.2758275565626005, 3.2758275565626005, 3.2758275565626005, 3.2758271917263855, 3.275826568722459, 3.275826568722459, 3.275826568722459, 3.275826568722459, 3.275826568722459, 3.275826568722459]"
951,DE,3.2758265677834197,3.2758,0.0,0.0,2500,292.831,18.59,1000.0,bio_methanol,maneuvering,False,195.95,210402.32,330.6,26.3,0.0,27.23,NOT_EVALUABLE,True,VALID,True,"[3.3309912547477873, 3.323291463500548, 3.323291463500548, 3.323291463500548, 3.323291463500548, 3.323291463500548, 3.323291463500548, 3.276141697433524, 3.276141697433524, 3.276141697433524, 3.276141697433524, 3.276141697433524, 3.276141697433524, 3.276141697433524, 3.276141697433524, 3.276141697433524, 3.276141697433524, 3.276141697433524, 3.276141697433524, 3.276141697433524, 3.2761307226902847, 3.275973445193422, 3.2758881202234336, 3.2758881202234336, 3.2758881202234336, 3.2758305305475974, 3.2758305305475974, 3.2758305305475974, 3.2758305305475974, 3.2758305305475974, 3.2758282240258354, 3.2758282240258354, 3.2758282240258354, 3.2758282240258354, 3.2758282240258354, 3.2758282240258354, 3.2758282240258354, 3.2758282240258354, 3.2758282240258354, 3.2758282240258354, 3.275826861425332, 3.275826861425332, 3.275826667899375, 3.275826667899375, 3.275826578402565, 3.275826578402565, 3.275826578402565, 3.275826578402565, 3.275826578402565, 3.2758265677834193]"
988,DE,3.275826742503384,3.2758,0.0,0.0,2500,293.487,18.59,126.7,bio_methanol,transit,False,195.95,210402.33,330.6,26.3,0.0,27.23,NOT_EVALUABLE,True,VALID,True,"[3.4991014997610645, 3.306188288708611, 3.292967265388961, 3.292967265388961, 3.292967265388961, 3.292967265388961, 3.292967265388961, 3.281591283914399, 3.278336640519978, 3.278336640519978, 3.278336640519978, 3.278336640519978, 3.278336640519978, 3.278336640519978, 3.277750326476284, 3.277750326476284, 3.2766015759698393, 3.2766015759698393, 3.2766015759698393, 3.276164582204046, 3.276164582204046, 3.276164582204046, 3.276164582204046, 3.276164582204046, 3.276164582204046, 3.276164582204046, 3.276164582204046, 3.2760160294131313, 3.2759322219447733, 3.2759165399749253, 3.2758612258843156, 3.2758400942741353, 3.2758321217883695, 3.2758321217883695, 3.2758321217883695, 3.2758321217883695, 3.2758321217883695, 3.2758321217883695, 3.2758321217883695, 3.2758321217883695, 3.275830252492597, 3.275830252492597, 3.275829156173489, 3.2758268381584323, 3.2758268381584323, 3.275826742503384, 3.275826742503384, 3.275826742503384, 3.275826742503384, 3.275826742503384]"
1025,DE,3.2758265725720803,3.2758,0.0,0.0,2500,300.706,18.59,473.6,bio_methanol,transit,False,195.95,210402.32,330.6,26.3,0.0,27.23,NOT_EVALUABLE,True,VALID,True,"[3.4463145049424204, 3.307745519673227, 3.2873719705275026, 3.2873719705275026, 3.278179508220686, 3.278179508220686, 3.278179508220686, 3.278179508220686, 3.278179508220686, 3.276985653979243, 3.276985653979243, 3.276347012703679, 3.276347012703679, 3.276347012703679, 3.276347012703679, 3.2758411767480182, 3.2758411767480182, 3.2758411767480182, 3.2758411767480182, 3.2758411767480182, 3.2758411767480182, 3.2758411767480182, 3.2758411767480182, 3.2758411767480182, 3.2758307231436468, 3.2758307231436468, 3.2758307231436468, 3.2758271931383565, 3.2758271931383565, 3.2758271931383565, 3.2758271931383565, 3.2758271931383565, 3.275826647552496, 3.275826647552496, 3.275826647552496, 3.275826647552496, 3.275826647552496, 3.275826647552496, 3.275826647552496, 3.275826647552496, 3.275826647552496, 3.275826647552496, 3.275826647552496, 3.275826647552496, 3.2758265725720803, 3.2758265725720803, 3.2758265725720803, 3.2758265725720803, 3.2758265725720803, 3.2758265725720803]"
1062,DE,3.2758265722237434,3.2758,0.0,0.0,2500,301.945,18.59,0.0,bio_methanol,transit,False,195.95,210402.32,330.6,26.3,0.0,27.23,NOT_EVALUABLE,True,VALID,True,"[3.9524081161946647, 3.43155152840579, 3.43155152840579, 3.43155152840579, 3.3663637539143374, 3.3012751359331904, 3.3012751359331904, 3.3012751359331904, 3.3012751359331904, 3.3012751359331904, 3.2771728664183866, 3.2771728664183866, 3.2771728664183866, 3.2771728664183866, 3.276605875745213, 3.276605875745213, 3.276605875745213, 3.276605875745213, 3.276605875745213, 3.276120973061045, 3.276120973061045, 3.276120973061045, 3.2759899829118404, 3.2759899829118404, 3.2759899829118404, 3.2759206920422304, 3.275905395178832, 3.2758828878737694, 3.2758828878737694, 3.2758379472568224, 3.2758379472568224, 3.2758379472568224, 3.2758307617734266, 3.2758307617734266, 3.2758307617734266, 3.2758307617734266, 3.2758307617734266, 3.2758307617734266, 3.2758278806522996, 3.2758278806522996, 3.2758265722237434, 3.2758265722237434, 3.2758265722237434, 3.2758265722237434, 3.2758265722237434, 3.2758265722237434, 3.2758265722237434, 3.2758265722237434, 3.2758265722237434, 3.2758265722237434]"
1099,DE,3.275826572569813,3.2758,0.0,0.0,2500,301.641,18.59,0.0,bio_methanol,transit,False,195.95,210402.32,330.6,26.3,0.0,27.23,NOT_EVALUABLE,True,VALID,True,"[3.3800715457865396, 3.3800715457865396, 3.3800715457865396, 3.341593756806833, 3.314110559747734, 3.30489208447968, 3.277364903218078, 3.277364903218078, 3.277364903218078, 3.277364903218078, 3.277364903218078, 3.277364903218078, 3.277364903218078, 3.2770054448950554, 3.276533856377307, 3.276533856377307, 3.276533856377307, 3.2761043139565618, 3.2761043139565618, 3.2758933960960244, 3.2758933960960244, 3.2758933960960244, 3.2758933960960244, 3.275842507364832, 3.275842507364832, 3.275842507364832, 3.275842507364832, 3.275842507364832, 3.275842507364832, 3.2758278902018816, 3.2758278902018816, 3.2758278902018816, 3.2758271811541144, 3.2758271811541144, 3.2758271811541144, 3.2758271811541144, 3.2758271811541144, 3.2758271811541144, 3.2758271811541144, 3.2758267009683175, 3.2758267009683175, 3.2758267009683175, 3.2758265725698132, 3.2758265725698132, 3.2758265725698132, 3.2758265725698132, 3.2758265725698132, 3.2758265725698132, 3.2758265725698132, 3.2758265725698132]"
1136,DE,3.275826579784309,3.2758,0.0,0.0,2500,245.892,18.59,471.1,bio_methanol,transit,False,195.95,210402.32,330.6,26.3,0.0,27.23,NOT_EVALUABLE,True,VALID,True,"[3.4248287639280517, 3.388388954663668, 3.3289612691799495, 3.2856477217993296, 3.283436066006873, 3.283436066006873, 3.283436066006873, 3.2782824230553174, 3.276814609493949, 3.275972753452783, 3.275972753452783, 3.275972753452783, 3.275972753452783, 3.275972753452783, 3.275972753452783, 3.275972753452783, 3.275861516532736, 3.275861516532736, 3.275861516532736, 3.275861516532736, 3.275861516532736, 3.275845508036149, 3.275845508036149, 3.275845508036149, 3.275845164581843, 3.275845164581843, 3.275845164581843, 3.275845164581843, 3.275829889931483, 3.275829889931483, 3.275829889931483, 3.2758291753489606, 3.2758291753489606, 3.275827322181682, 3.275827322181682, 3.275827322181682, 3.2758268626034486, 3.2758268626034486, 3.2758267255410205, 3.2758267255410205, 3.2758266414607724, 3.2758266414607724, 3.2758266414607724, 3.2758266414607724, 3.2758266414607724, 3.2758266414607724, 3.2758266414607724, 3.275826641033686, 3.275826641033686, 3.275826579784309]"
1173,DE,3.275826577235421,3.2758,0.0,0.0,2500,192.442,18.59,1000.0,bio_methanol,maneuvering,False,195.95,210402.32,330.6,26.3,0.0,27.23,NOT_EVALUABLE,True,VALID,True,"[3.406179976417196, 3.406179976417196, 3.3794021877350247, 3.2761143903021646, 3.2761143903021646, 3.2761143903021646, 3.2761143903021646, 3.2761143903021646, 3.2761143903021646, 3.2761143903021646, 3.2761143903021646, 3.2761143903021646, 3.2761143903021646, 3.2761143903021646, 3.2761143903021646, 3.2761143903021646, 3.2761143903021646, 3.2761143903021646, 3.2761143903021646, 3.2759683409690927, 3.2759683409690927, 3.2759683409690927, 3.2759683409690927, 3.2759683409690927, 3.2759683409690927, 3.2759683409690927, 3.2759683409690927, 3.2759683409690927, 3.275872296987499, 3.27585349755011, 3.27585349755011, 3.27585349755011, 3.2758402749222215, 3.2758402749222215, 3.2758388868023203, 3.2758359779587094, 3.2758359779587094, 3.275834059488037, 3.275829854512615, 3.275828871015741, 3.275827011324741, 3.275827011324741, 3.275827011324741, 3.275827011324741, 3.275827011324741, 3.275827011324741, 3.275826690979352, 3.275826577235421, 3.275826577235421, 3.275826577235421]"
100,GA,3.275836182710528,3.2758,0.0,0.0,2500,148.266,18.59,883.1,bio_methanol,maneuvering,False,195.95,210402.94,330.6,26.3,0.0,27.23,NOT_EVALUABLE,True,VALID,True,"[4.114571633347294, 3.8359786119451083, 3.8355220681620708, 3.2909967773402475, 3.2909967773402475, 3.277940869125242, 3.277940869125242, 3.2759289863478536, 3.2759289863478536, 3.27585208602077, 3.27585208602077, 3.27585208602077, 3.2758500699656388, 3.2758393173474922, 3.2758381092113003, 3.2758377476765093, 3.2758374058909303, 3.2758374058909303, 3.2758374058909303, 3.2758374041144074, 3.275836210479213, 3.275836210479213, 3.275836195352388, 3.275836195352388, 3.2758361946583574, 3.275836193688343, 3.2758361928170805, 3.2758361834634044, 3.2758361834634044, 3.2758361834634044, 3.2758361828067093, 3.2758361828067093, 3.2758361828029727, 3.2758361828029727, 3.275836182798112, 3.275836182798112, 3.2758361827261075, 3.2758361827261075, 3.2758361827261075, 3.2758361827261075, 3.2758361827261075, 3.2758361827251115, 3.2758361827230087, 3.2758361827230087, 3.275836182711163, 3.275836182711163, 3.275836182711163, 3.2758361827105276, 3.2758361827105276, 3.2758361827105276, 3.2758361827105276]"
137,GA,3.2759439370895227,3.2759,0.0,0.0,2500,163.212,18.59,781.7,bio_methanol,transit,False,195.96,210409.86,330.61,26.3,0.0,27.23,NOT_EVALUABLE,True,VALID,True,"[3.4303502414681364, 3.3592139240857715, 3.3592139240857715, 3.3592139240857715, 3.332516433274033, 3.332516433274033, 3.3321173918012352, 3.3134877050548686, 3.3134877050548686, 3.2765900812766544, 3.2765900812766544, 3.2765900812766544, 3.2765900812766544, 3.2765900812766544, 3.276515295666326, 3.276515295666326, 3.2761508626518423, 3.276056192858209, 3.276056192858209, 3.276023104211626, 3.27600950969766, 3.27600950969766, 3.2760072650557186, 3.2760072337619404, 3.2759984079688547, 3.2759984079688547, 3.275998397341023, 3.275998397341023, 3.275998397341023, 3.275998311082438, 3.275998242600768, 3.2759981167679535, 3.275954222011908, 3.275954222011908, 3.275954036206691, 3.2759540280531407, 3.2759540280531407, 3.2759512701675075, 3.2759440979821677, 3.2759440979821677, 3.2759440979821677, 3.275944081153739, 3.275944081153739, 3.275944081153739, 3.2759439553207534, 3.2759439553207534, 3.2759439529799135, 3.2759439529799135, 3.275943942496383, 3.2759439370895227, 3.2759439370895227]"
174,GA,3.277245612456146,3.2772,0.0,0.0,2500,193.382,18.58,951.0,bio_methanol,maneuvering,False,196.04,210493.46,330.74,26.31,0.0,27.24,NOT_EVALUABLE,True,VALID,True,"[3.925830079955851, 3.8270534920933605, 3.8270534920933605, 3.3090915790031783, 3.3090915790031783, 3.3090915790031783, 3.3090915790031783, 3.3090915790031783, 3.3090915790031783, 3.3038883369436554, 3.2952583677540668, 3.2952583677540668, 3.286086336476381, 3.285976063803844, 3.279280545833485, 3.279280545833485, 3.2792717820988386, 3.279019076053996, 3.2774670675868607, 3.2774670675868607, 3.2774670675868607, 3.2773476854847208, 3.2773381072541214, 3.277337569841624, 3.2772799180365375, 3.2772799180365375, 3.2772799180365375, 3.2772799180365375, 3.2772791671175927, 3.277277821342958, 3.2772776265728925, 3.277277626140287, 3.277276538401434, 3.277276538401434, 3.2772531057446614, 3.2772527690640794, 3.2772527690640794, 3.2772527690640794, 3.277252375967486, 3.2772520337094755, 3.2772519149561545, 3.2772491477170185, 3.277249112554921, 3.2772457128505446, 3.2772457128505446, 3.2772457128505446, 3.2772457128505446, 3.2772457128505446, 3.2772457128505446, 3.2772457128505446, 3.277245612456146]"
211,GA,3.2759554793823016,3.276,0.0,0.0,2500,220.62,18.59,766.2,bio_methanol,maneuvering,False,195.96,210410.6,330.61,26.3,0.0,27.23,NOT_EVALUABLE,True,VALID,True,"[3.4099401983165145, 3.307106546268019, 3.307106546268019, 3.3015697219289675, 3.2852215553362756, 3.2852215553362756, 3.2852215553362756, 3.2841844458881044, 3.2841844458881044, 3.2805982751091713, 3.2805982751091713, 3.2805982751091713, 3.2780150824537166, 3.2780150824537166, 3.2780150824537166, 3.2769614118944954, 3.276902548529754, 3.2768746630927286, 3.27680915624953, 3.27680915624953, 3.27680915624953, 3.276802490179557, 3.276802490179557, 3.276802490179557, 3.2767993431788147, 3.2767993431788147, 3.2767993431788147, 3.276798619046013, 3.276798619046013, 3.276798619046013, 3.2767986190256666, 3.2767986190256666, 3.2767985959600945, 3.2767985959600945, 3.2767985959600945, 3.2767985959600945, 3.276798594903309, 3.276798594721745, 3.276232723161921, 3.27620345770273, 3.27620345770273, 3.27620345770273, 3.2762005011486255, 3.2762005011486255, 3.2762005011486255, 3.276186042523084, 3.276186042523084, 3.275959882984604, 3.275959882984604, 3.275959882984604, 3.2759554793823016]"
248,GA,3.276189885996027,3.2762,0.0,0.0,2500,222.908,18.59,463.9,bio_methanol,maneuvering,False,195.97,210425.66,330.64,26.3,0.0,27.23,NOT_EVALUABLE,True,VALID,True,"[3.478488923366948, 3.3105656930357887, 3.2928686188204646, 3.2891785033683147, 3.2865963447879505, 3.2827963416980426, 3.2827963416980426, 3.2825035375658014, 3.281971149856227, 3.281971149856227, 3.2815467000090774, 3.2815467000090774, 3.2815467000090774, 3.2815467000090774, 3.2784006266569046, 3.2784006266569046, 3.2784006266569046, 3.278379134253537, 3.2782793380840793, 3.2782417672060773, 3.2782417672060773, 3.2782417672060773, 3.276751998952866, 3.276692213277547, 3.276692213277547, 3.276643028119233, 3.276589539343389, 3.276589539343389, 3.2765358396430977, 3.276495053975875, 3.276494027469377, 3.2762497427463795, 3.2762226046566236, 3.276219273594239, 3.276219273594239, 3.276219273594239, 3.276219273594239, 3.276198039501997, 3.2761916650148706, 3.2761916650148706, 3.27619056637809, 3.276190386136594, 3.276190386136594, 3.276190386136594, 3.276190055104414, 3.2761898911903993, 3.2761898911903993, 3.2761898895995, 3.2761898877687723, 3.2761898877687723, 3.276189885996027]"
285,GA,3.2758385403523658,3.2758,0.0,0.0,2500,234.05,18.59,491.0,bio_methanol,maneuvering,False,195.95,210403.09,330.6,26.3,0.0,27.23,NOT_EVALUABLE,True,VALID,True,"[3.4442730336799783, 3.443553894808158, 3.300402998713154, 3.300402998713154, 3.277372307475454, 3.277372307475454, 3.277372307475454, 3.277372307475454, 3.277372307475454, 3.2762043534419076, 3.2762043534419076, 3.2762043534419076, 3.2762043534419076, 3.2762043534419076, 3.2761902810666643, 3.2761902810666643, 3.276163606691337, 3.276135937798609, 3.2761352768665453, 3.2761352768665453, 3.2761325071379384, 3.276131694713502, 3.276131681465135, 3.276131681465135, 3.2759410643854445, 3.2759356447472365, 3.27592999467033, 3.275851191434153, 3.275851191434153, 3.275849368910368, 3.2758460069450885, 3.2758460069450885, 3.2758450555613234, 3.2758390223384417, 3.2758389905595164, 3.2758389905595164, 3.2758386315034365, 3.2758386315034365, 3.2758386315034365, 3.2758385530302716, 3.2758385454729835, 3.2758385454729835, 3.2758385454729835, 3.275838544892506, 3.275838541731945, 3.2758385412955437, 3.2758385412955437, 3.2758385412446085, 3.275838540449744, 3.2758385403523658, 3.2758385403523658]"
322,GA,3.276250464014496,3.2763,0.0,0.0,2500,250.22,18.59,921.6,bio_methanol,maneuvering,False,195.98,210429.55,330.64,26.3,0.0,27.23,NOT_EVALUABLE,True,VALID,True,"[3.333378243662939, 3.333378243662939, 3.333378243662939, 3.3163382436629387, 3.3068399460706077, 3.3068399460706077, 3.286184515153672, 3.286184515153672, 3.2834622574525967, 3.2834227000651484, 3.2830846602286616, 3.2826883178813775, 3.2826883178813775, 3.2826883178813775, 3.2826731551719885, 3.2826002930949945, 3.2825802661754797, 3.2825760621076436, 3.2825758979713777, 3.2822814154112003, 3.2822802179452246, 3.2822802179452246, 3.2822802179452246, 3.282279097528697, 3.282276881548492, 3.2770087526400005, 3.2770087526400005, 3.2770087526400005, 3.2770087526400005, 3.276953590787551, 3.2768576866552035, 3.2767239510983632, 3.276362675814088, 3.276362675814088, 3.2762754291677907, 3.2762754291677907, 3.2762754291677907, 3.276254074222668, 3.276254074222668, 3.276254074222668, 3.2762533934334965, 3.276253390423757, 3.2762508431507493, 3.2762508431507493, 3.2762508431507493, 3.276250826580954, 3.2762506831827767, 3.2762506831827767, 3.276250464014496, 3.276250464014496, 3.276250464014496]"
359,GA,3.275918043690354,3.2759,0.0,0.0,2500,251.553,18.59,824.4,bio_methanol,maneuvering,False,195.96,210408.2,330.61,26.3,0.0,27.23,NOT_EVALUABLE,True,VALID,True,"[3.364739236233699, 3.364739236233699, 3.3334687741455062, 3.3334687741455062, 3.316428774145506, 3.316428774145506, 3.316428774145506, 3.316428774145506, 3.3131060323422745, 3.3126368102422012, 3.2960660323422744, 3.2953153027095095, 3.2907138186525264, 3.290339453980523, 3.290339453980523, 3.282765962314568, 3.282765962314568, 3.281868377414177, 3.281868377414177, 3.281868377414177, 3.2817057152396405, 3.27932246708885, 3.279060427313765, 3.279060427313765, 3.2789075383096127, 3.2788451826367226, 3.2788306443083544, 3.278830580793029, 3.278828182365631, 3.278828182365631, 3.278828182365631, 3.278828182365631, 3.2788268844096096, 3.278826140080273, 3.278825616946966, 3.2762091148685553, 3.2761105059499744, 3.2759963499963733, 3.2759963499963733, 3.275957955356249, 3.275957955356249, 3.275957955356249, 3.2759270036299797, 3.2759270036299797, 3.275925740487437, 3.275925740487437, 3.27592475606273, 3.2759198016341498, 3.2759181772501513, 3.275918043852016, 3.275918043690354]"
396,GA,3.276278784954492,3.2763,0.0,0.0,2500,255.703,18.59,354.8,bio_methanol,transit,False,195.98,210431.37,330.64,26.3,0.0,27.23,NOT_EVALUABLE,True,VALID,True,"[3.330750639583462, 3.330750639583462, 3.330750639583462, 3.313710639583462, 3.3118783076115346, 3.296376104115777, 3.281636969870925, 3.281636969870925, 3.281636969870925, 3.2786371380594983, 3.278435007855947, 3.278435007855947, 3.278435007855947, 3.278388049216813, 3.278388049216813, 3.278377432714151, 3.2783761536604934, 3.278368665503278, 3.2783662473610393, 3.2783662473610393, 3.2783662473610393, 3.2783654751043088, 3.2780971008058852, 3.278085118686573, 3.278085118686573, 3.2764961483380572, 3.2763586376844804, 3.2763586376844804, 3.2763586376844804, 3.2763586376844804, 3.2763586302724446, 3.276357236511605, 3.2763066069039755, 3.2763066059217865, 3.2763060653361267, 3.2763049522627377, 3.2763049522627377, 3.2763049522627377, 3.276303769283595, 3.276303740356919, 3.276303740356919, 3.276303730603765, 3.276303729554581, 3.2763036107966386, 3.276303608949271, 3.276303608949271, 3.2763036070791753, 3.2763036070791753, 3.2762787849544917, 3.2762787849544917, 3.2762787849544917]"
433,GA,3.2758947627781687,3.2759,0.0,0.0,2500,269.344,18.59,888.8,bio_methanol,maneuvering,False,195.96,210406.7,330.61,26.3,0.0,27.23,NOT_EVALUABLE,True,VALID,True,"[3.5011746235335415, 3.497503139961077, 3.497503139961077, 3.325276835178908, 3.293062703609783, 3.293062703609783, 3.2930090864649193, 3.279882377083936, 3.2780721699404483, 3.2780721699404483, 3.2760631732069685, 3.2760602094855553, 3.276022703609783, 3.2759688206563657, 3.2759688206563657, 3.2759585460703096, 3.2759584295958133, 3.275958346528145, 3.275958346528145, 3.275958278864991, 3.27595625603927, 3.27595625603927, 3.27595625603927, 3.275956168370136, 3.275956168370136, 3.2759560713006426, 3.2759560713006426, 3.2759560652899813, 3.2759560652899813, 3.2759560648106643, 3.2759560648106643, 3.2759560648106643, 3.275956064676117, 3.27595606455052, 3.27595606455052, 3.27595606455052, 3.2759560645240553, 3.2759560645240553, 3.2759560645233075, 3.2759560645233075, 3.2759560645231187, 3.275956064522428, 3.275956064522428, 3.275956064522428, 3.275956064522428, 3.275956064522428, 3.275956064522428, 3.275956064522428, 3.2758947627781687, 3.2758947627781687, 3.2758947627781687]"
470,GA,3.2758431681364533,3.2758,0.0,0.0,2500,278.365,18.59,673.9,bio_methanol,maneuvering,False,195.95,210403.39,330.6,26.3,0.0,27.23,NOT_EVALUABLE,True,VALID,True,"[3.871989019623343, 3.377509044966346, 3.377509044966346, 3.3555950864417334, 3.3555950864417334, 3.330236958260306, 3.328374156565591, 3.3235205294964336, 3.3168739488971424, 3.3158357095069726, 3.3085949102525456, 3.3085949102525456, 3.292306836518624, 3.278480892374038, 3.278480892374038, 3.2775751375811, 3.2775751375811, 3.2775751375811, 3.2775617340634944, 3.277552297282198, 3.2770956199808046, 3.2770956199808046, 3.2770748932468234, 3.2770748932468234, 3.2770748932468234, 3.2766703188951456, 3.2766703188951456, 3.276597408385272, 3.276597408385272, 3.276597408385272, 3.276596536033312, 3.276594325542896, 3.276594325542896, 3.276594325542896, 3.2765940914965763, 3.276593981439028, 3.276593981439028, 3.2765939759558145, 3.2765939759558145, 3.2765939757542135, 3.276593970960303, 3.2765939708036003, 3.2765939570279943, 3.276593956366032, 3.2765939561175608, 3.2758824995070723, 3.2758824995070723, 3.2758824995070723, 3.2758550823331007, 3.2758550823331007, 3.2758431681364533]"
507,GA,3.2758268662208345,3.2758,0.0,0.0,2500,279.746,18.59,561.7,bio_methanol,maneuvering,False,195.95,210402.34,330.6,26.3,0.0,27.23,NOT_EVALUABLE,True,VALID,True,"[3.3118177219610523, 3.302333297749292, 3.302333297749292, 3.3022272797363104, 3.3022272797363104, 3.285293297749292, 3.2832373875100016, 3.2832373875100016, 3.2832373875100016, 3.2767309927788717, 3.2767309927788717, 3.2767309927788717, 3.2767309927788717, 3.2758371189141218, 3.2758371189141218, 3.2758371189141218, 3.275830957144848, 3.275830957144848, 3.2758296806604927, 3.2758292905829443, 3.2758277170073846, 3.2758277170073846, 3.2758268737225524, 3.2758268737225524, 3.2758268737225524, 3.2758268737225524, 3.2758268737225524, 3.275826873012766, 3.275826873012766, 3.2758268724308612, 3.2758268669247728, 3.2758268669247728, 3.2758268669247728, 3.275826866699316, 3.275826866658911, 3.275826866658911, 3.275826866328911, 3.27582686624629, 3.27582686624629, 3.2758268662249246, 3.275826866221325, 3.275826866221325, 3.275826866221202, 3.2758268662208345, 3.2758268662208345, 3.2758268662208345, 3.2758268662208345, 3.2758268662208345, 3.2758268662208345, 3.2758268662208345, 3.2758268662208345]"
544,GA,3.275861888703941,3.2759,0.0,0.0,2500,283.09,18.59,550.5,bio_methanol,transit,False,195.95,210404.59,330.6,26.3,0.0,27.23,NOT_EVALUABLE,True,VALID,True,"[3.3610825128153694, 3.2762024096653755, 3.2762024096653755, 3.2762024096653755, 3.2762024096653755, 3.2762024096653755, 3.2762024096653755, 3.2762024096653755, 3.2762024096653755, 3.275871402660104, 3.275866822266401, 3.275866822266401, 3.275866822266401, 3.275866822266401, 3.2758633007966016, 3.2758633007966016, 3.275863158001331, 3.275862768880167, 3.275862768880167, 3.2758620856080456, 3.2758620856080456, 3.2758620095816533, 3.2758620095816533, 3.2758619387530628, 3.2758619068423083, 3.2758618935443073, 3.2758618935443073, 3.2758618935443073, 3.2758618935443073, 3.275861893015357, 3.2758618894008613, 3.2758618894008613, 3.2758618893026448, 3.2758618887452466, 3.2758618887452466, 3.2758618887452466, 3.2758618887452466, 3.275861888723613, 3.275861888723613, 3.275861888723613, 3.275861888719261, 3.2758618887107462, 3.2758618887107462, 3.2758618887107462, 3.2758618887039415, 3.2758618887039415, 3.2758618887039415, 3.2758618887039415, 3.2758618887039415, 3.2758618887039415, 3.2758618887039415]"
581,GA,3.275831284249039,3.2758,0.0,0.0,2500,296.461,18.59,870.5,bio_methanol,maneuvering,False,195.95,210402.62,330.6,26.3,0.0,27.23,NOT_EVALUABLE,True,VALID,True,"[4.020185877414368, 3.3268102365700147, 3.3268102365700147, 3.316401515432967, 3.31196690313749, 3.31196690313749, 3.31196690313749, 3.3079073511170995, 3.3079073511170995, 3.3079073511170995, 3.3079073511170995, 3.3076635021065197, 3.3076635021065197, 3.3076635021065197, 3.3076635021065197, 3.3046830775253593, 3.304677931781063, 3.2980993893831334, 3.2980413951460785, 3.277011357589208, 3.276740150323328, 3.276740150323328, 3.276480578944871, 3.2759850250612157, 3.2759850250612157, 3.2759753925827937, 3.2758521992836656, 3.2758521992836656, 3.2758521992836656, 3.275838691573836, 3.275838691573836, 3.2758358671891052, 3.275833754162006, 3.275833754162006, 3.2758314849324757, 3.2758314849324757, 3.2758314849324757, 3.2758314849324757, 3.2758314849324757, 3.2758314849324757, 3.275831408802331, 3.275831402034774, 3.2758313695662653, 3.2758312888997003, 3.275831286720027, 3.2758312860956567, 3.2758312860956567, 3.275831284249039, 3.275831284249039, 3.275831284249039, 3.275831284249039]"
618,GA,3.275835267519528,3.2758,0.0,0.0,2500,298.685,18.59,996.9,bio_methanol,transit,False,195.95,210402.88,330.6,26.3,0.0,27.23,NOT_EVALUABLE,True,VALID,True,"[3.343388645692751, 3.33731164975091, 3.33731164975091, 3.300121444938369, 3.297935080853521, 3.2972186767204925, 3.284081722824917, 3.2806135281996665, 3.2806135281996665, 3.2806135281996665, 3.2806135281996665, 3.2801663805459182, 3.2772341753345633, 3.2762883013591875, 3.2762883013591875, 3.2762883013591875, 3.2761057936806, 3.27601062170403, 3.27601062170403, 3.2759826163983283, 3.2759820603974967, 3.2759820603974967, 3.275981947722264, 3.275980188541861, 3.275980188541861, 3.275980188541861, 3.275980188541861, 3.275852013500136, 3.275850238459826, 3.2758486803491516, 3.2758417721092212, 3.2758403700183303, 3.2758383754917926, 3.2758383754917926, 3.2758383754917926, 3.2758359124978553, 3.2758359124978553, 3.2758359124978553, 3.2758357365829536, 3.2758357365829536, 3.2758357364415716, 3.2758355543346136, 3.275835553708718, 3.2758353059375582, 3.2758353059375582, 3.2758353059375582, 3.2758352817507554, 3.2758352716802186, 3.2758352716802186, 3.2758352675195277, 3.2758352675195277]"
655,GA,3.2758626432723554,3.2759,0.0,0.0,2500,296.465,18.59,1000.0,bio_methanol,maneuvering,False,195.95,210404.64,330.6,26.3,0.0,27.23,NOT_EVALUABLE,True,VALID,True,"[3.2954380530944976, 3.2954380530944976, 3.2954380530944976, 3.2954380530944976, 3.2883443183268852, 3.2883443183268852, 3.2881092378014323, 3.2845008758118253, 3.2845008758118253, 3.284337539707495, 3.2766490122494076, 3.2766490122494076, 3.2766490122494076, 3.276068466328018, 3.276068466328018, 3.275872634129377, 3.275872634129377, 3.275872634129377, 3.2758710996399847, 3.2758710996399847, 3.2758710996399847, 3.2758710996399847, 3.2758654502995923, 3.27586365674221, 3.27586365674221, 3.275863488932937, 3.2758629361757694, 3.2758627893254726, 3.2758627893254726, 3.2758627893254726, 3.275862658244546, 3.275862658244546, 3.275862658244546, 3.2758626554504167, 3.2758626486408273, 3.2758626471572088, 3.2758626457502533, 3.2758626457502533, 3.275862643398796, 3.275862643398796, 3.2758626433931335, 3.2758626432799796, 3.2758626432799796, 3.2758626432799796, 3.2758626432799796, 3.2758626432799796, 3.2758626432799796, 3.275862643277016, 3.275862643277016, 3.2758626432723554, 3.2758626432723554]"
692,GA,3.275826703268052,3.2758,0.0,0.0,2500,294.215,18.59,836.6,bio_methanol,transit,False,195.95,210402.33,330.6,26.3,0.0,27.23,NOT_EVALUABLE,True,VALID,True,"[3.2809682779403286, 3.2809682779403286, 3.2809682779403286, 3.280561795117874, 3.2769746099879984, 3.2768937662403212, 3.2768937662403212, 3.2762662913977767, 3.2761497316872306, 3.2760919846742063, 3.2760919846742063, 3.2760919846742063, 3.2760915322823703, 3.276087139040545, 3.2760871345703153, 3.2760871345703153, 3.2760642953114143, 3.275830355529348, 3.275830355529348, 3.2758268678063107, 3.2758268678063107, 3.2758268678063107, 3.2758268678063107, 3.2758268678063107, 3.2758268678063107, 3.2758268678063107, 3.2758268678063107, 3.275826722236719, 3.275826722236719, 3.2758267191529398, 3.2758267079718077, 3.2758267034796535, 3.2758267034796535, 3.2758267034796535, 3.2758267034796535, 3.2758267034796535, 3.2758267034796535, 3.2758267034796535, 3.275826703436926, 3.2758267032709756, 3.2758267032709756, 3.27582670326833, 3.2758267032680517, 3.2758267032680517, 3.2758267032680517, 3.2758267032680517, 3.2758267032680517, 3.2758267032680517, 3.2758267032680517, 3.2758267032680517, 3.2758267032680517]"
729,GA,3.293116105894509,3.2931,0.0,0.0,2500,293.316,18.59,1000.0,bio_methanol,maneuvering,True,195.97,213258.35,330.62,26.3,0.0,27.23,NOT_EVALUABLE,True,VALID,True,"[3.8284131608459653, 3.8284131608459653, 3.4000147103121434, 3.4000147103121434, 3.328665426614524, 3.328665426614524, 3.3077657325035235, 3.3077657325035235, 3.3051986922264773, 3.3051986922264773, 3.3051986922264773, 3.3051986922264773, 3.305061184373757, 3.305061184373757, 3.3050600241330446, 3.30492920050069, 3.300255198195264, 3.300255198195264, 3.300255198195264, 3.2999366714166154, 3.2999366714166154, 3.2998825924591575, 3.2998130771143788, 3.2963017558557963, 3.2963017558557963, 3.296185002608791, 3.296185002608791, 3.29617409136931, 3.2958068631901076, 3.2958068631901076, 3.295201382574175, 3.295201382574175, 3.295201382574175, 3.2951756708540927, 3.2951112327015233, 3.2941531025356903, 3.2941531025356903, 3.2941531025356903, 3.294136008365084, 3.294136008365084, 3.2940060683907304, 3.2940060683907304, 3.2940060683907304, 3.2940056429844087, 3.294001180294513, 3.294001180294513, 3.293996817233546, 3.293996817233546, 3.2939966188369922, 3.293129346053087, 3.293116105894509]"
766,GA,3.2760536584984394,3.2761,0.0,0.0,2500,293.456,18.59,595.7,bio_methanol,maneuvering,False,195.96,210416.91,330.62,26.3,0.0,27.23,NOT_EVALUABLE,True,VALID,True,"[3.8470117720331625, 3.8227260204376985, 3.4900165889171846, 3.3157098129497107, 3.298669812949711, 3.295435396174903, 3.2843720829826073, 3.2843720829826073, 3.2833178784036523, 3.27840539402415, 3.278088803383903, 3.277137495699462, 3.277137495699462, 3.277137495699462, 3.27713704826069, 3.27711178489147, 3.2766512653990665, 3.2766512653990665, 3.2766512653990665, 3.2766476761519647, 3.276621555410051, 3.2766170295039623, 3.276590958201842, 3.2765827136599976, 3.2765827136599976, 3.276578459680095, 3.276578459680095, 3.2765724889278833, 3.276572439937424, 3.276572439937424, 3.276571703448438, 3.276571703448438, 3.2765717034013364, 3.2765715306581646, 3.2765715306581646, 3.2765715282243817, 3.276571527944365, 3.276571525049493, 3.276571525049493, 3.276523536886732, 3.276523536886732, 3.276522699432251, 3.276522699432251, 3.2765130272157297, 3.2765130272157297, 3.276094652120307, 3.2760938460686497, 3.2760938460686497, 3.2760938405175453, 3.2760752136765428, 3.2760536584984394]"
803,GA,3.275840769106227,3.2758,0.0,0.0,2500,293.088,18.59,874.1,bio_methanol,maneuvering,False,195.95,210403.23,330.6,26.3,0.0,27.23,NOT_EVALUABLE,True,VALID,True,"[3.3832219542092155, 3.38255081907102, 3.367342496282725, 3.322269907228249, 3.322269907228249, 3.322269907228249, 3.2982141700576424, 3.2982141700576424, 3.2812840658691704, 3.2811741700576422, 3.2811741700576422, 3.2810993920747227, 3.2810348752099996, 3.278563963322874, 3.277169862300063, 3.277169862300063, 3.2770898179387524, 3.2768538094634807, 3.2768538094634807, 3.2768538094634807, 3.2768494986593555, 3.2768291980438184, 3.2768291980438184, 3.276768312876459, 3.2767646268530797, 3.2767646268530797, 3.2767633749912655, 3.27675526625934, 3.27675526625934, 3.27675526625934, 3.27675526625934, 3.2767547591750663, 3.2767547591750663, 3.2767547543313076, 3.2767544949624354, 3.2761520491330596, 3.2759066965045447, 3.2759056477110464, 3.2759056477110464, 3.275903114240796, 3.275889370412895, 3.2758565605377927, 3.2758565605377927, 3.2758542632461647, 3.2758542632461647, 3.2758542632461647, 3.2758541522197517, 3.2758541055586035, 3.2758537641630125, 3.2758407994775514, 3.275840769106227]"
840,GA,3.275938589135344,3.2759,0.0,0.0,2500,293.256,18.59,975.8,bio_methanol,maneuvering,False,195.96,210409.52,330.61,26.3,0.0,27.23,NOT_EVALUABLE,True,VALID,True,"[3.4059105725084238, 3.2934869940921416, 3.2934869940921416, 3.2934869940921416, 3.2934869940921416, 3.2934869940921416, 3.293463301465148, 3.2807518811658998, 3.2807518811658998, 3.276256553986555, 3.276256553986555, 3.276181783585189, 3.276181783585189, 3.2761337398760295, 3.2761312788008863, 3.2761098101459734, 3.2761098101459734, 3.2761050298340906, 3.2761050298340906, 3.276105028460737, 3.2761048977797294, 3.2761034662015254, 3.27610337947106, 3.27610337947106, 3.27610337366591, 3.2759558982945793, 3.275941720306573, 3.275941720306573, 3.2759394685192675, 3.2759394685192675, 3.2759394685192675, 3.275938801902239, 3.2759387617510893, 3.2759387617510893, 3.2759387614789697, 3.2759386635609826, 3.275938594757938, 3.275938594757938, 3.275938594757938, 3.2759385936782905, 3.2759385906827387, 3.2759385906827387, 3.2759385905071987, 3.2759385905071987, 3.275938589216498, 3.275938589216498, 3.275938589216498, 3.2759385891930526, 3.2759385891930526, 3.275938589135344, 3.275938589135344]"
877,GA,3.2760398543546616,3.276,0.0,0.0,2500,292.885,18.59,985.9,bio_methanol,maneuvering,False,195.96,210416.02,330.62,26.3,0.0,27.23,NOT_EVALUABLE,True,VALID,True,"[3.396022495049433, 3.297451655187631, 3.297451655187631, 3.297451655187631, 3.297451655187631, 3.297451655187631, 3.2934833274769084, 3.290486501745264, 3.290486501745264, 3.290486501745264, 3.2898341261970647, 3.28973330104679, 3.28973330104679, 3.28973330104679, 3.2897167382782486, 3.2896731531197463, 3.2896731531197463, 3.289667972460385, 3.277566872551321, 3.277566872551321, 3.276171772385939, 3.276171772385939, 3.2761315087628295, 3.2761315087628295, 3.2761203515712722, 3.2761203515712722, 3.2761177504126255, 3.2761177504126255, 3.2761177504126255, 3.2761175783900858, 3.2761175783900858, 3.2761175668995075, 3.2761175568954406, 3.2761175568954406, 3.2761175568954406, 3.2761175550990767, 3.2761175550990767, 3.2761175549007744, 3.276117553599197, 3.2761175535628304, 3.276117553354914, 3.276117553354914, 3.2761175533547315, 3.2761175532382367, 3.2761175532382367, 3.2761175532382367, 3.276117553235955, 3.2760399940145954, 3.2760398543546616, 3.2760398543546616, 3.2760398543546616]"
914,GA,3.276232172364617,3.2762,0.0,0.0,2500,293.416,18.59,648.3,bio_methanol,transit,False,195.98,210428.37,330.64,26.3,0.0,27.23,NOT_EVALUABLE,True,VALID,True,"[3.348667587940594, 3.341300520161716, 3.341300520161716, 3.3076060772527045, 3.3076060772527045, 3.3076060772527045, 3.3045949649620425, 3.3045949649620425, 3.303659593706514, 3.303659593706514, 3.2956377441808655, 3.2785015532857633, 3.2781368630892747, 3.2779759307307397, 3.2779759307307397, 3.27736119379995, 3.27736119379995, 3.276984598155721, 3.2769670568781946, 3.2769670568781946, 3.2769660746062077, 3.2769660746062077, 3.2764858782850106, 3.2764858782850106, 3.276476228744228, 3.276366646317578, 3.2763608023710256, 3.2763608023710256, 3.276327342552124, 3.276327342552124, 3.276325262156303, 3.276243082558706, 3.276243082558706, 3.276243082558706, 3.2762427334716513, 3.276241648023701, 3.276241648023701, 3.2762404371140708, 3.27623389117651, 3.2762330810575517, 3.2762330810575517, 3.27623281493527, 3.27623281493527, 3.2762326442542196, 3.2762324998469317, 3.27623228060331, 3.27623228060331, 3.2762322653561884, 3.2762322653561884, 3.2762322653561884, 3.2762321723646175]"
951,GA,3.276759582979128,3.2768,0.0,0.0,2500,292.365,18.59,647.7,bio_methanol,transit,False,196.01,210462.25,330.69,26.3,0.0,27.24,NOT_EVALUABLE,True,VALID,True,"[3.3309912547477873, 3.2953197587693084, 3.2953197587693084, 3.280208639191982, 3.280208639191982, 3.2796644976208342, 3.2796644976208342, 3.279345112908104, 3.279345112908104, 3.2775231332632875, 3.2775231332632875, 3.2773531576508144, 3.2773531576508144, 3.2773448544554773, 3.2773448544554773, 3.2773246206130477, 3.276952093732498, 3.276952093732498, 3.2769434488946363, 3.2769434488946363, 3.2769369368322825, 3.2769369368322825, 3.2769369368322825, 3.276936770657648, 3.276936734891774, 3.2767787300049513, 3.2767773309866306, 3.2767773309866306, 3.276770759227756, 3.276770759227756, 3.2767638083031607, 3.2767597256431307, 3.2767597256431307, 3.2767597256431307, 3.2767597256431307, 3.2767597256431307, 3.2767597118325176, 3.2767597118325176, 3.2767596162776065, 3.2767595948123414, 3.276759592181298, 3.27675959209837, 3.27675959209837, 3.276759583572632, 3.276759583251413, 3.276759583251413, 3.276759583158181, 3.276759582979128, 3.276759582979128, 3.276759582979128, 3.276759582979128]"
988,GA,3.2759612969006,3.276,0.0,0.0,2500,292.201,18.59,337.0,bio_methanol,transit,False,195.96,210410.98,330.61,26.3,0.0,27.23,NOT_EVALUABLE,True,VALID,True,"[3.4991014997610645, 3.404554467290707, 3.3819887265268602, 3.3679471601336823, 3.3679471601336823, 3.3511476716937856, 3.2810888176298527, 3.2810888176298527, 3.2810888176298527, 3.2810888176298527, 3.276903522212351, 3.2768909992676467, 3.2768909992676467, 3.276868802667588, 3.276868802667588, 3.276865850668515, 3.2767331946220435, 3.276511954332615, 3.276511954332615, 3.2765112866413433, 3.2765112866413433, 3.2765092555368054, 3.2765073816913333, 3.2765073816913333, 3.276058939650092, 3.276058939650092, 3.2760333259441805, 3.276031582051779, 3.2760269392692893, 3.275969811858439, 3.275969811858439, 3.275969811858439, 3.2759657606158488, 3.2759657606158488, 3.2759657452763866, 3.2759654066621042, 3.275964772628371, 3.2759616531060782, 3.2759616531060782, 3.2759614561878423, 3.2759614561878423, 3.2759613285630147, 3.2759613285630147, 3.2759613285630147, 3.2759613216263257, 3.275961299994724, 3.275961299994724, 3.275961299994724, 3.275961299994724, 3.2759612997878587, 3.2759612969005993]"
1025,GA,3.2775441689122324,3.2775,0.0,0.0,2500,298.686,18.58,693.7,bio_methanol,maneuvering,False,196.05,210512.64,330.77,26.31,0.0,27.24,NOT_EVALUABLE,True,VALID,True,"[3.4463145049424204, 3.4463145049424204, 3.4463145049424204, 3.423270251722454, 3.423270251722454, 3.2941738402271543, 3.2845453740377746, 3.2845453740377746, 3.2845453740377746, 3.2845453740377746, 3.27980886495712, 3.27980886495712, 3.2783112406146033, 3.2782864551896527, 3.2780590621429133, 3.2776627678985637, 3.277622336084673, 3.277622336084673, 3.277589935269201, 3.277589935269201, 3.277560969947187, 3.277560969947187, 3.277560969947187, 3.277546973806614, 3.277546973806614, 3.277546973806614, 3.2775444564083878, 3.2775443509677635, 3.2775443509677635, 3.2775442033069995, 3.2775442033069995, 3.2775441970804944, 3.277544182253007, 3.2775441813210056, 3.2775441695259278, 3.277544169318742, 3.277544169318742, 3.277544169318742, 3.277544169318742, 3.2775441692764176, 3.2775441692764176, 3.2775441692764176, 3.2775441689455036, 3.2775441689455036, 3.2775441689455036, 3.277544168942173, 3.277544168942173, 3.27754416893792, 3.27754416893792, 3.2775441689368896, 3.2775441689122324]"
1062,GA,3.27582685774124,3.2758,0.0,0.0,2500,301.357,18.59,759.2,bio_methanol,maneuvering,False,195.95,210402.34,330.6,26.3,0.0,27.23,NOT_EVALUABLE,True,VALID,True,"[3.9524081161946647, 3.4103834482552475, 3.4103165868783485, 3.2766205169152403, 3.2766205169152403, 3.2766205169152403, 3.2766205169152403, 3.275840262044869, 3.275840262044869, 3.275840262044869, 3.275840262044869, 3.275840262044869, 3.275828231386531, 3.2758272311810663, 3.2758272311810663, 3.2758272216502977, 3.2758271904740566, 3.2758269043501165, 3.2758269043501165, 3.275826881977926, 3.275826881977926, 3.275826881315038, 3.2758268742819574, 3.2758268677144278, 3.275826858901476, 3.275826858901476, 3.275826858901476, 3.2758268584887924, 3.2758268578221528, 3.2758268578221528, 3.2758268578214795, 3.2758268578141507, 3.275826857760526, 3.275826857760526, 3.275826857760526, 3.275826857760526, 3.2758268577435734, 3.2758268577435734, 3.2758268577435734, 3.2758268577426324, 3.2758268577426324, 3.27582685774176, 3.27582685774124, 3.27582685774124, 3.27582685774124, 3.27582685774124, 3.27582685774124, 3.27582685774124, 3.27582685774124, 3.27582685774124, 3.27582685774124]"
1099,GA,3.276247210450099,3.2762,0.0,0.0,2500,301.647,18.59,382.2,bio_methanol,maneuvering,False,195.98,210429.34,330.64,26.3,0.0,27.23,NOT_EVALUABLE,True,VALID,True,"[3.3800715457865396, 3.3800715457865396, 3.3800715457865396, 3.363383990706551, 3.3114279838503964, 3.2805105773271315, 3.2805105773271315, 3.2805105773271315, 3.2793030703905384, 3.2793030703905384, 3.2793030703905384, 3.2791638655112085, 3.2791577172772683, 3.279136974529241, 3.279136974529241, 3.279136974529241, 3.279136974529241, 3.2791346810072506, 3.2791346810072506, 3.279134270166978, 3.2791332812919736, 3.2791332812919736, 3.2791332667708755, 3.2791332667708755, 3.279133229402768, 3.276430508889183, 3.276430508889183, 3.276430508889183, 3.276430508889183, 3.276404762331908, 3.2763250147400718, 3.2762570121888936, 3.2762570121888936, 3.276248660942439, 3.276248660942439, 3.2762473029967945, 3.2762473029967945, 3.2762473029967945, 3.2762473029967945, 3.2762473029967945, 3.27624724199932, 3.27624724199932, 3.276247234139374, 3.276247234139374, 3.276247234139374, 3.2762472161981093, 3.2762472150259376, 3.2762472150259376, 3.2762472150259376, 3.2762472115844212, 3.276247210450099]"
1136,GA,3.276268216456427,3.2763,0.0,0.0,2500,281.34,18.59,734.3,bio_methanol,maneuvering,False,195.98,210430.69,330.64,26.3,0.0,27.23,NOT_EVALUABLE,True,VALID,True,"[3.4248287639280517, 3.3040446030299373, 3.3040446030299373, 3.3040446030299373, 3.3040446030299373, 3.297757048829028, 3.297757048829028, 3.280868983748812, 3.280228742397787, 3.279914802092948, 3.2798051268819037, 3.2798051268819037, 3.2788982295954985, 3.2788982295954985, 3.278856293101901, 3.2788538041134623, 3.2788538041134623, 3.2788202426165065, 3.278794312821572, 3.27731650990468, 3.2773061272548554, 3.277138238642479, 3.277138238642479, 3.2771286173058813, 3.2771286173058813, 3.277111481229859, 3.277111481229859, 3.277111481229859, 3.2771085191198526, 3.277108495093983, 3.2771082054256397, 3.2771082054256397, 3.277105986349637, 3.2771049085268853, 3.2771047987661768, 3.277104790482025, 3.277104790482025, 3.2771046528251886, 3.2764109298281703, 3.2764093179857374, 3.27639821775013, 3.27639821775013, 3.27639821775013, 3.2763644731454074, 3.2763644731454074, 3.2763639984614894, 3.2763623328041067, 3.2763623328041067, 3.276268216456427, 3.276268216456427, 3.276268216456427]"
1173,GA,3.27593810884595,3.2759,0.0,0.0,2500,194.291,18.59,448.1,bio_methanol,maneuvering,False,195.96,210409.48,330.61,26.3,0.0,27.23,NOT_EVALUABLE,True,VALID,True,"[3.406179976417196, 3.362587753356394, 3.362587753356394, 3.3455477533563944, 3.321921374875654, 3.301857934968622, 3.297063599954087, 3.297063599954087, 3.297063599954087, 3.297063599954087, 3.2835960900116263, 3.2835960900116263, 3.283403507614108, 3.283403507614108, 3.283403507614108, 3.283403507614108, 3.283401874237416, 3.2834018646887615, 3.2833909578457217, 3.2833909578457217, 3.2833909578457217, 3.2833909578457217, 3.2833909578457217, 3.283390908894852, 3.283389384961491, 3.2833893617226027, 3.2767479433725697, 3.2766953562290495, 3.2766805203687843, 3.2766805203687843, 3.276264663334013, 3.276264663334013, 3.2761647616371055, 3.2760283977508133, 3.2759693893156747, 3.275957804559272, 3.275957804559272, 3.2759401967305184, 3.275939670357249, 3.2759396629150475, 3.2759396629150475, 3.275938467245208, 3.275938467245208, 3.2759382649936963, 3.2759382649936963, 3.2759382649936963, 3.2759382649936963, 3.2759382649936963, 3.2759382629807963, 3.2759382495736316, 3.27593810884595]"
100,PSO,3.2758292106078515,3.2758,0.0,0.0,2500,147.812,18.59,0.5,bio_methanol,maneuvering,False,195.95,210402.49,330.6,26.3,0.0,27.23,NOT_EVALUABLE,True,VALID,True,"[4.114571633347294, 3.3343082049815878, 3.301919358263767, 3.301919358263767, 3.301919358263767, 3.301919358263767, 3.294749048845506, 3.279157020902641, 3.2785653906175374, 3.276667741361382, 3.276346243584066, 3.276346243584066, 3.276346243584066, 3.275957056287658, 3.275957056287658, 3.27587777852477, 3.27587777852477, 3.27587777852477, 3.27587777852477, 3.27587777852477, 3.27587777852477, 3.27587777852477, 3.27587777852477, 3.27587777852477, 3.27587777852477, 3.27587777852477, 3.27587777852477, 3.27587777852477, 3.27587777852477, 3.27587777852477, 3.27587777852477, 3.27587777852477, 3.27587777852477, 3.27587777852477, 3.275835309528494, 3.275835309528494, 3.275835309528494, 3.275835309528494, 3.275835309528494, 3.275835309528494, 3.275835309528494, 3.275835309528494, 3.275835309528494, 3.275835309528494, 3.275835309528494, 3.275835309528494, 3.275835309528494, 3.2758292106078515, 3.2758292106078515, 3.2758292106078515]"
137,PSO,3.275829683008819,3.2758,0.0,0.0,2500,175.153,18.59,692.8,bio_methanol,transit,False,195.95,210402.52,330.6,26.3,0.0,27.23,NOT_EVALUABLE,True,VALID,True,"[3.4303502414681364, 3.3183554530784565, 3.303039227451722, 3.286098881507318, 3.286098881507318, 3.2772744659798714, 3.2772744659798714, 3.2772744659798714, 3.2772744659798714, 3.2772744659798714, 3.2772744659798714, 3.2772744659798714, 3.2772744659798714, 3.2772744659798714, 3.2772744659798714, 3.2760966066691335, 3.2760966066691335, 3.2760966066691335, 3.2760966066691335, 3.2760966066691335, 3.2760966066691335, 3.2760966066691335, 3.2760966066691335, 3.2760966066691335, 3.2760966066691335, 3.2760966066691335, 3.2760966066691335, 3.2760966066691335, 3.2760966066691335, 3.2760966066691335, 3.275829683008819, 3.275829683008819, 3.275829683008819, 3.275829683008819, 3.275829683008819, 3.275829683008819, 3.275829683008819, 3.275829683008819, 3.275829683008819, 3.275829683008819, 3.275829683008819, 3.275829683008819, 3.275829683008819, 3.275829683008819, 3.275829683008819, 3.275829683008819, 3.275829683008819, 3.275829683008819, 3.275829683008819, 3.275829683008819]"
174,PSO,3.2758267324686856,3.2758,0.0,0.0,2500,200.793,18.59,0.0,bio_methanol,maneuvering,False,195.95,210402.33,330.6,26.3,0.0,27.23,NOT_EVALUABLE,True,VALID,True,"[3.925830079955851, 3.3081466302680043, 3.3081466302680043, 3.2815588717874364, 3.2766507412846315, 3.2766507412846315, 3.2766507412846315, 3.2766507412846315, 3.2766507412846315, 3.2766507412846315, 3.276195031643121, 3.276195031643121, 3.276195031643121, 3.276195031643121, 3.276195031643121, 3.276195031643121, 3.276195031643121, 3.2758942261617863, 3.2758942261617863, 3.2758942261617863, 3.2758942261617863, 3.2758942261617863, 3.2758785742520153, 3.2758785742520153, 3.2758785742520153, 3.2758785742520153, 3.2758785742520153, 3.2758785742520153, 3.2758785742520153, 3.2758785742520153, 3.2758581739143264, 3.2758581739143264, 3.2758581739143264, 3.2758581739143264, 3.2758581739143264, 3.2758581739143264, 3.2758581739143264, 3.2758581739143264, 3.2758581739143264, 3.2758581739143264, 3.275851342498805, 3.275851342498805, 3.275831857331676, 3.275831857331676, 3.275831857331676, 3.275831857331676, 3.275831857331676, 3.275831857331676, 3.2758267324686856, 3.2758267324686856]"
211,PSO,3.275830597832621,3.2758,0.0,0.0,2500,219.721,18.59,955.7,bio_methanol,maneuvering,False,195.95,210402.58,330.6,26.3,0.0,27.23,NOT_EVALUABLE,True,VALID,True,"[3.4099401983165145, 3.293065550881639, 3.2812317734875234, 3.280013178579776, 3.280013178579776, 3.280013178579776, 3.280013178579776, 3.280013178579776, 3.2780714758472165, 3.2760189822251626, 3.2760189822251626, 3.2760189822251626, 3.2760189822251626, 3.2760189822251626, 3.2760189822251626, 3.2760189822251626, 3.2760189822251626, 3.2758414903742024, 3.2758414903742024, 3.2758414903742024, 3.2758414903742024, 3.2758414903742024, 3.2758414903742024, 3.2758414903742024, 3.2758414903742024, 3.2758414903742024, 3.2758414903742024, 3.2758414903742024, 3.2758414903742024, 3.2758414903742024, 3.2758414903742024, 3.2758414903742024, 3.2758414903742024, 3.2758414903742024, 3.2758414903742024, 3.2758414903742024, 3.2758394628104854, 3.2758394628104854, 3.2758394628104854, 3.2758394628104854, 3.275830597832621, 3.275830597832621, 3.275830597832621, 3.275830597832621, 3.275830597832621, 3.275830597832621, 3.275830597832621, 3.275830597832621, 3.275830597832621, 3.275830597832621]"
248,PSO,3.2758266409069576,3.2758,0.0,0.0,2500,220.395,18.59,432.3,bio_methanol,maneuvering,False,195.95,210402.33,330.6,26.3,0.0,27.23,NOT_EVALUABLE,True,VALID,True,"[3.478488923366948, 3.28958579248303, 3.2827803569703278, 3.2778323034411043, 3.2778323034411043, 3.2778323034411043, 3.2778323034411043, 3.2778323034411043, 3.2775504087871883, 3.27602019968581, 3.27602019968581, 3.27602019968581, 3.27602019968581, 3.27602019968581, 3.27602019968581, 3.27602019968581, 3.275885421659303, 3.275885421659303, 3.275885421659303, 3.275885421659303, 3.2758274711878967, 3.2758274711878967, 3.2758274711878967, 3.2758274711878967, 3.2758274711878967, 3.2758274711878967, 3.2758274711878967, 3.2758274711878967, 3.2758274711878967, 3.2758274711878967, 3.2758274711878967, 3.2758274711878967, 3.2758274711878967, 3.2758274711878967, 3.2758274711878967, 3.2758274711878967, 3.2758274711878967, 3.2758274711878967, 3.2758274711878967, 3.2758274711878967, 3.2758271953375377, 3.2758271953375377, 3.2758271953375377, 3.2758271953375377, 3.2758271953375377, 3.2758266409069576, 3.2758266409069576, 3.2758266409069576, 3.2758266409069576, 3.2758266409069576]"
285,PSO,3.292871961112825,3.2929,0.0,0.0,2500,229.575,18.59,562.7,bio_methanol,transit,True,195.95,213242.67,330.6,26.3,0.0,27.23,NOT_EVALUABLE,True,VALID,True,"[3.4442730336799783, 3.362718244170199, 3.2964962411268757, 3.2964962411268757, 3.2964962411268757, 3.2964962411268757, 3.2964962411268757, 3.2964962411268757, 3.2964962411268757, 3.2964962411268757, 3.294599905626553, 3.294599905626553, 3.294599905626553, 3.294599905626553, 3.294599905626553, 3.294599905626553, 3.294599905626553, 3.294195105116583, 3.294195105116583, 3.294195105116583, 3.2941039626071644, 3.2940255299337475, 3.2940255299337475, 3.2930205375377075, 3.2929628880953117, 3.2929628880953117, 3.2929628880953117, 3.2929628880953117, 3.2929628880953117, 3.2929628880953117, 3.2929628880953117, 3.2929481286507647, 3.2929481286507647, 3.2929481286507647, 3.292920720588043, 3.292920720588043, 3.292920720588043, 3.292920720588043, 3.292920720588043, 3.292920720588043, 3.292920720588043, 3.292920720588043, 3.29288431800165, 3.29288431800165, 3.29288431800165, 3.29288431800165, 3.29288431800165, 3.292871961112825, 3.292871961112825, 3.292871961112825]"
322,PSO,3.275826821561296,3.2758,0.0,0.0,2500,248.152,18.59,1000.0,bio_methanol,maneuvering,False,195.95,210402.34,330.6,26.3,0.0,27.23,NOT_EVALUABLE,True,VALID,True,"[3.333378243662939, 3.3239491948448987, 3.306258978354378, 3.288510257344862, 3.2788893819496896, 3.2788893819496896, 3.2775272997977276, 3.2775272997977276, 3.277211286990263, 3.2760761166204504, 3.2760761166204504, 3.2760761166204504, 3.2760761166204504, 3.2760761166204504, 3.2760761166204504, 3.2760761166204504, 3.2760761166204504, 3.2760761166204504, 3.2760761166204504, 3.2760761166204504, 3.2760761166204504, 3.2760761166204504, 3.2760761166204504, 3.2760761166204504, 3.2760761166204504, 3.2760339705635713, 3.2760339705635713, 3.276027152661055, 3.2759093743410936, 3.2759093743410936, 3.275847603189128, 3.275847603189128, 3.275847603189128, 3.275831029331136, 3.275831029331136, 3.275831029331136, 3.275831029331136, 3.275827458993314, 3.275827458993314, 3.275827458993314, 3.275827458993314, 3.275827458993314, 3.275827458993314, 3.275827458993314, 3.275827458993314, 3.275827458993314, 3.2758268215612953, 3.2758268215612953, 3.2758268215612953, 3.2758268215612953]"
359,PSO,3.2758322018628254,3.2758,0.0,0.0,2500,250.673,18.59,184.4,bio_methanol,transit,False,195.95,210402.68,330.6,26.3,0.0,27.23,NOT_EVALUABLE,True,VALID,True,"[3.364739236233699, 3.2986046681374184, 3.2947709007632056, 3.2947709007632056, 3.2855109974041548, 3.277826825079494, 3.277826825079494, 3.276996120046693, 3.2758725041969803, 3.2758725041969803, 3.2758725041969803, 3.2758725041969803, 3.2758725041969803, 3.2758725041969803, 3.2758725041969803, 3.2758725041969803, 3.2758725041969803, 3.2758725041969803, 3.2758725041969803, 3.2758725041969803, 3.2758725041969803, 3.2758725041969803, 3.2758725041969803, 3.275848681265477, 3.275848681265477, 3.275848681265477, 3.2758348373925594, 3.2758348373925594, 3.2758348373925594, 3.2758348373925594, 3.2758348373925594, 3.2758348373925594, 3.2758348373925594, 3.275833096012228, 3.275833096012228, 3.275833096012228, 3.275833096012228, 3.275833096012228, 3.275833096012228, 3.275833096012228, 3.275833096012228, 3.2758322018628254, 3.2758322018628254, 3.2758322018628254, 3.2758322018628254, 3.2758322018628254, 3.2758322018628254, 3.2758322018628254, 3.2758322018628254, 3.2758322018628254]"
396,PSO,3.275826836275358,3.2758,0.0,0.0,2500,256.3,18.59,336.9,bio_methanol,transit,False,195.95,210402.34,330.6,26.3,0.0,27.23,NOT_EVALUABLE,True,VALID,True,"[3.330750639583462, 3.3268835211495844, 3.301498218746552, 3.301498218746552, 3.2966751568075, 3.2966751568075, 3.2966751568075, 3.2933964925541614, 3.2933964925541614, 3.2933964925541614, 3.2933964925541614, 3.2933964925541614, 3.2933964925541614, 3.2933964925541614, 3.293193180367701, 3.2929173304348907, 3.2815509660411486, 3.2764635680213883, 3.2764635680213883, 3.2764635680213883, 3.2764635680213883, 3.2764635680213883, 3.2764635680213883, 3.276109600023997, 3.276109600023997, 3.276109600023997, 3.276109600023997, 3.276109600023997, 3.276004103561657, 3.276004103561657, 3.276004103561657, 3.2759949522317453, 3.2758725905869195, 3.2758725905869195, 3.2758268362753586, 3.2758268362753586, 3.2758268362753586, 3.2758268362753586, 3.2758268362753586, 3.2758268362753586, 3.2758268362753586, 3.2758268362753586, 3.2758268362753586, 3.2758268362753586, 3.2758268362753586, 3.2758268362753586, 3.2758268362753586, 3.2758268362753586, 3.2758268362753586, 3.2758268362753586]"
433,PSO,3.275827222710906,3.2758,0.0,0.0,2500,261.15,18.59,452.8,bio_methanol,maneuvering,False,195.95,210402.36,330.6,26.3,0.0,27.23,NOT_EVALUABLE,True,VALID,True,"[3.5011746235335415, 3.3801595010931837, 3.2810633159660885, 3.2810633159660885, 3.276526708875758, 3.276526708875758, 3.276526708875758, 3.276526708875758, 3.276526708875758, 3.276526708875758, 3.276526708875758, 3.276526708875758, 3.276526708875758, 3.276526708875758, 3.276260798781049, 3.276260798781049, 3.276260798781049, 3.27586976103609, 3.27586976103609, 3.27586976103609, 3.27586976103609, 3.27586976103609, 3.27586976103609, 3.27586976103609, 3.27586976103609, 3.27586976103609, 3.27586976103609, 3.2758589164126044, 3.2758589164126044, 3.2758589164126044, 3.2758589164126044, 3.2758388550881152, 3.2758388550881152, 3.275836482371812, 3.275836482371812, 3.275836482371812, 3.275836482371812, 3.275836482371812, 3.275832774455394, 3.275832774455394, 3.275832774455394, 3.2758324711769506, 3.2758324711769506, 3.2758323494857327, 3.275827591123078, 3.275827222710906, 3.275827222710906, 3.275827222710906, 3.275827222710906, 3.275827222710906]"
470,PSO,3.2758357053572027,3.2758,0.0,0.0,2500,277.832,18.59,999.9,bio_methanol,transit,False,195.95,210402.91,330.6,26.3,0.0,27.23,NOT_EVALUABLE,True,VALID,True,"[3.871989019623343, 3.3057758283722145, 3.3057758283722145, 3.3057758283722145, 3.2964680186726594, 3.2941561487194133, 3.2941561487194133, 3.2941561487194133, 3.2941561487194133, 3.2941561487194133, 3.2941561487194133, 3.2941561487194133, 3.2941561487194133, 3.2941561487194133, 3.2941561487194133, 3.2941561487194133, 3.293054168547249, 3.293054168547249, 3.293054168547249, 3.293054168547249, 3.293054168547249, 3.293054168547249, 3.293054168547249, 3.293054168547249, 3.293054168547249, 3.293054168547249, 3.293054168547249, 3.293054168547249, 3.293054168547249, 3.293054168547249, 3.293054168547249, 3.293054168547249, 3.293054168547249, 3.292939101207484, 3.276256760900696, 3.276256760900696, 3.2760438690872737, 3.2759180717008873, 3.2759180717008873, 3.2759180717008873, 3.2759180717008873, 3.2759180717008873, 3.2759180717008873, 3.2758357053572027, 3.2758357053572027, 3.2758357053572027, 3.2758357053572027, 3.2758357053572027, 3.2758357053572027, 3.2758357053572027]"
507,PSO,3.292867887296432,3.2929,0.0,0.0,2500,278.925,18.59,537.5,bio_methanol,transit,True,195.95,213242.41,330.6,26.3,0.0,27.23,NOT_EVALUABLE,True,VALID,True,"[3.3118177219610523, 3.3118177219610523, 3.3118177219610523, 3.298270485223008, 3.2950641211274125, 3.2950641211274125, 3.2950641211274125, 3.293879621401031, 3.2929944713139894, 3.2929944713139894, 3.2929944713139894, 3.2929944713139894, 3.2929944713139894, 3.2929944713139894, 3.2929944713139894, 3.2929944713139894, 3.2929944713139894, 3.2929944713139894, 3.2929944713139894, 3.2929944713139894, 3.2929944713139894, 3.2929944713139894, 3.2929944713139894, 3.2929379683276285, 3.2929379683276285, 3.2929379683276285, 3.2929379683276285, 3.2929379683276285, 3.2928984686579548, 3.2928984686579548, 3.2928740695101304, 3.2928740695101304, 3.2928740695101304, 3.2928740695101304, 3.2928740695101304, 3.2928740695101304, 3.2928689724010263, 3.292867887296432, 3.292867887296432, 3.292867887296432, 3.292867887296432, 3.292867887296432, 3.292867887296432, 3.292867887296432, 3.292867887296432, 3.292867887296432, 3.292867887296432, 3.292867887296432, 3.292867887296432, 3.292867887296432]"
544,PSO,3.275830199603789,3.2758,0.0,0.0,2500,282.886,18.59,949.1,bio_methanol,maneuvering,False,195.95,210402.56,330.6,26.3,0.0,27.23,NOT_EVALUABLE,True,VALID,True,"[3.3610825128153694, 3.282003994889005, 3.282003994889005, 3.282003994889005, 3.2792597528898377, 3.278638808331845, 3.278638808331845, 3.278638808331845, 3.278638808331845, 3.2758965299085445, 3.2758965299085445, 3.2758965299085445, 3.2758965299085445, 3.2758965299085445, 3.2758965299085445, 3.2758965299085445, 3.2758965299085445, 3.2758965299085445, 3.2758965299085445, 3.2758965299085445, 3.2758965299085445, 3.2758965299085445, 3.2758965299085445, 3.2758617659762312, 3.2758617659762312, 3.2758617659762312, 3.2758617659762312, 3.2758617659762312, 3.2758617659762312, 3.2758617659762312, 3.2758617659762312, 3.2758617659762312, 3.2758502290779634, 3.2758502290779634, 3.2758502290779634, 3.275830199603789, 3.275830199603789, 3.275830199603789, 3.275830199603789, 3.275830199603789, 3.275830199603789, 3.275830199603789, 3.275830199603789, 3.275830199603789, 3.275830199603789, 3.275830199603789, 3.275830199603789, 3.275830199603789, 3.275830199603789, 3.275830199603789]"
581,PSO,3.2758379903263366,3.2758,0.0,0.0,2500,297.104,18.59,528.8,bio_methanol,maneuvering,False,195.95,210403.05,330.6,26.3,0.0,27.23,NOT_EVALUABLE,True,VALID,True,"[4.020185877414368, 3.284568712542672, 3.284568712542672, 3.284568712542672, 3.284568712542672, 3.2759087705296874, 3.2759087705296874, 3.2759087705296874, 3.2759087705296874, 3.2759087705296874, 3.2759087705296874, 3.2759087705296874, 3.2759087705296874, 3.2759087705296874, 3.2759087705296874, 3.2759087705296874, 3.2759087705296874, 3.2759087705296874, 3.2759087705296874, 3.2759087705296874, 3.2759087705296874, 3.2759087705296874, 3.2759087705296874, 3.2759087705296874, 3.2759087705296874, 3.2759087705296874, 3.2759087705296874, 3.2759087705296874, 3.2759087705296874, 3.2759023116082844, 3.2759023116082844, 3.2759023116082844, 3.2759023116082844, 3.2759023116082844, 3.2759023116082844, 3.2759023116082844, 3.2759023116082844, 3.2759023116082844, 3.2758379903263366, 3.2758379903263366, 3.2758379903263366, 3.2758379903263366, 3.2758379903263366, 3.2758379903263366, 3.2758379903263366, 3.2758379903263366, 3.2758379903263366, 3.2758379903263366, 3.2758379903263366, 3.2758379903263366]"
618,PSO,3.2758270312713296,3.2758,0.0,0.0,2500,298.484,18.59,1000.0,bio_methanol,maneuvering,False,195.95,210402.35,330.6,26.3,0.0,27.23,NOT_EVALUABLE,True,VALID,True,"[3.343388645692751, 3.3202787751426546, 3.310196674918145, 3.305010353043947, 3.293359426372858, 3.293359426372858, 3.293359426372858, 3.293359426372858, 3.293359426372858, 3.293359426372858, 3.293032508680263, 3.293032508680263, 3.293032508680263, 3.293032508680263, 3.293032508680263, 3.293032508680263, 3.293032508680263, 3.293032508680263, 3.293032508680263, 3.293032508680263, 3.293032508680263, 3.2779677334335355, 3.2779677334335355, 3.2779677334335355, 3.275974445730715, 3.275974445730715, 3.275974445730715, 3.275974445730715, 3.275974445730715, 3.275974445730715, 3.275974445730715, 3.275974445730715, 3.275974445730715, 3.275974445730715, 3.275974445730715, 3.2758648452894765, 3.2758648452894765, 3.2758648452894765, 3.2758270312713296, 3.2758270312713296, 3.2758270312713296, 3.2758270312713296, 3.2758270312713296, 3.2758270312713296, 3.2758270312713296, 3.2758270312713296, 3.2758270312713296, 3.2758270312713296, 3.2758270312713296, 3.2758270312713296]"
655,PSO,3.275827797124309,3.2758,0.0,0.0,2500,295.338,18.59,987.6,bio_methanol,maneuvering,False,195.95,210402.4,330.6,26.3,0.0,27.23,NOT_EVALUABLE,True,VALID,True,"[3.2954380530944976, 3.2954380530944976, 3.2954380530944976, 3.292388432624017, 3.2831951126276833, 3.2831951126276833, 3.2831951126276833, 3.2831951126276833, 3.2794632459856987, 3.2794632459856987, 3.2794632459856987, 3.2794632459856987, 3.2794632459856987, 3.2794632459856987, 3.277190808394196, 3.276848435749419, 3.276848435749419, 3.2764339065045416, 3.2764339065045416, 3.2764339065045416, 3.2764339065045416, 3.2758726744244484, 3.2758726744244484, 3.2758726744244484, 3.2758726744244484, 3.2758726744244484, 3.2758726744244484, 3.2758442761922333, 3.2758442761922333, 3.2758442761922333, 3.2758442761922333, 3.2758442761922333, 3.2758442761922333, 3.2758442761922333, 3.2758442761922333, 3.2758442761922333, 3.275842411594584, 3.2758351056513315, 3.2758351056513315, 3.2758351056513315, 3.2758351056513315, 3.2758351056513315, 3.2758351056513315, 3.2758351056513315, 3.2758351056513315, 3.2758351056513315, 3.2758351056513315, 3.2758288115965426, 3.2758288115965426, 3.275827797124309]"
692,PSO,3.2758288105459408,3.2758,0.0,0.0,2500,294.269,18.59,256.1,bio_methanol,transit,False,195.95,210402.47,330.6,26.3,0.0,27.23,NOT_EVALUABLE,True,VALID,True,"[3.2809682779403286, 3.2809682779403286, 3.277917437705258, 3.277917437705258, 3.277917437705258, 3.277917437705258, 3.277917437705258, 3.276363445356142, 3.276363445356142, 3.276363445356142, 3.276363445356142, 3.276363445356142, 3.276363445356142, 3.276363445356142, 3.276363445356142, 3.276363445356142, 3.276363445356142, 3.276363445356142, 3.276363445356142, 3.276363445356142, 3.276363445356142, 3.276363445356142, 3.276018050059712, 3.276018050059712, 3.276018050059712, 3.276018050059712, 3.276018050059712, 3.276018050059712, 3.2759991247287874, 3.2759991247287874, 3.2759163958579642, 3.2759163958579642, 3.2759163958579642, 3.2758536259646007, 3.2758536259646007, 3.2758536259646007, 3.2758536259646007, 3.2758536259646007, 3.2758304201318786, 3.2758304201318786, 3.2758304201318786, 3.2758304201318786, 3.2758304201318786, 3.2758304201318786, 3.2758304201318786, 3.2758304201318786, 3.2758304201318786, 3.2758304201318786, 3.2758304201318786, 3.2758288105459408]"
729,PSO,3.2758528434593184,3.2759,0.0,0.0,2500,293.208,18.59,779.0,bio_methanol,transit,False,195.95,210404.01,330.6,26.3,0.0,27.23,NOT_EVALUABLE,True,VALID,True,"[3.8284131608459653, 3.315964950542382, 3.3031043757290357, 3.301152037281699, 3.2952557202618267, 3.2952557202618267, 3.2825419284823405, 3.2825419284823405, 3.2825419284823405, 3.2825419284823405, 3.2825419284823405, 3.2825419284823405, 3.2759824317793838, 3.2759824317793838, 3.2759824317793838, 3.27593701020542, 3.27593701020542, 3.27593701020542, 3.27593701020542, 3.27593701020542, 3.27593701020542, 3.27593701020542, 3.27593701020542, 3.27593701020542, 3.27593701020542, 3.27593701020542, 3.27593701020542, 3.27593701020542, 3.27593701020542, 3.27593701020542, 3.27593701020542, 3.27593701020542, 3.27593701020542, 3.27593701020542, 3.27593701020542, 3.275866704622073, 3.275866704622073, 3.275866704622073, 3.275866704622073, 3.275866704622073, 3.275866704622073, 3.275866704622073, 3.275866704622073, 3.275866704622073, 3.275866704622073, 3.2758528434593184, 3.2758528434593184, 3.2758528434593184, 3.2758528434593184, 3.2758528434593184]"
766,PSO,3.2758324458238097,3.2758,0.0,0.0,2500,292.95,18.59,684.8,bio_methanol,maneuvering,False,195.95,210402.7,330.6,26.3,0.0,27.23,NOT_EVALUABLE,True,VALID,True,"[3.8470117720331625, 3.3234667387497208, 3.289353207099126, 3.289353207099126, 3.289353207099126, 3.2762933975265125, 3.2762933975265125, 3.2762933975265125, 3.2762933975265125, 3.2762933975265125, 3.2762933975265125, 3.2762933975265125, 3.2762933975265125, 3.2762933975265125, 3.276047191099165, 3.276047191099165, 3.276047191099165, 3.276044244294426, 3.276044244294426, 3.276044244294426, 3.276044244294426, 3.2759532875433566, 3.2759532875433566, 3.2759532875433566, 3.2759532875433566, 3.2759532875433566, 3.2759532875433566, 3.2759532875433566, 3.2759532875433566, 3.2759532875433566, 3.2759532875433566, 3.2759532875433566, 3.2759532875433566, 3.2759423383705344, 3.2759423383705344, 3.27593792939514, 3.27593792939514, 3.27593792939514, 3.2759092394300158, 3.2758935399963116, 3.2758324458238097, 3.2758324458238097, 3.2758324458238097, 3.2758324458238097, 3.2758324458238097, 3.2758324458238097, 3.2758324458238097, 3.2758324458238097, 3.2758324458238097, 3.2758324458238097]"
803,PSO,3.275828588600656,3.2758,0.0,0.0,2500,293.161,18.59,873.1,bio_methanol,transit,False,195.95,210402.45,330.6,26.3,0.0,27.23,NOT_EVALUABLE,True,VALID,True,"[3.3832219542092155, 3.318938566205213, 3.307022965173906, 3.2835928555156437, 3.2835928555156437, 3.2835928555156437, 3.2762408147566866, 3.2762408147566866, 3.2762408147566866, 3.2762408147566866, 3.2762408147566866, 3.2762408147566866, 3.2761951928609396, 3.2761951928609396, 3.2761951928609396, 3.2759032494911433, 3.2759032494911433, 3.2759032494911433, 3.2758807711936835, 3.2758807711936835, 3.2758807711936835, 3.2758807711936835, 3.2758807711936835, 3.2758807711936835, 3.2758807711936835, 3.2758807711936835, 3.2758807711936835, 3.2758807711936835, 3.2758807711936835, 3.275829323814277, 3.275829323814277, 3.275829323814277, 3.275829323814277, 3.275829323814277, 3.275829323814277, 3.275829323814277, 3.275829323814277, 3.275829323814277, 3.275829323814277, 3.275829323814277, 3.275829323814277, 3.275829323814277, 3.275828588600656, 3.275828588600656, 3.275828588600656, 3.275828588600656, 3.275828588600656, 3.275828588600656, 3.275828588600656, 3.275828588600656]"
840,PSO,3.275834420753532,3.2758,0.0,0.0,2500,293.528,18.59,258.7,bio_methanol,maneuvering,False,195.95,210402.83,330.6,26.3,0.0,27.23,NOT_EVALUABLE,True,VALID,True,"[3.4059105725084238, 3.30732394256949, 3.30732394256949, 3.3031520335779248, 3.296156823986946, 3.2960532080870633, 3.2946715352791736, 3.285816758832306, 3.2782440761425127, 3.277944162947651, 3.2759880552160947, 3.2759880552160947, 3.275877416408468, 3.275877416408468, 3.275877416408468, 3.275877416408468, 3.275877416408468, 3.275877416408468, 3.275877416408468, 3.275877416408468, 3.275877416408468, 3.275877416408468, 3.275877416408468, 3.275877416408468, 3.275877416408468, 3.275877416408468, 3.275877416408468, 3.275877416408468, 3.275877416408468, 3.275877416408468, 3.275877416408468, 3.275877416408468, 3.2758404607752265, 3.2758404607752265, 3.2758404607752265, 3.2758404607752265, 3.2758404607752265, 3.2758344207535317, 3.2758344207535317, 3.2758344207535317, 3.2758344207535317, 3.2758344207535317, 3.2758344207535317, 3.2758344207535317, 3.2758344207535317, 3.2758344207535317, 3.2758344207535317, 3.2758344207535317, 3.2758344207535317, 3.2758344207535317]"
877,PSO,3.275829463609534,3.2758,0.0,0.0,2500,293.082,18.59,3.2,bio_methanol,maneuvering,False,195.95,210402.51,330.6,26.3,0.0,27.23,NOT_EVALUABLE,True,VALID,True,"[3.396022495049433, 3.319996807502431, 3.28470872082127, 3.28470872082127, 3.28470872082127, 3.28470872082127, 3.28470872082127, 3.28470872082127, 3.276974783603381, 3.276974783603381, 3.276974783603381, 3.276974783603381, 3.276974783603381, 3.276974783603381, 3.276974783603381, 3.276974783603381, 3.276974783603381, 3.276974783603381, 3.276974783603381, 3.2759047183865366, 3.2759047183865366, 3.2759047183865366, 3.2759047183865366, 3.2759047183865366, 3.2759047183865366, 3.2759047183865366, 3.2759047183865366, 3.2759047183865366, 3.2759047183865366, 3.2759047183865366, 3.2759047183865366, 3.2758315913784597, 3.2758315913784597, 3.2758315913784597, 3.2758315913784597, 3.2758315913784597, 3.2758315913784597, 3.2758315913784597, 3.2758315913784597, 3.2758315913784597, 3.2758315913784597, 3.2758315913784597, 3.2758315913784597, 3.2758315913784597, 3.2758315913784597, 3.2758315913784597, 3.2758315913784597, 3.2758315913784597, 3.2758315913784597, 3.2758294636095346]"
914,PSO,3.275826903326113,3.2758,0.0,0.0,2500,293.535,18.59,941.4,bio_methanol,maneuvering,False,195.95,210402.34,330.6,26.3,0.0,27.23,NOT_EVALUABLE,True,VALID,True,"[3.348667587940594, 3.278579667269102, 3.278579667269102, 3.278579667269102, 3.278579667269102, 3.278579667269102, 3.2776078594675875, 3.2776078594675875, 3.2776078594675875, 3.2776078594675875, 3.2776078594675875, 3.2776078594675875, 3.276630340948879, 3.276630340948879, 3.276630340948879, 3.276630340948879, 3.2766219415605833, 3.2766219415605833, 3.2766219415605833, 3.2766219415605833, 3.276439987797613, 3.2763220918988405, 3.2763220918988405, 3.275979266975132, 3.275979266975132, 3.275979266975132, 3.275979266975132, 3.275979266975132, 3.275892824893005, 3.2758460795456155, 3.2758309087572304, 3.2758309087572304, 3.2758309087572304, 3.2758309087572304, 3.2758309087572304, 3.2758309087572304, 3.2758309087572304, 3.2758309087572304, 3.2758309087572304, 3.2758306212755004, 3.2758306212755004, 3.2758306212755004, 3.2758283972852507, 3.2758283972852507, 3.2758279539993174, 3.2758279539993174, 3.275826903326113, 3.275826903326113, 3.275826903326113, 3.275826903326113]"
951,PSO,3.275827181486857,3.2758,0.0,0.0,2500,292.742,18.59,223.3,bio_methanol,transit,False,195.95,210402.36,330.6,26.3,0.0,27.23,NOT_EVALUABLE,True,VALID,True,"[3.3309912547477873, 3.2935281627934967, 3.2935281627934967, 3.2935281627934967, 3.2935281627934967, 3.2935281627934967, 3.2860742573406134, 3.2847013795631312, 3.277817798825747, 3.277817798825747, 3.277817798825747, 3.276277412656341, 3.2760933288699112, 3.2760933288699112, 3.2760933288699112, 3.2760204180156935, 3.2760204180156935, 3.2760204180156935, 3.2760204180156935, 3.2760204180156935, 3.2760204180156935, 3.2760204180156935, 3.2760204180156935, 3.2760204180156935, 3.2760204180156935, 3.2759276835874207, 3.2759276835874207, 3.2759276835874207, 3.2759276835874207, 3.2759276835874207, 3.2759276835874207, 3.2759276835874207, 3.2759276835874207, 3.2759276835874207, 3.275856121462051, 3.275856121462051, 3.275856121462051, 3.275856121462051, 3.275856121462051, 3.275856121462051, 3.275856121462051, 3.275856121462051, 3.2758357024702143, 3.2758357024702143, 3.2758357024702143, 3.275827181486857, 3.275827181486857, 3.275827181486857, 3.275827181486857, 3.275827181486857]"
988,PSO,3.2758277652182097,3.2758,0.0,0.0,2500,291.844,18.59,303.3,bio_methanol,maneuvering,False,195.95,210402.4,330.6,26.3,0.0,27.23,NOT_EVALUABLE,True,VALID,True,"[3.4991014997610645, 3.3028896192759425, 3.3028896192759425, 3.3028896192759425, 3.3023310109102852, 3.281474309357287, 3.27981304347562, 3.27981304347562, 3.27981304347562, 3.2785446163621415, 3.275984917266265, 3.275984917266265, 3.275984917266265, 3.275984917266265, 3.275984917266265, 3.275984917266265, 3.275984917266265, 3.275984917266265, 3.275828870364853, 3.275828870364853, 3.275828870364853, 3.275828870364853, 3.275828870364853, 3.275828870364853, 3.275828870364853, 3.275828870364853, 3.275828870364853, 3.275828870364853, 3.275828870364853, 3.275828870364853, 3.275828870364853, 3.275828870364853, 3.275828870364853, 3.275828870364853, 3.275828870364853, 3.275828870364853, 3.275828870364853, 3.275828870364853, 3.275828870364853, 3.275828870364853, 3.275828870364853, 3.275828870364853, 3.275828870364853, 3.275828870364853, 3.275828870364853, 3.275828870364853, 3.275828870364853, 3.275828870364853, 3.2758277652182097, 3.2758277652182097]"
1025,PSO,3.2758295070947616,3.2758,0.0,0.0,2500,294.703,18.59,337.3,bio_methanol,maneuvering,False,195.95,210402.51,330.6,26.3,0.0,27.23,NOT_EVALUABLE,True,VALID,True,"[3.4463145049424204, 3.2936135755173703, 3.2936135755173703, 3.2936135755173703, 3.2936135755173703, 3.2917485462142126, 3.2775118334875826, 3.2775118334875826, 3.2775118334875826, 3.2775118334875826, 3.2775118334875826, 3.276894448605453, 3.27662696270007, 3.27662696270007, 3.27662696270007, 3.27662696270007, 3.2764899921219226, 3.2764899921219226, 3.2760821644317213, 3.2760821644317213, 3.2760821644317213, 3.2760821644317213, 3.2760821644317213, 3.2760821644317213, 3.2760821644317213, 3.2760821644317213, 3.2760821644317213, 3.2760821644317213, 3.276005641550301, 3.275915747899037, 3.2758492572593423, 3.2758492572593423, 3.2758492572593423, 3.2758492572593423, 3.2758492572593423, 3.2758492572593423, 3.2758492572593423, 3.2758492572593423, 3.2758492572593423, 3.2758492572593423, 3.2758492572593423, 3.2758492572593423, 3.2758492572593423, 3.275842021572178, 3.275842021572178, 3.2758295070947616, 3.2758295070947616, 3.2758295070947616, 3.2758295070947616, 3.2758295070947616]"
1062,PSO,3.2758300055800795,3.2758,0.0,0.0,2500,300.361,18.59,475.2,bio_methanol,transit,False,195.95,210402.54,330.6,26.3,0.0,27.23,NOT_EVALUABLE,True,VALID,True,"[3.9524081161946647, 3.3431070745568414, 3.2957290156019248, 3.2957290156019248, 3.283897277742879, 3.2822646171617813, 3.2759739880453687, 3.2759739880453687, 3.2759739880453687, 3.2759739880453687, 3.2759739880453687, 3.2759739880453687, 3.2759739880453687, 3.2759739880453687, 3.2759739880453687, 3.2759739880453687, 3.2759739880453687, 3.275870857181136, 3.275870857181136, 3.275870857181136, 3.275870857181136, 3.275870857181136, 3.275870857181136, 3.275870857181136, 3.275870857181136, 3.275870857181136, 3.275870857181136, 3.275870857181136, 3.275834578569357, 3.2758300055800795, 3.2758300055800795, 3.2758300055800795, 3.2758300055800795, 3.2758300055800795, 3.2758300055800795, 3.2758300055800795, 3.2758300055800795, 3.2758300055800795, 3.2758300055800795, 3.2758300055800795, 3.2758300055800795, 3.2758300055800795, 3.2758300055800795, 3.2758300055800795, 3.2758300055800795, 3.2758300055800795, 3.2758300055800795, 3.2758300055800795, 3.2758300055800795, 3.2758300055800795]"
1099,PSO,3.2758271874623395,3.2758,0.0,0.0,2500,301.151,18.59,0.0,bio_methanol,transit,False,195.95,210402.36,330.6,26.3,0.0,27.23,NOT_EVALUABLE,True,VALID,True,"[3.3800715457865396, 3.3002808434431516, 3.3002808434431516, 3.2804075430517887, 3.2804075430517887, 3.278537928311563, 3.278537928311563, 3.278537928311563, 3.278537928311563, 3.2761551906601474, 3.2761551906601474, 3.276055983366062, 3.276055983366062, 3.276055983366062, 3.276053244595034, 3.276053244595034, 3.276053244595034, 3.276053244595034, 3.276053244595034, 3.276053244595034, 3.276053244595034, 3.276053244595034, 3.276053244595034, 3.276053244595034, 3.276053244595034, 3.2758992021957254, 3.2758992021957254, 3.2758992021957254, 3.2758728384371696, 3.2758728384371696, 3.2758646642592524, 3.2758646642592524, 3.2758595703028877, 3.2758595703028877, 3.2758595703028877, 3.2758595703028877, 3.2758595703028877, 3.2758595703028877, 3.2758595703028877, 3.275845653100382, 3.275838214696256, 3.275838214696256, 3.275838214696256, 3.275838214696256, 3.275838214696256, 3.275838214696256, 3.275838214696256, 3.2758271874623395, 3.2758271874623395, 3.2758271874623395]"
1136,PSO,3.2928707639277235,3.2929,0.0,0.0,2500,284.913,18.59,683.1,bio_methanol,maneuvering,True,195.95,213242.59,330.6,26.3,0.0,27.23,NOT_EVALUABLE,True,VALID,True,"[3.4248287639280517, 3.296129623459022, 3.296129623459022, 3.296129623459022, 3.296129623459022, 3.2955477031565175, 3.2932455324534167, 3.2932455324534167, 3.2932455324534167, 3.2932455324534167, 3.2932455324534167, 3.2932455324534167, 3.292993732670312, 3.292993732670312, 3.292993732670312, 3.292993732670312, 3.292993732670312, 3.292993732670312, 3.292993732670312, 3.292993732670312, 3.292993732670312, 3.292993732670312, 3.292993732670312, 3.292993732670312, 3.292993732670312, 3.292993732670312, 3.292993732670312, 3.292993732670312, 3.292993732670312, 3.29294252314778, 3.29294252314778, 3.29294252314778, 3.29294252314778, 3.29294252314778, 3.29294252314778, 3.29294252314778, 3.29294252314778, 3.29294252314778, 3.29294252314778, 3.292942497832639, 3.292942497832639, 3.292942497832639, 3.292942497832639, 3.292942497832639, 3.2929244610839854, 3.2929244610839854, 3.2928707639277235, 3.2928707639277235, 3.2928707639277235, 3.2928707639277235]"
1173,PSO,3.275828075906626,3.2758,0.0,0.0,2500,194.759,18.59,683.0,bio_methanol,transit,False,195.95,210402.42,330.6,26.3,0.0,27.23,NOT_EVALUABLE,True,VALID,True,"[3.406179976417196, 3.3224202545461097, 3.299825761508571, 3.299825761508571, 3.297383076881689, 3.297383076881689, 3.297383076881689, 3.2943109096787357, 3.2943109096787357, 3.2943109096787357, 3.2943109096787357, 3.2943109096787357, 3.2943109096787357, 3.2943109096787357, 3.2943109096787357, 3.2937970451101166, 3.2937970451101166, 3.2937970451101166, 3.2937970451101166, 3.2937970451101166, 3.2930254880791474, 3.2764019734152097, 3.2764019734152097, 3.2764019734152097, 3.2764019734152097, 3.2764019734152097, 3.2764019734152097, 3.2763686852999787, 3.275957152875561, 3.275957152875561, 3.275957152875561, 3.275957152875561, 3.275957152875561, 3.275957152875561, 3.275888451065385, 3.275888451065385, 3.275888451065385, 3.275888451065385, 3.275888451065385, 3.275888451065385, 3.275888451065385, 3.275828075906626, 3.275828075906626, 3.275828075906626, 3.275828075906626, 3.275828075906626, 3.275828075906626, 3.275828075906626, 3.275828075906626, 3.275828075906626]"
100,QPSO,3.27582720249914,3.2758,0.0,0.0,2500,149.518,18.59,23.0,bio_methanol,transit,False,195.95,210402.36,330.6,26.3,0.0,27.23,NOT_EVALUABLE,True,VALID,True,"[4.114571633347294, 3.4088536643890732, 3.388025418009339, 3.3346810197901204, 3.3147153559261797, 3.279328864914696, 3.279328864914696, 3.2779350448538995, 3.2779350448538995, 3.2779350448538995, 3.2779350448538995, 3.2775021615366926, 3.275883654749142, 3.275883654749142, 3.275883654749142, 3.275883654749142, 3.275883654749142, 3.275883654749142, 3.275883654749142, 3.275883654749142, 3.275883654749142, 3.275883654749142, 3.275883654749142, 3.275883654749142, 3.275883654749142, 3.275883654749142, 3.275883654749142, 3.275883654749142, 3.275883654749142, 3.2758430252431276, 3.2758430252431276, 3.2758430252431276, 3.2758430252431276, 3.2758430252431276, 3.2758430252431276, 3.2758430252431276, 3.2758430252431276, 3.2758430252431276, 3.2758430252431276, 3.2758430252431276, 3.2758430252431276, 3.2758430252431276, 3.2758430252431276, 3.2758352431774624, 3.2758275950480287, 3.2758275950480287, 3.2758275950480287, 3.2758275950480287, 3.2758275950480287, 3.27582720249914]"
137,QPSO,3.275826734858464,3.2758,0.0,0.0,2500,149.561,18.59,739.4,bio_methanol,transit,False,195.95,210402.33,330.6,26.3,0.0,27.23,NOT_EVALUABLE,True,VALID,True,"[3.4303502414681364, 3.3665548026724617, 3.345009506979249, 3.3050911421224445, 3.2802080992764746, 3.2802080992764746, 3.2802080992764746, 3.277865828308977, 3.277865828308977, 3.277865828308977, 3.277865828308977, 3.275944109542582, 3.275944109542582, 3.275944109542582, 3.275944109542582, 3.275944109542582, 3.275944109542582, 3.275944109542582, 3.275944109542582, 3.275944109542582, 3.2758779401290234, 3.2758779401290234, 3.2758587185005084, 3.2758587185005084, 3.2758587185005084, 3.2758587185005084, 3.2758587185005084, 3.2758587185005084, 3.2758587185005084, 3.2758587185005084, 3.2758587185005084, 3.2758587185005084, 3.2758587185005084, 3.275827606749286, 3.275827606749286, 3.275827606749286, 3.275827606749286, 3.275827606749286, 3.275827606749286, 3.275827606749286, 3.275827606749286, 3.275827606749286, 3.2758267348584638, 3.2758267348584638, 3.2758267348584638, 3.2758267348584638, 3.2758267348584638, 3.2758267348584638, 3.2758267348584638, 3.2758267348584638]"
174,QPSO,3.2758266503978297,3.2758,0.0,0.0,2500,174.216,18.59,59.5,bio_methanol,transit,False,195.95,210402.33,330.6,26.3,0.0,27.23,NOT_EVALUABLE,True,VALID,True,"[3.925830079955851, 3.2838169981700185, 3.2782728948829836, 3.2782728948829836, 3.2782728948829836, 3.2782728948829836, 3.2763170155421797, 3.2761374487735337, 3.2761374487735337, 3.2761374487735337, 3.2761374487735337, 3.2761374487735337, 3.2761374487735337, 3.2761374487735337, 3.2761374487735337, 3.2761374487735337, 3.2761374487735337, 3.2759359386686495, 3.2759194644176692, 3.2759194644176692, 3.2759194644176692, 3.2759194644176692, 3.2759194644176692, 3.275840033157734, 3.275840033157734, 3.275840033157734, 3.275840033157734, 3.275840033157734, 3.275840033157734, 3.275834232458124, 3.275834232458124, 3.275834232458124, 3.275834232458124, 3.275833847001332, 3.275833847001332, 3.2758309385232214, 3.2758309385232214, 3.2758309385232214, 3.275829176777151, 3.275829176777151, 3.275827067912692, 3.275827067912692, 3.275827067912692, 3.2758266503978297, 3.2758266503978297, 3.2758266503978297, 3.2758266503978297, 3.2758266503978297, 3.2758266503978297, 3.2758266503978297]"
211,QPSO,3.2758265733124685,3.2758,0.0,0.0,2500,206.008,18.59,173.8,bio_methanol,transit,False,195.95,210402.32,330.6,26.3,0.0,27.23,NOT_EVALUABLE,True,VALID,True,"[3.4099401983165145, 3.3143181635585295, 3.2941002737385165, 3.2773330783646326, 3.2773330783646326, 3.2773330783646326, 3.2773330783646326, 3.2773330783646326, 3.2768418345535126, 3.2766470997540593, 3.2761073651395125, 3.2759820698921143, 3.2759820698921143, 3.2759820698921143, 3.2759820698921143, 3.2759820698921143, 3.2759820698921143, 3.2759820698921143, 3.2759039049077456, 3.275887427409229, 3.275887427409229, 3.275887427409229, 3.27587718424517, 3.27587718424517, 3.275850495230192, 3.275850495230192, 3.275838850356312, 3.275838850356312, 3.275838850356312, 3.275838850356312, 3.2758308716368725, 3.2758308716368725, 3.2758308716368725, 3.2758279837914817, 3.2758279837914817, 3.275827036446983, 3.275827036446983, 3.275827036446983, 3.275827036446983, 3.275827036446983, 3.2758268648430815, 3.2758268648430815, 3.2758268648430815, 3.2758267070358564, 3.2758267070358564, 3.2758266995812044, 3.275826578379225, 3.275826578379225, 3.275826578379225, 3.2758265733124685]"
248,QPSO,3.275826656176162,3.2758,0.0,0.0,2500,220.985,18.59,505.1,bio_methanol,maneuvering,False,195.95,210402.33,330.6,26.3,0.0,27.23,NOT_EVALUABLE,True,VALID,True,"[3.478488923366948, 3.396189363555359, 3.343870621082377, 3.2852475092583884, 3.2816318881345095, 3.281103490932214, 3.2777902169234716, 3.2777902169234716, 3.277101262596974, 3.277101262596974, 3.277101262596974, 3.277101262596974, 3.2770750024162862, 3.276773767623247, 3.2761558333534415, 3.2761558333534415, 3.2761558333534415, 3.275975768539062, 3.2759620034676042, 3.2759620034676042, 3.2758363610095733, 3.275831409755097, 3.275831409755097, 3.275831409755097, 3.275831409755097, 3.275831409755097, 3.275831409755097, 3.2758293731192447, 3.2758293731192447, 3.2758293731192447, 3.2758293731192447, 3.2758293731192447, 3.2758293731192447, 3.2758293731192447, 3.2758293731192447, 3.2758293731192447, 3.2758293731192447, 3.2758293731192447, 3.2758293731192447, 3.2758293731192447, 3.2758293731192447, 3.2758293731192447, 3.2758293731192447, 3.2758266960077713, 3.2758266960077713, 3.2758266960077713, 3.2758266960077713, 3.2758266960077713, 3.2758266561761626, 3.2758266561761626]"
285,QPSO,3.2758270688365423,3.2758,0.0,0.0,2500,228.452,18.59,365.3,bio_methanol,maneuvering,False,195.95,210402.35,330.6,26.3,0.0,27.23,NOT_EVALUABLE,True,VALID,True,"[3.4442730336799783, 3.410236284070387, 3.410236284070387, 3.410236284070387, 3.286951816016966, 3.276060366138183, 3.276060366138183, 3.276060366138183, 3.276060366138183, 3.276060366138183, 3.276060366138183, 3.276060366138183, 3.276060366138183, 3.276060366138183, 3.276060366138183, 3.276060366138183, 3.276060366138183, 3.276060366138183, 3.276060366138183, 3.276060366138183, 3.276060366138183, 3.2759571381967634, 3.2759571381967634, 3.2758857995176727, 3.2758455719520976, 3.2758455719520976, 3.2758455719520976, 3.2758455719520976, 3.2758455719520976, 3.2758455719520976, 3.2758455719520976, 3.2758455719520976, 3.2758455719520976, 3.2758374565804393, 3.2758374565804393, 3.2758374565804393, 3.2758374565804393, 3.2758374565804393, 3.2758369659261395, 3.2758369659261395, 3.2758369659261395, 3.2758369659261395, 3.275831523851146, 3.275831523851146, 3.275831523851146, 3.275831523851146, 3.275831523851146, 3.275827584858262, 3.275827178550071, 3.2758270688365423]"
322,QPSO,3.275828127585896,3.2758,0.0,0.0,2500,235.375,18.59,437.4,bio_methanol,transit,False,195.95,210402.42,330.6,26.3,0.0,27.23,NOT_EVALUABLE,True,VALID,True,"[3.333378243662939, 3.333378243662939, 3.333378243662939, 3.2905908083929596, 3.2905908083929596, 3.2905908083929596, 3.2905908083929596, 3.2905908083929596, 3.281653170222582, 3.281653170222582, 3.281653170222582, 3.281653170222582, 3.279980741343194, 3.279980741343194, 3.279980741343194, 3.277039709836553, 3.277039709836553, 3.2759616857515184, 3.2759616857515184, 3.275901417311627, 3.275901417311627, 3.275901417311627, 3.2758502191175327, 3.2758502191175327, 3.2758502191175327, 3.2758502191175327, 3.2758502191175327, 3.2758281275858954, 3.2758281275858954, 3.2758281275858954, 3.2758281275858954, 3.2758281275858954, 3.2758281275858954, 3.2758281275858954, 3.2758281275858954, 3.2758281275858954, 3.2758281275858954, 3.2758281275858954, 3.2758281275858954, 3.2758281275858954, 3.2758281275858954, 3.2758281275858954, 3.2758281275858954, 3.2758281275858954, 3.2758281275858954, 3.2758281275858954, 3.2758281275858954, 3.2758281275858954, 3.2758281275858954, 3.2758281275858954]"
359,QPSO,3.275827591332604,3.2758,0.0,0.0,2500,250.817,18.59,819.4,bio_methanol,maneuvering,False,195.95,210402.39,330.6,26.3,0.0,27.23,NOT_EVALUABLE,True,VALID,True,"[3.364739236233699, 3.344242528708122, 3.3007262117807343, 3.2831266858366397, 3.2774278670169, 3.2774278670169, 3.2774278670169, 3.2774278670169, 3.2774278670169, 3.2774278670169, 3.2774278670169, 3.2774278670169, 3.2774278670169, 3.2767742398110937, 3.2767742398110937, 3.2767742398110937, 3.276190726939874, 3.276190726939874, 3.2759753397600386, 3.2759753397600386, 3.2759149804131464, 3.2759149804131464, 3.2759149804131464, 3.2759149804131464, 3.2759149804131464, 3.2759149804131464, 3.2759149804131464, 3.2759149804131464, 3.2759149804131464, 3.2759149804131464, 3.2758689368364244, 3.2758689368364244, 3.2758689368364244, 3.2758689368364244, 3.2758689368364244, 3.2758689368364244, 3.2758689368364244, 3.275854265560083, 3.275854265560083, 3.2758515272112314, 3.2758515272112314, 3.275840538967535, 3.275840538967535, 3.2758312598169943, 3.2758312598169943, 3.2758312598169943, 3.2758275913326034, 3.2758275913326034, 3.2758275913326034, 3.2758275913326034]"
396,QPSO,3.275826650970945,3.2758,0.0,0.0,2500,256.065,18.59,221.8,bio_methanol,transit,False,195.95,210402.33,330.6,26.3,0.0,27.23,NOT_EVALUABLE,True,VALID,True,"[3.330750639583462, 3.3204080644389617, 3.2770661067282005, 3.276676602509551, 3.276676602509551, 3.276676602509551, 3.276467286772866, 3.276467286772866, 3.276467286772866, 3.276467286772866, 3.276467286772866, 3.276467286772866, 3.276467286772866, 3.276376085077617, 3.27600951272769, 3.27600951272769, 3.27600951272769, 3.27600951272769, 3.27600951272769, 3.27600951272769, 3.275928561007521, 3.275928561007521, 3.275928561007521, 3.275928561007521, 3.2759071860913123, 3.275905867449391, 3.2758604349538305, 3.2758603250130944, 3.2758603250130944, 3.275850790461067, 3.275831050322508, 3.2758292115378853, 3.2758292115378853, 3.275828240865174, 3.275828240865174, 3.2758268665796795, 3.275826864369064, 3.275826864369064, 3.275826864369064, 3.275826864369064, 3.2758266509709455, 3.2758266509709455, 3.2758266509709455, 3.2758266509709455, 3.2758266509709455, 3.2758266509709455, 3.2758266509709455, 3.2758266509709455, 3.2758266509709455, 3.2758266509709455]"
433,QPSO,3.275826702216777,3.2758,0.0,0.0,2500,261.188,18.59,232.0,bio_methanol,transit,False,195.95,210402.33,330.6,26.3,0.0,27.23,NOT_EVALUABLE,True,VALID,True,"[3.5011746235335415, 3.331076442226923, 3.2864981705037346, 3.2845357231442547, 3.284039822266383, 3.284039822266383, 3.284039822266383, 3.284039822266383, 3.2768433344354277, 3.2768433344354277, 3.2768433344354277, 3.2768433344354277, 3.2767858019173395, 3.2767858019173395, 3.2767858019173395, 3.2767858019173395, 3.2767858019173395, 3.2767858019173395, 3.2767858019173395, 3.2767858019173395, 3.2760394180273398, 3.2760394180273398, 3.2760394180273398, 3.2760394180273398, 3.2758363218923905, 3.2758363218923905, 3.2758363218923905, 3.2758363218923905, 3.2758363218923905, 3.2758363218923905, 3.2758363218923905, 3.2758363218923905, 3.2758363218923905, 3.2758363218923905, 3.2758363218923905, 3.2758363218923905, 3.2758363218923905, 3.275827646574989, 3.275827646574989, 3.275827646574989, 3.275827646574989, 3.275827646574989, 3.2758267035125295, 3.2758267035125295, 3.2758267022167775, 3.2758267022167775, 3.2758267022167775, 3.2758267022167775, 3.2758267022167775, 3.2758267022167775]"
470,QPSO,3.27582657649923,3.2758,0.0,0.0,2500,278.202,18.59,906.8,bio_methanol,transit,False,195.95,210402.32,330.6,26.3,0.0,27.23,NOT_EVALUABLE,True,VALID,True,"[3.871989019623343, 3.871989019623343, 3.307140355028806, 3.284132147150087, 3.281069027230474, 3.281069027230474, 3.281069027230474, 3.281069027230474, 3.27744773606676, 3.27744773606676, 3.27744773606676, 3.2765645231741196, 3.2765645231741196, 3.276484615306215, 3.276484615306215, 3.276484615306215, 3.2761561238218957, 3.275948261958227, 3.275948261958227, 3.275948261958227, 3.275845220679353, 3.275838643408262, 3.275838643408262, 3.275838643408262, 3.275827020197936, 3.275827020197936, 3.275827020197936, 3.275827020197936, 3.275827020197936, 3.275827020197936, 3.275827020197936, 3.275827020197936, 3.275827020197936, 3.275827020197936, 3.275827020197936, 3.275827020197936, 3.275827020197936, 3.275827020197936, 3.275827020197936, 3.275827020197936, 3.275827020197936, 3.275827020197936, 3.275827020197936, 3.2758268247480586, 3.2758266579142696, 3.2758266579142696, 3.2758266579142696, 3.2758265770904083, 3.2758265770904083, 3.27582657649923]"
507,QPSO,3.2758266555915823,3.2758,0.0,0.0,2500,280.294,18.59,918.7,bio_methanol,transit,False,195.95,210402.33,330.6,26.3,0.0,27.23,NOT_EVALUABLE,True,VALID,True,"[3.3118177219610523, 3.304751538582208, 3.2930325211166718, 3.289017181679284, 3.289017181679284, 3.2847654672731097, 3.2847654672731097, 3.276895078169331, 3.276895078169331, 3.276895078169331, 3.276895078169331, 3.276895078169331, 3.2762664185138375, 3.2762664185138375, 3.2762664185138375, 3.2762664185138375, 3.275992636997255, 3.275992636997255, 3.2758599904975823, 3.2758599904975823, 3.2758599904975823, 3.2758599904975823, 3.2758599904975823, 3.2758535746868893, 3.2758535746868893, 3.2758535746868893, 3.2758446770996215, 3.275838130508633, 3.275838130508633, 3.275828883819384, 3.275827365008522, 3.275827365008522, 3.275827365008522, 3.275827365008522, 3.275827365008522, 3.275827365008522, 3.275827365008522, 3.275827365008522, 3.275827335154677, 3.27582716137988, 3.2758269855380453, 3.2758269855380453, 3.2758269855380453, 3.2758269855380453, 3.2758269855380453, 3.2758268357375195, 3.2758267409393467, 3.2758267409393467, 3.2758266555915823, 3.2758266555915823]"
544,QPSO,3.2758266625319576,3.2758,0.0,0.0,2500,282.942,18.59,61.4,bio_methanol,transit,False,195.95,210402.33,330.6,26.3,0.0,27.23,NOT_EVALUABLE,True,VALID,True,"[3.3610825128153694, 3.3258412883083865, 3.2929682672927276, 3.2909300413473925, 3.2909300413473925, 3.2760758005550326, 3.2760758005550326, 3.2760758005550326, 3.2760758005550326, 3.2760758005550326, 3.2760758005550326, 3.2760758005550326, 3.2760758005550326, 3.2760758005550326, 3.2760758005550326, 3.2760758005550326, 3.2760758005550326, 3.2758275429201316, 3.2758275429201316, 3.2758275429201316, 3.2758275429201316, 3.2758275429201316, 3.2758275429201316, 3.2758275429201316, 3.2758275429201316, 3.2758275429201316, 3.2758275429201316, 3.2758275429201316, 3.2758275429201316, 3.2758275429201316, 3.2758275429201316, 3.2758275429201316, 3.2758275429201316, 3.2758275429201316, 3.2758275429201316, 3.2758270365880287, 3.2758270365880287, 3.2758270365880287, 3.2758270365880287, 3.2758270365880287, 3.2758270365880287, 3.2758270365880287, 3.2758266625319576, 3.2758266625319576, 3.2758266625319576, 3.2758266625319576, 3.2758266625319576, 3.2758266625319576, 3.2758266625319576, 3.2758266625319576]"
581,QPSO,3.27582674591329,3.2758,0.0,0.0,2500,297.313,18.59,165.2,bio_methanol,maneuvering,False,195.95,210402.33,330.6,26.3,0.0,27.23,NOT_EVALUABLE,True,VALID,True,"[4.020185877414368, 3.297982482341739, 3.297982482341739, 3.28520929693721, 3.2835201128609035, 3.2835201128609035, 3.2827866984468614, 3.2827866984468614, 3.2827866984468614, 3.276501334156651, 3.276501334156651, 3.276501334156651, 3.276501334156651, 3.276460547826631, 3.276460547826631, 3.2759836806400218, 3.2759836806400218, 3.2759836806400218, 3.2759836806400218, 3.2759836806400218, 3.2759836806400218, 3.2759836806400218, 3.275883381452139, 3.275883381452139, 3.275883381452139, 3.275883381452139, 3.275883381452139, 3.275883381452139, 3.275883381452139, 3.275883381452139, 3.275883381452139, 3.2758441364026702, 3.2758441364026702, 3.2758441364026702, 3.2758441364026702, 3.2758441364026702, 3.2758441364026702, 3.2758383804268103, 3.2758332003320727, 3.2758332003320727, 3.2758283852968932, 3.2758283852968932, 3.2758283852968932, 3.2758283852968932, 3.2758271928647873, 3.2758271928647873, 3.27582674591329, 3.27582674591329, 3.27582674591329, 3.27582674591329]"
618,QPSO,3.275826715076561,3.2758,0.0,0.0,2500,298.05,18.59,548.0,bio_methanol,maneuvering,False,195.95,210402.33,330.6,26.3,0.0,27.23,NOT_EVALUABLE,True,VALID,True,"[3.343388645692751, 3.343388645692751, 3.318555791607015, 3.294977841127212, 3.294977841127212, 3.2775786874264345, 3.276742279678359, 3.276742279678359, 3.276742279678359, 3.276742279678359, 3.276742279678359, 3.276742279678359, 3.276742279678359, 3.276742279678359, 3.276742279678359, 3.276742279678359, 3.276742279678359, 3.276742279678359, 3.276742279678359, 3.276742279678359, 3.2766675227266617, 3.2766675227266617, 3.2766675227266617, 3.2766675227266617, 3.2766675227266617, 3.275869831705781, 3.275869831705781, 3.275869831705781, 3.275869831705781, 3.2758358109780015, 3.2758358109780015, 3.2758358109780015, 3.2758358109780015, 3.2758272217741395, 3.2758272217741395, 3.2758272217741395, 3.2758272217741395, 3.2758272217741395, 3.2758272217741395, 3.2758272217741395, 3.2758272217741395, 3.2758268277231988, 3.2758268277231988, 3.2758268277231988, 3.2758268277231988, 3.2758268277231988, 3.2758268277231988, 3.2758268277231988, 3.2758267150765614, 3.2758267150765614]"
655,QPSO,3.275827211283357,3.2758,0.0,0.0,2500,296.608,18.59,871.2,bio_methanol,transit,False,195.95,210402.36,330.6,26.3,0.0,27.23,NOT_EVALUABLE,True,VALID,True,"[3.2954380530944976, 3.2954380530944976, 3.2831681363568754, 3.2831681363568754, 3.275969783703358, 3.275969783703358, 3.275969783703358, 3.275969783703358, 3.275969783703358, 3.275969783703358, 3.275969783703358, 3.275969783703358, 3.275969783703358, 3.275969783703358, 3.275969783703358, 3.275969783703358, 3.275969783703358, 3.275969783703358, 3.275969783703358, 3.275969783703358, 3.275969783703358, 3.2759007436354755, 3.2758817769385655, 3.2758817769385655, 3.2758817769385655, 3.2758817769385655, 3.2758817769385655, 3.2758684132879665, 3.275844644018578, 3.275844644018578, 3.275844644018578, 3.275844644018578, 3.275844644018578, 3.275844644018578, 3.275844644018578, 3.275844644018578, 3.275844644018578, 3.275844644018578, 3.2758272292153134, 3.2758272292153134, 3.2758272292153134, 3.2758272292153134, 3.2758272292153134, 3.2758272292153134, 3.2758272292153134, 3.2758272292153134, 3.2758272112833575, 3.2758272112833575, 3.2758272112833575, 3.2758272112833575]"
692,QPSO,3.275826661604789,3.2758,0.0,0.0,2500,294.205,18.59,624.5,bio_methanol,transit,False,195.95,210402.33,330.6,26.3,0.0,27.23,NOT_EVALUABLE,True,VALID,True,"[3.2809682779403286, 3.2809682779403286, 3.276376053024857, 3.276376053024857, 3.276376053024857, 3.276376053024857, 3.276376053024857, 3.276376053024857, 3.276376053024857, 3.276024460155231, 3.276024460155231, 3.276024460155231, 3.276024460155231, 3.276024460155231, 3.276024460155231, 3.276024460155231, 3.276024460155231, 3.276024460155231, 3.276024460155231, 3.276024460155231, 3.276024460155231, 3.276024460155231, 3.276024460155231, 3.275965922632521, 3.275965922632521, 3.275965922632521, 3.2758763688734556, 3.2758763688734556, 3.2758763688734556, 3.2758763688734556, 3.2758763688734556, 3.2758763688734556, 3.2758763688734556, 3.2758763688734556, 3.2758763688734556, 3.275856630671277, 3.275856630671277, 3.275856630671277, 3.2758370456702255, 3.2758370456702255, 3.275830776602499, 3.275830776602499, 3.275830776602499, 3.275830776602499, 3.275830776602499, 3.2758266616047895, 3.2758266616047895, 3.2758266616047895, 3.2758266616047895, 3.2758266616047895]"
729,QPSO,3.275826710801633,3.2758,0.0,0.0,2500,293.986,18.59,391.5,bio_methanol,maneuvering,False,195.95,210402.33,330.6,26.3,0.0,27.23,NOT_EVALUABLE,True,VALID,True,"[3.8284131608459653, 3.3436547761341586, 3.3095164166904945, 3.298605014005349, 3.298605014005349, 3.2983887634056983, 3.2836722124368656, 3.2836722124368656, 3.2771257246835104, 3.2771257246835104, 3.2771257246835104, 3.2771257246835104, 3.2771257246835104, 3.2771257246835104, 3.2771257246835104, 3.2764426416245143, 3.2764426416245143, 3.276194912998587, 3.276194912998587, 3.2759732140930584, 3.2759732140930584, 3.2759732140930584, 3.2759732140930584, 3.2759732140930584, 3.2759732140930584, 3.2759732140930584, 3.2759732140930584, 3.2759732140930584, 3.2759732140930584, 3.2759732140930584, 3.2759732140930584, 3.2759564083790003, 3.2759244677891703, 3.2758468002135874, 3.2758468002135874, 3.2758468002135874, 3.275841460419766, 3.275841460419766, 3.2758372347242872, 3.2758372347242872, 3.2758372347242872, 3.2758372347242872, 3.2758372347242872, 3.2758372347242872, 3.2758372347242872, 3.2758284832832474, 3.2758284832832474, 3.275827063587925, 3.275826735918942, 3.275826710801633]"
766,QPSO,3.275826576485903,3.2758,0.0,0.0,2500,292.431,18.59,789.2,bio_methanol,maneuvering,False,195.95,210402.32,330.6,26.3,0.0,27.23,NOT_EVALUABLE,True,VALID,True,"[3.8470117720331625, 3.4220023452625075, 3.413224781173124, 3.2938976924596557, 3.2918923105480324, 3.2918923105480324, 3.28199513353162, 3.28199513353162, 3.28199513353162, 3.28199513353162, 3.276023423054689, 3.276023423054689, 3.276023423054689, 3.276023423054689, 3.276023423054689, 3.276023423054689, 3.276023423054689, 3.2759315853548356, 3.2759315853548356, 3.2759315853548356, 3.2759315853548356, 3.2759315853548356, 3.2759315853548356, 3.2759315853548356, 3.275831496498326, 3.275831496498326, 3.275831496498326, 3.275831496498326, 3.275831496498326, 3.275831496498326, 3.275831496498326, 3.275831496498326, 3.275831496498326, 3.275831496498326, 3.275829311149682, 3.2758266488926164, 3.2758266488926164, 3.2758266488926164, 3.2758266488926164, 3.2758266488926164, 3.2758266488926164, 3.2758266488926164, 3.2758266488926164, 3.2758266488926164, 3.2758266488926164, 3.2758266488926164, 3.2758266488926164, 3.2758266448632796, 3.275826576485903, 3.275826576485903]"
803,QPSO,3.275826651794343,3.2758,0.0,0.0,2500,293.389,18.59,612.2,bio_methanol,maneuvering,False,195.95,210402.33,330.6,26.3,0.0,27.23,NOT_EVALUABLE,True,VALID,True,"[3.3832219542092155, 3.3832219542092155, 3.2948853151158404, 3.2948853151158404, 3.2937125662907683, 3.2762008091381034, 3.2762008091381034, 3.2762008091381034, 3.2762008091381034, 3.2762008091381034, 3.2762008091381034, 3.2762008091381034, 3.2762008091381034, 3.2762008091381034, 3.2762008091381034, 3.2762008091381034, 3.2762008091381034, 3.276198532869047, 3.2758332392747684, 3.2758332392747684, 3.2758332392747684, 3.2758332392747684, 3.2758332392747684, 3.2758332392747684, 3.2758292965103015, 3.2758292965103015, 3.2758292965103015, 3.2758292965103015, 3.2758292965103015, 3.2758292965103015, 3.2758292965103015, 3.2758292965103015, 3.275827467189377, 3.275827467189377, 3.275827467189377, 3.275827467189377, 3.275826878694706, 3.275826878694706, 3.275826878694706, 3.2758267189685304, 3.2758267189685304, 3.2758267189685304, 3.2758267189685304, 3.275826698236699, 3.275826698236699, 3.275826698236699, 3.275826687218645, 3.275826687218645, 3.275826651794343, 3.275826651794343]"
840,QPSO,3.275827733721683,3.2758,0.0,0.0,2500,293.131,18.59,390.7,bio_methanol,transit,False,195.95,210402.4,330.6,26.3,0.0,27.23,NOT_EVALUABLE,True,VALID,True,"[3.4059105725084238, 3.281953828413059, 3.281953828413059, 3.281953828413059, 3.281953828413059, 3.281953828413059, 3.278528803949562, 3.278528803949562, 3.2760401005933906, 3.2760401005933906, 3.2760401005933906, 3.2760401005933906, 3.2760401005933906, 3.2760401005933906, 3.2760401005933906, 3.2759613813257658, 3.2758672930970407, 3.2758672930970407, 3.2758672930970407, 3.2758672930970407, 3.2758672930970407, 3.2758672930970407, 3.275840959644087, 3.275840959644087, 3.275840959644087, 3.275840959644087, 3.275840959644087, 3.275840959644087, 3.275840959644087, 3.275840959644087, 3.275840959644087, 3.275840959644087, 3.275840959644087, 3.275840959644087, 3.275840959644087, 3.275840959644087, 3.275840959644087, 3.275840959644087, 3.2758364119524006, 3.2758364119524006, 3.275827733721683, 3.275827733721683, 3.275827733721683, 3.275827733721683, 3.275827733721683, 3.275827733721683, 3.275827733721683, 3.275827733721683, 3.275827733721683, 3.275827733721683]"
877,QPSO,3.275827480768545,3.2758,0.0,0.0,2500,293.347,18.59,75.1,bio_methanol,transit,False,195.95,210402.38,330.6,26.3,0.0,27.23,NOT_EVALUABLE,True,VALID,True,"[3.396022495049433, 3.3433586752384814, 3.3433586752384814, 3.3433586752384814, 3.2911247228195557, 3.2911247228195557, 3.27839309483805, 3.27839309483805, 3.27839309483805, 3.2760950705038243, 3.2760950705038243, 3.2760950705038243, 3.2760950705038243, 3.2760950705038243, 3.2760950705038243, 3.2760950705038243, 3.2760950705038243, 3.2760950705038243, 3.2760950705038243, 3.2760950705038243, 3.276014813919374, 3.276014813919374, 3.275872809475499, 3.275872809475499, 3.27586065414038, 3.27586065414038, 3.275855239008246, 3.275855239008246, 3.275855239008246, 3.275855239008246, 3.275855239008246, 3.275855239008246, 3.275855239008246, 3.275855239008246, 3.275834673486434, 3.275834673486434, 3.275834673486434, 3.275834673486434, 3.2758326675896647, 3.2758326675896647, 3.2758326675896647, 3.275830735122235, 3.275827935959111, 3.275827935959111, 3.275827935959111, 3.275827935959111, 3.275827935959111, 3.275827935959111, 3.2758274807685446, 3.2758274807685446]"
914,QPSO,3.275826908053799,3.2758,0.0,0.0,2500,293.091,18.59,796.7,bio_methanol,maneuvering,False,195.95,210402.34,330.6,26.3,0.0,27.23,NOT_EVALUABLE,True,VALID,True,"[3.348667587940594, 3.3179988683006076, 3.3155318569887795, 3.2929733301805726, 3.292593506925008, 3.281659601664065, 3.281659601664065, 3.281659601664065, 3.281659601664065, 3.278144987311135, 3.278144987311135, 3.278144987311135, 3.278144987311135, 3.2760292909497837, 3.2760292909497837, 3.2760292909497837, 3.2760292909497837, 3.2760292909497837, 3.2760292909497837, 3.2760292909497837, 3.2760292909497837, 3.2759186800296036, 3.2759186800296036, 3.2759186800296036, 3.2759186800296036, 3.2758640343403673, 3.275828259414917, 3.275828259414917, 3.275828259414917, 3.275828259414917, 3.275828259414917, 3.275828259414917, 3.275828259414917, 3.275828259414917, 3.275828259414917, 3.275828259414917, 3.275828259414917, 3.275828259414917, 3.275828259414917, 3.275828259414917, 3.275828259414917, 3.275828259414917, 3.275828259414917, 3.275828259414917, 3.275828259414917, 3.275828259414917, 3.275828259414917, 3.275828259414917, 3.275826908053799, 3.275826908053799]"
951,QPSO,3.2758270284557502,3.2758,0.0,0.0,2500,293.205,18.59,75.2,bio_methanol,maneuvering,False,195.95,210402.35,330.6,26.3,0.0,27.23,NOT_EVALUABLE,True,VALID,True,"[3.3309912547477873, 3.314389491356381, 3.314389491356381, 3.3015767422363567, 3.293007103767157, 3.278683655470377, 3.278683655470377, 3.278683655470377, 3.2769064581027787, 3.2769064581027787, 3.2769064581027787, 3.276152083904129, 3.276152083904129, 3.2760832552155765, 3.2760832552155765, 3.2760832552155765, 3.2760456536547933, 3.275938761468841, 3.275935096335366, 3.275935096335366, 3.275935096335366, 3.275935096335366, 3.275935096335366, 3.275935096335366, 3.275935096335366, 3.275935096335366, 3.275935096335366, 3.275935096335366, 3.275935096335366, 3.275935096335366, 3.275935096335366, 3.275935096335366, 3.275935096335366, 3.275935096335366, 3.275935096335366, 3.275917814311936, 3.275917814311936, 3.275831421759148, 3.275831421759148, 3.275831421759148, 3.275831421759148, 3.275831421759148, 3.275831421759148, 3.275831421759148, 3.275831421759148, 3.2758296670187574, 3.2758296670187574, 3.2758284905068704, 3.275827560179293, 3.2758270284557502]"
988,QPSO,3.275826668386259,3.2758,0.0,0.0,2500,291.386,18.59,16.1,bio_methanol,transit,False,195.95,210402.33,330.6,26.3,0.0,27.23,NOT_EVALUABLE,True,VALID,True,"[3.4991014997610645, 3.384171980567792, 3.294540246346846, 3.2936505046903877, 3.2936505046903877, 3.282793699508846, 3.281505385003925, 3.2778013448355816, 3.2778013448355816, 3.2774866550395045, 3.2774866550395045, 3.2772756940919683, 3.276733358519683, 3.276733358519683, 3.275853925384452, 3.275853925384452, 3.275853925384452, 3.275853925384452, 3.275853925384452, 3.275853925384452, 3.275853925384452, 3.275853925384452, 3.275838495676088, 3.275838495676088, 3.275838495676088, 3.275838495676088, 3.275838495676088, 3.275838495676088, 3.275838495676088, 3.275838495676088, 3.275838495676088, 3.275838495676088, 3.275826668386259, 3.275826668386259, 3.275826668386259, 3.275826668386259, 3.275826668386259, 3.275826668386259, 3.275826668386259, 3.275826668386259, 3.275826668386259, 3.275826668386259, 3.275826668386259, 3.275826668386259, 3.275826668386259, 3.275826668386259, 3.275826668386259, 3.275826668386259, 3.275826668386259, 3.275826668386259]"
1025,QPSO,3.2758265774229294,3.2758,0.0,0.0,2500,294.227,18.59,781.7,bio_methanol,maneuvering,False,195.95,210402.32,330.6,26.3,0.0,27.23,NOT_EVALUABLE,True,VALID,True,"[3.4463145049424204, 3.3935038500590515, 3.361058023040176, 3.3157464885973744, 3.2778689091265414, 3.2778689091265414, 3.2778689091265414, 3.2764960701220285, 3.2764960701220285, 3.2764960701220285, 3.2764960701220285, 3.2764960701220285, 3.2764960701220285, 3.2764960701220285, 3.276156601202389, 3.2758928659678386, 3.2758928659678386, 3.2758928659678386, 3.2758928659678386, 3.2758928659678386, 3.2758928659678386, 3.2758928659678386, 3.2758928659678386, 3.2758928659678386, 3.2758928659678386, 3.2758928659678386, 3.2758928659678386, 3.2758928659678386, 3.275845479412957, 3.2758284117956507, 3.2758284117956507, 3.2758284117956507, 3.2758284117956507, 3.2758284117956507, 3.2758281474919575, 3.2758281269090896, 3.2758281269090896, 3.2758281269090896, 3.2758281269090896, 3.2758281269090896, 3.2758269058331413, 3.2758269058331413, 3.2758269058331413, 3.2758269058331413, 3.2758268849169965, 3.2758268522641956, 3.2758268522641956, 3.2758268522641956, 3.2758265774229294, 3.2758265774229294]"
1062,QPSO,3.275826651463265,3.2758,0.0,0.0,2500,300.621,18.59,743.4,bio_methanol,maneuvering,False,195.95,210402.33,330.6,26.3,0.0,27.23,NOT_EVALUABLE,True,VALID,True,"[3.9524081161946647, 3.342586181586627, 3.280255250879115, 3.279398475121627, 3.279398475121627, 3.279398475121627, 3.279398475121627, 3.2777219033482137, 3.2767221853802733, 3.2767221853802733, 3.2767221853802733, 3.2767221853802733, 3.2765828678875155, 3.2765828678875155, 3.2765828678875155, 3.2765828678875155, 3.2765828678875155, 3.276217147805331, 3.276217147805331, 3.276217147805331, 3.27592926807739, 3.27592926807739, 3.2758326495867722, 3.2758326495867722, 3.2758326495867722, 3.2758326495867722, 3.2758326495867722, 3.2758326495867722, 3.2758326495867722, 3.275828083995974, 3.275828083995974, 3.2758268728123006, 3.2758268728123006, 3.2758268728123006, 3.2758268728123006, 3.2758268728123006, 3.2758268728123006, 3.2758268728123006, 3.275826651463265, 3.275826651463265, 3.275826651463265, 3.275826651463265, 3.275826651463265, 3.275826651463265, 3.275826651463265, 3.275826651463265, 3.275826651463265, 3.275826651463265, 3.275826651463265, 3.275826651463265]"
1099,QPSO,3.275826643422303,3.2758,0.0,0.0,2500,301.641,18.59,245.3,bio_methanol,transit,False,195.95,210402.33,330.6,26.3,0.0,27.23,NOT_EVALUABLE,True,VALID,True,"[3.3800715457865396, 3.306577428794563, 3.306577428794563, 3.2976759029038485, 3.2947903076073928, 3.2947903076073928, 3.2947903076073928, 3.2947903076073928, 3.2947903076073928, 3.2947903076073928, 3.2947903076073928, 3.2936611730788306, 3.2810304394468774, 3.2810304394468774, 3.2810304394468774, 3.280688336030452, 3.279731978877739, 3.276443972764558, 3.275863973564359, 3.275862095566571, 3.275862095566571, 3.275862095566571, 3.275862095566571, 3.2758501264288817, 3.2758501264288817, 3.2758501264288817, 3.2758501264288817, 3.275849415858267, 3.275849415858267, 3.275849415858267, 3.275849415858267, 3.275849415858267, 3.2758283980391245, 3.2758283980391245, 3.2758283980391245, 3.2758283980391245, 3.2758283980391245, 3.2758279407894766, 3.275827348408021, 3.275827348408021, 3.275827348408021, 3.2758269111646716, 3.2758269111646716, 3.2758269111646716, 3.2758267419483027, 3.2758267419483027, 3.275826738510986, 3.275826738510986, 3.2758266445800395, 3.275826643422303]"
1136,QPSO,3.2758266860543963,3.2758,0.0,0.0,2500,284.738,18.59,204.1,bio_methanol,maneuvering,False,195.95,210402.33,330.6,26.3,0.0,27.23,NOT_EVALUABLE,True,VALID,True,"[3.4248287639280517, 3.313720519830944, 3.288972505748161, 3.288972505748161, 3.288972505748161, 3.2804497310489174, 3.2804497310489174, 3.2804497310489174, 3.2802580603998526, 3.2764173876937566, 3.276171807196135, 3.276171807196135, 3.276171807196135, 3.276171807196135, 3.2759831309032137, 3.2759831309032137, 3.2759831309032137, 3.2759831309032137, 3.2759831309032137, 3.2759831309032137, 3.2759831309032137, 3.2759831309032137, 3.275982604464735, 3.2758907421489614, 3.2758474340833414, 3.2758474340833414, 3.2758474340833414, 3.2758474340833414, 3.2758368414557486, 3.2758368414557486, 3.275829020169176, 3.275829020169176, 3.275829020169176, 3.275829020169176, 3.275829020169176, 3.275829020169176, 3.275829020169176, 3.275829020169176, 3.275827235735944, 3.275827235735944, 3.275827235735944, 3.275827235735944, 3.275827235735944, 3.275827235735944, 3.275827235735944, 3.275827235735944, 3.275827235735944, 3.275826746153892, 3.2758266860543963, 3.2758266860543963]"
1173,QPSO,3.275826580629264,3.2758,0.0,0.0,2500,196.068,18.59,138.0,bio_methanol,transit,False,195.95,210402.32,330.6,26.3,0.0,27.23,NOT_EVALUABLE,True,VALID,True,"[3.406179976417196, 3.392743898806228, 3.2774667767349617, 3.2774667767349617, 3.2761778981814826, 3.2761778981814826, 3.2761778981814826, 3.2761778981814826, 3.2761778981814826, 3.275841601967568, 3.275841601967568, 3.275841601967568, 3.275841601967568, 3.275841601967568, 3.275841601967568, 3.275841601967568, 3.275841601967568, 3.275841601967568, 3.275841601967568, 3.275841601967568, 3.275841601967568, 3.275841601967568, 3.275841601967568, 3.275841601967568, 3.275841601967568, 3.275841601967568, 3.275827072974436, 3.275827072974436, 3.275827072974436, 3.275827072974436, 3.275827072974436, 3.275827072974436, 3.275827072974436, 3.275827072974436, 3.275827072974436, 3.275827072974436, 3.275827072974436, 3.275827072974436, 3.275827072974436, 3.275827072974436, 3.275827072974436, 3.275827072974436, 3.275827072974436, 3.2758267463425264, 3.2758267463425264, 3.2758267463425264, 3.2758267463425264, 3.275826654291451, 3.275826654291451, 3.2758265806292637]"
100,Random_Search,3.2794678074985675,3.2795,0.0,0.0,2500,149.862,18.57,708.6,bio_methanol,transit,False,196.17,210636.19,330.97,26.32,0.0,27.26,NOT_EVALUABLE,True,VALID,True,"[3.542806671642693, 3.3101489315328276, 3.3101489315328276, 3.2828537435001452, 3.2828537435001452, 3.2828537435001452, 3.2828537435001452, 3.2828537435001452, 3.2828537435001452, 3.281162806776936, 3.281162806776936, 3.281162806776936, 3.281162806776936, 3.281162806776936, 3.2794678074985675, 3.2794678074985675, 3.2794678074985675, 3.2794678074985675, 3.2794678074985675, 3.2794678074985675, 3.2794678074985675, 3.2794678074985675, 3.2794678074985675, 3.2794678074985675, 3.2794678074985675]"
137,Random_Search,3.278623431845878,3.2786,0.0,0.0,2500,175.68,18.58,316.0,bio_methanol,maneuvering,False,196.12,210581.96,330.88,26.32,0.0,27.25,NOT_EVALUABLE,True,VALID,True,"[3.3973125038287955, 3.3240113093121644, 3.3240113093121644, 3.3240113093121644, 3.3240113093121644, 3.3240113093121644, 3.3240113093121644, 3.3240113093121644, 3.3230475827552612, 3.3230475827552612, 3.3230475827552612, 3.3230475827552612, 3.3230475827552612, 3.313209146188171, 3.313209146188171, 3.313209146188171, 3.313209146188171, 3.305575063853011, 3.278623431845878, 3.278623431845878, 3.278623431845878, 3.278623431845878, 3.278623431845878, 3.278623431845878, 3.278623431845878]"
174,Random_Search,3.278095351224211,3.2781,0.0,0.0,2500,216.467,18.58,596.3,bio_methanol,transit,False,196.09,210548.04,330.83,26.31,0.0,27.25,NOT_EVALUABLE,True,VALID,True,"[3.925830079955851, 3.3918756967373866, 3.3918756967373866, 3.348419620972588, 3.278095351224211, 3.278095351224211, 3.278095351224211, 3.278095351224211, 3.278095351224211, 3.278095351224211, 3.278095351224211, 3.278095351224211, 3.278095351224211, 3.278095351224211, 3.278095351224211, 3.278095351224211, 3.278095351224211, 3.278095351224211, 3.278095351224211, 3.278095351224211, 3.278095351224211, 3.278095351224211, 3.278095351224211, 3.278095351224211, 3.278095351224211]"
211,Random_Search,3.278873841690002,3.2789,0.0,0.0,2500,220.755,18.58,242.1,bio_methanol,transit,False,196.13,210598.05,330.91,26.32,0.0,27.25,NOT_EVALUABLE,True,VALID,True,"[3.4099401983165145, 3.4099401983165145, 3.4099401983165145, 3.370990424603035, 3.329501105394455, 3.329501105394455, 3.308103021006328, 3.2997789434601783, 3.2866316991676943, 3.2866316991676943, 3.2866316991676943, 3.2866316991676943, 3.2866316991676943, 3.2866316991676943, 3.2866316991676943, 3.2866316991676943, 3.2866316991676943, 3.278873841690002, 3.278873841690002, 3.278873841690002, 3.278873841690002, 3.278873841690002, 3.278873841690002, 3.278873841690002, 3.278873841690002]"
248,Random_Search,3.2866721732455475,3.2867,0.0,0.0,2500,226.383,18.53,252.0,bio_methanol,transit,False,196.6,211098.92,331.69,26.38,0.0,27.32,NOT_EVALUABLE,True,VALID,True,"[3.478488923366948, 3.3136899615958946, 3.3136899615958946, 3.3136899615958946, 3.3136899615958946, 3.3136899615958946, 3.3136899615958946, 3.3136899615958946, 3.3136899615958946, 3.3136899615958946, 3.2931177789300072, 3.2931177789300072, 3.2931177789300072, 3.2931177789300072, 3.2931177789300072, 3.2931177789300072, 3.2931177789300072, 3.2931177789300072, 3.2931177789300072, 3.2931177789300072, 3.2931177789300072, 3.2931177789300072, 3.2866721732455475, 3.2866721732455475, 3.2866721732455475]"
285,Random_Search,3.2768302846550794,3.2768,0.0,0.0,2500,235.785,18.59,162.9,bio_methanol,transit,False,196.01,210466.79,330.7,26.3,0.0,27.24,NOT_EVALUABLE,True,VALID,True,"[3.4442730336799783, 3.2962939198112773, 3.2962939198112773, 3.2962939198112773, 3.2962939198112773, 3.2962939198112773, 3.2962939198112773, 3.2962939198112773, 3.2886397277886266, 3.2886397277886266, 3.2886397277886266, 3.2886397277886266, 3.2886397277886266, 3.2886397277886266, 3.2886397277886266, 3.2886397277886266, 3.2886397277886266, 3.2886397277886266, 3.2886397277886266, 3.2886397277886266, 3.2886397277886266, 3.2886397277886266, 3.2886397277886266, 3.2886397277886266, 3.2768302846550794]"
322,Random_Search,3.2778901098201945,3.2779,0.0,0.0,2500,250.693,18.58,495.0,bio_methanol,maneuvering,False,196.07,210534.86,330.81,26.31,0.0,27.24,NOT_EVALUABLE,True,VALID,True,"[3.308044018905041, 3.308044018905041, 3.291664428423255, 3.291664428423255, 3.291664428423255, 3.291664428423255, 3.291664428423255, 3.291664428423255, 3.291664428423255, 3.291664428423255, 3.291664428423255, 3.291664428423255, 3.291664428423255, 3.291664428423255, 3.291664428423255, 3.2778901098201945, 3.2778901098201945, 3.2778901098201945, 3.2778901098201945, 3.2778901098201945, 3.2778901098201945, 3.2778901098201945, 3.2778901098201945, 3.2778901098201945, 3.2778901098201945]"
359,Random_Search,3.2823260147706605,3.2823,0.0,0.0,2500,254.968,18.55,150.6,bio_methanol,transit,False,196.34,210819.77,331.25,26.35,0.0,27.28,NOT_EVALUABLE,True,VALID,True,"[3.3312385855221778, 3.3312385855221778, 3.3312385855221778, 3.3312385855221778, 3.3312385855221778, 3.3312385855221778, 3.326624823136757, 3.326624823136757, 3.326624823136757, 3.326624823136757, 3.320084826820627, 3.320084826820627, 3.2823260147706605, 3.2823260147706605, 3.2823260147706605, 3.2823260147706605, 3.2823260147706605, 3.2823260147706605, 3.2823260147706605, 3.2823260147706605, 3.2823260147706605, 3.2823260147706605, 3.2823260147706605, 3.2823260147706605, 3.2823260147706605]"
396,Random_Search,3.281867406531297,3.2819,0.0,0.0,2500,260.167,18.56,434.0,bio_methanol,maneuvering,False,196.31,210790.32,331.21,26.34,0.0,27.28,NOT_EVALUABLE,True,VALID,True,"[3.330750639583462, 3.330750639583462, 3.3043889821385513, 3.3043889821385513, 3.3043889821385513, 3.3043889821385513, 3.3043889821385513, 3.3043889821385513, 3.3043889821385513, 3.3043889821385513, 3.287349992968729, 3.287349992968729, 3.287349992968729, 3.287349992968729, 3.287349992968729, 3.287349992968729, 3.287349992968729, 3.287349992968729, 3.287349992968729, 3.287349992968729, 3.287349992968729, 3.281867406531297, 3.281867406531297, 3.281867406531297, 3.281867406531297]"
433,Random_Search,3.2792015621499906,3.2792,0.0,0.0,2500,277.557,18.57,620.0,bio_methanol,maneuvering,False,196.15,210619.09,330.94,26.32,0.0,27.26,NOT_EVALUABLE,True,VALID,True,"[3.5011746235335415, 3.4040790344934644, 3.381120791108231, 3.3298014978651413, 3.3298014978651413, 3.3298014978651413, 3.3043627668674227, 3.3043627668674227, 3.3043627668674227, 3.3043627668674227, 3.2792015621499906, 3.2792015621499906, 3.2792015621499906, 3.2792015621499906, 3.2792015621499906, 3.2792015621499906, 3.2792015621499906, 3.2792015621499906, 3.2792015621499906, 3.2792015621499906, 3.2792015621499906, 3.2792015621499906, 3.2792015621499906, 3.2792015621499906, 3.2792015621499906]"
470,Random_Search,3.303698664208228,3.3037,0.0,0.0,2500,279.122,18.53,308.8,bio_methanol,maneuvering,True,196.6,213938.05,331.69,26.38,0.0,27.32,NOT_EVALUABLE,True,VALID,True,"[3.309005302769624, 3.309005302769624, 3.3036986642082278, 3.3036986642082278, 3.3036986642082278, 3.3036986642082278, 3.3036986642082278, 3.3036986642082278, 3.3036986642082278, 3.3036986642082278, 3.3036986642082278, 3.3036986642082278, 3.3036986642082278, 3.3036986642082278, 3.3036986642082278, 3.3036986642082278, 3.3036986642082278, 3.3036986642082278, 3.3036986642082278, 3.3036986642082278, 3.3036986642082278, 3.3036986642082278, 3.3036986642082278, 3.3036986642082278, 3.3036986642082278]"
507,Random_Search,3.278609044995535,3.2786,0.0,0.0,2500,282.163,18.58,596.6,bio_methanol,transit,False,196.12,210581.04,330.88,26.32,0.0,27.25,NOT_EVALUABLE,True,VALID,True,"[3.3118177219610523, 3.2953090951391415, 3.2953090951391415, 3.2953090951391415, 3.2953090951391415, 3.2866780239010147, 3.2866780239010147, 3.2866780239010147, 3.2866780239010147, 3.2866780239010147, 3.2866780239010147, 3.2866780239010147, 3.2866780239010147, 3.2866780239010147, 3.278609044995535, 3.278609044995535, 3.278609044995535, 3.278609044995535, 3.278609044995535, 3.278609044995535, 3.278609044995535, 3.278609044995535, 3.278609044995535, 3.278609044995535, 3.278609044995535]"
544,Random_Search,3.2820855279052563,3.2821,0.0,0.0,2500,296.992,18.56,683.3,bio_methanol,maneuvering,False,196.33,210804.33,331.23,26.35,0.0,27.28,NOT_EVALUABLE,True,VALID,True,"[3.3347839068898804, 3.303490572092885, 3.303490572092885, 3.303490572092885, 3.303490572092885, 3.294141930247177, 3.294141930247177, 3.294141930247177, 3.294141930247177, 3.294141930247177, 3.294141930247177, 3.294141930247177, 3.294141930247177, 3.2820855279052563, 3.2820855279052563, 3.2820855279052563, 3.2820855279052563, 3.2820855279052563, 3.2820855279052563, 3.2820855279052563, 3.2820855279052563, 3.2820855279052563, 3.2820855279052563, 3.2820855279052563, 3.2820855279052563]"
581,Random_Search,3.279301849078493,3.2793,0.0,0.0,2500,297.154,18.57,524.3,bio_methanol,transit,False,196.16,210625.53,330.95,26.32,0.0,27.26,NOT_EVALUABLE,True,VALID,True,"[3.35942582756694, 3.35942582756694, 3.35942582756694, 3.299291826442876, 3.279301849078493, 3.279301849078493, 3.279301849078493, 3.279301849078493, 3.279301849078493, 3.279301849078493, 3.279301849078493, 3.279301849078493, 3.279301849078493, 3.279301849078493, 3.279301849078493, 3.279301849078493, 3.279301849078493, 3.279301849078493, 3.279301849078493, 3.279301849078493, 3.279301849078493, 3.279301849078493, 3.279301849078493, 3.279301849078493, 3.279301849078493]"
618,Random_Search,3.2894858121968342,3.2895,0.0,0.0,2500,298.912,18.51,937.5,bio_methanol,transit,False,196.77,211279.64,331.98,26.4,0.0,27.34,NOT_EVALUABLE,True,VALID,True,"[3.343388645692751, 3.343388645692751, 3.343388645692751, 3.343388645692751, 3.343388645692751, 3.343388645692751, 3.343388645692751, 3.343388645692751, 3.343388645692751, 3.317724137606022, 3.317724137606022, 3.317724137606022, 3.317724137606022, 3.317724137606022, 3.317724137606022, 3.2940275995101045, 3.2940275995101045, 3.2940275995101045, 3.2940275995101045, 3.2894858121968342, 3.2894858121968342, 3.2894858121968342, 3.2894858121968342, 3.2894858121968342, 3.2894858121968342]"
655,Random_Search,3.2954380530944976,3.2954,0.0,0.0,2500,294.926,18.48,755.2,bio_methanol,maneuvering,False,197.12,211661.94,332.58,26.45,0.0,27.39,NOT_EVALUABLE,True,VALID,True,"[3.2954380530944976, 3.2954380530944976, 3.2954380530944976, 3.2954380530944976, 3.2954380530944976, 3.2954380530944976, 3.2954380530944976, 3.2954380530944976, 3.2954380530944976, 3.2954380530944976, 3.2954380530944976, 3.2954380530944976, 3.2954380530944976, 3.2954380530944976, 3.2954380530944976, 3.2954380530944976, 3.2954380530944976, 3.2954380530944976, 3.2954380530944976, 3.2954380530944976, 3.2954380530944976, 3.2954380530944976, 3.2954380530944976, 3.2954380530944976, 3.2954380530944976]"
692,Random_Search,3.2809682779403286,3.281,0.0,0.0,2500,293.593,18.56,610.7,bio_methanol,transit,False,196.26,210732.57,331.12,26.34,0.0,27.27,NOT_EVALUABLE,True,VALID,True,"[3.2809682779403286, 3.2809682779403286, 3.2809682779403286, 3.2809682779403286, 3.2809682779403286, 3.2809682779403286, 3.2809682779403286, 3.2809682779403286, 3.2809682779403286, 3.2809682779403286, 3.2809682779403286, 3.2809682779403286, 3.2809682779403286, 3.2809682779403286, 3.2809682779403286, 3.2809682779403286, 3.2809682779403286, 3.2809682779403286, 3.2809682779403286, 3.2809682779403286, 3.2809682779403286, 3.2809682779403286, 3.2809682779403286, 3.2809682779403286, 3.2809682779403286]"
729,Random_Search,3.2998834955782805,3.2999,0.0,0.0,2500,292.909,18.45,647.6,bio_methanol,transit,False,197.39,211947.47,333.03,26.49,0.0,27.43,NOT_EVALUABLE,True,VALID,True,"[3.797949641827777, 3.4097443540943524, 3.3818509405924897, 3.3818509405924897, 3.3818509405924897, 3.3818509405924897, 3.3216722466397237, 3.3216722466397237, 3.3216722466397237, 3.310856473521674, 3.310856473521674, 3.2998834955782805, 3.2998834955782805, 3.2998834955782805, 3.2998834955782805, 3.2998834955782805, 3.2998834955782805, 3.2998834955782805, 3.2998834955782805, 3.2998834955782805, 3.2998834955782805, 3.2998834955782805, 3.2998834955782805, 3.2998834955782805, 3.2998834955782805]"
766,Random_Search,3.27740412033399,3.2774,0.0,0.0,2500,293.54,18.58,792.7,bio_methanol,transit,False,196.05,210503.65,330.76,26.31,0.0,27.24,NOT_EVALUABLE,True,VALID,True,"[3.3927834769989444, 3.27740412033399, 3.27740412033399, 3.27740412033399, 3.27740412033399, 3.27740412033399, 3.27740412033399, 3.27740412033399, 3.27740412033399, 3.27740412033399, 3.27740412033399, 3.27740412033399, 3.27740412033399, 3.27740412033399, 3.27740412033399, 3.27740412033399, 3.27740412033399, 3.27740412033399, 3.27740412033399, 3.27740412033399, 3.27740412033399, 3.27740412033399, 3.27740412033399, 3.27740412033399, 3.27740412033399]"
803,Random_Search,3.280547373025743,3.2805,0.0,0.0,2500,292.837,18.57,2.2,bio_methanol,maneuvering,False,196.23,210705.53,331.08,26.33,0.0,27.27,NOT_EVALUABLE,True,VALID,True,"[3.3620406882199108, 3.286328468901004, 3.286328468901004, 3.286328468901004, 3.286328468901004, 3.286328468901004, 3.286328468901004, 3.286328468901004, 3.286328468901004, 3.286328468901004, 3.286328468901004, 3.286328468901004, 3.286328468901004, 3.286328468901004, 3.286328468901004, 3.286328468901004, 3.286328468901004, 3.286328468901004, 3.286328468901004, 3.286328468901004, 3.286328468901004, 3.286328468901004, 3.280547373025743, 3.280547373025743, 3.280547373025743]"
840,Random_Search,3.2777768997962355,3.2778,0.0,0.0,2500,293.12,18.58,35.6,bio_methanol,transit,False,196.07,210527.59,330.8,26.31,0.0,27.24,NOT_EVALUABLE,True,VALID,True,"[3.319018818654186, 3.2777768997962355, 3.2777768997962355, 3.2777768997962355, 3.2777768997962355, 3.2777768997962355, 3.2777768997962355, 3.2777768997962355, 3.2777768997962355, 3.2777768997962355, 3.2777768997962355, 3.2777768997962355, 3.2777768997962355, 3.2777768997962355, 3.2777768997962355, 3.2777768997962355, 3.2777768997962355, 3.2777768997962355, 3.2777768997962355, 3.2777768997962355, 3.2777768997962355, 3.2777768997962355, 3.2777768997962355, 3.2777768997962355, 3.2777768997962355]"
877,Random_Search,3.283309790744292,3.2833,0.0,0.0,2500,293.093,18.55,169.5,bio_methanol,transit,False,196.4,210882.96,331.35,26.36,0.0,27.29,NOT_EVALUABLE,True,VALID,True,"[3.396022495049433, 3.396022495049433, 3.340460168577937, 3.283309790744292, 3.283309790744292, 3.283309790744292, 3.283309790744292, 3.283309790744292, 3.283309790744292, 3.283309790744292, 3.283309790744292, 3.283309790744292, 3.283309790744292, 3.283309790744292, 3.283309790744292, 3.283309790744292, 3.283309790744292, 3.283309790744292, 3.283309790744292, 3.283309790744292, 3.283309790744292, 3.283309790744292, 3.283309790744292, 3.283309790744292, 3.283309790744292]"
914,Random_Search,3.281594827376962,3.2816,0.0,0.0,2500,293.291,18.56,827.8,bio_methanol,transit,False,196.3,210772.81,331.18,26.34,0.0,27.28,NOT_EVALUABLE,True,VALID,True,"[3.348667587940594, 3.3035426995732693, 3.3035426995732693, 3.3035426995732693, 3.3035426995732693, 3.3035426995732693, 3.3035426995732693, 3.3035426995732693, 3.281594827376962, 3.281594827376962, 3.281594827376962, 3.281594827376962, 3.281594827376962, 3.281594827376962, 3.281594827376962, 3.281594827376962, 3.281594827376962, 3.281594827376962, 3.281594827376962, 3.281594827376962, 3.281594827376962, 3.281594827376962, 3.281594827376962, 3.281594827376962, 3.281594827376962]"
951,Random_Search,3.294082994148145,3.2941,0.0,0.0,2500,292.762,18.49,192.9,bio_methanol,maneuvering,False,197.04,211574.91,332.44,26.44,0.0,27.38,NOT_EVALUABLE,True,VALID,True,"[3.3309912547477873, 3.3099102981402635, 3.3099102981402635, 3.3099102981402635, 3.3099102981402635, 3.294082994148145, 3.294082994148145, 3.294082994148145, 3.294082994148145, 3.294082994148145, 3.294082994148145, 3.294082994148145, 3.294082994148145, 3.294082994148145, 3.294082994148145, 3.294082994148145, 3.294082994148145, 3.294082994148145, 3.294082994148145, 3.294082994148145, 3.294082994148145, 3.294082994148145, 3.294082994148145, 3.294082994148145, 3.294082994148145]"
988,Random_Search,3.27874646568461,3.2787,0.0,0.0,2500,293.928,18.58,198.9,bio_methanol,maneuvering,False,196.13,210589.86,330.89,26.32,0.0,27.25,NOT_EVALUABLE,True,VALID,True,"[3.27874646568461, 3.27874646568461, 3.27874646568461, 3.27874646568461, 3.27874646568461, 3.27874646568461, 3.27874646568461, 3.27874646568461, 3.27874646568461, 3.27874646568461, 3.27874646568461, 3.27874646568461, 3.27874646568461, 3.27874646568461, 3.27874646568461, 3.27874646568461, 3.27874646568461, 3.27874646568461, 3.27874646568461, 3.27874646568461, 3.27874646568461, 3.27874646568461, 3.27874646568461, 3.27874646568461, 3.27874646568461]"
1025,Random_Search,3.2775533125219214,3.2776,0.0,0.0,2500,300.349,18.58,149.3,bio_methanol,maneuvering,False,196.05,210513.23,330.77,26.31,0.0,27.24,NOT_EVALUABLE,True,VALID,True,"[3.3100223956536348, 3.3100223956536348, 3.3100223956536348, 3.3100223956536348, 3.3100223956536348, 3.3100223956536348, 3.3100223956536348, 3.3100223956536348, 3.2775533125219214, 3.2775533125219214, 3.2775533125219214, 3.2775533125219214, 3.2775533125219214, 3.2775533125219214, 3.2775533125219214, 3.2775533125219214, 3.2775533125219214, 3.2775533125219214, 3.2775533125219214, 3.2775533125219214, 3.2775533125219214, 3.2775533125219214, 3.2775533125219214, 3.2775533125219214, 3.2775533125219214]"
1062,Random_Search,3.277354317515698,3.2774,0.0,0.0,2500,301.276,18.58,286.0,bio_methanol,transit,False,196.04,210500.45,330.75,26.31,0.0,27.24,NOT_EVALUABLE,True,VALID,True,"[3.358121754766563, 3.358121754766563, 3.358121754766563, 3.29297382591439, 3.29297382591439, 3.29297382591439, 3.29297382591439, 3.29297382591439, 3.29297382591439, 3.29297382591439, 3.29297382591439, 3.29297382591439, 3.29297382591439, 3.29297382591439, 3.29297382591439, 3.29297382591439, 3.29297382591439, 3.277354317515698, 3.277354317515698, 3.277354317515698, 3.277354317515698, 3.277354317515698, 3.277354317515698, 3.277354317515698, 3.277354317515698]"
1099,Random_Search,3.276814628126207,3.2768,0.0,0.0,2500,290.287,18.59,858.1,bio_methanol,transit,False,196.01,210465.78,330.7,26.3,0.0,27.24,NOT_EVALUABLE,True,VALID,True,"[3.2991306599700865, 3.2991306599700865, 3.2991306599700865, 3.276814628126207, 3.276814628126207, 3.276814628126207, 3.276814628126207, 3.276814628126207, 3.276814628126207, 3.276814628126207, 3.276814628126207, 3.276814628126207, 3.276814628126207, 3.276814628126207, 3.276814628126207, 3.276814628126207, 3.276814628126207, 3.276814628126207, 3.276814628126207, 3.276814628126207, 3.276814628126207, 3.276814628126207, 3.276814628126207, 3.276814628126207, 3.276814628126207]"
1136,Random_Search,3.281974499397624,3.282,0.0,0.0,2500,196.928,18.56,947.5,bio_methanol,maneuvering,False,196.32,210797.2,331.22,26.34,0.0,27.28,NOT_EVALUABLE,True,VALID,True,"[3.3892735306759594, 3.281974499397624, 3.281974499397624, 3.281974499397624, 3.281974499397624, 3.281974499397624, 3.281974499397624, 3.281974499397624, 3.281974499397624, 3.281974499397624, 3.281974499397624, 3.281974499397624, 3.281974499397624, 3.281974499397624, 3.281974499397624, 3.281974499397624, 3.281974499397624, 3.281974499397624, 3.281974499397624, 3.281974499397624, 3.281974499397624, 3.281974499397624, 3.281974499397624, 3.281974499397624, 3.281974499397624]"
1173,Random_Search,3.287170039870401,3.2872,0.0,0.0,2500,190.92,18.53,40.9,bio_methanol,maneuvering,False,196.63,211130.9,331.74,26.39,0.0,27.32,NOT_EVALUABLE,True,VALID,True,"[3.287170039870401, 3.287170039870401, 3.287170039870401, 3.287170039870401, 3.287170039870401, 3.287170039870401, 3.287170039870401, 3.287170039870401, 3.287170039870401, 3.287170039870401, 3.287170039870401, 3.287170039870401, 3.287170039870401, 3.287170039870401, 3.287170039870401, 3.287170039870401, 3.287170039870401, 3.287170039870401, 3.287170039870401, 3.287170039870401, 3.287170039870401, 3.287170039870401, 3.287170039870401, 3.287170039870401, 3.287170039870401]"
