dataset_type,timestamp,vessel_id,vessel_type,sister_group_id,latitude,longitude,sog_kn,stw_kn,draft_m,displacement_t,rpm,shaft_power_kw,shaft_torque_nm,fuel_mass_flow_kg_h,wind_speed_ms,wind_direction_deg,wave_height_m,wave_period_s,wave_direction_deg,current_speed_ms,current_direction_deg,water_depth_m,cargo_mass_t,cargo_demand_t,engine_load_pct,fuel_type
SYNTHETIC_TEST_DATA,2026-03-01T00:00:00+00:00,VESSEL_FE_01,container_feeder,CLASS_FEEDER_1000,18.928065522537796,72.84885288592152,14.559755760652118,15.365660495705317,7.957347803621321,15200.0,123.31637778453914,1922.1772119402196,148848.35750531056,386.4331049443706,2.6224120283654093,351.22404658923216,0.9800079468797522,7.9005414349677485,251.052490461371,0.5255680806334571,282.9831498997034,529.3374912613051,9880.0,9880.0,12.814514746268129,vlsfo
SYNTHETIC_TEST_DATA,2026-03-01T00:05:00+00:00,VESSEL_FE_01,container_feeder,CLASS_FEEDER_1000,18.934515975049376,72.86390394178187,15.483746458620063,16.35268944836164,8.061127066933702,15200.0,126.86968201410191,2336.7070654158497,175880.54487786224,458.5302627929054,5.102793497927503,297.94722191732956,1.7337546711260228,5.968849044540114,199.65052332570053,0.4900148178027494,272.9115864307346,187.92541796749535,9880.0,9880.0,15.57804710277233,vlsfo
SYNTHETIC_TEST_DATA,2026-03-01T00:10:00+00:00,VESSEL_FE_01,container_feeder,CLASS_FEEDER_1000,18.94115996695866,72.87940658957021,15.948320836694851,15.638771022664018,8.056448614636045,15200.0,124.29957568159047,2078.255367404519,159661.66235852108,407.9191552252695,12.854119002176153,348.3035036763156,1.682722032182039,7.4952791339151865,245.89762316728365,0.39755145418569254,133.3654941725528,212.45110527867192,9880.0,9880.0,13.855035782696792,vlsfo
SYNTHETIC_TEST_DATA,2026-03-01T00:15:00+00:00,VESSEL_FE_01,container_feeder,CLASS_FEEDER_1000,18.947297576605628,72.89372767874646,14.73279455434181,15.78071134538964,8.033945678153595,15200.0,124.8105608434027,2136.24127106119,163444.51413188572,424.5038186011401,8.0804033076668,139.4922164508628,1.8716270856017212,7.651785121966234,299.6135285022724,0.5437377193458026,245.6983814309912,545.2866510099444,9880.0,9880.0,14.241608473741268,vlsfo
SYNTHETIC_TEST_DATA,2026-03-01T00:20:00+00:00,VESSEL_FE_01,container_feeder,CLASS_FEEDER_1000,18.952723316261235,72.90638773794288,13.024012970735333,13.2514130161732,7.983255748500711,15200.0,115.70508685822352,1265.4487305204589,104439.18733070664,258.7685221115082,6.81214437193329,41.23082647295044,1.3401643918213493,6.435552814848645,204.74683054304174,0.32683377686135134,169.5946342115277,464.9974421665143,9880.0,9880.0,8.436324870136392,vlsfo
SYNTHETIC_TEST_DATA,2026-03-01T00:25:00+00:00,VESSEL_FE_01,container_feeder,CLASS_FEEDER_1000,18.959536329606617,72.92228476908211,16.35404199469391,15.95201668223991,8.007121286803528,15200.0,125.42726005606367,2328.371490755816,177268.56120865332,456.9777473260549,7.021739187795963,307.2251063765398,1.3256374638757813,6.445177848802519,77.25048221503052,0.2733425571993039,20.988987008063766,635.7626389208742,9880.0,9880.0,15.522476605038774,vlsfo
SYNTHETIC_TEST_DATA,2026-03-01T00:30:00+00:00,VESSEL_FE_01,container_feeder,CLASS_FEEDER_1000,18.96604887482567,72.93748070792657,15.632794566133958,15.750708472760804,8.000624705936385,15200.0,124.7025505019389,2260.0084625589916,173063.75056387592,448.54996396832377,6.592365383587321,32.41722987923103,1.3453267301398808,7.548130285068893,60.11025116677341,0.26083207088219207,166.27580289049945,379.0787694362633,9880.0,9880.0,15.066723083726611,vlsfo
SYNTHETIC_TEST_DATA,2026-03-01T00:35:00+00:00,VESSEL_FE_01,container_feeder,CLASS_FEEDER_1000,18.972199980037466,72.9518332867541,14.765189476053468,14.881817418588692,7.98109187229803,15200.0,121.57454270691929,1829.3451276054204,143689.28553472878,363.0773938675183,3.882218818942282,42.482124763385514,1.2883508439779232,6.9043381469123215,130.25253979922056,0.30055063447970365,327.0890486547385,584.8365437608367,9880.0,9880.0,12.195634184036136,vlsfo
SYNTHETIC_TEST_DATA,2026-03-01T00:40:00+00:00,VESSEL_FE_01,container_feeder,CLASS_FEEDER_1000,18.977590145121265,72.96441033861629,12.938619325985961,13.879658783988148,7.9276971072805775,15200.0,117.96677162235733,1465.5701027617583,118636.48878123114,292.20280693320024,9.60077034364349,72.85081132628291,1.397281221066185,5.8599735341073025,324.936862755783,0.5868847287091714,208.51904481908255,368.3907102290788,9880.0,9880.0,9.770467351745056,vlsfo
SYNTHETIC_TEST_DATA,2026-03-01T00:45:00+00:00,VESSEL_FE_01,container_feeder,CLASS_FEEDER_1000,18.98422552793025,72.97989289850392,15.927655445223959,15.02622257462813,8.073165144560978,15200.0,122.09440126866127,2219.903433043752,173623.9831889494,435.594764307434,7.948189087390791,14.981102590281292,2.3008894456604576,6.712773247032371,30.399955610360074,0.7718375150480874,118.75003643980271,743.0912899663658,9880.0,9880.0,14.799356220291681,vlsfo
SYNTHETIC_TEST_DATA,2026-03-01T00:50:00+00:00,VESSEL_FE_01,container_feeder,CLASS_FEEDER_1000,95.5,72.99496529892639,15.505704638239106,14.53222823621308,8.145693123300367,15200.0,120.31602165036708,1653.2394129234692,131215.05568679704,326.1623239425456,3.822984263743355,173.62923729944407,0.8116569262218456,7.7621811361772854,8.209393570691098,0.5627027694900391,29.782799972077886,399.8519448032849,9880.0,9880.0,11.021596086156462,vlsfo
SYNTHETIC_TEST_DATA,2026-03-01T00:55:00+00:00,VESSEL_FE_01,container_feeder,CLASS_FEEDER_1000,18.99746723498651,-195.0,16.279853719169452,15.321253754812602,7.9162658527647825,15200.0,123.15651351732538,1861.8500243606738,144363.92824537744,370.790427200686,7.1480227839590365,297.4650927099688,1.093529452344837,6.501571287784378,158.0081257098168,0.531409713489069,50.48967203949988,592.5159068580308,9880.0,9880.0,12.412333495737826,vlsfo
SYNTHETIC_TEST_DATA,2026-03-01T01:00:00+00:00,VESSEL_FE_01,container_feeder,CLASS_FEEDER_1000,19.003351730095204,73.0245207035555,14.12521526768975,15.156329425767463,7.9548536410956485,15200.0,122.56278593276286,2257.6075374082066,175898.12261797892,447.7919921220787,5.08720809441907,199.74688898093402,1.9913697555115288,6.400845281753018,82.8770367221571,0.9256939464870328,298.7243075276687,431.44341821610305,9880.0,9880.0,15.05071691605471,vlsfo
SYNTHETIC_TEST_DATA,2026-03-01T01:05:00+00:00,VESSEL_FE_01,container_feeder,CLASS_FEEDER_1000,19.009189065006623,73.03814115168214,14.012011343430487,14.95108496863748,7.994068083694506,15200.0,121.82390588709492,1839.7693949871289,144212.28307985407,373.3782115538007,4.435985590581879,357.25520306010134,1.1726061522853048,7.535286641778496,16.167822981238437,0.5345175835444239,269.49888700450174,626.7294484043509,9880.0,9880.0,12.265129299914193,vlsfo
SYNTHETIC_TEST_DATA,2026-03-01T01:10:00+00:00,VESSEL_FE_01,container_feeder,CLASS_FEEDER_1000,19.015432641927212,73.05270949783018,14.987159716276794,14.506887322999516,7.99102403933587,15200.0,120.22479436279826,1672.281543033824,132827.1136877229,342.0792049197859,7.958086093054765,337.2527341921605,2.0531443550299446,7.514507726153936,268.84426008564935,0.22636816015086697,44.19285566813497,704.667151036473,9880.0,9880.0,11.148543620225492,vlsfo
SYNTHETIC_TEST_DATA,2026-03-01T01:15:00+00:00,VESSEL_FE_01,container_feeder,CLASS_FEEDER_1000,19.02282352067433,73.06995488157345,17.741157294214297,16.686458190173557,8.032196939663843,15200.0,128.07124948462481,2365.4253052918793,176371.7296583668,465.7916494531025,7.487195333199821,51.80310091845028,1.0526364905220869,7.7719921536268535,349.85751338194825,0.5675149097597867,82.6761707995879,567.6394510885938,9880.0,9880.0,15.769502035279196,vlsfo
SYNTHETIC_TEST_DATA,2026-03-01T01:20:00+00:00,VESSEL_FE_01,container_feeder,CLASS_FEEDER_1000,19.02871729676801,73.08370702579205,14.147493459514912,13.537424327491646,8.026905771850195,15200.0,116.73472757896992,1349.2615138965764,110374.16743788956,271.4482744390143,4.18401820565109,47.18079056063277,1.0609238165356247,6.599051871159025,257.5465666616886,0.4031661133332843,108.34152904113832,742.8544062771406,9880.0,9880.0,8.995076759310509,vlsfo
SYNTHETIC_TEST_DATA,2026-03-01T01:25:00+00:00,VESSEL_FE_01,container_feeder,CLASS_FEEDER_1000,19.0341393721138,73.09635853493222,13.015217115856752,14.7313694197434,7.985630831922541,15200.0,121.03292991107624,1863.4109661442528,147020.02165430275,368.4033486904009,7.726224454069685,150.88115495386938,1.6212483956356107,7.211888030144453,38.12306535027118,1.003494807506784,214.5753191643742,53.55595582251068,9880.0,9880.0,12.42273977429502,vlsfo
SYNTHETIC_TEST_DATA,2026-03-01T01:30:00+00:00,VESSEL_FE_01,container_feeder,CLASS_FEEDER_1000,19.041120540967174,73.11264792892344,16.75768456809509,16.44702434506588,7.995286872287372,15200.0,127.20928764223717,2355.516280597892,176822.9662498867,456.85013306855456,7.093335198637731,218.16569545200394,1.1354580811281958,6.215024271918644,83.75066710791613,0.39411211452678524,134.70625562658577,228.35806784303216,9880.0,9880.0,15.703441870652615,vlsfo
SYNTHETIC_TEST_DATA,2026-03-01T01:35:00+00:00,VESSEL_FE_01,container_feeder,CLASS_FEEDER_1000,19.046425320394057,73.12502574758616,12.733658532845297,13.455092902471163,7.9877361077028946,15200.0,116.43833444889619,1366.2399407223093,112047.55257520515,277.7056637488249,4.571083427936646,213.99611895232263,0.9516072107726802,9.204296233985577,37.900108747484985,0.5683111101881019,296.8791085642829,256.38726257683106,9880.0,9880.0,9.108266271482062,vlsfo
SYNTHETIC_TEST_DATA,2026-03-01T01:40:00+00:00,VESSEL_FE_01,container_feeder,CLASS_FEEDER_1000,19.05212866989768,73.13833356309462,13.690391103641531,14.83941244258075,8.01758782041996,15200.0,121.4218847932907,1764.0197781910244,138732.38809738043,352.37094740139474,8.08042472406564,19.21749574578314,0.8125520958150091,6.714191507230402,19.94234729913364,0.5943077045090278,245.0572296478223,686.8600363848766,9880.0,9880.0,11.76013185460683,vlsfo
SYNTHETIC_TEST_DATA,2026-03-01T01:45:00+00:00,VESSEL_FE_01,container_feeder,CLASS_FEEDER_1000,19.058411438132033,73.15299335564144,15.081235033416048,15.37979311400797,8.02400717016958,15200.0,123.3672552104287,1890.0910758596526,146303.3300548846,381.0766686083405,8.464616381391252,17.731483173933835,1.4513567007932553,9.511801970716714,205.64375462739818,0.2775177056033164,300.0450793638815,726.016389384989,9880.0,9880.0,12.600607172397686,vlsfo
SYNTHETIC_TEST_DATA,2026-03-01T01:50:00+00:00,VESSEL_FE_01,container_feeder,CLASS_FEEDER_1000,19.063947060134595,73.16590980698075,13.28777592340688,13.667483178702627,7.871667077953435,15200.0,117.20293944332946,1357.037349720025,110566.78434555733,274.62008787743235,6.769572035491112,48.43879502873295,1.2642375962750254,7.316460645227823,231.29397935839717,0.4496045243586229,185.1202332685492,242.512121300643,9880.0,9880.0,9.046915664800167,vlsfo
SYNTHETIC_TEST_DATA,2026-03-01T01:55:00+00:00,VESSEL_FE_01,container_feeder,CLASS_FEEDER_1000,19.07010348490935,73.18027479812184,14.777958621166302,14.553702502414453,7.983277191382206,15200.0,120.39332900869204,1672.3001068624212,132642.6458334964,337.6888281315941,3.6653464877096558,131.90128193744906,0.6216391087607087,7.393594580456932,83.72517859039453,0.43429495537542123,136.60706870169443,405.4919255080597,9880.0,9880.0,11.148667379082807,vlsfo
SYNTHETIC_TEST_DATA,2026-03-01T02:00:00+00:00,VESSEL_FE_01,container_feeder,CLASS_FEEDER_1000,19.07728174782309,73.1970240782539,17.230791602627413,16.412894266773232,7.941084818844256,15200.0,127.08641936038364,2397.765288121761,180168.51835123834,471.1143178392657,9.569970441992648,191.78001938366646,1.719543339464788,9.092721431401351,234.93144260163675,0.5133091631718409,103.73602110568622,506.92860281185904,9880.0,9880.0,15.98510192081174,vlsfo
SYNTHETIC_TEST_DATA,2026-03-01T02:05:00+00:00,VESSEL_FE_01,container_feeder,CLASS_FEEDER_1000,19.083642348804823,73.21186548054462,15.268065728539517,15.901042786477511,7.965053478571063,15200.0,125.24375403131904,2176.151086191146,165922.14356438536,-120.0,7.332617067754498,345.1968885272689,2.4103230788234007,7.876929629366374,336.9383361722254,0.3963440315267451,213.7255216078875,488.45768047231496,9880.0,9880.0,14.507673907940974,vlsfo
SYNTHETIC_TEST_DATA,2026-03-01T02:10:00+00:00,VESSEL_FE_01,container_feeder,CLASS_FEEDER_1000,19.08927669457802,73.22501228734875,13.52475369066042,14.194631667124103,7.896838086159763,15200.0,119.10067400164678,1506.615737130558,120797.97729829092,305.76179661701434,1.7717762285047503,188.1474391847242,-2.5,8.386374443328036,206.0749850521859,0.5144067146465156,287.728097944344,128.998710084084,9880.0,9880.0,10.04410491420372,vlsfo
SYNTHETIC_TEST_DATA,2026-03-01T02:15:00+00:00,VESSEL_FE_01,container_feeder,CLASS_FEEDER_1000,19.095882786012474,73.2404265006958,15.857344065386126,-4.0,7.9568327367630305,15200.0,128.37609988759118,2523.281718083434,187695.10458630478,494.6441431803718,9.534409224915526,120.10959299816574,1.6841783063503293,8.015900783012086,278.7557098110636,0.5465756040274337,274.5115729454348,152.31536313206567,9880.0,9880.0,16.821878120556228,vlsfo
SYNTHETIC_TEST_DATA,2026-03-01T02:20:00+00:00,VESSEL_FE_01,container_feeder,CLASS_FEEDER_1000,19.102499589132076,73.25586570797488,-2.0,16.199789096292353,8.06644802952185,15200.0,126.31924074665247,2270.3698831136744,171632.09060251684,452.46822555352287,5.64102942796859,337.0103952618464,0.9707319590107953,6.849989163616507,262.68685512385605,0.5404612383662387,172.57304308483452,130.04371868495144,9880.0,9880.0,15.135799220757828,vlsfo
SYNTHETIC_TEST_DATA,2026-03-01T02:25:00+00:00,VESSEL_FE_01,container_feeder,CLASS_FEEDER_1000,19.10951264906138,73.27222951447658,16.83423630350348,17.793183720415303,7.919936103144058,15200.0,132.05546139349508,2910.7331875463456,210483.18786569292,568.9437497150333,6.355751422607936,4.428966919897022,1.397419155566978,4.5957732495201835,211.77287998891944,9.5,297.1438240306756,738.0158405918212,9880.0,9880.0,19.40488791697564,vlsfo
SYNTHETIC_TEST_DATA,2026-03-01T02:30:00+00:00,VESSEL_FE_01,container_feeder,CLASS_FEEDER_1000,19.116105166947886,73.28761205621177,20.0,8.0,8.006912071602935,15200.0,123.19350445469937,1907.9698556307721,147895.541313526,380.98817259418075,6.320559915904161,301.2827686779378,0.7936170580538168,4.227875876040827,316.5120087507883,0.2,359.67770297072593,62.039622435396765,9880.0,9880.0,12.719799037538483,vlsfo
SYNTHETIC_TEST_DATA,2026-03-01T02:35:00+00:00,VESSEL_FE_01,container_feeder,CLASS_FEEDER_1000,19.122179658084615,73.30178586886413,14.581284097109679,14.154392084556141,7.900346981447292,15200.0,118.9558115044021,1635.1497449405244,131263.2790167326,320.2173851926146,6.51564706943857,236.25685415789644,1.4101942930842708,7.236131315988349,71.35352179664324,0.4468322416169242,1.9547402863321661,685.5507206215354,9880.0,9880.0,10.900998299603497,vlsfo
SYNTHETIC_TEST_DATA,2026-03-01T02:40:00+00:00,VESSEL_FE_01,container_feeder,CLASS_FEEDER_1000,19.128457767775487,73.31643479147617,15.0700526076904,14.186082671813788,8.06767929447847,15200.0,119.06989761852964,1582.9898388123584,126954.33325308705,313.3862401226816,10.223043741776982,301.6728787159379,1.8747169498638703,6.65813912034091,277.959023677577,0.4861724130547721,44.97252455003151,157.96187425522908,9880.0,9880.0,10.55326559208239,vlsfo
SYNTHETIC_TEST_DATA,2026-03-01T02:45:00+00:00,VESSEL_FE_01,container_feeder,CLASS_FEEDER_1000,19.1335436016338,73.32830173714557,12.208098866155085,13.22335618492198,7.993445667465614,15200.0,115.60408226571913,1187.050434860344,98054.46695549654,245.0177338615737,11.80192457791496,220.15569815174504,1.0559330731331737,6.570379974310685,255.5656910212694,0.5785654936519837,221.87122917391181,109.70796442639053,9880.0,9880.0,8.0,vlsfo
SYNTHETIC_TEST_DATA,2026-03-01T02:50:00+00:00,VESSEL_FE_01,container_feeder,CLASS_FEEDER_1000,19.13956489119628,73.34235141279136,14.45357837640708,14.359319713951734,7.926157109157713,15200.0,119.69355097022626,1579.2238166023385,125992.39037860882,315.1888799623028,7.026889147658986,206.06873398510945,0.965123794355155,6.214860067974933,282.2691414029069,0.5723843707857688,340.5688032809142,754.851751368594,9880.0,9880.0,10.528158777348922,vlsfo
SYNTHETIC_TEST_DATA,2026-03-01T02:55:00+00:00,VESSEL_FE_01,container_feeder,CLASS_FEEDER_1000,19.14629765637016,73.35806119819708,16.16141328545027,15.460052535818965,8.016653518630912,15200.0,123.65618912894828,2034.4606571191537,157110.35851291538,405.41047656621794,12.692451322634383,48.27405955419552,1.4344312348983275,7.418531072855554,170.70074261374253,0.5320381186634151,109.69365735389927,350.6751631658098,9880.0,9880.0,13.563071047461026,vlsfo
SYNTHETIC_TEST_DATA,2026-03-01T03:00:00+00:00,VESSEL_FE_01,container_feeder,CLASS_FEEDER_1000,19.151303314905398,73.36974106811263,12.015645023188796,13.092519008029237,7.979646088182483,15200.0,115.13306842890526,1164.3419043329986,96572.1345147977,236.70442772863066,6.767021033378096,170.6877630324613,0.4635082820043541,5.659139064412471,12.981540339850932,0.7211986739814596,206.08485592396164,280.3227553862728,9880.0,9880.0,8.0,vlsfo
SYNTHETIC_TEST_DATA,2026-03-01T03:05:00+00:00,VESSEL_FE_01,container_feeder,CLASS_FEEDER_1000,19.157217855585152,73.38354166303206,14.197337030249606,14.592889819339181,7.997160840280365,15200.0,120.53440334962104,1726.1886460235926,136756.70086998006,341.2244981799271,13.99418431648958,184.58612805843296,2.0319257663671793,5.629674128629115,225.36449313878055,0.7866429013212346,319.10503922053476,278.98252572559295,9880.0,9880.0,11.50792430682395,vlsfo
SYNTHETIC_TEST_DATA,2026-03-01T03:10:00+00:00,VESSEL_FE_01,container_feeder,CLASS_FEEDER_1000,19.16324803828527,73.39761208933234,14.474925574635325,13.978155372977078,7.983219631594068,15200.0,118.32135934271747,1622.3301804665518,130932.50566900813,317.6839215528498,6.784378166110771,120.2868145805565,1.8327926181567147,8.302344405335091,20.004450086476044,0.4382653888907175,113.00161312871612,322.9187956255766,9880.0,9880.0,10.815534536443678,vlsfo
SYNTHETIC_TEST_DATA,2026-03-01T03:15:00+00:00,VESSEL_FE_01,container_feeder,CLASS_FEEDER_1000,19.170276731195443,73.4140123727894,16.871761905267782,16.074221978366023,7.921952082350278,15200.0,125.86719912211768,2189.337309499338,166100.7112254559,433.54830529031403,6.141261230168413,358.36721013010936,1.1402598833576048,5.1969958527509235,131.3709699881709,0.5869768542927295,111.94614357147583,48.15301018151395,9880.0,9880.0,14.595582063328921,vlsfo
SYNTHETIC_TEST_DATA,2026-03-01T03:20:00+00:00,VESSEL_FE_01,container_feeder,CLASS_FEEDER_1000,19.176808541148066,73.42925326267886,15.67903787227149,15.948967346028097,7.990432800665247,15200.0,125.41628244570114,2498.755252078335,190257.2340001935,488.64256391201604,9.74453852102637,356.087880966098,1.6723226131180262,7.801991221729597,59.72647243555211,0.3059700960697175,302.0651031174168,100.83745557110062,9880.0,9880.0,16.6583683471889,vlsfo
SYNTHETIC_TEST_DATA,2026-03-01T03:25:00+00:00,VESSEL_FE_01,container_feeder,CLASS_FEEDER_1000,19.183586395939948,73.44506825719324,16.269646965460687,15.157782980166543,7.973061434119113,15200.0,122.56801872859955,2136.660059206075,166467.57302130735,411.1658225362585,5.147194760187604,326.5573039762374,1.6291144116613476,8.877661626003885,54.242270572766465,0.5904667901286278,83.82682257973426,103.92765426323034,9880.0,9880.0,14.244400394707165,vlsfo
SYNTHETIC_TEST_DATA,2026-03-01T03:30:00+00:00,VESSEL_FE_01,container_feeder,CLASS_FEEDER_1000,19.18917523603129,73.45810888407304,13.415521285796338,12.976238218519079,8.033133298519274,15200.0,114.71445758666869,1170.234735494397,97415.0843668799,239.7537577370396,6.866556077629963,274.64508685423044,1.0868852668180238,7.2971990813307315,233.69365804833876,0.5406776481239887,131.97901857574047,624.1569679891281,9880.0,9880.0,8.0,vlsfo
SYNTHETIC_TEST_DATA,2026-03-01T03:35:00+00:00,VESSEL_FE_01,container_feeder,CLASS_FEEDER_1000,19.196499213516013,73.47519816487073,17.5805666716506,17.44208796327728,8.002557102927607,15200.0,130.79151666779822,2760.197711459276,201526.42352430458,543.6526977580158,4.919343323555408,122.61268641294873,1.456452914473745,6.631500137998508,211.364618593313,0.3222405373538163,143.47890241255462,185.61828734365187,9880.0,9880.0,18.401318076395174,vlsfo
SYNTHETIC_TEST_DATA,2026-03-01T03:40:00+00:00,VESSEL_FE_01,container_feeder,CLASS_FEEDER_1000,19.202228610644728,73.48856675817107,13.752916146974151,14.80842203109358,7.9272588757371105,15200.0,121.3103193119369,1825.1075218064314,143668.67653992402,370.289450071902,3.879681851462381,2.633204265485629,1.173541927667644,7.658113504995759,110.71262607148302,0.5524071624148762,253.09204765160132,618.6887480198458,9880.0,9880.0,12.167383478709542,vlsfo
SYNTHETIC_TEST_DATA,2026-03-01T03:45:00+00:00,VESSEL_FE_01,container_feeder,CLASS_FEEDER_1000,19.208601674776293,73.50343724114472,15.297982428453068,15.436145205406888,8.011772418415497,15200.0,123.57012273946481,1970.7793709245516,152298.60018226123,385.66319803479627,4.819667446432852,41.07746562610939,0.29503901710006253,5.612382807681601,281.52186146574377,0.8994593061495988,158.43193182985272,259.05346657080804,9880.0,9880.0,13.13852913949701,vlsfo
SYNTHETIC_TEST_DATA,2026-03-01T03:50:00+00:00,VESSEL_FE_01,container_feeder,CLASS_FEEDER_1000,19.21589987746235,73.52046638074552,17.518696524263536,17.18555862097573,7.9711230556322175,15200.0,129.86801103551264,2704.241859543373,198845.02234102355,525.7174982163014,6.198528967861472,354.7944610181734,0.6741204259103664,5.462716951785001,279.8435259105043,0.5483319439641676,352.0501124665825,649.5654381091504,9880.0,9880.0,18.028279063622485,vlsfo
SYNTHETIC_TEST_DATA,2026-03-01T03:55:00+00:00,VESSEL_FE_01,container_feeder,CLASS_FEEDER_1000,19.221993077264695,73.534683846951,14.626192610812593,15.649357932965438,7.959670054784631,15200.0,124.33768855867558,2101.545216666543,161401.41251175175,420.08555894438143,8.845086099820627,39.34162480124088,1.8814632411684684,7.5377192367234445,134.17284287042432,0.5470552223176527,256.7729506722113,77.21241946569222,9880.0,9880.0,14.010301444443622,vlsfo
SYNTHETIC_TEST_DATA,2026-03-01T04:00:00+00:00,VESSEL_FE_01,container_feeder,CLASS_FEEDER_1000,19.228015999415202,73.54873733196885,14.457497261017338,14.263227838328524,8.068132131990167,15200.0,119.3476202179827,1731.8303906117983,138568.00835703895,334.13976347081075,8.172283619196502,243.823463771183,2.225589424510532,6.471217094116309,1.620044978277284,0.5942272586799859,144.48800071921966,304.50388179123087,9880.0,9880.0,11.545535937411987,vlsfo
SYNTHETIC_TEST_DATA,2026-03-01T04:05:00+00:00,VESSEL_FE_01,container_feeder,CLASS_FEEDER_1000,19.235733259542005,73.56674427226473,18.52460721851063,18.059193543128405,7.925279719009034,15200.0,133.01309675526227,3124.4524484007225,224311.1680349072,615.9277443796341,6.784442625398327,319.1607223818729,1.297365367275334,4.675794351255778,142.89842438922028,0.2773223916156303,30.532172844874715,265.2351633284853,9880.0,9880.0,20.82968298933815,vlsfo
SYNTHETIC_TEST_DATA,2026-03-01T08:10:00+00:00,VESSEL_FE_01,container_feeder,CLASS_FEEDER_1000,19.241803040967604,73.58090709559113,14.5699788479242,14.595209805517793,7.991291363309752,15200.0,120.54275529986406,1756.0884197586659,139115.86066658064,345.3331435897614,4.323044780463538,214.27662254881383,1.4289983927962393,7.738308120362273,359.1288134146502,0.5328781405954605,329.5075537027997,193.504068643474,9880.0,9880.0,11.707256131724439,vlsfo
SYNTHETIC_TEST_DATA,2026-03-01T04:15:00+00:00,VESSEL_FE_01,container_feeder,CLASS_FEEDER_1000,19.247949071505293,73.5952478335124,14.75300816519133,15.383280316549474,7.995920611515744,15200.0,123.3798091395781,1885.7495470347703,145952.41989928365,367.5345191254193,6.690520739283498,345.3153382240473,1.065476376067609,7.212875337564329,123.58528645640679,0.49648743470451084,194.70838930018243,730.8892589614409,9880.0,9880.0,12.571663646898468,vlsfo
SYNTHETIC_TEST_DATA,2026-03-01T04:20:00+00:00,VESSEL_FE_01,container_feeder,CLASS_FEEDER_1000,19.25450993774552,73.61055652140627,15.748784946523829,14.372737564596383,8.021009429936246,15200.0,119.74185523254698,1556.6865360257732,124144.23840616742,311.65897980397943,5.71531293990879,86.89394218559865,0.21762782908971645,7.941812843929762,235.23811524341826,0.6671615792628675,55.95896307003209,373.1735565239866,9880.0,9880.0,10.377910240171822,vlsfo
SYNTHETIC_TEST_DATA,2026-03-01T04:25:00+00:00,VESSEL_FE_01,container_feeder,CLASS_FEEDER_1000,19.26085546694713,73.62536275621002,15.231887240022997,15.750102241497784,7.977057975342535,15200.0,124.70036806939203,2110.123655873206,161588.91055420745,419.7051489792051,6.247887576410138,283.5323410425621,2.1258625042825976,6.374412497635259,293.2698395224378,0.40417936581760394,202.381464145526,369.05909457950304,9880.0,9880.0,14.067491039154708,vlsfo
SYNTHETIC_TEST_DATA,2026-03-01T04:30:00+00:00,VESSEL_FE_01,container_feeder,CLASS_FEEDER_1000,19.267467485748902,73.64079080008082,15.871572191644598,16.14246438376787,7.987746967440465,15200.0,126.11287178156434,2134.709502383161,161640.71021615708,422.4848418249547,1.6991099690346374,23.590956210617673,0.3741113546904766,6.007953943699727,14.788473589744896,0.31696877683081476,185.79160845256047,86.00162262816747,9880.0,9880.0,14.23139668255441,vlsfo
SYNTHETIC_TEST_DATA,2026-03-01T04:35:00+00:00,VESSEL_FE_01,container_feeder,CLASS_FEEDER_1000,19.273014065497428,73.65373281949404,13.31407903313931,13.828849420662115,7.989465499281843,15200.0,117.78385791438362,1377.4140176982473,111673.49422028348,269.8921122719739,9.118711726773686,0.5978547629281916,1.0447125580392758,7.670258751129068,141.88527978411508,0.6403327296179134,310.5952429467161,367.80853531130174,9880.0,9880.0,9.182760117988316,vlsfo
SYNTHETIC_TEST_DATA,2026-03-01T04:40:00+00:00,VESSEL_FE_01,container_feeder,CLASS_FEEDER_1000,19.279336297040736,73.6684846930951,15.17596325119201,14.578857141338426,8.038365862023062,15200.0,120.48388570881833,1631.0074737251869,129270.18420896877,321.23297487415635,1.7981553865701922,172.75082419838344,0.9888598591763352,6.884585275692001,116.09655874838273,0.3154227116209465,82.1710351668314,580.7841116135511,9880.0,9880.0,10.873383158167913,vlsfo
SYNTHETIC_TEST_DATA,2026-03-01T04:45:00+00:00,VESSEL_FE_01,container_feeder,CLASS_FEEDER_1000,19.286061637782574,73.68417715482606,16.14359158641213,15.069929197122535,8.050087269882575,15200.0,122.25174510964112,1924.7210031238233,150343.30746537042,377.92464685979877,7.8952977122627725,67.79591093208666,1.7743694094320632,6.774794810885857,330.7763496710458,0.6614016563888941,39.82660832239318,685.5708531482321,9880.0,9880.0,12.83147335415882,vlsfo
SYNTHETIC_TEST_DATA,2026-03-01T04:50:00+00:00,VESSEL_FE_01,container_feeder,CLASS_FEEDER_1000,19.292313125486125,73.69876395946768,15.006148858118165,15.118841785208641,8.102437782543165,15200.0,122.42783042675111,2312.1651193172943,180347.47820064335,461.7638343459152,6.570708258535762,307.97695504461086,1.9654191131752647,9.157113426921178,58.58765499778473,0.5022902583341309,330.7657251249651,658.0011028232858,9880.0,9880.0,15.414434128781963,vlsfo
SYNTHETIC_TEST_DATA,2026-03-01T04:55:00+00:00,VESSEL_FE_01,container_feeder,CLASS_FEEDER_1000,19.29925652568098,73.71496522658902,16.667024210303214,16.026023189156735,8.004181053870528,15200.0,125.69368348096424,2492.1284456227686,189333.8869335565,483.22551366162537,9.088427857153194,114.3488283708822,1.819813204748951,7.531054749044864,77.88805028114452,0.627381256674442,10.740517235891094,578.1493391195268,9880.0,9880.0,16.614189637485126,vlsfo
SYNTHETIC_TEST_DATA,2026-03-01T05:00:00+00:00,VESSEL_FE_01,container_feeder,CLASS_FEEDER_1000,19.30659834646029,73.73209614174074,17.62339793796475,17.074794409062843,7.934867394158276,15200.0,129.46925987262625,2703.172084970692,199378.53963529435,528.2597294189268,7.530132951504564,51.738718123992285,2.179610300147806,7.306256100227049,213.77899729024114,0.2813057259076034,62.2598171191481,794.744282267185,9880.0,9880.0,18.021147233137945,vlsfo
SYNTHETIC_TEST_DATA,2026-03-01T05:05:00+00:00,VESSEL_FE_01,container_feeder,CLASS_FEEDER_1000,19.313533829159645,73.7482789347059,16.648018955598655,16.07305599421609,8.025561090727377,15200.0,125.86300157917793,2227.5289390942057,169003.8710767908,431.2914983427241,6.992715038011131,223.84513074987237,1.505722719545733,7.2985447717613,316.9369080459692,0.46978962447861417,18.187090693921853,53.80201337491668,9880.0,9880.0,14.850192927294707,vlsfo
SYNTHETIC_TEST_DATA,2026-03-01T05:10:00+00:00,VESSEL_FE_01,container_feeder,CLASS_FEEDER_1000,19.31984134169421,73.76299646395321,15.140631559488494,16.19484166307991,8.054998982517104,15200.0,126.30142998708767,2613.273539101775,197582.27667342467,505.84887538681227,5.387386680077123,199.2747024322601,2.0296118694481606,8.231004211462286,91.31922236225826,0.5689209809500715,243.94347489592587,358.6470148046119,9880.0,9880.0,17.421823594011833,vlsfo
SYNTHETIC_TEST_DATA,2026-03-01T05:15:00+00:00,VESSEL_FE_01,container_feeder,CLASS_FEEDER_1000,19.32630379206653,73.77807551482196,15.512546272809358,15.26067743377263,8.013660201142606,15200.0,122.93843876158147,1856.5314859995915,144206.88890100684,367.63917264523286,6.240105646473474,33.86590671218249,1.398958377305298,6.306527070306813,187.2828241365578,0.5622905668606879,142.20260641460033,191.65191460361268,9880.0,9880.0,12.37687657333061,vlsfo
SYNTHETIC_TEST_DATA,2026-03-01T05:20:00+00:00,VESSEL_FE_01,container_feeder,CLASS_FEEDER_1000,19.331406953640624,73.78998289182819,12.249692530695024,13.605504584718856,8.078071910090179,15200.0,116.97981650498788,1282.5011195743264,104693.13363597592,257.27695688290316,7.577293195081747,186.1270152657945,0.4416727755147345,4.765785816108986,316.2116641718886,0.7428379657857003,263.20895159500634,697.8351298839814,9880.0,9880.0,8.550007463828843,vlsfo
SYNTHETIC_TEST_DATA,2026-03-01T05:25:00+00:00,VESSEL_FE_01,container_feeder,CLASS_FEEDER_1000,19.336808685974212,73.80258693393989,12.96638549628943,13.926784744706966,8.006552891302308,15200.0,118.13642508094509,1455.554285463226,117656.51075593435,308.80061765237673,6.660151937399631,352.5208681346207,1.33686899748848,8.712982340421405,267.6961314387547,0.507115295396925,258.95251212869647,481.5519240485185,9880.0,9880.0,9.703695236421508,vlsfo
SYNTHETIC_TEST_DATA,2026-03-01T05:30:00+00:00,VESSEL_FE_01,container_feeder,CLASS_FEEDER_1000,19.343138119682905,73.81735561259352,15.193251418589194,14.151282564058244,8.021248294871807,15200.0,118.94461723060968,1521.1157397621407,122120.57744252184,308.9474794180422,9.771503399730278,135.7941538378814,1.984498935137929,6.565800955498791,168.35049238557474,0.5557151829023612,47.19912948943915,225.13352647254163,9880.0,9880.0,10.140771598414272,vlsfo
SYNTHETIC_TEST_DATA,2026-03-01T05:35:00+00:00,VESSEL_FE_01,container_feeder,CLASS_FEEDER_1000,19.34858536079024,73.83006584184396,13.075625322959283,13.269241037328706,8.013943214232363,15200.0,115.76926773438333,1420.3189535483364,117155.84972497274,289.6819558346957,9.577579644169937,66.87580855359138,1.4707943780706587,7.100777203977345,100.12080847373564,0.4186112502454882,168.62999084883754,535.914592572024,9880.0,9880.0,9.468793023655577,vlsfo
SYNTHETIC_TEST_DATA,2026-03-01T05:40:00+00:00,VESSEL_FE_01,container_feeder,CLASS_FEEDER_1000,19.354016911256316,73.84273945959815,13.037961312481677,12.729664496025707,7.9414014203549605,15200.0,113.82679218569254,1059.7192668179252,88903.26593513103,216.03642776634095,7.241449716063416,315.61588701526296,0.5207042798014845,6.985216848484827,106.11862184683538,0.5451119679020362,354.4446989702715,271.394560121785,9880.0,9880.0,8.0,vlsfo
SYNTHETIC_TEST_DATA,2026-03-01T05:45:00+00:00,VESSEL_FE_01,container_feeder,CLASS_FEEDER_1000,19.360475515007973,73.85780953501869,15.503312796716724,14.482392674112587,7.966199134715931,15200.0,120.13661362680531,1550.4275136255274,123238.80052040455,313.6783793023845,6.105677781261964,59.512076412224815,0.24915007792017274,4.955208564867549,222.03222446783127,0.5077162245961834,57.7123289936129,322.15200418709065,9880.0,9880.0,10.336183424170182,vlsfo
SYNTHETIC_TEST_DATA,2026-03-01T05:50:00+00:00,VESSEL_FE_01,container_feeder,CLASS_FEEDER_1000,19.367243059676163,73.87360047257779,16.24489841628045,15.467630046384002,7.946187739984062,15200.0,123.68346816698241,2152.5837702349336,166195.7022371409,428.1214017346956,5.944481386763205,43.4359214797271,1.5512765918631335,6.823069012098199,74.45286990505141,0.45491371015438015,36.14243243393135,381.89306795753595,9880.0,9880.0,14.35055846823289,vlsfo
SYNTHETIC_TEST_DATA,2026-03-01T05:55:00+00:00,VESSEL_FE_01,container_feeder,CLASS_FEEDER_1000,19.373751090632403,73.88878587814236,15.621958473523364,14.25339875969489,7.956649737183828,15200.0,119.31223553490162,1589.7205364214005,127235.17267371298,316.01482249894906,5.092704090583279,191.1061419436132,1.9937025725232003,8.389009309625362,314.84705034800584,0.7726857424171398,88.12674055805235,433.42275617867404,9880.0,9880.0,10.598136909476004,vlsfo
SYNTHETIC_TEST_DATA,2026-03-01T06:00:00+00:00,VESSEL_FE_01,container_feeder,CLASS_FEEDER_1000,19.380816633543915,73.90527214493588,16.960217106935463,17.25860985624486,8.015481004095458,15200.0,130.1309954824815,2770.4430238197515,203301.15826466412,535.2803371986621,7.689283219892085,45.23898703267295,1.4151401017898109,7.496550780628256,156.44271049116853,0.5896648131946319,173.5310734510862,232.42030065621717,9880.0,9880.0,18.469620158798346,vlsfo
SYNTHETIC_TEST_DATA,2026-03-01T06:05:00+00:00,VESSEL_FE_01,container_feeder,CLASS_FEEDER_1000,19.387272635223805,73.92033614885561,15.497066751269788,16.128347357860306,7.853470281207361,15200.0,126.0620504882971,2443.975921736744,185133.04229241482,462.4316234451333,8.726916772484547,167.40508751613828,1.9329843192085767,7.253931679354061,115.75187693363942,0.5578718313914223,191.47899288458453,396.25706573060387,9880.0,9880.0,16.293172811578295,vlsfo
SYNTHETIC_TEST_DATA,2026-03-01T06:10:00+00:00,VESSEL_FE_01,container_feeder,CLASS_FEEDER_1000,19.39305973899712,73.93383939099334,13.891435894600127,15.542122321129181,8.08084371992493,15200.0,123.95164035606506,2206.402543946347,169982.35939960828,431.2462177817802,10.92635247153533,286.00453097851835,1.7387646686333977,5.605085463832084,18.038408290896157,0.948584062480597,270.3018905081495,525.6503734407651,9880.0,9880.0,14.709350292975648,vlsfo
SYNTHETIC_TEST_DATA,2026-03-01T06:15:00+00:00,VESSEL_FE_01,container_feeder,CLASS_FEEDER_1000,19.398951876303915,73.94758771137586,14.143559695084663,14.957267116571892,8.030840709984489,15200.0,121.8461616196588,1790.7757166819968,140346.2219032531,352.28183367966125,9.810894392968585,46.45082058553503,0.8176291738992173,6.693001514391012,22.342718354455883,0.44344085017048596,227.62181269087566,390.4355669177298,9880.0,9880.0,11.938504777879979,vlsfo
SYNTHETIC_TEST_DATA,2026-03-01T06:20:00+00:00,VESSEL_FE_01,container_feeder,CLASS_FEEDER_1000,19.404739729097905,73.9610927012285,13.89323385314268,14.505195753354323,7.929786545095462,15200.0,120.21870471207556,1596.191452780643,126789.80052538631,318.60730330095623,3.673211856858234,63.804780449738125,0.791578953701563,7.5325752512597255,342.02199406479735,0.6471166184856747,304.56272207084714,541.596746288875,9880.0,9880.0,10.641276351870953,vlsfo
SYNTHETIC_TEST_DATA,2026-03-01T06:25:00+00:00,VESSEL_FE_01,container_feeder,CLASS_FEEDER_1000,19.411175882387575,73.97611039223771,15.44942242845254,16.04466673130367,8.04118765659381,15200.0,125.76080023269321,2265.820378463815,172048.7684828447,443.7601763501167,7.225664545924541,202.25481482267975,2.239637255337115,9.15324406552043,265.8638565671863,0.6533645743568488,183.21629463048754,350.1990678555699,9880.0,9880.0,15.105469189758766,vlsfo
SYNTHETIC_TEST_DATA,2026-03-01T06:30:00+00:00,VESSEL_FE_01,container_feeder,CLASS_FEEDER_1000,19.418049213713175,73.99214816533078,16.49883002481779,15.760692453280491,7.974962762812154,15200.0,124.73849283180976,2009.4269851051783,153830.7367043214,393.87642203617673,6.562896342755976,238.64749711563428,1.5014966455999779,7.408251972242005,240.29637233283285,0.5757685206916789,117.55686336184077,547.5653607244697,9880.0,9880.0,13.396179900701188,vlsfo
SYNTHETIC_TEST_DATA,2026-03-01T06:35:00+00:00,VESSEL_FE_01,container_feeder,CLASS_FEEDER_1000,19.423985233046988,74.00599887710968,14.248894658672612,15.06260798238904,7.981778087386777,15200.0,122.22538873660054,1853.1238492998534,144781.94284813132,369.5758997802815,8.349688402981759,327.7176876666909,1.3630747472268814,6.595801638831288,102.06747597572252,0.5819656914657385,195.1484525822589,515.3633992545915,9880.0,9880.0,12.354158995332357,vlsfo
SYNTHETIC_TEST_DATA,2026-03-01T06:40:00+00:00,VESSEL_FE_01,container_feeder,CLASS_FEEDER_1000,19.430381739129956,74.02092405796994,22.0,16.254638729747615,8.040283931962126,15200.0,0.0,0.0,179491.44991754243,463.6163178869309,8.712902781364345,144.02212060851193,2.0938171963605603,7.243330057902841,246.7539794739651,0.49972146971133025,219.6818799959685,453.85678555141806,9880.0,9880.0,15.853639491031263,vlsfo
SYNTHETIC_TEST_DATA,2026-03-01T06:45:00+00:00,VESSEL_FE_01,container_feeder,CLASS_FEEDER_1000,19.437032966512554,74.03644358852932,15.965688956847153,15.838279614445806,7.989796570778058,15200.0,125.0178066120049,2309.073994411946,176375.13413564523,467.7310083103757,6.155843557742444,332.59481981946226,1.5509629436863288,6.085211850366817,87.91380027571977,0.3088749665197204,352.1535950752421,386.9036678308465,9880.0,9880.0,15.393826629412974,vlsfo
SYNTHETIC_TEST_DATA,2026-03-01T06:50:00+00:00,VESSEL_FE_01,container_feeder,CLASS_FEEDER_1000,19.443614653660408,74.05180085854099,15.79876371222002,16.76641747978816,7.9677816439893485,15200.0,128.3591029272374,2686.2586151331693,199844.65173334224,520.1819461596756,8.611817045488083,147.59365976101554,1.57492120699364,7.493406301619156,92.81102749284759,0.7908100362914916,293.7801660310192,646.1082351173719,9880.0,9880.0,17.908390767554465,vlsfo
SYNTHETIC_TEST_DATA,2026-03-01T06:55:00+00:00,VESSEL_FE_01,container_feeder,CLASS_FEEDER_1000,19.450861467207517,74.0687100901509,17.395341395804593,16.73415114831184,8.140460543061476,15200.0,128.24294413392263,2647.3789428896785,197130.58578487625,525.5463761967134,6.92676836611923,359.4994254042897,1.461321910089573,6.763737161555309,41.6535002313946,0.3174244026562345,55.426889727945515,92.92688380945992,9880.0,9880.0,17.649192952597854,vlsfo
SYNTHETIC_TEST_DATA,2026-03-01T07:00:00+00:00,VESSEL_FE_01,container_feeder,CLASS_FEEDER_1000,19.457185011059188,74.0834650258048,15.179113332511646,14.81850282390435,7.970195555017192,15200.0,121.34661016605565,1765.734625732195,138953.39646780243,356.67347181247055,6.479167092933327,40.26412885704379,1.7162972258630762,7.074299780415951,318.5456614222898,0.19127495949558365,63.48829680290731,536.041918500634,9880.0,9880.0,11.771564171547965,vlsfo
SYNTHETIC_TEST_DATA,2026-03-01T07:05:00+00:00,VESSEL_FE_01,container_feeder,CLASS_FEEDER_1000,19.463137278682897,74.09735365026012,14.28789725588345,14.21273407603084,8.025983028667325,15200.0,119.16584267371103,1592.9428874273863,127649.70006950227,322.997368282147,9.934158778360224,114.59749954644732,2.1131464778244746,8.895022603577958,262.0235876287386,0.7260198632809027,152.91969293356414,672.4112572143094,9880.0,9880.0,10.619619249515909,vlsfo
SYNTHETIC_TEST_DATA,2026-03-01T07:10:00+00:00,VESSEL_FE_01,container_feeder,CLASS_FEEDER_1000,19.469346587182635,74.1118420367595,14.904901372532079,14.046480653849935,8.056684023937835,15200.0,118.56733035385977,1541.164998451498,124123.91856596319,311.2534685570955,6.8208140407817694,176.85268070089182,2.1517825339040435,8.008264195233037,269.5754806801397,0.45191256058593143,51.80713058828098,91.31404494243542,9880.0,9880.0,10.274433323009987,vlsfo
SYNTHETIC_TEST_DATA,2026-03-01T07:15:00+00:00,VESSEL_FE_01,container_feeder,CLASS_FEEDER_1000,19.476506199235857,74.12854779821701,17.186021845012792,15.540380733652576,7.8951274521194925,15200.0,123.94537064114928,1949.1016276277267,150167.36342184452,386.344867476848,7.039560633711946,234.81273832770793,1.5015542750928184,6.100223994058579,278.86459726520275,0.8542682484535367,60.4803054880336,662.591908263425,9880.0,9880.0,12.994010850851511,vlsfo
SYNTHETIC_TEST_DATA,2026-03-01T07:20:00+00:00,VESSEL_FE_01,container_feeder,CLASS_FEEDER_1000,19.483320926565067,74.14444882865185,16.358156262797166,16.658049112053355,7.899922712778066,15200.0,127.96897680339208,2552.5449271411494,190475.91975802399,500.9042352739781,7.593069591053942,181.504297580693,1.4175311123018908,8.546133099181903,92.68270535662681,0.5007592503242918,167.28466962863865,130.37186450580998,9880.0,9880.0,17.016966180940997,vlsfo
SYNTHETIC_TEST_DATA,2026-03-01T07:25:00+00:00,VESSEL_FE_01,container_feeder,CLASS_FEEDER_1000,19.489375383381827,74.15857589455761,14.53319346620736,15.56770463763297,8.005530656128935,15200.0,124.04373669547869,2005.0644799715149,154356.48669091347,405.6399967561813,7.960144578178914,356.53984464977367,1.307877043559715,8.222852431890114,296.3187442104839,0.5545290526864257,235.2743372497116,703.3728086683758,9880.0,9880.0,13.367096533143433,vlsfo
SYNTHETIC_TEST_DATA,2026-03-01T07:30:00+00:00,VESSEL_FE_01,container_feeder,CLASS_FEEDER_1000,19.49478687201841,74.1712027013763,12.989804647369311,13.298778995808517,7.979412529115767,15200.0,115.87560438491066,1271.9738652772987,104823.23482178024,251.36922312189807,3.7316858805673814,203.91143429147206,0.906464786812815,6.564087222917434,104.07008938974901,0.327831664295286,298.2768929419629,409.5059774729294,9880.0,9880.0,8.479825768515326,vlsfo
SYNTHETIC_TEST_DATA,2026-03-01T07:35:00+00:00,VESSEL_FE_01,container_feeder,CLASS_FEEDER_1000,19.500703281422872,74.18500765665338,14.201822740294986,14.859743776309772,8.042734286506779,15200.0,121.49507759471518,1699.3385961091608,133564.98530408574,343.1342180855896,5.595063854224356,138.7330131085571,1.0010740083779872,6.898179362005588,297.5801344768548,0.5732419195567875,187.89064947693126,40.8112734172879,9880.0,9880.0,11.328923974061073,vlsfo
SYNTHETIC_TEST_DATA,2026-03-01T07:40:00+00:00,VESSEL_FE_01,container_feeder,CLASS_FEEDER_1000,19.50629442694446,74.19805366287042,13.42105526924173,13.348335001106463,8.096689674259409,15200.0,116.05400600398326,1498.022532252459,123262.1082616488,295.002651630769,7.147530256388953,169.1841385034424,1.341901147709406,7.438436490476521,61.90572669732823,0.7015021541973118,336.79509978335585,556.440526998808,9880.0,9880.0,9.986816881683062,vlsfo
SYNTHETIC_TEST_DATA,2026-03-01T07:45:00+00:00,VESSEL_FE_01,container_feeder,CLASS_FEEDER_1000,19.513464973416855,74.21478493797268,17.212268960829412,16.781902544080623,7.956024518567053,15200.0,128.41484915869023,2605.288663655269,193736.73919420902,512.0812984736364,8.550566773686464,48.489128972405034,0.9708594745811814,5.412950640049985,152.1842523379424,0.3698872759188816,115.34299329503082,503.96865117975926,9880.0,9880.0,17.368591091035128,vlsfo
SYNTHETIC_TEST_DATA,2026-03-01T07:50:00+00:00,VESSEL_FE_01,container_feeder,CLASS_FEEDER_1000,19.519529291554566,74.22893501362734,14.556864703701548,14.41310703825729,7.997778191614782,15200.0,119.88718533772625,1788.8113875929846,142483.03876306282,359.16905247399484,4.054976807880335,41.51751771995567,1.4070216614069755,6.143735222355574,35.93918058364447,0.0500432444096785,43.90882711546424,797.4746807545566,9880.0,9880.0,11.925409250619898,vlsfo
SYNTHETIC_TEST_DATA,2026-03-01T07:55:00+00:00,VESSEL_FE_01,container_feeder,CLASS_FEEDER_1000,19.52540209653645,74.24263822525174,14.097154141852881,13.91892360563451,8.004325277096074,15200.0,118.10812498028423,1487.0076414528537,120227.77430027723,295.04533623132477,8.898850926540415,290.2287475601011,1.7619754770963354,7.874457080889215,341.5123795365508,0.39008947577398345,352.308291804158,137.31998401631807,9880.0,9880.0,9.913384276352359,vlsfo
SYNTHETIC_TEST_DATA,2026-03-01T08:00:00+00:00,VESSEL_FE_01,container_feeder,CLASS_FEEDER_1000,19.531935444613442,74.25788270409805,15.682730005141332,15.684644443366182,7.979392531077152,15200.0,124.46471999611825,1998.686817398182,153345.08607328238,396.20897672322957,4.99677141810864,129.12220495004803,1.8090953573326505,8.862256144146986,311.8120582791672,0.39380469908885707,155.34684132744766,290.23946929430485,9880.0,9880.0,13.324578782654548,vlsfo
SYNTHETIC_TEST_DATA,2026-03-01T08:05:00+00:00,VESSEL_FE_01,container_feeder,CLASS_FEEDER_1000,19.53886701599459,74.27405637065407,16.638630178719144,16.160759083011328,7.975888376064854,15200.0,126.17873269884078,2355.8111634601487,178289.47096051933,464.72748767456176,5.686521194980061,115.4575968098674,2.2583963285696242,6.043706812843972,237.15122753401235,0.6548989407730743,136.29340352150314,203.0496191457092,9880.0,9880.0,15.70540775640099,vlsfo
SYNTHETIC_TEST_DATA,2026-03-01T08:10:00+00:00,VESSEL_FE_01,container_feeder,CLASS_FEEDER_1000,19.545264139714774,74.28898299266783,15.355735364298498,14.463410811204064,7.981252765507543,15200.0,120.06827892033462,1634.618011659069,130004.79675162211,324.40792364581574,9.155203836454382,215.06203046658266,1.4752205812242087,6.861401344841278,297.644357492548,0.6187109389811134,18.927356516299938,43.510287120928986,9880.0,9880.0,10.89745341106046,vlsfo
SYNTHETIC_TEST_DATA,2026-03-01T08:15:00+00:00,VESSEL_FE_01,container_feeder,CLASS_FEEDER_1000,19.551196985998573,74.30282630066336,14.241278029936673,14.280300661057362,8.012522315013038,15200.0,119.4090823798065,1816.488253506967,145266.8819752467,362.2875389471752,10.484046429640943,306.77232134490544,2.3100351545680256,7.436437780411556,9.551677394186765,0.09717948102694202,167.67267852861178,323.52604654412033,9880.0,9880.0,12.109921690046448,vlsfo
SYNTHETIC_TEST_DATA,2026-03-01T08:20:00+00:00,VESSEL_FE_01,container_feeder,CLASS_FEEDER_1000,19.557958543192022,74.31860326744807,16.230526007426,15.989039543755036,7.942126768388329,15200.0,125.56054235751813,2117.657584038128,161054.8979548247,419.8229513126349,2.1770052769999557,193.13565255081028,1.584853272571406,6.473135307874075,278.9668452172781,0.6690966216963707,346.88876839997533,324.59259170119265,9880.0,9880.0,14.117717226920853,vlsfo
SYNTHETIC_TEST_DATA,2026-03-01T08:25:00+00:00,VESSEL_FE_01,container_feeder,CLASS_FEEDER_1000,19.563153388304187,74.33072457270978,12.469770836104052,11.944598238212564,7.940999961076637,15200.0,111.00055365756523,959.7528031954213,82566.83290756379,190.97318908885794,1.298228725038646,218.59611497786597,1.807135219178532,7.9046260839204185,203.18136492930427,0.7465803868205393,133.1943724249912,256.14182227579073,9880.0,9880.0,8.0,vlsfo
SYNTHETIC_TEST_DATA,2026-03-01T08:30:00+00:00,VESSEL_FE_01,container_feeder,CLASS_FEEDER_1000,19.569403730031134,74.34530870340599,15.00339804161704,15.678552503002912,7.921855782733007,15200.0,124.44278901081049,2126.002225341768,163141.8417461463,425.96602012408744,3.7873613021814103,248.44563704824552,2.4181129198650098,6.756469667589556,187.36467975620198,0.3478982303857271,240.59906668625536,436.9106794266028,9880.0,9880.0,14.173348168945118,vlsfo
SYNTHETIC_TEST_DATA,2026-03-01T08:35:00+00:00,VESSEL_FE_01,container_feeder,CLASS_FEEDER_1000,19.574578970282975,74.35738426399362,12.422711085480008,13.09332292298553,8.02342763892531,15200.0,115.13596252274792,1298.2937975019424,107679.58382273004,275.81926804984596,4.813084965455715,341.0351264626576,1.4380953528351703,7.890434683575389,123.89078810280529,0.5540190868394573,291.22905690242965,522.0181698147135,9880.0,9880.0,8.655291983346283,vlsfo
SYNTHETIC_TEST_DATA,2026-03-01T08:40:00+00:00,VESSEL_FE_01,container_feeder,CLASS_FEEDER_1000,19.579992200025476,74.3700151333928,12.993984019683433,14.042540683657807,7.994542742421933,15200.0,118.5531464611681,1492.5021905390672,120219.04519130412,302.8843082094447,4.919007451112881,345.1347093498963,1.7138981991235664,7.526789235266674,192.45627046413912,0.5653686940776046,254.08692130661575,676.4815652787105,9880.0,9880.0,9.950014603593782,vlsfo
SYNTHETIC_TEST_DATA,2026-03-01T08:45:00+00:00,VESSEL_FE_01,container_feeder,CLASS_FEEDER_1000,19.586399673128437,74.38496590396637,15.380578151471516,15.423152644700608,7.913339544839551,15200.0,123.52334952092218,2067.007630747742,159795.44747681043,408.09668054554777,6.232236798929395,204.2813208777564,2.4564774038658763,7.559413194636773,192.5633350713134,0.4492074643904438,160.2057797474372,257.3959493987004,9880.0,9880.0,13.780050871651614,vlsfo
SYNTHETIC_TEST_DATA,2026-03-01T08:50:00+00:00,VESSEL_FE_01,container_feeder,CLASS_FEEDER_1000,19.592122672598872,74.39831956939739,13.737559128447163,13.647614507758963,8.018226724451663,15200.0,117.13141222793226,1438.305367125093,117259.78770311776,290.44279006316697,3.7131130605161515,351.3231145324427,2.164315533424718,8.494761952206247,254.8238019845212,0.5809710175271418,339.617646460027,723.1803980035903,9880.0,9880.0,9.588702447500621,vlsfo
SYNTHETIC_TEST_DATA,2026-03-01T08:55:00+00:00,VESSEL_FE_01,container_feeder,CLASS_FEEDER_1000,19.599443777167878,74.41540214672507,17.57367048902001,16.768333670703715,8.016820046934493,15200.0,128.36600121453338,2514.9529500284275,187090.28396309557,,7.0883724311401215,130.17565064615854,2.1130169549553397,3.559534055460708,164.30538884466432,0.5188366116464624,32.311164690430296,505.28796653140387,9880.0,9880.0,16.766353000189515,vlsfo
SYNTHETIC_TEST_DATA,2026-03-01T09:00:00+00:00,VESSEL_FE_01,container_feeder,CLASS_FEEDER_1000,19.60558505826739,74.42973180262393,14.741607554712962,14.348930615865811,7.9838007612251785,15200.0,119.65615021711693,1626.0647519676747,129769.96632111158,323.420384480807,9.006631115766247,185.67204346369846,1.7311062445053123,4.754538260726815,351.2649687802778,0.6151093019999789,351.78938276916864,188.29442323017565,9880.0,9880.0,10.840431679784498,vlsfo
SYNTHETIC_TEST_DATA,2026-03-01T09:05:00+00:00,VESSEL_FE_01,container_feeder,CLASS_FEEDER_1000,19.6118917934249,74.44444751799145,15.138765533928707,15.83360473395409,8.068395372536049,15200.0,125.00097704223472,2098.871731627892,160340.73600475583,427.15835999231143,8.782999527692953,288.21010344258605,1.6279534250521115,7.782097769683648,225.35624041166906,0.9459463682819097,311.08925850938095,372.75958991363626,9880.0,9880.0,13.992478210852614,vlsfo
SYNTHETIC_TEST_DATA,2026-03-01T09:10:00+00:00,VESSEL_FE_01,container_feeder,CLASS_FEEDER_1000,19.618206189602628,74.45918110907282,15.157155142179906,16.165366808187493,8.04605753731974,15200.0,126.19532050947498,2300.1848431265016,174056.74932985433,457.5696220144104,8.476326490798794,115.46428282324258,1.5140110935129383,6.739328610137588,194.5716091814718,0.5362628435722839,242.22722208656165,751.8689658174962,9880.0,9880.0,15.334565620843343,vlsfo
SYNTHETIC_TEST_DATA,2026-03-01T09:15:00+00:00,VESSEL_FE_01,container_feeder,CLASS_FEEDER_1000,19.624009378416265,74.4727218829713,13.93004662549943,13.885212999443304,7.966768699996844,15200.0,117.9867667979959,1419.9292583611377,114922.42720536486,279.0313396953032,7.291378041933516,157.2002961619822,1.0659032846796102,5.0374441018505705,187.03785531948986,0.0,175.06102056140946,213.25550688961866,9880.0,9880.0,9.466195055740918,vlsfo
SYNTHETIC_TEST_DATA,2026-03-01T09:20:00+00:00,VESSEL_FE_01,container_feeder,CLASS_FEEDER_1000,19.629962905582392,74.48661344635893,14.290920677168824,14.827166807934388,7.9802377927498265,15200.0,121.3778005085638,1802.1849256229696,141785.3864924954,359.09982679287947,6.733585946782355,171.2020223638565,1.6450201982417676,9.790935750258022,168.841828444562,0.43489099769609363,295.9968765937705,690.7340428854217,9880.0,9880.0,12.014566170819798,vlsfo
SYNTHETIC_TEST_DATA,2026-03-01T09:25:00+00:00,VESSEL_FE_01,container_feeder,CLASS_FEEDER_1000,19.63593318516295,74.50054409871358,14.331133381193574,15.108891076502607,7.9356803332458155,15200.0,122.39200787540938,1863.6260680776272,145404.24948893767,364.2622024930644,5.688472371205689,133.5284357550009,2.392659197112364,7.428783307252752,241.86750790106424,0.5919411910029975,292.36426602734133,606.3549205135682,9880.0,9880.0,12.42417378718418,vlsfo
SYNTHETIC_TEST_DATA,2026-03-01T09:30:00+00:00,VESSEL_FE_01,container_feeder,CLASS_FEEDER_1000,19.642349046387853,74.51551444157168,15.400713103736608,15.131382431336505,8.085292634027228,15200.0,122.47297675281142,1940.1435133394973,151274.23468062445,388.7752664191617,7.023098849163628,98.13113906972102,2.0625219608540126,6.98390105569023,269.01712806914514,0.9191997500450879,344.1767974281465,710.9474301858993,9880.0,9880.0,12.93429008892998,vlsfo
SYNTHETIC_TEST_DATA,2026-03-01T09:35:00+00:00,VESSEL_FE_01,container_feeder,CLASS_FEEDER_1000,19.649063912752585,74.5311824630894,16.118448761294133,15.395932246388718,7.968872992366722,15200.0,123.42535608699939,2021.4978407630535,156401.26988829728,399.61941183002534,4.067492457786152,53.07334325481091,1.8888047651392679,6.0286164173286805,128.76574734935073,0.5357481926572655,110.99995342302392,,9880.0,9880.0,13.47665227175369,vlsfo
SYNTHETIC_TEST_DATA,2026-03-01T09:40:00+00:00,VESSEL_FE_01,container_feeder,CLASS_FEEDER_1000,19.656089982185435,74.54757662509938,16.86546447766971,15.387356956911898,8.024935972053486,15200.0,123.39448504488283,1839.2201786417284,142334.2296499153,366.527738640997,6.084262711047485,86.67110563713702,0.9249572529238183,7.8543724275892615,161.36662794141853,0.7650293457749677,63.48800751040847,278.52354680485143,9880.0,9880.0,12.261467857611523,vlsfo
SYNTHETIC_TEST_DATA,2026-03-01T09:45:00+00:00,VESSEL_FE_01,container_feeder,CLASS_FEEDER_1000,19.66242541050975,74.56235929118945,15.2076409685024,15.158815807683206,7.984241280505739,15200.0,122.57173690765954,1908.6826686020322,148701.30219205222,373.63765216336765,2.506333267775351,84.95901454339895,1.5339565845846677,7.657754055570635,109.06726638142872,0.5420582582172293,334.80120504769826,506.2725283946724,9880.0,9880.0,12.724551124013548,vlsfo
SYNTHETIC_TEST_DATA,2026-03-01T09:50:00+00:00,VESSEL_FE_01,container_feeder,CLASS_FEEDER_1000,19.668543475403773,74.57663477594217,14.685879086213378,14.719049355260506,8.015469578507847,15200.0,120.98857767893782,1761.135126362906,139001.5650356162,345.9941000214696,10.496299591291734,5.689999958448184,1.4058079363678084,6.490644748261722,165.9353007863197,0.0730612665046288,177.95323207246238,122.57939847931944,9880.0,9880.0,11.740900842419373,vlsfo
SYNTHETIC_TEST_DATA,2026-03-01T09:55:00+00:00,VESSEL_FE_01,container_feeder,CLASS_FEEDER_1000,19.674408686109274,74.59032026758834,14.078924746346358,13.848686696229759,8.068192516246635,15200.0,117.85527210642714,1547.1462002969176,125358.48132822041,301.74602711978,11.29092161681334,320.36364254603916,1.8746114636004272,4.975182766703979,358.1367169035124,0.6679845210265596,144.5981882433755,463.32135422990217,9880.0,9880.0,10.314308001979452,vlsfo
SYNTHETIC_TEST_DATA,2026-03-01T10:00:00+00:00,VESSEL_FE_01,container_feeder,CLASS_FEEDER_1000,19.680738965746386,74.60509092007493,15.195281995682901,15.661430074442032,8.038576662988095,15200.0,124.3811482679913,2264.198460943396,173832.63406948582,446.3735955730096,6.045696626994383,145.03665906274665,1.6977545531812541,5.119530099717474,20.860324033726776,0.22481728227968972,245.2786101682888,734.0967396135015,9880.0,9880.0,15.094656406289308,vlsfo
SYNTHETIC_TEST_DATA,2026-03-01T10:05:00+00:00,VESSEL_FE_01,container_feeder,CLASS_FEEDER_1000,19.687033016230473,74.61977703787113,15.10831708603689,15.167909174446937,8.001256435560801,15200.0,122.60447302800898,1923.5842011499683,149822.23397178308,384.5191871233741,5.9129670900713585,347.2267990101126,1.0917124462722125,5.623801501399071,84.6922998296322,0.532411911812575,154.7845379640172,327.5216908100771,9880.0,9880.0,12.823894674333122,vlsfo
SYNTHETIC_TEST_DATA,2026-03-01T10:10:00+00:00,VESSEL_FE_01,container_feeder,CLASS_FEEDER_1000,19.692249462549643,74.63194874594919,12.52162264214147,13.255680864082043,7.96484654595511,15200.0,115.72045111069536,1210.2315486622676,99868.77759633484,236.90368328310055,1.9645315723924925,13.911951537678458,0.8688053505714173,7.035308290701967,205.62025034006678,0.7379244010575287,186.8092712953503,322.3728383888348,9880.0,9880.0,8.068210324415118,vlsfo
SYNTHETIC_TEST_DATA,2026-03-01T10:15:00+00:00,VESSEL_FE_01,container_feeder,CLASS_FEEDER_1000,19.699069993679256,74.64786331858495,16.372087777480417,16.13131896147033,8.01604248231623,15200.0,126.07274826129319,2206.1661280669227,167104.5881395573,444.1023651882236,3.9750757422903105,231.21087068447767,1.0075025361377792,6.453366585995884,172.5901469301208,0.3540845611728707,353.8753817529265,594.6595871901786,9880.0,9880.0,14.707774187112818,vlsfo
SYNTHETIC_TEST_DATA,2026-03-01T10:20:00+00:00,VESSEL_FE_01,container_feeder,CLASS_FEEDER_1000,19.704923410682984,74.66152129159364,14.050614997877899,14.9340781605565,7.980809953714613,15200.0,121.7626813780034,2210.131347366729,173330.60910038918,435.69650968210533,6.719111395860326,166.97811976663544,2.0663449102597946,8.517447771205644,72.20248967575945,0.601615821039813,286.5817611453135,233.59354608927524,9880.0,9880.0,14.73420898244486,vlsfo
SYNTHETIC_TEST_DATA,2026-03-01T10:25:00+00:00,VESSEL_FE_01,container_feeder,CLASS_FEEDER_1000,19.711492257860666,74.6768486016749,15.76794248808343,15.094318447338045,8.038092738702122,15200.0,122.33954641041697,1969.0850439519713,153698.27368589642,392.4156984386454,3.057533401684812,143.71030895680457,1.1609642357532504,7.638555248657726,80.88821083651455,0.3479619822762189,58.298965289867226,686.757811239645,9880.0,9880.0,13.127233626346477,vlsfo
SYNTHETIC_TEST_DATA,2026-03-01T10:30:00+00:00,VESSEL_FE_01,container_feeder,CLASS_FEEDER_1000,19.716979589169636,74.68965237472916,13.171858341725008,12.186842527453587,8.054225758046499,15200.0,111.87263309883292,1023.1065940589311,87330.99449471566,212.04691871492273,4.450310637896196,222.80989722246932,2.2952261489580117,7.450074582270808,312.2724742137301,0.5291876588289548,46.18557306400326,706.2753854512941,9880.0,9880.0,8.0,vlsfo
SYNTHETIC_TEST_DATA,2026-03-01T10:35:00+00:00,VESSEL_FE_01,container_feeder,CLASS_FEEDER_1000,19.723053007956533,74.70382368523192,14.57871001523314,14.755461766650543,8.058476907364694,15200.0,121.11966235994196,1688.342068094654,133111.98885382342,334.38744460279855,6.347846705587721,42.42380432609919,0.7644423828075548,7.603658402052238,269.7670302116421,0.20157883290540163,181.03497731292717,733.996850263878,9880.0,9880.0,11.255613787297692,vlsfo
SYNTHETIC_TEST_DATA,2026-03-01T10:40:00+00:00,VESSEL_FE_01,container_feeder,CLASS_FEEDER_1000,19.729824539949135,74.719623926548,16.254469639408722,16.527459322505596,8.119347589978696,15200.0,127.49885356102016,2373.074061363086,177736.4062375682,466.9493481780676,3.5820572735363827,286.28361308977543,1.768148484590447,6.537244022172207,188.3125797405534,0.14803685846090686,259.86107960410084,400.18888060493924,9880.0,9880.0,15.820493742420574,vlsfo
SYNTHETIC_TEST_DATA,2026-03-01T10:45:00+00:00,VESSEL_FE_01,container_feeder,CLASS_FEEDER_1000,19.736790612960597,74.73587809690808,16.721448321359023,16.429667568349696,8.022501033671091,15200.0,127.14680324605891,2325.002615487852,174618.14981240436,450.4089756451961,8.204889668485393,283.6054262299942,1.1518939742100502,7.268760914048137,315.19405602980504,0.4821359194598531,352.792274360457,500.8357585638067,9880.0,9880.0,15.500017436585681,vlsfo
SYNTHETIC_TEST_DATA,2026-03-01T10:50:00+00:00,VESSEL_FE_01,container_feeder,CLASS_FEEDER_1000,19.743658497401118,74.75190316060262,16.485755254108973,15.437430045591363,7.973084189856921,15200.0,123.5747481641289,2048.134616441831,158270.56247352134,405.720544228322,4.936474680555239,202.86836530903344,1.1369924511495115,6.663279463794323,79.25684081482788,0.7456841624560302,19.875584414872964,758.3126986297872,9880.0,9880.0,13.654230776278872,vlsfo
SYNTHETIC_TEST_DATA,2026-03-01T10:55:00+00:00,VESSEL_FE_01,container_feeder,CLASS_FEEDER_1000,19.749296090696344,74.76505754495815,13.532549082941713,14.35822639413773,7.913114270243144,15200.0,119.68961501889584,1562.857855075445,124690.79440817909,308.0461853685956,7.946062993810257,77.73292455525576,0.7137358749987796,5.341661162363641,268.5844724253714,0.5820424031359103,280.53717968692825,579.6128288415138,9880.0,9880.0,10.419052367169632,vlsfo
SYNTHETIC_TEST_DATA,2026-03-01T11:00:00+00:00,VESSEL_FE_01,container_feeder,CLASS_FEEDER_1000,19.7554554011913,74.77942926944638,14.78488553982909,15.169703368008653,7.886213179813913,15200.0,122.61093212483115,1813.7433659447404,141259.6171586125,361.31355299897615,6.3664042540785175,230.55811635731087,0.3373143125628566,7.284191340145633,171.40817559254774,0.7049843386250798,319.7011302053531,778.9831484295345,9880.0,9880.0,12.091622439631603,vlsfo
SYNTHETIC_TEST_DATA,2026-03-01T11:05:00+00:00,VESSEL_FE_01,container_feeder,CLASS_FEEDER_1000,19.761937751712036,74.79455475399477,15.560314836648303,15.151916052333233,8.056367738082121,15200.0,122.54689778839963,1974.9426684675227,153894.6609088909,387.8622516456446,4.154043971690388,32.40050077623235,1.2081598215969094,6.3658886426613694,60.88849465782807,0.22046276737631926,25.66963230654434,480.9825647246368,9880.0,9880.0,13.16628445645015,vlsfo
SYNTHETIC_TEST_DATA,2026-03-01T11:10:00+00:00,VESSEL_FE_01,container_feeder,CLASS_FEEDER_1000,19.768363149970558,74.80954734993132,15.423605917887958,15.087930377502836,7.990522224423036,15200.0,122.31654935901021,1803.4343199971859,140794.75986197605,360.46640934481866,6.964062225737215,256.5898897540679,1.5187616161697992,6.890954884448845,229.8483099953066,0.39669785156783344,124.58297624570449,156.68397521615606,9880.0,9880.0,12.022895466647904,vlsfo
SYNTHETIC_TEST_DATA,2026-03-01T11:15:00+00:00,VESSEL_FE_01,container_feeder,CLASS_FEEDER_1000,19.775683468911538,74.82662809412695,17.57178465772936,16.772872397969603,7.9612744969243305,15200.0,128.38234063269056,2487.8299992043812,185049.02153724752,485.5445192789954,5.563370359344843,27.988080093015164,1.753291577095127,5.425836201067346,246.97795302212407,0.5627638040214243,110.7595678964508,472.3136920920825,9880.0,9880.0,16.585533328029207,vlsfo
SYNTHETIC_TEST_DATA,2026-03-01T11:20:00+00:00,VESSEL_FE_01,container_feeder,CLASS_FEEDER_1000,19.782257138360507,74.84196665617453,15.77951792807099,16.319029866657374,7.947142256293087,15200.0,126.74850751996655,2277.764060772002,171607.8949861364,448.92293243415276,4.923207420169151,48.62872519830867,1.8143981468051515,9.051932744814485,219.7207399644647,0.26475993667131337,242.91012829688037,105.90072756883134,9880.0,9880.0,15.185093738480013,vlsfo
SYNTHETIC_TEST_DATA,2026-03-01T11:25:00+00:00,VESSEL_FE_01,container_feeder,CLASS_FEEDER_1000,19.788846828115144,74.85734259893536,15.817973269106814,16.01055235096516,8.055975034040145,15200.0,125.63798846347458,2260.478466722227,171810.92731497623,439.67139585811765,6.722527750189311,196.48738286620684,1.0411232312912428,10.37148276411567,85.34234771447875,0.5144035283834104,170.12015400126856,441.77972896230114,9880.0,9880.0,15.069856444814848,vlsfo
SYNTHETIC_TEST_DATA,2026-03-01T11:30:00+00:00,VESSEL_FE_01,container_feeder,CLASS_FEEDER_1000,19.794432257796732,74.8703752681924,13.407334895795906,13.654282744779294,7.920399349887927,15200.0,117.15541788120547,1423.0936984911107,115995.86294546729,291.6776236431578,1.4090608418816943,331.80659432552534,2.2311776317366805,7.971033678223807,185.64747786790994,0.6375522263199744,168.59539248995915,112.34252913610034,9880.0,9880.0,9.48729132327407,vlsfo
SYNTHETIC_TEST_DATA,2026-03-01T11:35:00+00:00,VESSEL_FE_01,container_feeder,CLASS_FEEDER_1000,19.800695011653666,74.88498836052526,15.03319227286387,14.990514581552116,7.9980146858826515,15200.0,121.96585249358762,1824.62734396874,142858.90115441717,362.4358847286454,6.685754724815679,205.19384529385184,1.636921199154228,6.639082498183918,264.0479194079409,0.4703855190904492,338.787462515291,353.3165333126971,9880.0,9880.0,12.164182293124934,vlsfo
SYNTHETIC_TEST_DATA,2026-03-01T11:40:00+00:00,VESSEL_FE_01,container_feeder,CLASS_FEEDER_1000,19.807080017739597,74.8998867080591,15.32664804428542,15.11082484590535,7.999644157243575,15200.0,122.39896944525927,1797.1000620988432,140205.76778223566,356.3882999929253,7.599233816493904,305.90286890444173,0.5395420370524092,7.57244215267175,180.07547375280674,0.10943689399035034,80.62043961382497,795.0771175908407,9880.0,9880.0,11.980667080658955,vlsfo
SYNTHETIC_TEST_DATA,2026-03-01T11:45:00+00:00,VESSEL_FE_01,container_feeder,CLASS_FEEDER_1000,19.813512995507704,74.91489698951801,15.44179986698628,16.119166611589343,8.043026485398073,15200.0,126.02899980172162,2359.996709855366,178818.43511177023,460.641337001972,9.42309052009282,73.3898258386358,1.7419911469757636,6.687005849914501,309.58939573257817,0.628911682396796,299.8213396781444,728.6411761815381,9880.0,9880.0,15.733311399035774,vlsfo
SYNTHETIC_TEST_DATA,2026-03-01T11:50:00+00:00,VESSEL_FE_01,container_feeder,CLASS_FEEDER_1000,19.8202214557562,74.93055006343117,16.1030714401827,15.896726461372147,7.954965390814366,15200.0,125.22821526093972,2111.1309153884963,160984.6087791361,418.37966967362684,8.946654084537917,181.98101496854412,1.5287050357190788,5.6592068775384705,197.0218228337549,0.5439169854359889,146.99628814787596,183.42127962197864,9880.0,9880.0,14.074206102589976,vlsfo
SYNTHETIC_TEST_DATA,2026-03-01T11:55:00+00:00,VESSEL_FE_01,container_feeder,CLASS_FEEDER_1000,19.826237563431754,74.94458764800746,14.441139710561792,13.203152195886556,7.985033104612414,15200.0,115.53134790519161,1222.4025527812366,101038.24403551832,249.77330352120396,4.704235456983641,7.616164112385655,0.8448516251172804,4.554725790718338,273.3627960080595,0.6322756379783416,63.720508003682774,482.11274644862334,9880.0,9880.0,8.149350351874912,vlsfo
SYNTHETIC_TEST_DATA,2026-03-01T12:00:00+00:00,VESSEL_FE_01,container_feeder,CLASS_FEEDER_1000,19.83195111694793,74.95791927287853,13.714884942325702,14.797617895919457,8.00786164217181,15200.0,121.27142442531004,1777.3073919935964,139950.82098030162,,9.139045152928457,159.4265476434849,2.021871698860247,7.472052244304916,218.36388067035472,0.7825026139922012,288.9908100763976,,9880.0,9880.0,11.848715946623976,vlsfo
SYNTHETIC_TEST_DATA,2026-03-01T12:05:00+00:00,VESSEL_FE_01,container_feeder,CLASS_FEEDER_1000,19.838427375338625,74.97303054245681,15.545691211901447,15.282683844767872,8.071266447173516,15200.0,123.01766184116434,1879.2720126380652,145879.26274120703,378.00341503974425,4.514086298188852,343.1334167685093,1.9359671832597256,6.325832147769292,260.9340560088743,0.1343209377116995,108.09788837130961,307.6814951094944,9880.0,9880.0,12.528480084253768,vlsfo
SYNTHETIC_TEST_DATA,2026-03-01T12:10:00+00:00,VESSEL_FE_01,container_feeder,CLASS_FEEDER_1000,19.844315864481395,74.98677035045661,14.13480259677055,14.451828023113602,7.960841006914242,15200.0,120.02658088320896,1575.290510464717,125329.87428351637,305.30687377421714,4.841100676413206,279.59343691993774,1.5507237153250246,4.590528339034396,231.84338452195263,0.18775941556222392,256.21409553097965,72.33938141155015,9880.0,9880.0,10.501936736431446,vlsfo
SYNTHETIC_TEST_DATA,2026-03-01T12:15:00+00:00,VESSEL_FE_01,container_feeder,CLASS_FEEDER_1000,19.850268305761414,75.00065938010998,14.288314102646208,14.302087278862073,8.030955250923242,15200.0,119.48751420390346,1534.8282738307632,122661.60604555637,308.4296433477466,4.810660103386919,333.2472007452208,0.7244902938259726,7.5436225075746055,63.600113277778185,0.7142609077859231,334.6462496041998,619.8946655503286,9880.0,9880.0,10.232188492205088,vlsfo
SYNTHETIC_TEST_DATA,2026-03-01T12:20:00+00:00,VESSEL_FE_01,container_feeder,CLASS_FEEDER_1000,19.855724795323972,75.01339118908928,13.097825429938778,14.436196189801528,8.051267401712888,15200.0,119.97030628328551,1629.7884906827032,129726.5477712147,319.26496210249206,8.87964692882823,305.924111209813,1.717729167978709,6.063479854426658,198.11646205115017,0.7380611407020236,221.30522790778406,97.01315358717217,9880.0,9880.0,10.865256604551355,vlsfo
SYNTHETIC_TEST_DATA,2026-03-01T12:25:00+00:00,VESSEL_FE_01,container_feeder,CLASS_FEEDER_1000,19.862589889816388,75.02940974290492,16.479058227969798,16.232286895584743,7.914041943306198,15200.0,126.43623282410508,2186.9552468936754,165173.2561574041,428.2871556910938,4.519011673893916,349.00509014121155,0.5392477347256809,8.35478932115442,183.53893178053775,0.29655513177967174,132.83587918812418,597.9512227782977,9880.0,9880.0,14.579701645957835,vlsfo
SYNTHETIC_TEST_DATA,2026-03-01T12:30:00+00:00,VESSEL_FE_01,container_feeder,CLASS_FEEDER_1000,19.868318908134622,75.04277745231413,13.752006845581237,13.379881058248294,7.89098168956309,15200.0,116.16757180969387,1344.915109596596,110555.75203823684,262.3584893568007,5.806814539976806,222.71782029707433,2.302114552342507,6.960046312579675,306.6199857909067,0.2450763195968988,92.8418432932059,552.3883462580603,9880.0,9880.0,8.966100730643973,vlsfo
SYNTHETIC_TEST_DATA,2026-03-01T12:35:00+00:00,VESSEL_FE_01,container_feeder,CLASS_FEEDER_1000,19.87393685366291,75.05588599188013,13.485386338745425,13.909076533675973,8.0454031421759,15200.0,118.0726755212335,1403.6357504394982,113521.04980941537,281.3834630921216,8.11342752248833,120.6168759018485,1.064391963987093,9.401155721908184,271.35744467182406,0.3692073732726156,187.2258884141357,128.08313764262957,9880.0,9880.0,9.357571669596656,vlsfo
SYNTHETIC_TEST_DATA,2026-03-01T12:40:00+00:00,VESSEL_FE_01,container_feeder,CLASS_FEEDER_1000,19.88068978834405,75.07164283946945,16.20982842159865,15.1971847912583,8.039827201526,15200.0,122.70986524852988,1971.347563958905,153410.50634556945,390.3493852561345,5.664030606521747,17.05410242261632,1.179754964072287,6.674927647514875,54.96844818291146,0.5476776749674851,50.32353256915252,64.35312792741468,9880.0,9880.0,13.142317093059367,vlsfo
SYNTHETIC_TEST_DATA,2026-03-01T12:45:00+00:00,VESSEL_FE_01,container_feeder,CLASS_FEEDER_1000,19.88788751189378,75.08843752775215,17.277505155370065,17.03590401956502,8.001552360024428,15200.0,129.32925447043408,2640.314203279493,194953.13345229413,513.1356644804922,8.04318289557156,89.38592923870539,0.829821895989398,7.923828271666426,39.120109489536645,0.5977337048934614,141.86591070064821,56.59185765081682,9880.0,9880.0,17.602094688529952,vlsfo
SYNTHETIC_TEST_DATA,2026-03-01T12:50:00+00:00,VESSEL_FE_01,container_feeder,CLASS_FEEDER_1000,19.893848293924624,75.10234601915745,14.308335344696408,15.238057392751728,8.019600546868288,15200.0,122.85700661390622,1971.6869147672667,153253.1488583246,391.48955467960434,8.47681256522224,339.2655302910681,1.1163914657346798,6.0324618151783795,36.10346345829009,0.5463320888473036,216.49419461208524,746.1636005260132,9880.0,9880.0,13.144579431781779,vlsfo
SYNTHETIC_TEST_DATA,2026-03-01T12:55:00+00:00,VESSEL_FE_01,container_feeder,CLASS_FEEDER_1000,19.901486399845016,75.12016826630503,18.33460447668519,17.656983138950295,8.059439205717693,15200.0,131.56513930022106,2956.763459753641,214608.60650910847,568.8301486970914,8.129636038237512,121.06289895385021,1.2740245100732457,6.200946746655476,196.91560352815856,0.7245356509127477,5.84296428328972,783.3147667988648,9880.0,9880.0,19.711756398357608,vlsfo
SYNTHETIC_TEST_DATA,2026-03-01T13:00:00+00:00,VESSEL_FE_01,container_feeder,CLASS_FEEDER_1000,19.90806350130112,75.13551483636927,15.787756160688906,15.79055684203943,7.96050068230662,15200.0,124.84600463134194,2273.845378513634,173923.2582824305,448.5612844215149,7.42979231223992,32.6526357923887,1.494901942187477,8.908262566746135,95.69138877902364,0.6163700878614158,334.8379869300447,693.2434017750871,9880.0,9880.0,15.158969190090893,vlsfo
SYNTHETIC_TEST_DATA,2026-03-01T13:05:00+00:00,VESSEL_FE_01,container_feeder,CLASS_FEEDER_1000,19.913805746016898,75.14891340737276,13.78375565480369,13.233825178410978,8.005687407674307,15200.0,115.64177064227952,1316.4536747999914,108708.18141172959,263.50257160206746,6.304792355615438,351.54974390945245,1.7825766894048847,3.8777340219379735,140.36020879413925,0.40130635816922483,108.50422921926685,177.80430866204782,9880.0,9880.0,8.776357831999942,vlsfo
SYNTHETIC_TEST_DATA,2026-03-01T13:10:00+00:00,VESSEL_FE_01,container_feeder,CLASS_FEEDER_1000,19.919483533972816,75.1621615792699,13.629032846523822,13.80756254747222,8.024896146713468,15200.0,117.70722517089999,1535.8002438681592,124595.68224047378,302.8410066689895,12.291112191838526,167.9433347298035,1.6472964212791896,8.107167667345424,125.5898347367031,0.22417014973028243,306.94417885420194,69.6243269283635,9880.0,9880.0,10.238668292454395,vlsfo
SYNTHETIC_TEST_DATA,2026-03-01T13:15:00+00:00,VESSEL_FE_01,container_feeder,CLASS_FEEDER_1000,19.924819626116793,75.17461246093919,12.808821968519222,13.530354266819351,7.945355237945063,15200.0,116.70927536054967,1344.5095538779242,110009.42686323065,279.9054327496483,7.634463578205801,290.49992076745286,2.07947479118845,10.428926107767838,268.95991416746796,0.4014280462208881,218.3515561468601,163.77097894445387,9880.0,9880.0,8.963397025852828,vlsfo
SYNTHETIC_TEST_DATA,2026-03-01T13:20:00+00:00,VESSEL_FE_01,container_feeder,CLASS_FEEDER_1000,19.931470972426375,75.19013226899489,15.965974430663952,15.45562509673678,7.901112546881643,15200.0,123.64025034825241,1933.488025080916,149332.0382644941,384.9765947526524,7.419157203261961,333.96062488351976,1.3454888174018753,6.792554701067877,220.71939083789022,0.46079914043099685,14.241675020469051,186.63571973504642,9880.0,9880.0,12.889920167206107,vlsfo
SYNTHETIC_TEST_DATA,2026-03-01T13:25:00+00:00,VESSEL_FE_01,container_feeder,CLASS_FEEDER_1000,19.937526102929017,75.20426090683438,14.534810590184152,14.95863016195844,8.038853647949544,15200.0,121.85106858305039,1910.909195153668,149755.26160503438,378.06138920095054,8.51815973433867,9.073780965418381,1.526876281495251,4.412790392728745,118.05259807105344,0.2692650167200479,272.39379386998155,279.08199246724035,9880.0,9880.0,12.739394634357787,vlsfo
SYNTHETIC_TEST_DATA,2026-03-01T13:30:00+00:00,VESSEL_FE_01,container_feeder,CLASS_FEEDER_1000,19.944364735890677,75.22021771707824,16.415539640332316,15.561383739491589,7.909592797656463,15200.0,124.02098146216971,2070.2412380495134,159403.25058406498,411.8893748947995,9.546909875868604,276.07520451859114,1.597551986571444,7.75528480732264,322.3816477908784,0.6569377432263372,111.04546409919006,110.8858880464887,9880.0,9880.0,13.801608253663423,vlsfo
SYNTHETIC_TEST_DATA,2026-03-01T13:35:00+00:00,VESSEL_FE_01,container_feeder,CLASS_FEEDER_1000,19.950490928410783,75.23451216629182,14.705388740983118,14.143416603337547,8.024817151717036,15200.0,118.91629977201518,1594.3819534952145,128033.13064488347,320.76425340962123,11.002204650782417,308.4697410899654,1.8859371461849141,6.664387802640529,287.7202517972599,0.3403693284490332,99.33258313469275,338.4786091973323,9880.0,9880.0,10.62921302330143,vlsfo
SYNTHETIC_TEST_DATA,2026-03-01T13:40:00+00:00,VESSEL_FE_01,container_feeder,CLASS_FEEDER_1000,19.95664453548315,75.24887058279401,14.771194973298575,14.6889488888219,7.998599110755213,15200.0,120.88021599975883,1728.4744668683493,136546.04426456772,356.59285541870145,9.431349518956901,118.01077944983496,1.531349151618357,7.129041016064361,321.74752633785795,0.5088434005800366,150.38758309062226,470.00056672430884,9880.0,9880.0,11.523163112455661,vlsfo
SYNTHETIC_TEST_DATA,2026-03-01T13:45:00+00:00,VESSEL_FE_01,container_feeder,CLASS_FEEDER_1000,19.963376239351053,75.26457789181912,16.158865713378603,15.506746822950431,8.042315203115386,15200.0,123.82428856262155,2071.7115167525367,159769.84760214807,417.1794270932733,6.554901770671308,348.33348935909,2.034231033622149,7.11760229691926,349.11776837916364,0.3402388510214036,51.15741330659136,240.2214789112484,9880.0,9880.0,13.811410111683578,vlsfo
SYNTHETIC_TEST_DATA,2026-03-01T13:50:00+00:00,VESSEL_FE_01,container_feeder,CLASS_FEEDER_1000,19.969883258874543,75.27976093737392,15.619530617760727,14.601397764193194,7.996824566278087,15200.0,120.5650319510955,1828.45204573189,144821.68332328353,360.45450489123454,5.764340594379828,215.2281719542333,2.8519925536396933,7.473085179330437,259.57459968002115,0.6873138711713576,24.309833190499216,752.1590873095853,9880.0,9880.0,12.189680304879266,vlsfo
SYNTHETIC_TEST_DATA,2026-03-01T13:55:00+00:00,VESSEL_FE_01,container_feeder,CLASS_FEEDER_1000,19.976550206773073,75.29531714913716,16.003424678868477,15.269156768617913,8.031671077051367,15200.0,122.96896436702448,1956.2979765074144,151918.57297872182,395.2627155391218,9.193712105228485,159.35616545769295,1.8004796423499485,7.399038775717169,211.5485908750955,0.3956922710427233,37.49453776903377,126.65458541425873,9880.0,9880.0,13.04198651004943,vlsfo
SYNTHETIC_TEST_DATA,2026-03-01T14:00:00+00:00,VESSEL_FE_01,container_feeder,CLASS_FEEDER_1000,19.98190378644278,75.30780883503314,12.850799242836548,12.948928675307814,8.024051433238183,15200.0,114.61614323110814,1200.2949246265212,100003.12261627884,246.07149841445158,4.806041880990719,149.8182048242247,1.130811709561446,6.260589898990571,127.85935931779386,0.256679256942119,323.41513821817483,536.8351591584596,9880.0,9880.0,8.001966164176807,vlsfo
SYNTHETIC_TEST_DATA,2026-03-01T14:05:00+00:00,VESSEL_FE_01,container_feeder,CLASS_FEEDER_1000,19.98949286312434,75.32551668062345,18.216914081825326,17.5453720831604,8.027449143703846,15200.0,131.16333949937746,2902.472392206125,211313.38840738605,560.5799066900992,3.1487425274304606,315.45620388928774,1.6172155582410488,4.765018296850246,341.9464967697108,0.4756389551893333,115.25794880143297,320.34756936047773,9880.0,9880.0,19.34981594804083,vlsfo
SYNTHETIC_TEST_DATA,2026-03-01T14:10:00+00:00,VESSEL_FE_01,container_feeder,CLASS_FEEDER_1000,19.995592065701462,75.3397481533034,14.640601746061698,15.044166598916346,8.004540001180503,15200.0,122.15899975609885,2040.5851452772454,159514.67185513824,410.4039188802818,7.535180207183762,139.73538044810343,1.586503569826113,4.772426119462652,94.28269484330477,0.3373219175306647,192.20602778005426,436.7048867297185,9880.0,9880.0,13.60390096851497,vlsfo
SYNTHETIC_TEST_DATA,2026-03-01T14:15:00+00:00,VESSEL_FE_01,container_feeder,CLASS_FEEDER_1000,20.00212157369931,75.35498367196504,15.673512231385839,14.452612564661571,8.000694910466626,15200.0,120.02940523278166,1651.0081234639406,131350.8652773339,330.1903453835232,9.475983692415431,355.21628848135197,1.718827836767153,7.7330138996930256,154.47559372893247,0.7583372931317347,33.402763485626195,589.8078399667378,9880.0,9880.0,11.006720823092937,vlsfo
SYNTHETIC_TEST_DATA,2026-03-01T14:20:00+00:00,VESSEL_FE_01,container_feeder,CLASS_FEEDER_1000,20.007323115285743,75.36712060233339,12.485845136253905,13.217325596122715,8.109293188320882,15200.0,115.58237214604176,1266.1232810801935,104605.80190880409,258.39493641449394,5.514891145752866,312.859363059721,1.546339723014502,6.077973208542505,271.64530635826725,0.5468596720753796,200.22850684720416,182.959213372227,9880.0,9880.0,8.440821873867957,vlsfo
SYNTHETIC_TEST_DATA,2026-03-01T14:25:00+00:00,VESSEL_FE_01,container_feeder,CLASS_FEEDER_1000,20.013146706123536,75.3807089809549,13.979019898103466,13.455711071356351,7.95970031955841,15200.0,116.44055985688286,1715.1251493527361,140657.50587744763,347.71276258790215,7.402252696958618,275.11572584884203,2.2914147233866666,5.891824264080036,33.68986032181419,0.3194986987113416,105.232155634797,267.3351095665569,9880.0,9880.0,11.434167662351575,vlsfo
SYNTHETIC_TEST_DATA,2026-03-01T14:30:00+00:00,VESSEL_FE_01,container_feeder,CLASS_FEEDER_1000,20.018945875681464,75.39424037659008,13.920398754094492,14.255377655221606,8.051689308396945,15200.0,119.31935955879779,1498.2360215543342,119905.94131434524,302.8439920641517,10.414180224709547,341.5945525736851,0.708916491936541,6.1064519722737245,1.748641599820453,0.4830960236977053,169.7904686247763,367.67472742724743,9880.0,9880.0,9.988240143695561,vlsfo
SYNTHETIC_TEST_DATA,2026-03-01T14:35:00+00:00,VESSEL_FE_01,container_feeder,CLASS_FEEDER_1000,20.026124604894783,75.41099074475449,17.23191091394161,16.301503669756613,7.989286252872277,15200.0,126.6854132111238,2458.850043825417,185343.266700026,481.1630340069369,7.8455128233832,65.0542304760514,1.7754621904467702,4.1472514099240225,28.347584357850163,0.5955221459513541,103.49028667743228,64.770256867731,9880.0,9880.0,16.39233362550278,vlsfo
SYNTHETIC_TEST_DATA,2026-03-01T14:40:00+00:00,VESSEL_FE_01,container_feeder,CLASS_FEEDER_1000,20.031239304766924,75.42292504445615,12.277389204874398,13.691463296939427,8.061762369415513,15200.0,117.28926786898194,1643.3552145199128,133796.43870171413,334.7326649109806,1.0,75.22545869446107,1.8156373650607882,8.090071956720765,94.58265470934006,0.8772378317112164,206.51064076645525,145.32121909627176,9880.0,9880.0,10.955701430132752,vlsfo
SYNTHETIC_TEST_DATA,2026-03-01T14:45:00+00:00,VESSEL_FE_01,container_feeder,CLASS_FEEDER_1000,20.038102507023332,75.43893918305443,16.474516081115098,15.550270963454603,7.978669750847045,15200.0,123.98097546843657,2150.798441710492,165659.38554647856,430.4387929888118,9.927515839897971,24.890380202614143,1.6815046238572582,7.8369859743052,133.04577828843276,0.5893323030557807,24.889738487801214,695.5363283103273,9880.0,9880.0,14.338656278069948,vlsfo
SYNTHETIC_TEST_DATA,2026-03-01T14:50:00+00:00,VESSEL_FE_01,container_feeder,CLASS_FEEDER_1000,20.043977337755468,75.45264712142941,14.102016777955983,14.099997916501787,8.096769059176456,15200.0,118.75999249940642,1591.790253541959,127993.24850983148,325.7265320691369,5.274948125590992,84.49325605868248,1.2462997117997874,6.632657141848055,20.263972673516825,0.4130601052553732,153.44791314482043,154.0984631294354,9880.0,9880.0,10.611935023613059,vlsfo
SYNTHETIC_TEST_DATA,2026-03-01T14:55:00+00:00,VESSEL_FE_01,container_feeder,CLASS_FEEDER_1000,20.050703569301376,75.46834166170319,16.145729883586796,15.99168877187191,7.986480152895228,15200.0,125.57007957873887,2205.0946659382635,167692.041247572,442.30112664571215,8.740301770221965,246.67726297180786,1.6396207769667812,8.642541558284275,319.0805366158885,0.4423429083745362,150.68692489012352,272.1652654020893,9880.0,9880.0,14.700631106255091,vlsfo
SYNTHETIC_TEST_DATA,2026-03-01T15:00:00+00:00,VESSEL_FE_01,container_feeder,CLASS_FEEDER_1000,20.056650451628474,75.48221772046642,14.274970322898893,15.014059701263239,8.013037719207059,15200.0,122.05061492454766,1797.65546326414,140649.3952356624,356.34740337439564,11.174843077353078,48.163113213787966,0.30830564852131914,7.620043382378159,313.95754872128657,0.6999348039743978,305.1599284792703,619.3110247106688,9880.0,9880.0,11.984369755094267,vlsfo
SYNTHETIC_TEST_DATA,2026-03-01T15:05:00+00:00,VESSEL_FE_01,container_feeder,CLASS_FEEDER_1000,20.06433127441224,75.5001396402952,18.437142566965143,18.320923070438713,7.951509980244246,15200.0,133.95532305357938,3502.703408413023,249697.83160201178,670.3899470044685,11.198655359630482,272.1871016741656,1.917262773684529,8.259398327035983,25.87037970274562,0.08904773846494124,3.936499599838945,134.18367849267136,9880.0,9880.0,23.35135605608682,vlsfo
SYNTHETIC_TEST_DATA,2026-03-01T15:10:00+00:00,VESSEL_FE_01,container_feeder,CLASS_FEEDER_1000,20.070924281668077,75.51552332389215,15.82593664026127,15.899348418487877,8.060463228421268,15200.0,125.23765430655635,2243.2410925256113,171045.79787883692,451.0232118896572,7.9938907063187585,290.0781714032285,1.8257703103219796,7.745921575745165,271.1063785033835,0.06271160424988648,200.115865755274,780.6887140708404,9880.0,9880.0,14.954940616837408,vlsfo
SYNTHETIC_TEST_DATA,2026-03-01T15:15:00+00:00,VESSEL_FE_01,container_feeder,CLASS_FEEDER_1000,20.07698025556522,75.52965392965216,14.536835084842602,14.577281958060277,7.988078182450985,15200.0,120.478215049017,1912.8961005139038,151619.21342914994,388.74376302601087,10.29849290499595,189.94908981761358,1.7401671479406897,10.038285613290613,38.62334070854169,0.3233600737689751,335.32629455120014,724.2113557077112,9880.0,9880.0,12.75264067009269,vlsfo
SYNTHETIC_TEST_DATA,2026-03-01T15:20:00+00:00,VESSEL_FE_01,container_feeder,CLASS_FEEDER_1000,20.081559235095188,75.54033821522208,10.99143943063619,12.072900433712862,8.034201895655869,15200.0,111.4624415613663,977.1015490817298,83711.00036606766,189.81782494656574,7.28323824789469,298.1512268961609,1.7522223238312342,6.161173776275288,227.38627518167442,0.6580681163569408,211.0234662975499,544.9021000100329,9880.0,9880.0,8.0,vlsfo
SYNTHETIC_TEST_DATA,2026-03-01T15:25:00+00:00,VESSEL_FE_01,container_feeder,CLASS_FEEDER_1000,20.088159960685957,75.5557399082672,15.8444638274519,16.347713556529847,7.990835122178637,15200.0,126.85176880350744,2465.4544741039736,185597.38041784114,487.6119332172295,3.35028029645078,194.19759311918023,1.4775023961784968,4.646985281836561,57.740156664385,0.32250723505156803,205.76512242241876,539.573810943964,9880.0,9880.0,16.43636316069316,vlsfo
SYNTHETIC_TEST_DATA,2026-03-01T15:30:00+00:00,VESSEL_FE_01,container_feeder,CLASS_FEEDER_1000,20.095008341479033,75.57171946345105,16.438938456141436,16.176229046006185,7.881390223596824,15200.0,126.23442456562228,2221.588511364381,168057.2289134973,434.6047252763076,8.939962176035051,218.2307143996119,1.6405865828217396,6.16293135208443,224.91382848645299,0.17050074019051226,98.33635466118719,490.12896233774734,9880.0,9880.0,14.810590075762539,vlsfo
SYNTHETIC_TEST_DATA,2026-03-01T15:35:00+00:00,VESSEL_FE_01,container_feeder,CLASS_FEEDER_1000,20.100170365257124,75.58376418559993,12.390986097468508,12.956665665728028,7.985963329957465,15200.0,114.6439963966209,1176.6057960659114,98005.63539321133,236.08257198986024,5.637542653185896,121.89291955589304,0.7793246001329731,8.33196357172684,213.6442581323904,0.6232470793106626,311.07900737352435,148.68562500805268,9880.0,9880.0,8.0,vlsfo
SYNTHETIC_TEST_DATA,2026-03-01T15:40:00+00:00,VESSEL_FE_01,container_feeder,CLASS_FEEDER_1000,20.10661044522951,75.59879103886882,15.458848086494669,16.360547127076813,7.987869047629986,15200.0,126.89796965747652,2442.4161619102447,183796.13462916322,,12.055138053357107,38.07004948614507,2.5534423666390733,6.307781832222025,181.8552221491495,0.7055162141107644,293.6630287983805,345.62493692670097,9880.0,9880.0,16.282774412734966,vlsfo
SYNTHETIC_TEST_DATA,2026-03-01T15:45:00+00:00,VESSEL_FE_01,container_feeder,CLASS_FEEDER_1000,20.113127884377107,75.6139983968799,15.644542013100676,16.19464719379522,7.977095909916594,15200.0,126.30072989766279,2286.5513745085973,172880.68921603842,455.38555263270194,5.070953067467601,76.22679699940497,1.4351318984057484,7.084135790479859,187.97092099524065,0.6638686194119494,179.49601382116552,250.67058656001024,9880.0,9880.0,15.243675830057315,vlsfo
SYNTHETIC_TEST_DATA,2026-03-01T15:50:00+00:00,VESSEL_FE_01,container_feeder,CLASS_FEEDER_1000,20.119427952991686,75.62869855698058,15.122763081341947,14.516204787683941,7.937029346664693,15200.0,120.2583372356622,1611.7053265164752,127979.91827542089,322.3387115350669,7.723981918421087,166.536021855891,1.7705654191090203,6.006898911118406,191.66951509663298,0.37908027676409184,43.001436934332126,212.29097545518016,9880.0,9880.0,10.744702176776503,vlsfo
SYNTHETIC_TEST_DATA,2026-03-01T15:55:00+00:00,VESSEL_FE_01,container_feeder,CLASS_FEEDER_1000,20.12565557293804,75.64322967018875,14.948856396805576,14.156694048214556,8.029208453667614,15200.0,118.9640985735724,1477.9478967756859,118635.47888373183,297.4337809318554,9.154868973576292,225.41734290256892,1.1129570575089751,6.471390566982408,202.7938470112664,0.40779474388383236,54.357527316624356,511.31145967381605,9880.0,9880.0,9.852985978504572,vlsfo
SYNTHETIC_TEST_DATA,2026-03-01T16:00:00+00:00,VESSEL_FE_01,container_feeder,CLASS_FEEDER_1000,20.13220473210474,75.65851104157771,15.720683141577263,15.254056541004717,8.005355251500474,15200.0,122.91460354761699,1952.9930353667846,151728.9987184902,395.28785848507533,5.2969038814098734,281.3277021848718,1.881074620979343,6.66391764774295,344.9133284978339,0.4928350506668089,4.462997009686545,229.86782673538875,9880.0,9880.0,13.019953569111898,vlsfo
SYNTHETIC_TEST_DATA,2026-03-01T16:05:00+00:00,VESSEL_FE_01,container_feeder,CLASS_FEEDER_1000,20.138323121108478,75.67278728258644,14.686657083214534,15.2757601509663,7.89037282545963,15200.0,122.99273654347869,2090.028260653411,162272.1820327123,420.5022684627259,9.414888631815582,105.82576953284556,1.4988748777479213,7.97837928660596,62.253830796095315,0.7181319872176264,179.74089251069324,59.03055428393955,9880.0,9880.0,13.933521737689409,vlsfo
SYNTHETIC_TEST_DATA,2026-03-01T16:10:00+00:00,VESSEL_FE_01,container_feeder,CLASS_FEEDER_1000,20.144280970879056,75.68668893205113,14.301296710669446,15.298696318410036,7.969926959422049,15200.0,123.07530674627613,2023.7475839063568,157020.65998322886,402.89441074148243,9.798559191617464,268.8234173416968,2.0043341779774195,7.581344127098106,222.36100579931002,0.5717592167812509,217.42007939230558,796.62202768519,9880.0,9880.0,13.491650559375712,vlsfo
SYNTHETIC_TEST_DATA,2026-03-01T16:15:00+00:00,VESSEL_FE_01,container_feeder,CLASS_FEEDER_1000,20.15042730433609,75.7010303767842,14.753735296562832,15.148488017293667,7.909976065413291,15200.0,122.5345568622572,1896.806645084181,147820.9060619803,381.12983600647163,8.88810018569856,223.16975286627783,1.2067421745400178,7.013179471098882,297.6389380849963,0.45695110868476907,309.227849889635,,9880.0,9880.0,12.645377633894539,vlsfo
SYNTHETIC_TEST_DATA,2026-03-01T16:20:00+00:00,VESSEL_FE_01,container_feeder,CLASS_FEEDER_1000,20.156086121468732,75.71423428342703,13.583495046316173,14.554298716701517,7.956732858394909,15200.0,120.39547538012546,1643.4557245395501,130352.45792450437,332.2995088389974,8.85548821431064,276.35797177154694,2.0411759648958676,6.349619919728569,162.39245788940627,0.5291029610671191,234.92421063614947,756.3035106174458,9880.0,9880.0,10.956371496930334,vlsfo
SYNTHETIC_TEST_DATA,2026-03-01T16:25:00+00:00,VESSEL_FE_01,container_feeder,CLASS_FEEDER_1000,20.16222219007724,75.72855177684688,14.729095426451401,15.576289383014121,8.02498940521479,15200.0,124.07464177885083,1974.7595958137783,151985.6498890923,391.9890076628027,7.386104683113648,11.369279049479463,1.7038641848090195,6.615351545994943,164.42841540743962,0.43762173754892003,221.11156927569573,662.6371330255897,9880.0,9880.0,13.165063972091856,vlsfo
SYNTHETIC_TEST_DATA,2026-03-01T16:30:00+00:00,VESSEL_FE_01,container_feeder,CLASS_FEEDER_1000,20.16731482023276,75.7404345805431,12.224412782522705,12.497966043984146,8.06640783104479,15200.0,112.99267775834292,1129.3170328968133,95441.43479162536,234.35314973118176,9.59892022693563,309.9190206675578,1.6945187952168814,6.543954325369365,177.93351965227055,0.7980248684593144,324.77388062724043,474.1220254275182,9880.0,9880.0,8.0,vlsfo
SYNTHETIC_TEST_DATA,2026-03-01T16:35:00+00:00,VESSEL_FE_01,container_feeder,CLASS_FEEDER_1000,20.173492225461214,75.75484852607615,14.828320363235713,15.241613823857906,8.019063569504048,15200.0,122.86980976588846,2128.611856293333,165433.20096218726,416.801672184478,13.182479564948473,29.674076204565655,1.7197580721457144,4.828459637299325,103.87908250594276,0.7946826162883514,319.5942032569995,199.0507841546827,9880.0,9880.0,14.190745708622218,vlsfo
SYNTHETIC_TEST_DATA,2026-03-01T16:40:00+00:00,VESSEL_FE_01,container_feeder,CLASS_FEEDER_1000,20.180279412433844,75.77068529567896,16.29204804823476,16.64681081143982,8.015470641987996,15200.0,127.92851892118335,2449.273335894238,182827.39220841354,477.49293935633915,8.349521436226077,310.65349498373826,1.0044468422063249,8.161598565464637,273.59460413861495,0.6988700936248637,317.38219964743075,794.7551356654033,9880.0,9880.0,16.328488905961585,vlsfo
SYNTHETIC_TEST_DATA,2026-03-01T16:45:00+00:00,VESSEL_FE_01,container_feeder,CLASS_FEEDER_1000,20.186838848991993,75.78599064764796,15.745353119872416,15.56378990784596,8.070565849293835,15200.0,124.02964366824546,2058.821900508706,158512.91967987941,409.4716361064977,10.594709219796826,141.9933346461341,1.8564987126725496,5.07017702654615,163.03325965632646,0.11724405303421476,38.13924851674616,226.9455738248714,9880.0,9880.0,13.725479336724709,vlsfo
SYNTHETIC_TEST_DATA,2026-03-01T16:50:00+00:00,VESSEL_FE_01,container_feeder,CLASS_FEEDER_1000,20.192576121619208,75.79937761711147,13.77182059155452,13.923008434974406,7.907159479902992,15200.0,118.12283036590787,1449.7619589446738,117201.78801568673,291.74389827917156,4.172806868466274,168.21841244124045,1.0035765960830303,6.764201895522271,25.241195535906197,0.6647441854087585,161.01924728697688,398.8297827756911,9880.0,9880.0,9.665079726297824,vlsfo
SYNTHETIC_TEST_DATA,2026-03-01T16:55:00+00:00,VESSEL_FE_01,container_feeder,CLASS_FEEDER_1000,20.198711629320186,75.81369380174709,14.727749017044502,14.074523800518433,8.073310140981285,15200.0,118.66828568186637,1616.2433132673802,130059.91166098084,323.7742082091422,11.343393879744506,55.25719393470858,2.3286880601162485,6.178532770984239,288.20776230551536,0.3895950541976847,102.71231769571696,428.4692602067568,9880.0,9880.0,10.774955421782535,vlsfo
SYNTHETIC_TEST_DATA,2026-03-01T17:00:00+00:00,VESSEL_FE_01,container_feeder,CLASS_FEEDER_1000,20.204321856892307,75.8267843327487,13.466860060736261,13.816511867380083,8.02943200758687,15200.0,117.7394427225683,1483.8826983524068,120350.79882337009,293.55516188697214,10.518562570778002,11.57378223620205,1.472157473675003,7.0063874325420405,355.30004923340204,0.45720937122783767,313.464014394431,579.2643870006478,9880.0,9880.0,9.892551322349378,vlsfo
SYNTHETIC_TEST_DATA,2026-03-01T17:05:00+00:00,VESSEL_FE_01,container_feeder,CLASS_FEEDER_1000,20.211508853533772,75.84355399157879,17.251756151317192,16.736470435237322,8.064329506564361,15200.0,128.25129356685437,2629.9708819302855,195821.5879493321,515.0517440327939,8.228013002828733,349.9179633726373,1.4217892604283506,8.968424912677973,61.34094329710496,0.28852265106734415,89.88133641617753,793.0630832816755,9880.0,9880.0,17.53313921286857,vlsfo
SYNTHETIC_TEST_DATA,2026-03-01T17:10:00+00:00,VESSEL_FE_01,container_feeder,CLASS_FEEDER_1000,20.217560853399167,75.85767532459805,14.527295769591555,15.32179533714638,8.005939826995146,15200.0,123.15846321372698,1869.6563521153178,144966.91947475422,371.1902829359182,4.979227784314345,147.72288920365497,1.024731896407129,6.784071894540033,290.6810555076557,0.43052343328029363,266.6934833888832,42.05752799359824,9880.0,9880.0,12.464375680768786,vlsfo
SYNTHETIC_TEST_DATA,2026-03-01T17:15:00+00:00,VESSEL_FE_01,container_feeder,CLASS_FEEDER_1000,20.223032595015106,75.8704427217019,13.134436648619516,14.213107845081224,7.911329273059516,15200.0,119.16718824229241,1848.6584015110786,148139.66513532132,374.7082881092159,8.712995578694267,65.34831891948974,1.8455312829334387,8.72317374976213,97.93626810396098,0.573097469007701,254.41053167276132,621.2571204644578,9880.0,9880.0,12.32438934340719,vlsfo
SYNTHETIC_TEST_DATA,2026-03-01T17:20:00+00:00,VESSEL_FE_01,container_feeder,CLASS_FEEDER_1000,20.229167340041354,75.88475712676315,14.725918283128062,16.194761767341397,7.948398387741921,15200.0,126.30114236242903,2333.724013123608,176446.72354667415,458.2858555853426,3.1088081981342146,11.856965291409779,1.154942229424027,5.217353008573271,67.19835733035472,0.7573684525291007,260.64441078636537,700.9600647372937,9880.0,9880.0,15.558160087490721,vlsfo
SYNTHETIC_TEST_DATA,2026-03-01T17:25:00+00:00,VESSEL_FE_01,container_feeder,CLASS_FEEDER_1000,20.23608802663505,75.90090539548177,16.612502199499076,16.145217994910038,8.010543230104405,15200.0,126.12278478167613,2253.1829763416977,170598.1400566366,447.03925510750736,5.345044111716563,36.18792051001503,1.747636473034299,7.1747563772126615,235.0034008168734,0.27759114912815974,26.08379049451386,793.1601885381314,9880.0,9880.0,15.021219842277986,vlsfo
SYNTHETIC_TEST_DATA,2026-03-01T17:30:00+00:00,VESSEL_FE_01,container_feeder,CLASS_FEEDER_1000,20.242298642257538,75.91539683193425,14.908039006247218,15.362709862182554,8.008095968364254,15200.0,123.3057555038572,2089.6438726004944,161830.47592567047,408.84015733023057,7.313077696088181,127.70111563075811,1.4433230010800966,6.939246264331611,17.595135666315223,0.4717194658349244,185.0573505739913,524.7204305022791,9880.0,9880.0,13.930959150669963,vlsfo
SYNTHETIC_TEST_DATA,2026-03-01T17:35:00+00:00,VESSEL_FE_01,container_feeder,CLASS_FEEDER_1000,20.248959804579318,75.9309395440184,15.989536908462199,16.547915638341888,7.941519499876058,15200.0,127.5724962980308,2283.8700662701517,170956.54046496228,459.42503346939253,6.573224038817237,336.5848140717063,0.6326942515314024,7.2155760169360645,247.26584367592807,0.46608985685991117,300.91066965694546,480.54518667564514,9880.0,9880.0,15.22580044180101,vlsfo
SYNTHETIC_TEST_DATA,2026-03-01T17:40:00+00:00,VESSEL_FE_01,container_feeder,CLASS_FEEDER_1000,20.25495219111964,75.94492177927916,14.384199202437587,14.969233127582791,7.911181618057689,15200.0,121.88923925929805,1818.9728277627014,142505.69713004076,368.6787062685998,13.6456090143414,177.28665012015588,1.29860852944688,5.86669254591629,277.34233794527773,0.3294124364415455,214.5088622631547,179.69417414766042,9880.0,9880.0,12.12648551841801,vlsfo
SYNTHETIC_TEST_DATA,2026-03-01T17:45:00+00:00,VESSEL_FE_01,container_feeder,CLASS_FEEDER_1000,20.26058030652571,75.95805404855999,13.509798239898718,14.436161700936513,8.031937969083799,15200.0,119.97018212337144,1715.86091294773,136577.8101460112,346.8916967753732,6.515906321757389,201.1227467310202,1.416612132999007,7.899718664389748,14.380727622345537,0.5227750388284025,214.82148615549437,81.08127683013538,9880.0,9880.0,11.439072752984867,vlsfo
SYNTHETIC_TEST_DATA,2026-03-01T17:50:00+00:00,VESSEL_FE_01,container_feeder,CLASS_FEEDER_1000,20.26660203510245,75.97210474857239,14.454632191702219,14.166641709689577,8.038494799063738,15200.0,118.99991015488249,1512.3433184345827,121359.88059197128,306.79994870780484,6.144990241185072,292.5058824892673,0.691520299917527,6.359776569180545,167.47648976288633,0.1357299316150723,79.90345424194166,528.807333090442,9880.0,9880.0,10.082288789563885,vlsfo
SYNTHETIC_TEST_DATA,2026-03-01T17:55:00+00:00,VESSEL_FE_01,container_feeder,CLASS_FEEDER_1000,20.27297953924245,75.98698559156573,15.30864027993351,14.803483075053357,8.025054271631124,15200.0,121.29253907019208,1843.6416263136925,145148.91700700572,369.5108367101133,6.340498896621414,155.879357461133,1.2862178177039376,10.161688905298,16.438422757214212,0.2978262164287365,88.32825537610562,623.3056361454827,9880.0,9880.0,12.290944175424617,vlsfo
SYNTHETIC_TEST_DATA,2026-03-01T18:00:00+00:00,VESSEL_FE_01,container_feeder,CLASS_FEEDER_1000,20.27897669277653,76.00097894981192,14.39564195356305,15.012962501827218,8.033780331658225,15200.0,122.046665006578,1839.8078872930378,143952.07910991833,365.56794149332774,11.198975934127338,272.893036052821,1.4717794515564464,6.3079618132869975,293.4161364269138,0.3428407461234454,237.91255053292778,281.4689744550633,9880.0,9880.0,12.265385915286918,vlsfo
SYNTHETIC_TEST_DATA,2026-03-01T18:05:00+00:00,VESSEL_FE_01,container_feeder,CLASS_FEEDER_1000,20.284478264281436,76.01381594999003,13.206040685213432,14.227726650059223,8.013916646978526,15200.0,119.21981594021321,1491.5503984773843,119470.551224844,296.7168274647535,5.045225385122992,335.05602523403286,1.3701929843271128,8.163765384870095,147.7589304799608,0.5217404305626819,223.7250263406999,248.67338503029782,9880.0,9880.0,9.943669323182561,vlsfo
SYNTHETIC_TEST_DATA,2026-03-01T18:10:00+00:00,VESSEL_FE_01,container_feeder,CLASS_FEEDER_1000,20.290135896801498,76.02701709253684,13.580651487541738,14.49538998787573,8.014945907629208,15200.0,120.18340395635263,1765.114374161889,140248.9870593681,347.4240640326597,3.8438565378646183,197.88242373458775,1.2331020301703957,7.008648472451644,58.27296982634669,0.6505744334297761,197.42318497249852,136.41264845090478,9880.0,9880.0,11.76742916107926,vlsfo
SYNTHETIC_TEST_DATA,2026-03-01T18:15:00+00:00,VESSEL_FE_01,container_feeder,CLASS_FEEDER_1000,20.296867721462775,76.04272468341316,16.159155667300354,14.860480025627561,8.024663389691955,15200.0,121.49772809225922,1920.7110592980257,150961.17308782527,385.03703136808326,13.734817514319975,31.837956938875717,2.4210753292841316,9.309395244415088,219.7043826133862,0.6961346588654852,73.44473275945472,153.4130736145949,9880.0,9880.0,12.804740395320172,vlsfo
SYNTHETIC_TEST_DATA,2026-03-01T18:20:00+00:00,VESSEL_FE_01,container_feeder,CLASS_FEEDER_1000,20.30341132175688,76.05799308409941,15.707339554649728,16.435607382444296,7.968958930715971,15200.0,127.16818657679946,2403.761974095948,180502.9750719896,478.0651899743993,8.950989912146508,332.2311706530686,1.5376997715730312,6.798551116688427,348.44642333400964,0.3670826655482806,253.58287643188282,157.7887353606031,9880.0,9880.0,16.02507982730632,vlsfo
SYNTHETIC_TEST_DATA,2026-03-01T18:25:00+00:00,VESSEL_FE_01,container_feeder,CLASS_FEEDER_1000,20.309935771562586,76.07321680031272,15.661370484041877,16.717102822589222,7.926568028484235,15200.0,128.1815701613212,2591.25646822719,193043.9493999814,504.08151075555224,11.43844162358885,2.6938785984359814,2.184234696882565,7.292078699680647,255.19034823869245,0.5252330392861949,242.6919483215284,317.54037429601107,9880.0,9880.0,17.2750431215146,vlsfo
SYNTHETIC_TEST_DATA,2026-03-01T18:30:00+00:00,VESSEL_FE_01,container_feeder,CLASS_FEEDER_1000,20.315691102684923,76.08664590626485,13.815168427909283,13.696711700865025,7.905247707502606,15200.0,117.3081621231141,1342.232803077549,109262.46640827258,259.635197832146,7.661474142358054,240.059982848562,0.871308762509315,7.612166458736129,202.72879569063952,0.13129051650825807,115.77027703300242,209.08651161784238,9880.0,9880.0,8.94821868718366,vlsfo
SYNTHETIC_TEST_DATA,2026-03-01T18:35:00+00:00,VESSEL_FE_01,container_feeder,CLASS_FEEDER_1000,20.321475884354175,76.10014373015977,13.88586188712069,14.355367447183898,8.02557568509596,15200.0,119.67932280986204,1571.7215002471464,125408.75402122339,313.41189626996913,9.734496864838642,287.40629259355,1.084357082024462,7.475690202648481,150.57983492221203,0.7281625578722761,315.1060141143055,433.5877175081196,9880.0,9880.0,10.478143334980976,vlsfo
SYNTHETIC_TEST_DATA,2026-03-01T18:40:00+00:00,VESSEL_FE_01,container_feeder,CLASS_FEEDER_1000,20.32759342259691,76.1144179860595,14.684614905916867,14.018929922004041,8.00393088347659,15200.0,118.46814771921456,1694.6372120476879,136598.68626498998,343.10993264283223,5.904432180310688,287.0143892180019,1.7108084149549148,6.887181791097813,89.26091699791851,0.36755103613508144,36.274147603694296,255.43381818495172,9880.0,9880.0,11.297581413651251,vlsfo
SYNTHETIC_TEST_DATA,2026-03-01T18:45:00+00:00,VESSEL_FE_01,container_feeder,CLASS_FEEDER_1000,20.33288609760436,76.12676756107687,12.704602933847287,13.31219924758532,7.975750513786914,15200.0,115.92391729130716,1369.286963492792,112795.76838498267,276.1201687901826,7.602950050872944,335.0139375156855,2.0106111446095665,6.355483612520664,234.29241541585253,0.5040074581732623,295.0300698783632,506.3401306356623,9880.0,9880.0,9.128579756618613,vlsfo
SYNTHETIC_TEST_DATA,2026-03-01T18:50:00+00:00,VESSEL_FE_01,container_feeder,CLASS_FEEDER_1000,20.339578106718417,76.14238224900969,16.063581932412394,15.428837966586809,7.967777211755864,15200.0,123.5438166797125,2384.318307442105,184295.44500039425,474.0530512606923,4.950599536546341,21.854586456688217,2.4722988961301144,8.891104346254467,23.88700935740918,0.35560109205265766,57.721724979432494,457.205444847817,9880.0,9880.0,15.895455382947365,vlsfo
SYNTHETIC_TEST_DATA,2026-03-01T18:55:00+00:00,VESSEL_FE_01,container_feeder,CLASS_FEEDER_1000,20.345426700435585,76.15602896768308,14.03903712081986,15.332183675196985,7.911651905093497,15200.0,123.19586123070914,2017.188802683229,156358.61426972863,398.5653475527323,9.674189391736228,35.30873775273568,0.8247892909723072,6.626032679260336,75.63136457647208,0.7112771172061766,213.8745553024276,488.38876890469027,9880.0,9880.0,13.447925351221526,vlsfo
SYNTHETIC_TEST_DATA,2026-03-01T19:00:00+00:00,VESSEL_FE_01,container_feeder,CLASS_FEEDER_1000,20.35305087326932,76.17381870429514,18.30115932213877,16.97119235212348,8.058463505453508,15200.0,129.09629246764453,2867.1338019283266,212082.8607980913,562.543621345197,7.169746967967187,274.34628757086335,2.132579972744163,7.029338466303744,105.45692634138138,0.8200094562639216,100.29817894804235,218.35092175081155,9880.0,9880.0,19.114225346188846,vlsfo
SYNTHETIC_TEST_DATA,2026-03-01T19:05:00+00:00,VESSEL_FE_01,container_feeder,CLASS_FEEDER_1000,20.358927349110182,76.18753048125716,14.105965717411602,14.60625699456007,7.998628332290814,15200.0,120.58252518041625,1647.9540391166704,130506.48802780396,326.41167040400427,8.828058071481454,50.8641361513562,0.24195240211361702,4.446196549617026,205.46301820328867,0.5368733414351328,309.48490844711534,232.9572268210131,9880.0,9880.0,10.986360260777802,vlsfo
SYNTHETIC_TEST_DATA,2026-03-01T19:10:00+00:00,VESSEL_FE_01,container_feeder,CLASS_FEEDER_1000,20.36449113668435,76.20051265226354,13.35538491189637,13.080060799098787,8.005956196468313,15200.0,115.08821887675563,1306.5334177250672,108407.92590684042,259.9552672201616,7.418814190206362,66.35160075234866,2.204953108637514,6.182062536963479,222.4029370998795,0.4893394262017691,136.69895753339966,528.3196747952854,9880.0,9880.0,8.710222784833782,vlsfo
SYNTHETIC_TEST_DATA,2026-03-01T19:15:00+00:00,VESSEL_FE_01,container_feeder,CLASS_FEEDER_1000,20.37038297765767,76.21426028120129,14.142848372523737,14.267881360731463,8.010526733539463,15200.0,119.36437289863326,2258.8611164330127,180711.6664921587,447.212149150697,7.010944172980779,281.8217358200824,2.649832034807419,6.892323076106058,35.116094438273755,0.23572718567094614,178.3925294949155,494.312298878829,9880.0,9880.0,15.05907410955342,vlsfo
SYNTHETIC_TEST_DATA,2026-03-01T19:20:00+00:00,VESSEL_FE_01,container_feeder,CLASS_FEEDER_1000,20.37676761437905,76.22915776688451,15.325761417020306,15.768874932243504,7.9832939633309845,15200.0,124.76794975607662,2300.1349097275943,176044.17226237923,457.27124378171226,6.286509492714693,147.49238755763804,2.313700669732343,6.929149339233933,134.61186250556042,0.25798943006219316,263.385725554884,589.9051091097705,9880.0,9880.0,15.334232731517295,vlsfo
SYNTHETIC_TEST_DATA,2026-03-01T19:25:00+00:00,VESSEL_FE_01,container_feeder,CLASS_FEEDER_1000,20.38271622062475,76.24303784812447,14.279108438553143,13.142600600712107,7.978942350867142,15200.0,115.31336216256358,1260.1714425182784,104356.95072559809,259.7398946902075,10.150818011949235,96.22788077181491,1.3673199458428726,6.44497433926861,219.9451242300115,0.6479262409973124,41.00661173484795,195.99748635355368,9880.0,9880.0,8.401142950121855,vlsfo
SYNTHETIC_TEST_DATA,2026-03-01T19:30:00+00:00,VESSEL_FE_01,container_feeder,CLASS_FEEDER_1000,20.388611455941096,76.25679339719595,14.150996195747705,14.242846083441444,7.961890203448138,15200.0,119.27424590038919,1584.1605094074355,126830.55280872447,317.8653499202335,6.1716341663278715,306.09445864895264,2.028594635120683,7.454367188605643,314.9363355386595,0.25492164010617835,167.57999898086067,764.4348686265729,9880.0,9880.0,10.561070062716237,vlsfo
SYNTHETIC_TEST_DATA,2026-03-01T19:35:00+00:00,VESSEL_FE_01,container_feeder,CLASS_FEEDER_1000,20.394651872606886,76.27088770274946,14.49949131314951,13.370083926169453,8.006955586988079,15200.0,116.13230213421004,1281.86704824768,105405.02859202524,254.87764103604002,8.929647956591776,119.33075651728464,1.079525430664771,7.3275469058360665,230.74044196508044,0.5714257352542642,67.20916258125551,538.9010257302982,9880.0,9880.0,8.5457803216512,vlsfo
SYNTHETIC_TEST_DATA,2026-03-01T19:40:00+00:00,VESSEL_FE_01,container_feeder,CLASS_FEEDER_1000,20.401825053800433,76.2876251255344,17.218593378256273,16.511647023456486,8.071177973613251,15200.0,127.44192928444335,2464.041742339001,184632.0557825497,479.73457601820286,8.002125743189826,98.22095160352464,1.4404857466999375,5.932235212781908,242.3981906647038,0.5970606566126282,119.65576861301926,451.72131446405353,9880.0,9880.0,16.42694494892667,vlsfo
SYNTHETIC_TEST_DATA,2026-03-01T19:45:00+00:00,VESSEL_FE_01,container_feeder,CLASS_FEEDER_1000,20.40769723638665,76.30132688490224,14.095660135544831,14.90907422824821,8.123590453802773,15200.0,121.67266722169356,1786.6875433187995,140225.48898107922,355.2576383590805,6.313717665952403,35.3939728053112,1.2744123213802927,5.634007927646869,153.64642379917618,0.4368421027689989,259.6927959049824,326.1694369254022,9880.0,9880.0,11.911250288791997,vlsfo
SYNTHETIC_TEST_DATA,2026-03-01T19:50:00+00:00,VESSEL_FE_01,container_feeder,CLASS_FEEDER_1000,20.41394794041487,76.3159118609681,15.004267714113423,15.307790374132248,7.957141179811129,15200.0,123.10804534687608,2106.9064036288282,163429.40113686325,408.9011318249848,9.64761514544434,230.2179967765899,1.7176269785855318,9.492053591030828,22.918892154790903,0.18578045148587646,256.2181631718467,308.9325658857338,9880.0,9880.0,14.046042690858854,vlsfo
SYNTHETIC_TEST_DATA,2026-03-01T19:55:00+00:00,VESSEL_FE_01,container_feeder,CLASS_FEEDER_1000,20.420873068941095,76.33207049419596,16.62316466960025,16.257635493140704,8.007703999607443,15200.0,126.52748777530653,2410.9298877276906,181957.96778701385,480.7117173670338,6.193968921422442,329.7694517396799,1.2667917469962828,5.669436430074353,25.28401351921316,0.6478652051349807,353.60305109049057,564.8917755599167,9880.0,9880.0,16.072865918184604,vlsfo
SYNTHETIC_TEST_DATA,2026-03-01T20:00:00+00:00,VESSEL_FE_01,container_feeder,CLASS_FEEDER_1000,20.42781707783047,76.3482731816045,16.66848532819944,16.124852360303578,7.973888076022875,15200.0,126.04946849709287,2239.4557373146436,169657.41530469878,447.72634205717276,10.821197026979327,241.9144335568589,1.1079288532647955,9.19145121628816,217.48831387814562,0.9026492909589201,354.4506149555812,43.31635235118368,9880.0,9880.0,14.929704915430959,vlsfo
SYNTHETIC_TEST_DATA,2026-03-01T20:05:00+00:00,VESSEL_FE_01,container_feeder,CLASS_FEEDER_1000,20.433525016771984,76.36159170580137,13.701407647463625,15.05358993715616,8.014364538051819,15200.0,122.19292377376217,1885.315955180683,147336.20129062838,372.1964883094517,5.467564938399549,20.769361799918435,1.8791765163220329,7.158158112412984,176.94474229902238,0.7430964832995387,261.72392614608793,60.410390464085225,9880.0,9880.0,12.568773034537886,vlsfo
SYNTHETIC_TEST_DATA,2026-03-01T20:10:00+00:00,VESSEL_FE_01,container_feeder,CLASS_FEEDER_1000,20.439364695215726,76.3752176221701,14.017636787568238,14.011043134392628,8.02064456976112,15200.0,118.43975528381347,1456.188197817958,117406.2961542509,294.8779384686733,9.219131211272533,33.87575038904088,0.8756286946461442,7.400258813963446,139.69927702880915,0.5485288542647724,335.44606303907403,745.4613725652455,9880.0,9880.0,9.707921318786388,vlsfo
SYNTHETIC_TEST_DATA,2026-03-01T20:15:00+00:00,VESSEL_FE_01,container_feeder,CLASS_FEEDER_1000,20.44486695125597,76.38805621959733,13.207683852357214,14.196382286313357,7.99053771517158,15200.0,119.1069762307281,1818.6287776006454,145806.95544329053,361.6748871109203,4.687676612244614,126.61286070609484,1.5259160494964235,6.2516769884447685,39.41543725229347,0.7131370349440096,284.63357037617817,253.2473516048895,9880.0,9880.0,12.12419185067097,vlsfo
SYNTHETIC_TEST_DATA,2026-03-01T20:20:00+00:00,VESSEL_FE_01,container_feeder,CLASS_FEEDER_1000,20.450475392953898,76.40114258355916,13.462573226112303,14.52266650327175,7.993298638959532,15200.0,120.2815994117783,1696.6635148313915,134700.09700717844,335.5739248891464,11.941799617794052,50.04182826441551,1.6861627800301524,8.002737913463493,273.5735031338725,0.5540970772220398,243.78334619879655,125.21360423901551,9880.0,9880.0,11.311090098875944,vlsfo
SYNTHETIC_TEST_DATA,2026-03-01T20:25:00+00:00,VESSEL_FE_01,container_feeder,CLASS_FEEDER_1000,20.45692240500466,76.41618561167762,15.47548793368088,14.683827299785158,7.956197026794471,15200.0,120.86177827922657,1699.2715578928296,134259.55100675204,335.3685126506704,8.866667581541213,102.55128855980043,0.7715072896093661,6.162134248320913,47.71667313891457,0.6353229103553051,115.94901826657299,127.2743525682812,9880.0,9880.0,11.328477052618863,vlsfo
SYNTHETIC_TEST_DATA,2026-03-01T20:30:00+00:00,VESSEL_FE_01,container_feeder,CLASS_FEEDER_1000,20.464173014230568,76.4331036998714,17.40445259040883,16.277051386629612,8.019001164952432,15200.0,126.5973849918666,2286.825919461538,172496.28770595317,443.8512398762026,9.442019247162866,349.689248670783,1.8443058504894438,8.171998443973756,316.5924272081971,0.672617503609071,97.53134161907249,274.64885126228376,9880.0,9880.0,15.245506129743585,vlsfo
SYNTHETIC_TEST_DATA,2026-03-01T20:35:00+00:00,VESSEL_FE_01,container_feeder,CLASS_FEEDER_1000,20.470866800965815,76.44872253558698,16.06784895643052,15.677900737527494,8.00431269181125,15200.0,124.44044265509899,2027.0970017572824,155555.13998802658,401.8683771294873,5.691910785147902,171.74983184905554,1.8450457075876976,5.358469267141764,250.60188874068461,0.22758983382946957,82.10858686430993,769.3577265723364,9880.0,9880.0,13.513980011715216,vlsfo
SYNTHETIC_TEST_DATA,2026-03-01T20:40:00+00:00,VESSEL_FE_01,container_feeder,CLASS_FEEDER_1000,20.476692902387885,76.46231677223848,13.98504633583511,13.437864315103788,7.982857767354508,15200.0,116.37631153437363,1312.3664522873846,107686.6616284629,266.6189107267278,6.065825772853953,174.04871448517108,1.3967771207947304,8.229708080500927,253.48280052764915,0.43875958420569044,116.57772088682972,111.6146969790362,9880.0,9880.0,8.749109681915899,vlsfo
SYNTHETIC_TEST_DATA,2026-03-01T20:45:00+00:00,VESSEL_FE_01,container_feeder,CLASS_FEEDER_1000,20.482222435044925,76.47521901510491,13.273158982659309,14.341985354561977,8.111704654039887,15200.0,119.63114727642312,1622.5039151763824,129512.85221210934,332.32762089942076,4.937052013889561,156.01460992538702,1.5206030333908098,6.926181184474435,151.57976867845633,0.5932657544340834,259.36529502814193,614.7836084946224,9880.0,9880.0,10.816692767842548,vlsfo
SYNTHETIC_TEST_DATA,2026-03-01T20:50:00+00:00,VESSEL_FE_01,container_feeder,CLASS_FEEDER_1000,20.488003980003313,76.48870928667448,13.87809244608839,13.006194096313788,8.075493534156015,15200.0,114.82229874672964,1131.4408846045817,94097.26763872933,233.46418950380786,5.213559304181622,92.13806947706776,0.5779397744162376,7.30609845264131,339.3033347951304,0.6231170575722577,22.278771729207524,752.0489704172352,9880.0,9880.0,8.0,vlsfo
SYNTHETIC_TEST_DATA,2026-03-01T20:55:00+00:00,VESSEL_FE_01,container_feeder,CLASS_FEEDER_1000,20.49471187649142,76.50436104514672,16.101718182725108,15.654952511819943,8.02425612794348,15200.0,124.3578290425518,2359.224116743469,181162.14295419437,460.6585989657547,4.62101616648011,36.642955949646286,2.0486637536014336,7.889538120382026,23.0301152669784,0.329461377073036,112.04031931352057,499.2735508871802,9880.0,9880.0,15.728160778289793,vlsfo
SYNTHETIC_TEST_DATA,2026-03-01T21:00:00+00:00,VESSEL_FE_01,container_feeder,CLASS_FEEDER_1000,20.501581138503827,76.52038932317568,16.489061994808512,16.04681841595412,8.082215085511685,15200.0,125.76854629743484,2168.977226729065,164685.1095525728,427.5345963439377,3.987089098307599,339.89243279776775,1.5929172887594578,8.379252209149382,182.33039177941654,0.4259258780677786,9.43253430760552,711.1764303473019,9880.0,9880.0,14.459848178193765,vlsfo
SYNTHETIC_TEST_DATA,2026-03-01T21:05:00+00:00,VESSEL_FE_01,container_feeder,CLASS_FEEDER_1000,20.506872426847746,76.53273566264482,12.701274369455922,13.68938120749565,8.054072523481427,15200.0,117.28177234698434,1417.8409500707646,115443.20547318553,284.69128788990116,8.487857047579313,37.263696591621056,1.6652597642937976,8.934292572960988,295.83830137435217,0.49221415990303186,241.87953087557707,64.97942940251642,9880.0,9880.0,9.452273000471765,vlsfo
SYNTHETIC_TEST_DATA,2026-03-01T21:10:00+00:00,VESSEL_FE_01,container_feeder,CLASS_FEEDER_1000,20.51146662568662,76.54345545993553,11.027972049078784,12.699820953881908,8.065225684855777,15200.0,113.71935543397487,1066.6606102678445,89570.13944250316,221.04295693604544,5.5842116259607355,201.81581102390118,0.9340067799615195,8.153312183344259,178.37688285672564,0.8487243734583131,244.0594086710185,493.2886755970398,9880.0,9880.0,8.0,vlsfo
SYNTHETIC_TEST_DATA,2026-03-01T21:15:00+00:00,VESSEL_FE_01,container_feeder,CLASS_FEEDER_1000,20.518567417778705,76.56002397481706,17.04482967851848,16.28790939814699,8.02211110310183,15200.0,126.63647383332916,2282.7425912987105,172135.1311580692,448.36988820684724,8.193360449300537,158.77507668314163,1.2969331772645072,5.7657949108704765,233.06789623538504,0.6107907011990648,13.070043397611077,47.698296379508704,9880.0,9880.0,15.218283941991404,vlsfo
SYNTHETIC_TEST_DATA,2026-03-01T21:20:00+00:00,VESSEL_FE_01,container_feeder,CLASS_FEEDER_1000,20.525553337528905,76.57632445423418,16.76908867993272,15.660304491640439,7.9778049181790625,15200.0,124.37709616990557,2559.7486575175344,196529.74597199168,505.4041531660682,15.22128048715071,332.060246638427,2.530899576365804,8.127304506157817,103.22780435251843,0.5969287022623404,72.96400363237831,244.07037220626472,9880.0,9880.0,17.064991050116895,vlsfo
SYNTHETIC_TEST_DATA,2026-03-01T21:25:00+00:00,VESSEL_FE_01,container_feeder,CLASS_FEEDER_1000,20.5323453684058,76.59217252628027,16.303675416286357,15.165868110569164,8.008275773100838,15200.0,122.59712519804899,2110.97746851743,164427.59077462196,422.8463084792996,5.825012257804444,333.69493052148,2.043727310074232,8.035780886444966,10.20375740570345,0.6547782361819732,39.661216238207935,437.8021243621182,9880.0,9880.0,14.073183123449533,vlsfo
SYNTHETIC_TEST_DATA,2026-03-01T21:30:00+00:00,VESSEL_FE_01,container_feeder,CLASS_FEEDER_1000,20.53878921704641,76.60720817310836,15.467894444593608,15.702297037630627,7.985931500404715,15200.0,124.52826933547026,2051.740236816422,157335.16688496573,409.54927370852084,7.547477966600271,182.15118140800772,1.5320684011890768,6.191377974183327,185.72360264799167,0.12288541911130585,237.1846134504334,216.38115010903874,9880.0,9880.0,13.678268245442815,vlsfo
SYNTHETIC_TEST_DATA,2026-03-01T21:35:00+00:00,VESSEL_FE_01,container_feeder,CLASS_FEEDER_1000,20.544291370201613,76.6200465304705,13.207436885822558,13.046349343258546,8.026965227647144,15200.0,114.96685763573078,1192.6989347623553,99067.12333878966,241.84477860455658,9.45532059773685,123.2168667436882,1.3259151045816626,7.916937286602147,306.1021266559383,0.45352655212464577,144.94069141324184,742.4602171513025,9880.0,9880.0,8.0,vlsfo
SYNTHETIC_TEST_DATA,2026-03-01T21:40:00+00:00,VESSEL_FE_01,container_feeder,CLASS_FEEDER_1000,20.551102881970046,76.63594005793017,16.350437590695478,15.99080514396439,7.887039306121119,15200.0,125.56689851827181,2154.916790598864,163880.28846262794,421.9338544864269,5.946345081055565,202.29873249642398,1.097140916693604,6.585811759308522,354.4586555763347,0.29608309836651137,116.04195821089593,70.72826785868283,9880.0,9880.0,14.36611193732576,vlsfo
SYNTHETIC_TEST_DATA,2026-03-01T21:45:00+00:00,VESSEL_FE_01,container_feeder,CLASS_FEEDER_1000,20.55654557352462,76.6486396715575,13.064704519913409,13.461778502725602,7.999586005803521,15200.0,116.46240260981216,1316.6462602989964,107957.97919373609,268.9790393177225,7.8117431941283675,118.11629130847184,1.51500326926547,6.660204005336193,244.46671564305373,0.19274553719115106,249.07667748010167,634.5357818627051,9880.0,9880.0,8.777641735326643,vlsfo
SYNTHETIC_TEST_DATA,2026-03-01T21:50:00+00:00,VESSEL_FE_01,container_feeder,CLASS_FEEDER_1000,20.56261817028843,76.6628090640064,14.576736820793252,13.841984730264588,7.974969092700567,15200.0,117.83114502895252,1383.5935250330035,112129.47918897097,276.35913994436936,12.195947829982824,284.24095344023607,1.3609518535060454,7.271031803579863,285.0650243247866,0.4853042676819199,103.75174843220313,275.8755693787758,9880.0,9880.0,9.223956833553357,vlsfo
SYNTHETIC_TEST_DATA,2026-03-01T21:55:00+00:00,VESSEL_FE_01,container_feeder,CLASS_FEEDER_1000,20.567775465149815,76.67484275201629,12.379634746971346,12.928071982651467,8.019949095035118,15200.0,114.54105913754529,1171.7657166999325,97690.19460583018,233.71587692057415,9.002729593535735,198.96176325506912,1.1021605791647069,5.743489935080254,198.83979008665182,0.44795427388737574,297.6173710567872,575.9824446817968,9880.0,9880.0,8.0,vlsfo
SYNTHETIC_TEST_DATA,2026-03-01T22:00:00+00:00,VESSEL_FE_01,container_feeder,CLASS_FEEDER_1000,20.573040525823732,76.68712789358877,12.638317144089086,13.181169694183835,7.997982880673299,15200.0,115.45221089906181,1148.8712177073096,95025.56868347123,222.53276924179804,6.583283992611425,268.60808006255144,0.8761861004281037,7.851594238765451,269.9025662596493,0.5986863976367391,179.4148369278471,138.14361209063446,9880.0,9880.0,8.0,vlsfo
SYNTHETIC_TEST_DATA,2026-03-01T22:05:00+00:00,VESSEL_FE_01,container_feeder,CLASS_FEEDER_1000,20.57936593251139,76.70188717585997,15.183584907193346,14.57032479651459,8.053215609312359,15200.0,120.45316926745252,1604.9263689578886,127235.48901449864,335.87715161538864,9.861039671350682,149.0499295676504,0.947082408923941,7.078639096996061,141.13528627026824,0.7456788736668769,0.2312293319545411,655.5517200208983,9880.0,9880.0,10.699509126385925,vlsfo
SYNTHETIC_TEST_DATA,2026-03-01T22:10:00+00:00,VESSEL_FE_01,container_feeder,CLASS_FEEDER_1000,20.585472167567694,76.71613505765801,14.657482596586274,15.456995103405207,8.026310100906194,15200.0,123.64518237225874,1957.9365242217777,151214.2746420381,389.83857077836393,3.4873600524901907,349.6540738567926,1.7625479869862988,9.25256377039797,254.61618991032267,0.43182068411099656,271.9337548411107,435.8514406162315,9880.0,9880.0,13.052910161478518,vlsfo
SYNTHETIC_TEST_DATA,2026-03-01T22:15:00+00:00,VESSEL_FE_01,container_feeder,CLASS_FEEDER_1000,20.592505882755614,76.73254705976315,16.883817443255175,17.31001536208302,7.973085045234168,15200.0,130.31605530349887,2844.3919604676043,208431.28172271108,546.6972233561469,6.566392584126213,39.09115721575911,2.4911301500727947,7.05581580425769,182.14719069371662,0.43421602593332453,301.5422254279754,164.9278317025772,9880.0,9880.0,18.96261306978403,vlsfo
SYNTHETIC_TEST_DATA,2026-03-01T22:20:00+00:00,VESSEL_FE_01,container_feeder,CLASS_FEEDER_1000,20.599485942048915,76.74883386478085,16.75502116628966,17.32904032701824,7.929367948869939,15200.0,130.38454517726566,2715.187113605818,198858.89848168765,523.9653382589033,8.090810705070501,109.28975457397932,1.860612686399896,8.754159001056767,213.18370015744108,0.4544468908837314,195.8753129336319,404.8608571478526,9880.0,9880.0,18.101247424038785,vlsfo
SYNTHETIC_TEST_DATA,2026-03-01T22:25:00+00:00,VESSEL_FE_01,container_feeder,CLASS_FEEDER_1000,20.607047207586742,76.76647681770244,18.15015586640939,17.476673442788,7.9345452473806,15200.0,130.9160243940368,2931.8902554599654,213858.3854433031,559.9240750673928,9.841001042536618,123.85338057329535,2.1812291220001065,4.724817761024723,310.9255341918733,0.4393596766579005,105.28837373036298,430.88269316715935,9880.0,9880.0,19.54593503639977,vlsfo
SYNTHETIC_TEST_DATA,2026-03-01T22:30:00+00:00,VESSEL_FE_01,container_feeder,CLASS_FEEDER_1000,20.613700685002932,76.78200159834022,15.971089965477967,16.365548123280057,8.013276432455823,15200.0,126.9159732438082,2540.9720668171594,191185.51638043422,497.5006487365137,9.936879537716454,292.3885986664291,1.5091971077856599,6.401274940045665,66.40054591926287,0.6748684856892775,173.8468196535856,273.3594561315066,9880.0,9880.0,16.939813778781062,vlsfo
SYNTHETIC_TEST_DATA,2026-03-01T22:35:00+00:00,VESSEL_FE_01,container_feeder,CLASS_FEEDER_1000,20.61898331420486,76.79432773314471,12.680488857293025,13.853626189416229,7.987823597913757,15200.0,117.87305428189842,1458.3622657900744,118146.88174487946,296.6306437651158,7.395506930311218,268.301221975646,1.3589927590323951,7.2897425915229155,295.23770812213127,0.7158631312864241,275.6660787054219,648.5418599014404,9880.0,9880.0,9.722415105267162,vlsfo
SYNTHETIC_TEST_DATA,2026-03-01T22:40:00+00:00,VESSEL_FE_01,container_feeder,CLASS_FEEDER_1000,20.625707988315483,76.81001863940283,16.14199139654563,15.193829582584616,8.05378614837471,15200.0,122.69778649730462,2326.8429129806186,181093.02309574047,457.30587848975813,8.864697094347862,118.10561132193882,2.32405608091194,6.7825227585439585,105.33405234568448,0.6021415898427028,31.248159606260405,257.9950215569157,9880.0,9880.0,15.512286086537458,vlsfo
SYNTHETIC_TEST_DATA,2026-03-01T22:45:00+00:00,VESSEL_FE_01,container_feeder,CLASS_FEEDER_1000,20.63210011164354,76.82493359383496,15.343732360824381,14.927889302693842,8.019236165729263,15200.0,121.74040148969783,1753.923539820752,137577.46701270566,342.73545642150907,7.600841013886726,51.55082558752377,1.5062892511759167,7.788182232064165,336.7983084261551,0.18287932507994886,71.62441617355022,716.5960295711814,9880.0,9880.0,11.692823598805013,vlsfo
SYNTHETIC_TEST_DATA,2026-03-01T22:50:00+00:00,VESSEL_FE_01,container_feeder,CLASS_FEEDER_1000,20.63960046611673,76.84243442093907,18.00394418906207,16.873423839811778,7.959291500900695,15200.0,128.7443258233224,2720.1068369676896,201757.29504486333,533.5369378119855,8.678126144614733,347.1417535334789,1.4066209325978236,8.56839946408482,57.5058483441753,0.6875045843499515,99.90400299624547,712.7237862417193,9880.0,9880.0,18.134045579784598,vlsfo
SYNTHETIC_TEST_DATA,2026-03-01T22:55:00+00:00,VESSEL_FE_01,container_feeder,CLASS_FEEDER_1000,20.64561487738227,76.85646804722533,14.437067626856596,15.485454231703388,8.051690472069948,15200.0,123.74763523413219,2052.700732905743,158401.79945848146,411.9252013248793,10.122382165903606,215.58901323612696,1.3668014624037457,6.221128296350464,38.2999258844668,0.6136888611189226,212.04749552767834,446.1276168803441,9880.0,9880.0,13.684671552704952,vlsfo
SYNTHETIC_TEST_DATA,2026-03-01T23:00:00+00:00,VESSEL_FE_01,container_feeder,CLASS_FEEDER_1000,20.651832665009692,76.87097621835599,14.925254776119015,14.746144076303366,8.083829739912284,15200.0,121.08611867469213,2031.4059986326363,160204.1470884899,397.31118960782896,9.29431402187516,272.1159830973171,1.7048756098116449,7.697438574393103,63.5256509289504,0.24878904142639235,140.160242012994,275.0297920154786,9880.0,9880.0,13.54270665755091,vlsfo
SYNTHETIC_TEST_DATA,2026-03-01T23:05:00+00:00,VESSEL_FE_01,container_feeder,CLASS_FEEDER_1000,20.65849648559748,76.88652513306083,15.995917843262937,16.021033084631032,8.027878792141241,15200.0,125.67571910467171,2467.126867202798,187461.24022084931,488.2044013132999,7.318969152923641,20.624668820022904,1.8628539916593612,7.9419451464255015,57.070810483005005,0.1204128962997007,327.00444319497467,200.52795577285343,9880.0,9880.0,16.447512448018657,vlsfo
SYNTHETIC_TEST_DATA,2026-03-01T23:10:00+00:00,VESSEL_FE_01,container_feeder,CLASS_FEEDER_1000,20.664571745748336,76.90070074007949,14.583130048187272,15.094140156933493,8.067366162080678,15200.0,122.33890456496059,1966.1128874040178,153467.08513686582,393.13031874863253,4.940880595750272,106.65170473654997,1.4691673403967296,7.370802827302841,129.57576316732988,0.34006851554047113,284.64249299205943,80.53432769764493,9880.0,9880.0,13.10741924936012,vlsfo
SYNTHETIC_TEST_DATA,2026-03-01T23:15:00+00:00,VESSEL_FE_01,container_feeder,CLASS_FEEDER_1000,20.67219953658963,76.91849891870918,18.309844032491664,17.991286639966223,8.003506775918307,15200.0,132.7686319038784,3157.147536175128,227075.761456871,603.3535260053038,10.990228923111859,34.03992623882266,1.28622275933524,6.314636902768315,175.33637761649646,0.9835611072232893,342.8229267181146,110.11580711088317,9880.0,9880.0,21.04765024116752,vlsfo
SYNTHETIC_TEST_DATA,2026-03-01T23:20:00+00:00,VESSEL_FE_01,container_feeder,CLASS_FEEDER_1000,20.678779286158075,76.93385166770221,15.794112722503085,15.943820101598197,7.964932792511808,15200.0,125.39775236575352,2296.962234302961,174918.39532423366,451.9113014867055,6.051399786045751,8.920035058174847,1.4805449826068913,7.774135225193346,107.78813813394879,0.12945442766194437,206.65998208145567,549.2708123529136,9880.0,9880.0,15.31308156201974,vlsfo
SYNTHETIC_TEST_DATA,2026-03-01T23:25:00+00:00,VESSEL_FE_01,container_feeder,CLASS_FEEDER_1000,20.684577512448524,76.94738086237993,13.918134523099187,14.246907310546765,8.036343643184821,15200.0,119.28886631796836,1575.0475075827899,126085.49523885183,312.7760909280528,12.55527237713369,271.5699847433939,1.058287421956182,8.262489863228492,273.01401957547546,0.31478439192990154,299.65188904740035,525.098138173533,9880.0,9880.0,10.500316717218599,vlsfo
SYNTHETIC_TEST_DATA,2026-03-01T23:30:00+00:00,VESSEL_FE_01,container_feeder,CLASS_FEEDER_1000,20.6905888508011,76.96140731853593,14.429691368346775,14.794260202214648,7.967629489714919,15200.0,121.25933672797274,1683.6981281292358,132592.946818184,329.5794574211993,8.093345259484618,346.2789964926926,0.8546267315421908,6.683691819810107,295.10163761210384,0.18883211766701297,255.46302355892843,480.15642125662464,9880.0,9880.0,11.224654187528238,vlsfo
SYNTHETIC_TEST_DATA,2026-03-01T23:35:00+00:00,VESSEL_FE_01,container_feeder,CLASS_FEEDER_1000,20.6971677158706,76.9767580036981,15.791989560233409,14.528336474896765,7.9883574641942205,15200.0,120.30201130962836,1771.2963827063702,140601.42731759118,349.22868016336844,8.141736247607714,158.8375816600972,2.183700763869211,7.061982057336778,260.9050386424652,0.6438186092176674,68.02573831908722,230.1300001318225,9880.0,9880.0,11.8086425513758,vlsfo
SYNTHETIC_TEST_DATA,2026-03-01T23:40:00+00:00,VESSEL_FE_01,container_feeder,CLASS_FEEDER_1000,20.703308895760436,76.99108742344104,14.741364609744137,15.017863050249115,8.006843666034468,15200.0,122.06430698089682,2044.1370660072996,159916.2899257721,408.3049843162346,7.077893536992585,162.26553161458344,1.7012203766717606,6.4846328249265985,30.549039679776357,0.5019104572513693,167.2569313894931,165.4597375867374,9880.0,9880.0,13.627580440048664,vlsfo
SYNTHETIC_TEST_DATA,2026-03-01T23:45:00+00:00,VESSEL_FE_01,container_feeder,CLASS_FEEDER_1000,20.708832773133544,77.00397647064497,13.259583968754104,12.680893174871267,8.006838705865835,15200.0,113.65121542953656,1116.215083635709,93787.54856757322,220.7813170534948,9.027102577841722,284.41071689900974,0.8194915360462652,9.368225724176405,89.52853708363139,0.5159345478535129,121.31518279204833,557.319669505708,9880.0,9880.0,8.0,vlsfo
SYNTHETIC_TEST_DATA,2026-03-01T23:50:00+00:00,VESSEL_FE_01,container_feeder,CLASS_FEEDER_1000,20.71457181406599,77.01736756615401,13.776065253427493,13.544737441148891,7.960512195993761,15200.0,116.76105478813601,1341.6571671870975,109727.35925345175,269.90874344703485,9.295869717235407,272.8875899341105,1.7137405210604193,10.15178189084428,253.6049836920301,0.11224947459929491,30.590911125265837,745.1722513518712,9880.0,9880.0,8.94438111458065,vlsfo
SYNTHETIC_TEST_DATA,2026-03-01T23:55:00+00:00,VESSEL_FE_01,container_feeder,CLASS_FEEDER_1000,20.72057942489812,77.03138532476231,14.420743781891565,13.527877518538036,7.9928980195883526,15200.0,116.70035906673692,1329.4236056081381,108783.3867801149,270.7010496568337,5.547022434632485,116.91742630841308,1.4747629636092892,5.930164654393557,251.3320708143084,0.45357486190092855,55.2678051352316,355.6138744414815,9880.0,9880.0,8.862824037387588,vlsfo
SYNTHETIC_TEST_DATA,2026-03-02T00:00:00+00:00,VESSEL_FE_01,container_feeder,CLASS_FEEDER_1000,20.726278933165464,77.04468417738612,13.681170552297408,14.823511800589674,8.034820594541138,15200.0,121.36464248212283,1929.5645414209826,151823.32934926997,388.50459193551495,9.422868754917019,7.252009738776812,1.5403038878102608,6.0618517243200065,112.45961239273342,0.5910596876833152,239.79583928432604,144.54282409484063,9880.0,9880.0,12.863763609473217,vlsfo
SYNTHETIC_TEST_DATA,2026-03-02T00:05:00+00:00,VESSEL_FE_01,container_feeder,CLASS_FEEDER_1000,20.73293824230058,77.06022256536805,15.985088496135804,16.664391275890605,8.003549735771248,15200.0,127.99180859320617,2476.279116022321,184751.85222647176,484.2402758186009,8.117516768710436,100.7373306221234,1.6142303408661607,7.758851431078958,140.49310642099036,0.6402701676689653,302.7400082275606,589.4298390058601,9880.0,9880.0,16.508527440148807,vlsfo
SYNTHETIC_TEST_DATA,2026-03-02T00:10:00+00:00,VESSEL_FE_01,container_feeder,CLASS_FEEDER_1000,20.738913472467694,77.07416476909131,14.343016830747084,14.192434778727042,8.044999983221487,15200.0,119.09276520341734,1493.6161186035065,119763.64204061196,306.7855523412719,3.2290002676166303,171.3284764767102,1.2629597633168195,5.095008611522438,336.8184431291069,1.059939444367462,148.94723699483652,70.35586306571659,9880.0,9880.0,9.957440790690043,vlsfo
SYNTHETIC_TEST_DATA,2026-03-02T00:15:00+00:00,VESSEL_FE_01,container_feeder,CLASS_FEEDER_1000,20.74449171602084,77.08718067071531,13.390085223677605,14.241821173100663,7.910663670307755,15200.0,119.27055622316239,1519.1797351190087,121631.84541715338,309.036819275482,6.258188243015736,218.92640985208905,1.4110212221271567,7.909332113123424,231.3811132848216,0.4710364174689599,263.6348815855265,251.05042715203902,9880.0,9880.0,10.12786490079339,vlsfo
SYNTHETIC_TEST_DATA,2026-03-02T00:20:00+00:00,VESSEL_FE_01,container_feeder,CLASS_FEEDER_1000,20.751440969699907,77.10339559596646,16.681074986625216,15.708384687583669,8.02101810629213,15200.0,124.5501848753012,2273.7490768969055,174328.9607965272,454.3445969127599,8.615352510619186,157.51308843774166,1.4674771636405954,8.40369541718262,79.16041538462218,0.6500847108807154,29.319293246694436,761.4321387204297,9880.0,9880.0,15.158327179312703,vlsfo
SYNTHETIC_TEST_DATA,2026-03-02T00:25:00+00:00,VESSEL_FE_01,container_feeder,CLASS_FEEDER_1000,20.75749565344643,77.11752319137501,14.533738191235022,13.912282728867403,7.939217181576402,15200.0,118.08421782392264,1462.8698032569014,118300.12405317559,294.5393834969969,8.437770409385477,133.42617414202783,1.7299501331538851,6.914599613376296,223.24054642104252,0.31094868962532474,40.14768382972391,764.2258808757709,9880.0,9880.0,9.75246535504601,vlsfo
SYNTHETIC_TEST_DATA,2026-03-02T00:30:00+00:00,VESSEL_FE_01,container_feeder,CLASS_FEEDER_1000,20.763611335561016,77.13179311630905,14.68015943281646,14.408557262610717,8.041960067757612,15200.0,119.87080614539857,1594.8259059174986,127048.99606159363,318.26147006654827,9.305504272416144,166.90527176400425,1.261557988483361,8.858470670155434,329.2557279738342,0.46575345118153477,355.2811929136829,544.1196123232521,9880.0,9880.0,10.632172706116657,vlsfo
SYNTHETIC_TEST_DATA,2026-03-02T00:35:00+00:00,VESSEL_FE_01,container_feeder,CLASS_FEEDER_1000,20.770142235313102,77.14703188239726,15.676853015578494,14.73521271211046,7.98475660685033,15200.0,121.04676576359765,1700.277650032801,134133.7412483457,338.92271049634616,5.420597064342976,144.02396031043537,1.6505565835503468,8.179499447754115,223.2291263951744,0.48022737680754285,69.23305449924815,324.5195535569538,9880.0,9880.0,11.335184333552007,vlsfo
SYNTHETIC_TEST_DATA,2026-03-02T00:40:00+00:00,VESSEL_FE_01,container_feeder,CLASS_FEEDER_1000,20.775955334980267,77.16059578162064,13.953836761607285,14.491380117436012,7.989464051046162,15200.0,120.16896842276964,1603.4614888295857,127419.99470623568,320.24334571850767,11.400877324686146,184.0701432285702,1.1339960335471428,6.924631932227253,196.92584215428008,0.6917613312021922,311.5554680239561,454.08602560399015,9880.0,9880.0,10.689743258863906,vlsfo
SYNTHETIC_TEST_DATA,2026-03-02T00:45:00+00:00,VESSEL_FE_01,container_feeder,CLASS_FEEDER_1000,20.782121356398832,77.17498316493062,14.800994524356442,15.277211972706617,8.028907745843226,15200.0,122.99796310174382,1924.7401976512917,149432.67785848316,381.43804549930957,12.85861706194245,332.25963114246287,1.6176448545849347,5.649731787544198,312.0631424689953,0.34504560088432795,201.62069144504298,443.8854108507733,9880.0,9880.0,12.831601317675279,vlsfo
SYNTHETIC_TEST_DATA,2026-03-02T00:50:00+00:00,VESSEL_FE_01,container_feeder,CLASS_FEEDER_1000,20.787533912421527,77.1876124623169,12.99236681427622,13.340714195641649,7.959455552809571,15200.0,116.02657110430994,1304.1716381803765,107336.80787828685,259.7047788962497,7.7149976625130385,123.36774493601932,1.4560362952900512,7.355239692451141,178.95263825037532,0.4812029134430757,179.17096661067814,502.3085752982373,9880.0,9880.0,8.694477587869176,vlsfo
SYNTHETIC_TEST_DATA,2026-03-02T00:55:00+00:00,VESSEL_FE_01,container_feeder,CLASS_FEEDER_1000,20.793704006696366,77.2020093489582,14.810771059226887,14.581956764119113,7.94081204514699,15200.0,120.4950443508288,1903.3309393190157,150839.99294628817,370.38071160122234,7.525838907955887,106.31792738762388,1.5457632196194306,4.753413397079925,32.807320353497744,0.5789622542292181,345.24949824447924,791.6992306321159,9880.0,9880.0,12.688872928793437,vlsfo
SYNTHETIC_TEST_DATA,2026-03-02T01:00:00+00:00,VESSEL_FE_01,container_feeder,CLASS_FEEDER_1000,20.800307187444535,77.21741677070393,15.850357217822348,15.500844963638196,8.020087445965988,15200.0,123.80304186909751,2288.8721657139854,176547.51310424556,453.32233855747506,7.543842254182646,250.12739204955392,2.332116625748819,7.378051643339405,113.59322852502216,0.40197233035212415,124.15168912510721,764.9259163621108,9880.0,9880.0,15.259147771426571,vlsfo
SYNTHETIC_TEST_DATA,2026-03-02T01:05:00+00:00,VESSEL_FE_01,container_feeder,CLASS_FEEDER_1000,20.80653793083367,77.23195517194526,14.9563539477192,15.355659624140106,7.986894788862768,15200.0,123.28037464690439,2019.510230360424,156431.2422186095,394.93366025325645,10.589457232485353,19.718678660556993,1.2556587155185188,8.687938640380773,27.490249250139325,0.5112286680488335,177.6542967947581,218.01151392040674,9880.0,9880.0,13.46340153573616,vlsfo
SYNTHETIC_TEST_DATA,2026-03-02T01:10:00+00:00,VESSEL_FE_01,container_feeder,CLASS_FEEDER_1000,20.811642046191324,77.24386477444645,12.251982004614812,12.192302261151124,8.033126306489065,15200.0,111.89228814014405,930.477099660445,79410.31449421532,187.26516659406886,4.079692884366738,358.655422658088,0.9718267682482711,7.752992676006214,168.0310533308184,0.37270079003034917,152.31109906811793,112.37754381916531,9880.0,9880.0,8.0,vlsfo
SYNTHETIC_TEST_DATA,2026-03-02T01:15:00+00:00,VESSEL_FE_01,container_feeder,CLASS_FEEDER_1000,20.818592133184247,77.2600816440966,16.683075283576883,17.935581430692388,7.888153725063699,15200.0,132.5680931504926,2960.2100446053914,213233.23734666427,574.1999787056791,3.758348808192799,306.67242806875595,0.7025623679922,5.742591737356216,257.79598943714893,0.9844895802166992,193.82165643118492,505.2897665519319,9880.0,9880.0,19.734733630702607,vlsfo
SYNTHETIC_TEST_DATA,2026-03-02T01:20:00+00:00,VESSEL_FE_01,container_feeder,CLASS_FEEDER_1000,20.824908276002812,77.27481931067325,15.161347800575022,15.265650304771475,7.928911896547644,15200.0,122.9563410971773,1981.7381572575218,153909.95901158894,390.07609192908586,4.745945426064345,197.3749830599755,1.6975865714077432,7.387699909525481,15.481170266418385,0.502502751884306,162.9978282406144,279.3076434909023,9880.0,9880.0,13.211587715050147,vlsfo
SYNTHETIC_TEST_DATA,2026-03-02T01:25:00+00:00,VESSEL_FE_01,container_feeder,CLASS_FEEDER_1000,20.831326871132603,77.28979603264277,15.407275603045706,15.906302131171321,8.005759044157639,15200.0,125.26268767221676,2143.6730278435425,163421.12647950603,420.26909274466243,8.021623954683422,172.8111597934381,1.6756548379939589,8.319020792542373,234.70644457191077,0.5939454679470098,183.91577373731843,278.1273124318048,9880.0,9880.0,14.29115351895695,vlsfo
SYNTHETIC_TEST_DATA,2026-03-02T01:30:00+00:00,VESSEL_FE_01,container_feeder,CLASS_FEEDER_1000,20.838104370345018,77.30561019747174,16.26879342808849,16.484460650210963,7.9796134614197785,15200.0,127.34405834075946,2391.5851774746434,179340.57125862787,460.90134014185344,7.361366562980213,48.70149426402837,1.474706299283285,8.569498748535807,159.2602538043404,0.3546011255185306,173.00156068761058,761.6983126046031,9880.0,9880.0,15.94390118316429,vlsfo
SYNTHETIC_TEST_DATA,2026-03-02T01:35:00+00:00,VESSEL_FE_01,container_feeder,CLASS_FEEDER_1000,20.844904571609018,77.3214773337544,16.323287715144115,16.179887963334487,7.950261344048568,15200.0,126.24759666800415,2212.632754026632,167362.28617948206,434.33792841736965,10.850636002379572,105.4935627958147,1.1855273225336127,6.005349804639675,298.1500081335419,0.40897653319226657,142.24153075429754,485.46408593218746,9880.0,9880.0,14.750885026844212,vlsfo
SYNTHETIC_TEST_DATA,2026-03-02T01:40:00+00:00,VESSEL_FE_01,container_feeder,CLASS_FEEDER_1000,20.849938655655816,77.3332235298636,12.083877974776172,13.123553857748222,8.038761459342536,15200.0,115.2447938878936,1253.9472126201508,103903.29516781711,252.30588104394224,5.829154079113243,65.16354624126205,1.6097013348769529,7.281514697072124,250.27733630160668,0.5625425158549603,232.96276370648386,533.3988602022595,9880.0,9880.0,8.359648084134339,vlsfo
SYNTHETIC_TEST_DATA,2026-03-02T01:45:00+00:00,VESSEL_FE_01,container_feeder,CLASS_FEEDER_1000,20.855322760950664,77.34578644221824,12.924073333196876,13.358695321443529,7.984753891453042,15200.0,116.0913031571967,1269.538476221353,104428.14497260917,259.6478394587235,8.59980991671916,262.5376477897401,1.0970411106911542,6.2535909713179745,133.00957662525101,0.31838751353416994,194.45110283989052,175.3819492437196,9880.0,9880.0,8.463589841475686,vlsfo
SYNTHETIC_TEST_DATA,2026-03-02T01:50:00+00:00,VESSEL_FE_01,container_feeder,CLASS_FEEDER_1000,20.86168235783541,77.36062550161598,15.265655481643549,16.213992496447975,7.98462361176415,15200.0,126.3703729872127,2419.7959355191692,182854.16524830065,478.5209431945009,8.133011275738374,116.35462421740183,1.3771396131689004,6.220475548486203,67.12390555004795,0.5546642513073748,223.846629768007,465.38936279104604,9880.0,9880.0,16.13197290346113,vlsfo
SYNTHETIC_TEST_DATA,2026-03-02T01:55:00+00:00,VESSEL_FE_01,container_feeder,CLASS_FEEDER_1000,20.868774870114937,77.37717469693489,17.024954713446544,16.399545967838986,7.983951007980814,15200.0,127.03836548422035,2365.3911047759098,177803.14721576605,467.0057625302096,11.807074708422647,329.51754996838616,1.6808002609217918,7.307750693030239,256.3203696595385,0.47739192582572315,115.78404175892852,243.5854575787182,9880.0,9880.0,15.769274031839398,vlsfo
SYNTHETIC_TEST_DATA,2026-03-02T02:00:00+00:00,VESSEL_FE_01,container_feeder,CLASS_FEEDER_1000,20.87443124345027,77.390372901384,13.577628924855862,13.372080178873063,7.976917889853953,15200.0,116.13948864394303,1259.3356747785415,103545.91706569839,257.61468041832325,5.890439965068744,287.3562631098252,0.7287576960992199,5.935131973597056,174.07799367506755,0.46621416873505234,138.6889419205607,646.8084650081022,9880.0,9880.0,8.395571165190278,vlsfo
SYNTHETIC_TEST_DATA,2026-03-02T02:05:00+00:00,VESSEL_FE_01,container_feeder,CLASS_FEEDER_1000,20.880569595458816,77.40469572273727,14.734576528307255,15.193994863655464,7.951868476245703,15200.0,122.69838150915967,1967.8523407168866,153152.8403787471,390.39334875959673,7.065594026594599,183.34811276093586,2.5994239267411663,6.9788824848932345,153.87450870546135,0.4697663238618901,181.09648973796396,442.0196600538481,9880.0,9880.0,13.119015604779245,vlsfo
SYNTHETIC_TEST_DATA,2026-03-02T02:10:00+00:00,VESSEL_FE_01,container_feeder,CLASS_FEEDER_1000,20.88679089997001,77.41921209993005,14.933696747674274,14.787583696708277,8.035673023122225,15200.0,121.23530130814979,1940.0479486908712,152811.0463888562,385.44845861296477,8.497758013245633,248.54691916042276,1.5305074277071027,8.067296147829431,91.8752038556694,0.6144191447196964,149.6441495204043,729.8488866892011,9880.0,9880.0,12.933652991272474,vlsfo
SYNTHETIC_TEST_DATA,2026-03-02T02:15:00+00:00,VESSEL_FE_01,container_feeder,CLASS_FEEDER_1000,20.893155254816897,77.43406226123945,15.277076553159075,16.276210714141833,7.989020300537062,15200.0,126.5943585709106,2261.2345488789224,170569.99696048803,445.74566509656484,8.538199225663634,309.6023393025374,1.1739627152986027,6.245910665563761,188.5616529731551,0.4850474873173383,229.95200007663743,389.2558349589302,9880.0,9880.0,15.07489699252615,vlsfo
SYNTHETIC_TEST_DATA,2026-03-02T02:20:00+00:00,VESSEL_FE_01,container_feeder,CLASS_FEEDER_1000,20.89899663434871,77.44769214681368,14.021720100541007,13.54104204178935,7.9814693473230065,15200.0,116.74775135044166,1410.778463298326,115393.58837029997,284.10622636722104,6.5108911146849975,200.00104831678098,1.0876887143976937,3.865365042016799,106.2216325130299,0.721535467896752,354.90715215923797,571.5620198449575,9880.0,9880.0,9.405189755322173,vlsfo
SYNTHETIC_TEST_DATA,2026-03-02T02:25:00+00:00,VESSEL_FE_01,container_feeder,CLASS_FEEDER_1000,20.904530653914613,77.46060485913412,13.283929414520253,12.940501587018538,8.027517255070244,15200.0,114.58580571326674,1325.4177945393926,110457.028608289,269.7478951787031,7.65402586547369,25.05996064749801,1.2793427530521586,7.90557234060713,37.48848753860108,0.26300695834315724,29.077833314647087,434.54699596246695,9880.0,9880.0,8.836118630262616,vlsfo
SYNTHETIC_TEST_DATA,2026-03-02T02:30:00+00:00,VESSEL_FE_01,container_feeder,CLASS_FEEDER_1000,20.91107441737515,77.47587364054205,15.70773122137941,15.677928784256178,8.001491689356332,15200.0,124.44054362332224,2270.1896169978145,174209.4121967736,451.01792476349516,6.6208015509737095,290.2433359402733,1.58546918556415,6.06625138976729,36.8504104861458,0.01627714346085707,221.19389814173974,381.0928516668854,9880.0,9880.0,15.134597446652096,vlsfo
SYNTHETIC_TEST_DATA,2026-03-02T02:35:00+00:00,VESSEL_FE_01,container_feeder,CLASS_FEEDER_1000,20.917322992207254,77.49045364848362,14.999156765260592,15.656546766527208,7.9500007609594805,15200.0,124.36356835949795,2029.4484998114835,155831.855625954,406.62668715945665,9.936644226750506,204.31810315734901,1.0956847650637223,6.269491691625609,161.76741877192754,0.3532847312997919,244.43483792937735,50.711930551010404,9880.0,9880.0,13.52965666540989,vlsfo
SYNTHETIC_TEST_DATA,2026-03-02T02:40:00+00:00,VESSEL_FE_01,container_feeder,CLASS_FEEDER_1000,20.924470263512475,77.50713061486248,17.156398959977576,16.212076436237915,7.969544842808834,15200.0,126.3634751704565,2353.6339792005124,177864.28309929275,464.8421632883966,10.042943369050512,63.524755090403815,1.3478449152551037,6.743373278807303,314.1900930376402,0.5699543635430119,92.08103523299756,91.0437006078522,9880.0,9880.0,15.690893194670084,vlsfo
SYNTHETIC_TEST_DATA,2026-03-02T02:45:00+00:00,VESSEL_FE_01,container_feeder,CLASS_FEEDER_1000,20.930854685916692,77.52202760047231,15.325246967433662,15.36639394481843,7.994190035782013,15200.0,123.31901820134635,1859.9899422336168,144029.65465927968,368.7251583511734,6.548437882334088,298.1242038015072,1.4269429842027275,11.144855682693017,235.9104660026246,0.1317927665414309,183.16552995845328,188.78641767939075,9880.0,9880.0,12.399932948224112,vlsfo
SYNTHETIC_TEST_DATA,2026-03-02T02:50:00+00:00,VESSEL_FE_01,container_feeder,CLASS_FEEDER_1000,20.93760738597545,77.53778390060941,16.209265231120117,15.451283515584926,7.933603374300328,15200.0,123.62462065610573,2056.1370024262937,158824.85181683008,401.2132153668696,8.40299471013499,304.6253505641956,1.080571945243741,6.177708631385171,67.2317120561052,0.7104846025598341,10.973127284873785,714.6376942084011,9880.0,9880.0,13.707580016175292,vlsfo
SYNTHETIC_TEST_DATA,2026-03-02T02:55:00+00:00,VESSEL_FE_01,container_feeder,CLASS_FEEDER_1000,20.943549557972673,77.55164896860293,14.26366358846192,15.364980535423413,7.946454650207774,15200.0,123.3139299275243,1874.8768734140851,145188.4254769465,375.59155235494234,8.759125718810134,293.58099213316444,0.9312030023186556,5.7708851987693635,184.25606000571258,0.6214106869541104,272.4970809393213,347.60878566332053,9880.0,9880.0,12.4991791560939,vlsfo
SYNTHETIC_TEST_DATA,2026-03-02T03:00:00+00:00,VESSEL_FE_01,container_feeder,CLASS_FEEDER_1000,20.948670650009145,77.5635981833547,12.292733035657298,12.480117617129853,7.981620226691991,15200.0,112.92842342166747,1048.8799804802813,88693.93295977135,223.00527724206356,3.957477717242535,221.58601011293442,1.1071614858662486,8.445409061927387,2.6453300631345655,0.49421165353704705,322.77848837307624,499.60902210464906,9880.0,9880.0,8.0,vlsfo
SYNTHETIC_TEST_DATA,2026-03-02T03:05:00+00:00,VESSEL_FE_01,container_feeder,CLASS_FEEDER_1000,20.955218691437427,77.57887694668736,15.718000108373788,15.986324641330413,7.959545036640255,15200.0,125.55076870878949,2098.237794627758,159590.3809582328,418.5954120583102,5.392168354970627,145.06658703738205,1.7881445958591053,5.796019131565979,212.36138902474266,0.17212201890708623,212.1435733192661,797.9561643354419,9880.0,9880.0,13.988251964185054,vlsfo
SYNTHETIC_TEST_DATA,2026-03-02T03:10:00+00:00,VESSEL_FE_01,container_feeder,CLASS_FEEDER_1000,20.961952023733968,77.59458805537929,16.162774613745643,16.667472310296073,7.993346177899436,15200.0,128.00290031706587,2445.9827456079843,182475.66752786844,487.94623585394015,10.305320049587268,338.3937337337973,1.3713410573671638,7.010614368036335,199.26510659530337,0.5068355431449149,187.32786694756845,750.415434794792,9880.0,9880.0,16.306551637386562,vlsfo
SYNTHETIC_TEST_DATA,2026-03-02T03:15:00+00:00,VESSEL_FE_01,container_feeder,CLASS_FEEDER_1000,20.968656516936374,77.61023187285157,16.093548893398307,15.572892688123305,8.01986170264895,15200.0,124.06241367724391,2182.0990847132643,167959.9059963082,428.34810286706517,8.856288608838875,222.6744851411516,2.359554535011464,6.536265085328299,296.72602059604543,0.26150361464350447,72.55861098278118,739.4753945840517,9880.0,9880.0,14.547327231421761,vlsfo
SYNTHETIC_TEST_DATA,2026-03-02T03:20:00+00:00,VESSEL_FE_01,container_feeder,CLASS_FEEDER_1000,20.975730065935927,77.6267368205172,16.97943502027849,16.394955605618396,8.032039256712633,15200.0,127.02184018022623,2414.2073033373304,181496.20195842764,470.88886711056523,10.573312328288534,25.31200988320393,1.8523239161103238,5.846804389690816,170.66023773401352,0.5408695374417908,8.981178734394248,594.9624387101042,9880.0,9880.0,16.094715355582203,vlsfo
SYNTHETIC_TEST_DATA,2026-03-02T03:25:00+00:00,VESSEL_FE_01,container_feeder,CLASS_FEEDER_1000,20.980961200757786,77.6389428017682,12.556881106734117,14.09755649561725,8.024119311866622,15200.0,118.7512033842221,1491.3394863821613,119925.042098926,295.8949334164799,8.752032833865277,65.84514623520565,1.611066121274726,6.967652996277751,187.0509807258013,0.7931320336690696,236.14311964488692,278.5538587980591,9880.0,9880.0,9.942263242547742,vlsfo
SYNTHETIC_TEST_DATA,2026-03-02T03:30:00+00:00,VESSEL_FE_01,container_feeder,CLASS_FEEDER_1000,20.986238951885728,77.65125755440006,12.668779467803363,12.915093685125466,7.976119885333341,15200.0,114.49433726645168,1206.1803824500587,100600.38323850757,245.92585420875906,8.229531918565776,352.37111560093484,2.0587870984665777,8.813363879630963,195.06557524020008,0.406642162391296,171.1200424979917,130.30893211913974,9880.0,9880.0,8.041202549667057,vlsfo
SYNTHETIC_TEST_DATA,2026-03-02T03:35:00+00:00,VESSEL_FE_01,container_feeder,CLASS_FEEDER_1000,20.99258537259299,77.66606586938367,15.234027221290459,14.779064481459402,7.98108573913179,15200.0,121.20463213325385,1778.109205317054,140091.11586046463,362.1092695819439,12.110291033485673,70.28698429068135,0.8643754200437984,5.700751813255821,61.09089560707156,0.42262068986974943,9.435368357571186,679.9348476064382,9880.0,9880.0,11.854061368780359,vlsfo
SYNTHETIC_TEST_DATA,2026-03-02T03:40:00+00:00,VESSEL_FE_01,container_feeder,CLASS_FEEDER_1000,20.999023477282627,77.68108811365948,15.454106593209595,15.957431040335123,7.921307053473206,15200.0,125.44675174520646,2104.141693011651,160172.12725702173,423.4130087748921,5.7146722694998715,72.36581352392156,1.2681275311012317,6.507591122258065,259.2505611238706,0.47392115221609393,186.8149566871708,614.9520594104591,9880.0,9880.0,14.02761128674434,vlsfo
SYNTHETIC_TEST_DATA,2026-03-02T03:45:00+00:00,VESSEL_FE_01,container_feeder,CLASS_FEEDER_1000,21.004986699275857,77.69500229831036,14.314192260762042,15.541304740444586,8.000512334200845,15200.0,123.94869706560051,2004.2741044712807,154413.9496047428,399.4235443315999,7.029520357372299,98.32795653840247,1.3692893964134811,6.208602764592077,268.7763470598438,0.7192284732710679,214.39597633804647,322.1731705065565,9880.0,9880.0,13.36182736314187,vlsfo
SYNTHETIC_TEST_DATA,2026-03-02T03:50:00+00:00,VESSEL_FE_01,container_feeder,CLASS_FEEDER_1000,21.011220881699593,77.70954872396574,14.964609049159986,15.403497895622845,7.972895960140275,15200.0,123.45259242424224,1867.7047709183828,144470.5732090913,387.2941638094313,7.608625060878644,5.030178990646523,0.3109730186245998,7.391558732117873,92.5272056334448,0.49426434246504014,183.83782742636294,490.07743376056044,9880.0,9880.0,12.451365139455884,vlsfo
SYNTHETIC_TEST_DATA,2026-03-02T03:55:00+00:00,VESSEL_FE_01,container_feeder,CLASS_FEEDER_1000,21.01720940634004,77.72352194812679,14.37492904993455,15.120171494952091,8.091844758491451,15200.0,122.43261738182753,1823.146259171795,142198.74343865362,371.3180231008024,6.393817642874973,110.92570633305664,0.7521698745623163,7.1397620980617065,85.2698171258237,0.5944019136756148,299.2903653178902,219.58047715289388,9880.0,9880.0,12.154308394478633,vlsfo
SYNTHETIC_TEST_DATA,2026-03-02T04:00:00+00:00,VESSEL_FE_01,container_feeder,CLASS_FEEDER_1000,21.02373274870487,77.7387430803114,15.658712169184607,15.692799290141616,7.975759980024888,15200.0,124.49407744450983,2061.9286982365115,158159.88263713985,410.8276131346095,7.572598928763229,328.3155531257332,1.0725076095458093,7.181907813783427,113.28763078410918,0.09227789868551833,164.9010749826353,680.1041084200822,9880.0,9880.0,13.746191321576742,vlsfo
SYNTHETIC_TEST_DATA,2026-03-02T04:05:00+00:00,VESSEL_FE_01,container_feeder,CLASS_FEEDER_1000,21.028952189125736,77.75092177462675,12.52880972110141,12.293789329831148,8.042196953544577,15200.0,112.25764158739213,1029.9143477393957,87610.58423432961,206.31705302079226,4.630242812024978,53.632016704627596,1.703564901604138,7.622923597548186,190.07274881905505,0.20709352633728223,16.17890526331454,776.7089554109257,9880.0,9880.0,8.0,vlsfo
SYNTHETIC_TEST_DATA,2026-03-02T04:10:00+00:00,VESSEL_FE_01,container_feeder,CLASS_FEEDER_1000,21.035764729667726,77.76681770255806,16.352907071543637,15.422954996626457,8.036807213113052,15200.0,123.52263798785525,1901.4799949611036,146999.74611204458,375.65788128133715,2.033983899957123,84.77106134463169,1.669497255237413,6.55635910574947,237.06989382627503,0.5896619411512758,100.30196131494206,447.60303068919774,9880.0,9880.0,12.676533299740692,vlsfo
SYNTHETIC_TEST_DATA,2026-03-02T04:15:00+00:00,VESSEL_FE_01,container_feeder,CLASS_FEEDER_1000,21.04282763713499,77.78329781998168,16.953890953783482,17.125811138984094,8.023740816143155,15200.0,129.65292010034273,2662.895366624275,196129.6175389287,524.8447330990693,7.169135816606285,284.5487766044061,1.9378277659266503,4.356768830637563,165.3105944491435,0.23512355838462234,311.2021374943628,445.5511497942995,9880.0,9880.0,17.75263577749517,vlsfo
SYNTHETIC_TEST_DATA,2026-03-02T04:20:00+00:00,VESSEL_FE_01,container_feeder,CLASS_FEEDER_1000,21.048826117568204,77.79729427432585,14.398827058743471,14.659988191551001,8.012514883633242,15200.0,120.7759574895836,1975.5896864896042,156202.3786828464,390.36557895091244,7.95597303680969,128.7353556803073,1.80550097991263,5.045202921927641,38.59590450965062,0.2849160486762363,177.80750753558365,509.7361170655075,9880.0,9880.0,13.170597909930695,vlsfo
SYNTHETIC_TEST_DATA,2026-03-02T04:25:00+00:00,VESSEL_FE_01,container_feeder,CLASS_FEEDER_1000,21.053933642423253,77.80921183232097,12.260166204575343,13.48008447632299,7.997226199187184,15200.0,116.52830411476276,1286.4622098624698,105423.39289460043,267.0928127540065,11.367723715329024,272.27056120954325,1.475758049764672,6.4412958644936795,148.196050246705,0.7540085867853851,212.03542460470183,268.242948533492,9880.0,9880.0,8.576414732416465,vlsfo
SYNTHETIC_TEST_DATA,2026-03-02T04:30:00+00:00,VESSEL_FE_01,container_feeder,CLASS_FEEDER_1000,21.060351299164065,77.8241863647162,15.405023082465153,15.895701863559552,8.038267126806815,15200.0,125.22452670881438,2160.254535869103,164735.39014592508,424.1018615822286,10.589996206908484,148.96793155829312,1.1239856387692204,6.802186742104283,88.29570351934788,0.5734107053361777,306.20229969122687,218.11864069624625,9880.0,9880.0,14.40169690579402,vlsfo
SYNTHETIC_TEST_DATA,2026-03-02T04:35:00+00:00,VESSEL_FE_01,container_feeder,CLASS_FEEDER_1000,21.066833987799928,77.83931263819987,15.561126452400073,15.873040432350958,8.095397424667343,15200.0,125.14294555646345,2175.399985417706,165998.4872539463,428.3154671660533,3.764719160703054,181.1371863402072,1.5853259708750258,5.331385079643287,235.4303328180953,0.16892549920256306,239.8381795099367,792.1404574705252,9880.0,9880.0,14.502666569451373,vlsfo
SYNTHETIC_TEST_DATA,2026-03-02T04:40:00+00:00,VESSEL_FE_01,container_feeder,CLASS_FEEDER_1000,21.072715780980523,77.85303682228793,14.118729525865039,13.322803342865786,8.00096637118337,15200.0,115.96209203431684,1296.4145329948456,106757.70552392637,261.93168968534616,7.407098037665293,261.25502246558756,1.0187636981594572,7.399771038490132,352.8045521801853,0.5202614110306527,25.37622192849088,607.039216374341,9880.0,9880.0,8.642763553298972,vlsfo
SYNTHETIC_TEST_DATA,2026-03-02T04:45:00+00:00,VESSEL_FE_01,container_feeder,CLASS_FEEDER_1000,21.078602301272007,77.8667720363014,14.130076541643586,14.70373697300726,8.019084526723981,15200.0,120.93345310282614,1734.7777957830253,136983.66545285334,352.2003260396468,13.672990091732045,87.34513266922424,0.8278818014916343,7.487364705646528,253.34518307175665,0.44644108526496346,292.8695578489942,460.8591916415719,9880.0,9880.0,11.565185305220169,vlsfo
SYNTHETIC_TEST_DATA,2026-03-02T04:50:00+00:00,VESSEL_FE_01,container_feeder,CLASS_FEEDER_1000,21.085086935882977,77.88190285039366,15.5657975952559,16.183408857468855,8.04434131643996,15200.0,126.26027188688788,2536.9032889111227,191870.66170965013,500.4956788969348,13.566669396828424,305.52072737303854,1.7692489268205414,6.985564096121264,58.5898989479483,0.5595866353936829,295.694689077963,640.8571316822562,9880.0,9880.0,16.912688592740817,vlsfo
SYNTHETIC_TEST_DATA,2026-03-02T04:55:00+00:00,VESSEL_FE_01,container_feeder,CLASS_FEEDER_1000,21.09093824913196,77.89555591464129,14.045565118819514,14.380050285630313,8.084688312038125,15200.0,119.76818102826913,1601.3825309536116,127680.62939293722,323.2597531318588,7.395200721894178,328.58528442520543,1.8790821086140865,7.467166469325292,276.86228898240734,0.5458775322984919,318.07850625048366,200.6182428791035,9880.0,9880.0,10.675883539690744,vlsfo
SYNTHETIC_TEST_DATA,2026-03-02T05:00:00+00:00,VESSEL_FE_01,container_feeder,CLASS_FEEDER_1000,21.0981837051426,77.91246197866612,17.392082748378634,17.11145672333916,7.9749892570621865,15200.0,129.601244204021,2587.8761552613287,190680.2445065003,512.8011709807681,8.308662627376526,224.31069268927962,1.0482587313880796,6.117684085887602,119.32699751334216,0.40429430104844677,355.17242733195275,205.5267347674393,9880.0,9880.0,17.252507701742193,vlsfo
SYNTHETIC_TEST_DATA,2026-03-02T05:05:00+00:00,VESSEL_FE_01,container_feeder,CLASS_FEEDER_1000,21.10522326275924,77.92888761310495,16.897841681845907,15.956332428033859,8.063611943088604,15200.0,125.44279674092189,2183.2428433305463,166198.72938756383,432.3615234305896,4.97988032281493,168.12660866875183,1.1494795880060977,8.921885653474511,109.312248433728,0.621105041044862,103.23871587370616,203.6714472843474,9880.0,9880.0,14.55495228887031,vlsfo
SYNTHETIC_TEST_DATA,2026-03-02T05:10:00+00:00,VESSEL_FE_01,container_feeder,CLASS_FEEDER_1000,21.112213908063605,77.94519911881514,16.780431958948057,15.97094098606272,7.940633844546887,15200.0,125.4953875498258,2299.121052532276,174946.57967339488,454.58659852639425,4.8593875183370105,70.2515408889551,1.4201936662396637,6.65331294297681,39.33761977179196,0.47242356221155274,98.25614162992764,80.30460247063219,9880.0,9880.0,15.327473683548506,vlsfo
SYNTHETIC_TEST_DATA,2026-03-02T05:15:00+00:00,VESSEL_FE_01,container_feeder,CLASS_FEEDER_1000,21.119475767751773,77.96214345808754,17.43145833999401,16.7177725367129,7.944670875310606,15200.0,128.18398113216645,2859.794955209612,213045.57683299785,562.7146373363904,3.7527618009746444,0.33339842330577074,1.9542934008065738,7.348159992506506,79.53403039664846,0.5732673937868122,14.025164189804347,275.60184825458884,9880.0,9880.0,19.065299701397414,vlsfo
SYNTHETIC_TEST_DATA,2026-03-02T05:20:00+00:00,VESSEL_FE_01,container_feeder,CLASS_FEEDER_1000,21.12519770070066,77.97549463496827,13.734999036851844,12.776642621922065,7.966122999354655,15200.0,113.99591343891944,1160.169334117217,97185.9492738697,236.72462241454315,1.0,313.23434026095794,1.0166032394169826,7.677652003855793,45.446917163861585,0.5273313012507664,38.65170588715087,385.62466228145115,9880.0,9880.0,8.0,vlsfo
SYNTHETIC_TEST_DATA,2026-03-02T05:25:00+00:00,VESSEL_FE_01,container_feeder,CLASS_FEEDER_1000,21.132597555680395,77.99276096325431,17.762703954658523,16.948304613567462,8.015923903339829,15200.0,129.01389660884286,2576.8477486393767,190732.03782129704,507.83823136472455,4.357540811576627,314.9629921701321,1.6798557494520534,7.554862790620383,291.9235508402257,0.43865739644465507,56.70634891992694,148.1350637030102,9880.0,9880.0,17.178984990929177,vlsfo
SYNTHETIC_TEST_DATA,2026-03-02T05:30:00+00:00,VESSEL_FE_01,container_feeder,CLASS_FEEDER_1000,21.1369514293481,78.00292000181229,10.451092518328208,11.31236367501444,8.021883665009655,15200.0,108.72450923005198,832.2373580301875,73095.58274996528,170.34000348474905,5.254283215589159,16.76201462236306,1.5894458558525904,7.770583542759115,314.86874826345826,0.4794828107582841,265.3746288181912,398.4340986153021,9880.0,9880.0,8.0,vlsfo
SYNTHETIC_TEST_DATA,2026-03-02T05:35:00+00:00,VESSEL_FE_01,container_feeder,CLASS_FEEDER_1000,21.14164640407535,78.01387494284253,11.269875745294033,12.073995103464453,8.025294253226768,15200.0,111.46638237247203,989.0267194852102,84729.66713679217,191.7435042589668,9.502945930704325,144.07632762357534,1.2614395489909593,7.91313463105734,143.9824431842967,0.757613214052437,188.9677367837689,323.9291649190174,9880.0,9880.0,8.0,vlsfo
SYNTHETIC_TEST_DATA,2026-03-02T05:40:00+00:00,VESSEL_FE_01,container_feeder,CLASS_FEEDER_1000,21.148245064646034,78.02927181750746,15.839506927553769,14.78409586307426,7.982016916066635,15200.0,121.22274510706734,1779.7191240782538,140197.0046110028,361.2776687303417,6.768239588946282,124.70642855078712,1.9242580526942519,8.855075775734377,154.041934744529,0.572711693012252,88.53395421208897,302.0223074141253,9880.0,9880.0,11.864794160521692,vlsfo
SYNTHETIC_TEST_DATA,2026-03-02T05:45:00+00:00,VESSEL_FE_01,container_feeder,CLASS_FEEDER_1000,21.1550258238318,78.04509358894092,16.27661870867723,15.89112595108235,7.97839441197735,15200.0,125.20805342389646,2152.5033333184106,164165.89962927587,436.07602494125234,7.210817893801375,96.23977720472608,1.5220694483327966,6.93510978875451,160.84668408860483,0.28842474709382504,25.257635814675545,351.62258241983704,9880.0,9880.0,14.350022222122739,vlsfo
SYNTHETIC_TEST_DATA,2026-03-02T05:50:00+00:00,VESSEL_FE_01,container_feeder,CLASS_FEEDER_1000,21.1612814349127,78.05969001479635,15.016046664405474,14.200781023247524,8.003372728303393,15200.0,119.12281168369108,1664.4273630063578,133426.25404608593,342.459444368806,4.993154969628533,268.5399681368934,1.224591541333103,8.990676601133575,85.2033245353266,0.6181764146983274,17.83257914407529,632.1452716611441,9880.0,9880.0,11.096182420042386,vlsfo
SYNTHETIC_TEST_DATA,2026-03-02T05:55:00+00:00,VESSEL_FE_01,container_feeder,CLASS_FEEDER_1000,21.167524112292295,78.07425626201541,14.985000446892647,14.352254036384448,7.940029908708798,15200.0,119.66811453098401,1500.4841757982244,119735.89182653543,296.40001111882736,3.1002278201088878,312.79868402104904,1.8935422210491022,6.162096763764566,159.5440754083036,0.3207109687751456,70.80221746378666,454.1176569371623,9880.0,9880.0,10.00322783865483,vlsfo
SYNTHETIC_TEST_DATA,2026-03-02T06:00:00+00:00,VESSEL_FE_01,container_feeder,CLASS_FEEDER_1000,21.17333255899087,78.08780930431209,13.942667717926005,14.273460614553642,8.008501215712728,15200.0,119.38445821239311,1624.0938408134289,129907.64460347134,320.77585690826743,7.452543500797845,181.35228159616972,2.2597623396545923,6.26374892885302,335.5608414136219,0.33292394223039257,182.63663265350502,202.90253208031513,9880.0,9880.0,10.827292272089526,vlsfo
SYNTHETIC_TEST_DATA,2026-03-02T06:05:00+00:00,VESSEL_FE_01,container_feeder,CLASS_FEEDER_1000,21.17976772328902,78.10282468767444,15.447048440911505,15.51220857602571,7.982069632323069,15200.0,123.84395087369256,2037.8934638286362,157136.85616851065,401.0171343207947,5.3310226568418155,2.180922166890622,1.275968632928876,7.174591656442372,1.5843318852782051,0.3757976490385251,155.01956489310027,798.212931532348,9880.0,9880.0,13.58595642552424,vlsfo
SYNTHETIC_TEST_DATA,2026-03-02T06:10:00+00:00,VESSEL_FE_01,container_feeder,CLASS_FEEDER_1000,21.186080517075904,78.11755453984384,15.153308743254353,16.06282278438328,8.007575848587399,15200.0,125.8261620237798,2268.80078352586,172185.5870581176,454.5696655713818,5.5324950413186444,269.8546485547114,2.152165066330239,7.95429161448851,312.48622599570797,0.4795335805133347,246.43851277634678,280.0319286672453,9880.0,9880.0,15.125338556839067,vlsfo
SYNTHETIC_TEST_DATA,2026-03-02T06:15:00+00:00,VESSEL_FE_01,container_feeder,CLASS_FEEDER_1000,21.19291895503716,78.13351089508677,16.41507155894245,15.958695513109225,7.935842609869817,15200.0,125.4513038471932,2058.472379953181,156689.9877996048,407.407013454956,7.75225383786767,157.26672271359874,1.0302186290736206,5.685527572940756,303.3537266413926,0.37572110129057634,16.5833640367888,491.9740306573762,9880.0,9880.0,13.723149199687876,vlsfo
SYNTHETIC_TEST_DATA,2026-03-02T06:20:00+00:00,VESSEL_FE_01,container_feeder,CLASS_FEEDER_1000,21.200005518814187,78.1500462105665,17.010675854034726,16.328591142531955,8.000399465445398,15200.0,126.78292811311505,2359.348259037399,177706.23071556079,462.4515646208783,7.197428960550061,338.6199593403211,1.6465383266334583,7.31838121609358,245.14797604505722,0.6432391479425351,5.729869094295932,583.0595946852625,9880.0,9880.0,15.72898839358266,vlsfo
SYNTHETIC_TEST_DATA,2026-03-02T06:25:00+00:00,VESSEL_FE_01,container_feeder,CLASS_FEEDER_1000,21.20599112899223,78.16401263431527,14.367933138120174,15.322030785622227,8.055471209459602,15200.0,123.15931082824002,1934.6709441508942,150006.90176675253,382.00128384594353,6.628532585112532,64.41292283632191,1.8626620315733127,7.690416798169084,148.06107094349747,0.6103456538087562,283.2538650145245,602.511118608963,9880.0,9880.0,12.897806294339295,vlsfo
SYNTHETIC_TEST_DATA,2026-03-02T06:30:00+00:00,VESSEL_FE_01,container_feeder,CLASS_FEEDER_1000,21.21269227800962,78.17964864868918,16.085521470072578,16.042298325280694,8.056474115647395,15200.0,125.7522739710105,2218.2707908233897,168449.6432520806,433.19869849953204,1.0,56.163005217903496,1.3209953470544886,7.344856851572261,3.871338336009189,0.4898306765781437,152.99341279966112,144.80368263309364,9880.0,9880.0,14.788471938822598,vlsfo
SYNTHETIC_TEST_DATA,2026-03-02T06:35:00+00:00,VESSEL_FE_01,container_feeder,CLASS_FEEDER_1000,21.21912899348493,78.19466765146491,15.450771905861474,14.608051999718636,8.040662883935981,15200.0,120.5889871989871,1831.302197363467,145018.6142742031,363.87892416538745,1.8982393475051378,290.01099805036813,1.4219682495890487,6.649871537016305,72.6076847809633,0.4992621948703216,31.228476583681463,251.81973722281833,9880.0,9880.0,12.208681315756447,vlsfo
SYNTHETIC_TEST_DATA,2026-03-02T06:40:00+00:00,VESSEL_FE_01,container_feeder,CLASS_FEEDER_1000,21.225559651823517,78.20967252092161,15.436232279517792,14.874256015622628,8.012516164659523,15200.0,121.54732165624145,1809.9303277077656,142196.1526003727,354.00345474387154,9.383030162069662,41.49747641006819,1.4608134859371187,6.7744010781798405,279.06887514913905,0.2898672201533702,85.63105311790311,568.8678638534893,9880.0,9880.0,12.066202184718437,vlsfo
SYNTHETIC_TEST_DATA,2026-03-02T06:45:00+00:00,VESSEL_FE_01,container_feeder,CLASS_FEEDER_1000,21.23238244338179,78.22559236789093,16.377513738567128,14.269378910225571,8.060283657259598,15200.0,119.36976407681206,1796.7242802390217,143733.65958364136,353.6811194640178,6.134189103718333,139.5001927939566,1.584102903555628,8.025261592814047,79.88423266577648,1.0714946150929414,53.90431497603739,682.5480030237255,9880.0,9880.0,11.978161868260145,vlsfo
SYNTHETIC_TEST_DATA,2026-03-02T06:50:00+00:00,VESSEL_FE_01,container_feeder,CLASS_FEEDER_1000,21.238328784774144,78.23946716447308,14.273671856401599,13.202267590022343,7.957498791614385,15200.0,115.52816332408044,1464.9526337575098,121089.67009401099,294.3732278729498,12.09653258736879,100.98871394921619,2.300437561838546,7.240006369861907,359.8973463826414,0.6307895641845881,96.73745352503873,715.4787024374292,9880.0,9880.0,9.766350891716732,vlsfo
SYNTHETIC_TEST_DATA,2026-03-02T06:55:00+00:00,VESSEL_FE_01,container_feeder,CLASS_FEEDER_1000,21.244376178084945,78.25357774886496,14.516238138632545,14.581938778725215,8.02896349059494,15200.0,120.49497960341077,2039.5487305954066,161635.41247250652,389.2511376020323,7.669924927909063,255.66009857953068,2.1136455733210964,5.979751149833131,64.75912729291,0.23619396326629755,316.5964725433206,393.8624676052692,9880.0,9880.0,13.59699153730271,vlsfo
SYNTHETIC_TEST_DATA,2026-03-02T07:00:00+00:00,VESSEL_FE_01,container_feeder,CLASS_FEEDER_1000,21.25066915471063,78.26826136099154,15.105739382968116,14.884543820486162,8.027133817328016,15200.0,121.58435775375018,1822.806750816516,143164.1586401901,368.4803721379891,9.615433657569657,331.3441702656214,2.0706329847551848,5.94313849514627,293.36481325872086,0.41478288595378693,140.28162695383165,299.42852486493996,9880.0,9880.0,12.152045005443439,vlsfo
SYNTHETIC_TEST_DATA,2026-03-02T07:05:00+00:00,VESSEL_FE_01,container_feeder,CLASS_FEEDER_1000,21.256562705168317,78.28201297872616,14.146951840071123,13.405925753444269,8.00874096635104,15200.0,116.26133271239937,1713.1875583175915,140715.19497765042,352.03241461339286,7.335491697319539,226.72359890097064,2.48848768405659,6.274439516149064,103.20912916454714,0.4226632715023434,90.32746639496843,520.0679730407512,9880.0,9880.0,11.421250388783942,vlsfo
SYNTHETIC_TEST_DATA,2026-03-02T07:10:00+00:00,VESSEL_FE_01,container_feeder,CLASS_FEEDER_1000,21.26264079190156,78.29619518110373,14.58991501171752,15.696747143336383,7.987722491739966,15200.0,124.50828971601098,2074.516035044878,159107.22840408637,401.9643839324945,11.174309411271363,191.3417034633895,0.8109493292329879,6.4347996865009,214.27764786599383,0.6516159973880182,214.26515034807676,603.7838943154175,9880.0,9880.0,13.830106900299189,vlsfo
SYNTHETIC_TEST_DATA,2026-03-02T07:15:00+00:00,VESSEL_FE_01,container_feeder,CLASS_FEEDER_1000,21.267688416524745,78.30797297189116,12.116380942795724,12.66323380117222,8.009373383608626,15200.0,113.58764168421999,1132.3381005020187,95195.50011287193,221.6166438853285,5.664630633463328,87.47491030661489,0.9562489401192749,6.026079938569471,85.20624129515626,0.29640225524646374,257.2704580244497,219.1000462324655,9880.0,9880.0,8.0,vlsfo
SYNTHETIC_TEST_DATA,2026-03-02T07:20:00+00:00,VESSEL_FE_01,container_feeder,CLASS_FEEDER_1000,21.274180552095746,78.32312128822349,15.58380299303367,14.948148207724781,7.91189998814982,15200.0,121.81333354780921,1957.889105588197,153484.54234256636,395.3874654129029,5.65610783983014,225.59586552120746,1.934088389863334,8.082840900562385,11.216091897601345,0.43573149399255084,114.1349626474031,198.2927957712119,9880.0,9880.0,13.052594037254647,vlsfo
SYNTHETIC_TEST_DATA,2026-03-02T07:25:00+00:00,VESSEL_FE_01,container_feeder,CLASS_FEEDER_1000,21.280389889195714,78.33760974145675,14.904970024880823,14.2275030896805,7.955027988021546,15200.0,119.21901112284979,1672.8558932211256,133993.70552345802,345.64972714886693,8.988215150845098,57.824198931433244,1.2354807512161803,6.7320523335352185,80.61638100922788,0.6016750650035896,119.8099339641361,45.22728838609312,9880.0,9880.0,11.15237262147417,vlsfo
SYNTHETIC_TEST_DATA,2026-03-02T07:30:00+00:00,VESSEL_FE_01,container_feeder,CLASS_FEEDER_1000,21.28631393214866,78.35143250834695,14.220146405037465,13.574968108815392,7.945053771720473,15200.0,116.86988519173542,1340.5809574362165,109537.24424772222,271.8869619787621,4.897192160128023,60.62027351233535,1.590167670331957,5.377844888724028,214.3798941276425,0.6873937991178403,127.1476186995459,166.64346870164053,9880.0,9880.0,8.93720638290811,vlsfo
SYNTHETIC_TEST_DATA,2026-03-02T07:35:00+00:00,VESSEL_FE_01,container_feeder,CLASS_FEEDER_1000,21.292045292094862,78.36480568155476,13.757627718493575,14.665960271638681,7.944893148536824,15200.0,120.79745697789926,1687.0592572604764,133365.6320916115,333.3375422192363,11.481821140048922,145.02216239761262,1.7206793462649748,6.581472782558437,234.28074080669134,0.7358675619438413,191.4403835824594,424.97403152548407,9880.0,9880.0,11.247061715069844,vlsfo
SYNTHETIC_TEST_DATA,2026-03-02T07:40:00+00:00,VESSEL_FE_01,container_feeder,CLASS_FEEDER_1000,21.298244152332806,78.37926968877663,14.87982123493886,15.737572857698186,8.062029827309654,15200.0,124.65526228771347,2157.3625491898956,165266.14638333477,422.22550898525805,2.2943968909253147,316.4808424451898,2.1275792083523615,7.369810106470099,331.0103910636329,0.5051540387389982,228.6028497098903,59.404196225222236,9880.0,9880.0,14.382416994599303,vlsfo
SYNTHETIC_TEST_DATA,2026-03-02T07:45:00+00:00,VESSEL_FE_01,container_feeder,CLASS_FEEDER_1000,21.304865518904986,78.39471954411172,15.894010696025763,14.886186471685797,8.014060322796146,15200.0,121.59027129806887,1777.0219451044863,139561.40907992804,353.1716181114924,4.779230517363269,71.34164266407682,1.1122964379948233,7.600557429982142,188.9262541200305,0.5204620667617721,68.434477829415,280.33685974153866,9880.0,9880.0,11.846812967363242,vlsfo
SYNTHETIC_TEST_DATA,2026-03-02T07:50:00+00:00,VESSEL_FE_01,container_feeder,CLASS_FEEDER_1000,21.31184087265079,78.4109953695186,16.74372591153038,15.22457038412426,7.954434425563316,15200.0,122.80845338284733,2008.1814054394044,156151.4644132231,401.54720686296804,10.489960445954424,57.2823889525702,0.8424726954812103,5.301799871820983,82.67484104624917,0.7991413442360058,81.18844498191055,248.76100483743068,9880.0,9880.0,13.387876036262696,vlsfo
SYNTHETIC_TEST_DATA,2026-03-02T07:55:00+00:00,VESSEL_FE_01,container_feeder,CLASS_FEEDER_1000,21.318055523365345,78.4254962211859,14.917724891445799,14.198075993633642,7.99193852844096,15200.0,119.11307357708111,1762.2769813567083,141281.76744519055,358.9621624538333,5.1160729632649335,58.029207452411114,1.6283918907569284,4.994729098193854,19.97495514875329,0.3956759325283681,52.16909646900235,249.94706718577277,9880.0,9880.0,11.748513209044722,vlsfo
SYNTHETIC_TEST_DATA,2026-03-02T08:00:00+00:00,VESSEL_FE_01,container_feeder,CLASS_FEEDER_1000,21.32408599614098,78.43956732432905,14.475621875512756,14.969646881322058,7.893749493754849,15200.0,121.89072877275942,1842.2108512964328,144324.49431718249,362.7935821390813,7.306402830919494,354.35304424146193,1.9221005953464425,8.355964472929069,162.99031473750858,0.724620422052179,175.67141935775297,481.8269937380328,9880.0,9880.0,12.281405675309552,vlsfo
SYNTHETIC_TEST_DATA,2026-03-02T08:05:00+00:00,VESSEL_FE_01,container_feeder,CLASS_FEEDER_1000,21.330827447667467,78.45529737789084,16.182264114312286,15.751891667749204,7.991094826659018,15200.0,124.70681000389713,2030.823747777811,155508.25395845497,408.0980432008002,7.814590138052082,149.87285594344812,1.6272770627563622,6.414269469593678,148.8971305054391,0.2781525732793985,104.56932039440309,796.0656117948098,9880.0,9880.0,13.538824985185405,vlsfo
SYNTHETIC_TEST_DATA,2026-03-02T08:10:00+00:00,VESSEL_FE_01,container_feeder,CLASS_FEEDER_1000,21.3370984943145,78.46992982006725,15.053098389383322,14.464361813965878,8.095027012771705,15200.0,120.07170253027716,1571.3370895289252,124968.36130016517,317.4211237018349,10.316912020652588,202.77220768931144,1.1899007727230422,7.177814653445698,298.052692976366,0.6173164674666963,8.208089126989005,258.9423754310871,9880.0,9880.0,10.475580596859501,vlsfo
SYNTHETIC_TEST_DATA,2026-03-02T08:15:00+00:00,VESSEL_FE_01,container_feeder,CLASS_FEEDER_1000,21.343495447619702,78.48485604444605,15.355326298052061,15.330764138794892,7.982837211908157,15200.0,123.19075089966162,1931.9249567890845,149755.75892350063,384.6457680681645,7.335428028315192,336.97710732053633,1.2527115589191962,7.9927031813686025,220.3739552554251,0.36454041158659367,333.50098829924065,513.1985523014032,9880.0,9880.0,12.879499711927231,vlsfo
SYNTHETIC_TEST_DATA,2026-03-02T08:20:00+00:00,VESSEL_FE_01,container_feeder,CLASS_FEEDER_1000,21.349589881763162,78.49907639078079,14.629155538582788,14.690457488110724,8.015102057755016,15200.0,120.88564695719862,1716.10181671216,135562.5389052646,336.83240920408326,8.086615469261899,158.21343596840126,1.3502570546041925,6.1640081049934645,198.91725831827276,0.1696948009521284,330.0102281107259,403.0917140682448,9880.0,9880.0,11.440678778081066,vlsfo
SYNTHETIC_TEST_DATA,2026-03-02T08:25:00+00:00,VESSEL_FE_01,container_feeder,CLASS_FEEDER_1000,21.357047583742695,78.5164776953997,17.901560612650126,17.009318018874353,7.979968554011499,15200.0,129.23354486794767,2788.3815415255385,206038.4736858156,542.198163735541,6.223897877731801,223.73300071265183,1.6757853914812295,6.496911211992074,81.86074042422548,0.6766824348181181,114.82905332975116,407.3346100442639,9880.0,9880.0,18.589210276836923,vlsfo
SYNTHETIC_TEST_DATA,2026-03-02T08:30:00+00:00,VESSEL_FE_01,container_feeder,CLASS_FEEDER_1000,21.363522666822835,78.5315862225867,15.54286998182828,14.855077707991192,7.926437798254654,15200.0,121.4782797487683,1950.6003048238983,153334.90784590846,384.08902048910267,10.40466590215887,78.23944877700525,1.4149404044349208,7.989691295857561,31.666949468779055,0.7504087127397325,1.3411829079434634,793.3120233899508,9880.0,9880.0,13.004002032159324,vlsfo
SYNTHETIC_TEST_DATA,2026-03-02T08:35:00+00:00,VESSEL_FE_01,container_feeder,CLASS_FEEDER_1000,21.369780990625227,78.54618897812561,15.022558314821215,13.651031378202767,7.9475351582043094,15200.0,117.14371296152996,1359.1156917504954,110792.10745875283,279.2403606024344,2.979406112489957,131.89397576741655,1.5027655693146353,6.010840950138876,233.5848962376999,0.7744774868287152,44.69400464784418,75.61133722703786,9880.0,9880.0,9.060771278336636,vlsfo
SYNTHETIC_TEST_DATA,2026-03-02T08:40:00+00:00,VESSEL_FE_01,container_feeder,CLASS_FEEDER_1000,21.376201263589095,78.56116961504131,15.411303096832613,15.177867715420174,7.9475786178732735,15200.0,122.64032377551263,2053.7806689624563,159916.08735000092,402.6131748169558,7.4553784042690205,190.19318240457196,2.0475770406562983,6.123145029758535,1.5418118278566029,0.42203889771584957,138.56848099237564,57.2170306580324,9880.0,9880.0,13.691871126416375,vlsfo
SYNTHETIC_TEST_DATA,2026-03-02T08:45:00+00:00,VESSEL_FE_01,container_feeder,CLASS_FEEDER_1000,21.38223288433823,78.57524339678929,14.478377485379152,14.645663432735939,7.986133089560316,15200.0,120.72438835784938,1744.090951518082,137957.55766257414,348.7488120067182,5.80752413096959,44.067185182968124,1.6790518063296078,4.457075271739201,219.03002875581478,0.4043670150967691,316.92775752461347,452.5844589524391,9880.0,9880.0,11.627273010120547,vlsfo
SYNTHETIC_TEST_DATA,2026-03-02T08:50:00+00:00,VESSEL_FE_01,container_feeder,CLASS_FEEDER_1000,21.38853696923863,78.58995292822355,15.13240382379513,15.08395030729365,7.9512080831382494,15200.0,122.30222110625715,1836.9471535579057,143427.91997211086,359.12846566416835,5.903559524057446,7.098819844134878,1.923925813150062,6.1773620645763385,165.30373317821474,0.45583624288993413,334.75843582306766,771.6473276510983,9880.0,9880.0,12.246314357052706,vlsfo
SYNTHETIC_TEST_DATA,2026-03-02T08:55:00+00:00,VESSEL_FE_01,container_feeder,CLASS_FEEDER_1000,21.395433054622437,78.6060437941191,16.55344914921833,15.365603398946192,7.948895637701165,15200.0,123.31617223620628,1982.8370217005006,153545.9498749788,402.09317655132554,8.773119961032712,105.42486213169512,1.7399011600257888,5.391749937962742,135.04091510720528,0.7151411249652789,36.85331880544419,376.13459749320543,9880.0,9880.0,13.218913478003339,vlsfo
SYNTHETIC_TEST_DATA,2026-03-02T09:00:00+00:00,VESSEL_FE_01,container_feeder,CLASS_FEEDER_1000,21.401690729118087,78.62064503460896,15.02099971084775,14.837366618647621,8.000528760276454,15200.0,121.41451982713144,1964.8560676667435,154536.65150354733,398.8835625920282,6.550245439728616,329.5578061897974,1.5182798322004372,6.020147648563935,84.92121150553467,0.6217579543058513,145.80962154035203,372.5850368978386,9880.0,9880.0,13.099040451111623,vlsfo
SYNTHETIC_TEST_DATA,2026-03-02T09:05:00+00:00,VESSEL_FE_01,container_feeder,CLASS_FEEDER_1000,21.408165536107006,78.6357529175831,15.542207249020706,15.96397706834912,8.074086779727107,15200.0,125.47031744605684,2298.9312281138464,174967.0884223011,460.47339258248155,7.928102061501429,165.87405586504477,1.4000729689494378,6.15064256419754,110.13947871500696,0.4343860753148804,183.38035810175725,87.22577994174668,9880.0,9880.0,15.32620818742564,vlsfo
SYNTHETIC_TEST_DATA,2026-03-02T09:10:00+00:00,VESSEL_FE_01,container_feeder,CLASS_FEEDER_1000,21.4148141185212,78.65126627654955,15.959339941783885,15.097665403710094,7.97093407590174,15200.0,122.35159545335634,1815.1377823164519,141667.8627089857,361.2353615885722,4.0822152899144175,152.2461363688998,1.0317010911948754,7.0143154398358805,315.293987843056,0.43534348029672754,69.84001601745975,320.03583451605374,9880.0,9880.0,12.100918548776345,vlsfo
SYNTHETIC_TEST_DATA,2026-03-02T09:15:00+00:00,VESSEL_FE_01,container_feeder,CLASS_FEEDER_1000,21.420598820485413,78.66476391446605,13.885670562147745,14.41835756165815,7.995833368650169,15200.0,119.90608722196933,1671.65744909368,133130.4618524327,341.4235165562079,11.463153035463218,344.28237842643045,2.0394943200711895,4.981833092046784,330.10437091024244,0.5004298160855372,297.0830581557211,586.9598413226331,9880.0,9880.0,11.144382993957867,vlsfo
SYNTHETIC_TEST_DATA,2026-03-01T00:00:00+00:00,VESSEL_FE_02,container_feeder,CLASS_FEEDER_1000,18.927881014237506,72.84842236655417,14.116859741181074,13.749245521003914,8.054741247162822,15300.0,117.4972838756141,1450.6695150303635,117899.5206497993,285.79140062077,2.2068917196986826,136.2153653299336,1.176361037956342,7.593917565427958,108.95879605731464,0.2039574677750381,40.42304272808582,292.3969027591636,9945.0,9945.0,9.671130100202424,vlsfo
SYNTHETIC_TEST_DATA,2026-03-01T00:05:00+00:00,VESSEL_FE_02,container_feeder,CLASS_FEEDER_1000,18.93523317947108,72.86557741876584,17.648228894668634,16.01958784304884,8.169675975480503,15300.0,125.67051623497582,2267.0450842030264,172265.4328984168,449.33597684292175,6.420101560865208,356.90329759882354,2.6158930727461955,7.87167581583875,274.4646622936979,0.9119531798679481,94.42481785877331,294.93890372143835,9945.0,9945.0,15.113633894686842,vlsfo
SYNTHETIC_TEST_DATA,2026-03-01T00:10:00+00:00,VESSEL_FE_02,container_feeder,CLASS_FEEDER_1000,18.940951057603126,72.87891913440727,13.725265804059203,14.704184363073113,8.105324309730134,15300.0,120.93506370706321,1943.2927933939022,153446.6404347376,392.5382998547167,8.072424839160975,153.149570919737,1.4698428734431233,10.595486914477771,66.2164028888471,0.4996855991061608,229.75442588857055,349.23332953528876,9945.0,9945.0,12.95528528929268,vlsfo
SYNTHETIC_TEST_DATA,2026-03-01T00:15:00+00:00,VESSEL_FE_02,container_feeder,CLASS_FEEDER_1000,18.94741432903572,72.89400010108332,15.514517156108901,16.495129480763477,8.040590065543983,15300.0,127.38246613074853,2383.7321616099734,178697.79164329323,473.55092885635014,5.999986813222201,52.29808825177278,1.968483270957171,7.085553536196924,310.9769820949518,0.5504691662682895,216.81894792520544,604.352486934295,9945.0,9945.0,15.89154774406649,vlsfo
SYNTHETIC_TEST_DATA,2026-03-01T00:20:00+00:00,VESSEL_FE_02,container_feeder,CLASS_FEEDER_1000,18.953342331076858,72.90783210584598,14.22964984959235,13.59936917901113,8.060863304420135,15300.0,116.95772904444007,1402.489293768133,114509.62953556294,290.18832232472863,9.350557659014218,239.70733428823388,1.3030490635778487,5.3968992287302795,279.2172212015872,0.41259453847799965,99.76691244290174,266.57294183160695,9945.0,9945.0,9.349928625120887,vlsfo
SYNTHETIC_TEST_DATA,2026-03-01T00:25:00+00:00,VESSEL_FE_02,container_feeder,CLASS_FEEDER_1000,18.95956820662499,72.92235914879163,14.944669121608365,15.910773545672912,8.084412604554773,15300.0,125.27878476442248,2168.172953933305,165267.6199304762,425.9591498368406,10.026953460014337,328.75778106309775,0.5113606373163185,8.62460265615173,239.82431476140812,0.5097849649360312,236.7922764902293,356.6687523315368,9945.0,9945.0,14.454486359555366,vlsfo
SYNTHETIC_TEST_DATA,2026-03-01T00:30:00+00:00,VESSEL_FE_02,container_feeder,CLASS_FEEDER_1000,18.966794367036876,72.9392201897527,17.345765353072945,17.253787898171975,8.13943055596326,15300.0,130.11363643341912,2897.3912043626115,212645.2591222095,575.9213711264225,8.339614182214559,324.0669222377447,1.1869597682138038,6.713579532323826,27.81577089131531,0.46287781303859,342.6596815310888,150.4566605326281,9945.0,9945.0,19.315941362417412,vlsfo
SYNTHETIC_TEST_DATA,2026-03-01T00:35:00+00:00,VESSEL_FE_02,container_feeder,CLASS_FEEDER_1000,18.974187434348526,72.95647068014655,17.74641075174332,18.689510892372144,8.037216989685222,15300.0,135.2822392125397,3573.867036373335,252271.96479134352,688.0903970840399,7.257352185314647,259.7685279475863,2.027266848271041,7.389853149288192,245.4441631090734,0.8419069231252538,298.4537720706057,220.8697306007781,9945.0,9945.0,23.8257802424889,vlsfo
SYNTHETIC_TEST_DATA,2026-03-01T00:40:00+00:00,VESSEL_FE_02,container_feeder,CLASS_FEEDER_1000,18.98055400611146,72.97132601426007,15.28239806602025,15.086990421492686,8.137032135492154,15300.0,122.31316551737368,1869.3727869284908,145946.63702602705,381.04093748620755,8.82896496435687,202.27602056148376,1.7615997236348753,8.084052518176966,163.99112622836947,0.4790046630630667,352.2132800000916,287.5280554005641,9945.0,9945.0,12.462485246189939,vlsfo
SYNTHETIC_TEST_DATA,2026-03-01T00:45:00+00:00,VESSEL_FE_02,container_feeder,CLASS_FEEDER_1000,18.98606651743946,72.98418854069207,13.232300772672994,14.056819210452163,8.119143556768574,15300.0,118.60454915762779,1813.6158296591327,146021.00486534138,370.46212620014904,7.808273511106146,52.754030121719516,1.7951555472776495,6.20661192566363,72.43361932531421,0.4119821978825736,262.56616018277026,243.41303864548786,9945.0,9945.0,12.090772197727553,vlsfo
SYNTHETIC_TEST_DATA,2026-03-01T00:50:00+00:00,VESSEL_FE_02,container_feeder,CLASS_FEEDER_1000,18.992716273789753,72.99970463884276,15.962157872603791,15.255213219016737,8.105121140535946,15300.0,122.91876758846026,1993.6178204693206,154879.9115003026,396.8550827629622,11.926994304318907,11.259810458930307,1.02755519119887,6.081294504054012,261.8310814658752,0.3205158558457134,53.191240225958666,44.62861255309634,9945.0,9945.0,13.290785469795471,vlsfo
SYNTHETIC_TEST_DATA,2026-03-01T00:55:00+00:00,VESSEL_FE_02,container_feeder,CLASS_FEEDER_1000,18.99914344658591,73.01470137536712,15.427865540107163,15.543478247350652,8.08444003778842,15300.0,123.95652169046235,2114.5410606883206,162898.8895088786,427.2407208052509,9.970711007756647,216.3601983368441,1.698664154131432,6.080333583866607,294.26023346993486,0.802428711624384,159.44906272089733,670.7898532285154,9945.0,9945.0,14.096940404588803,vlsfo
SYNTHETIC_TEST_DATA,2026-03-01T01:00:00+00:00,VESSEL_FE_02,container_feeder,CLASS_FEEDER_1000,19.00491268039084,73.02816292091197,13.848540600168013,13.559637201377306,8.13473442611986,15300.0,116.8146939249583,1602.3657751163955,130989.22328121406,321.64693729636724,10.181333411775487,294.73265797308517,1.7459651006781545,6.787270406219201,46.49911059686322,0.7659746496836863,345.7909670056937,378.6560225730098,9945.0,9945.0,10.68243850077597,vlsfo
SYNTHETIC_TEST_DATA,2026-03-01T01:05:00+00:00,VESSEL_FE_02,container_feeder,CLASS_FEEDER_1000,19.010637532981367,73.04152091028986,13.742007380960862,14.8260378052719,8.184378506040321,15300.0,121.37373609897884,2388.3173685922275,187905.15663472895,470.2896413395581,8.816393126233935,190.94383419066136,2.313926984347032,9.42710728559788,62.83885808709765,0.5775251543029496,232.5411255300787,120.72526076609084,9945.0,9945.0,15.92211579061485,vlsfo
SYNTHETIC_TEST_DATA,2026-03-01T01:10:00+00:00,VESSEL_FE_02,container_feeder,CLASS_FEEDER_1000,19.017163609283326,73.0567484216611,15.665274745884945,15.870848049413743,8.040677601090373,15300.0,125.13505297788947,2234.1010944026134,170488.55172691648,448.9396924558138,8.001169302690627,186.6170330197088,1.6574836435758944,8.357709244603274,286.61355311321796,0.09635118284006622,227.72563912295539,137.50148252660364,9945.0,9945.0,14.894007296017422,vlsfo
SYNTHETIC_TEST_DATA,2026-03-01T01:15:00+00:00,VESSEL_FE_02,container_feeder,CLASS_FEEDER_1000,19.02326065195806,73.07097485456882,14.635417089508707,14.12223597867709,8.078535431472623,15300.0,118.84004952323752,1616.8832720213593,129923.35471611128,325.2432421818076,7.001146111693615,0.11319107187130584,1.64808479231437,8.189723311981016,359.59076654100585,0.6736132997702345,131.81629240887116,353.1996747376158,9945.0,9945.0,10.77922181347573,vlsfo
SYNTHETIC_TEST_DATA,2026-03-01T01:20:00+00:00,VESSEL_FE_02,container_feeder,CLASS_FEEDER_1000,19.03048585565439,73.08783366319359,17.34346884114665,17.10835266450726,8.11535541812912,15300.0,129.59006959222614,2831.750458429943,208667.41617471993,555.3720393305571,6.124961054068612,309.7546737654542,1.3380387630357244,7.350053210912928,85.37143074879313,0.5010646013254214,347.1566712785507,425.1884943253378,9945.0,9945.0,18.878336389532954,vlsfo
SYNTHETIC_TEST_DATA,2026-03-01T01:25:00+00:00,VESSEL_FE_02,container_feeder,CLASS_FEEDER_1000,19.03692205388436,73.10285145906352,15.449530303711464,15.87683375082403,8.176376603237863,15300.0,125.15660150296651,2236.0300535989545,170606.37552892044,440.52540974962915,9.981191533957633,212.9355626686544,1.4934442845016647,6.620052633925771,144.00899848238868,0.36656989724632594,193.387375557732,173.79292311887426,9945.0,9945.0,14.906867023993032,vlsfo
SYNTHETIC_TEST_DATA,2026-03-01T01:30:00+00:00,VESSEL_FE_02,container_feeder,CLASS_FEEDER_1000,19.042586370755892,73.11606819843043,13.596696687972305,13.683275734372586,8.15878427016155,15300.0,117.25979264374132,1345.9982370765433,109614.18300025078,280.57730649527485,3.452836766799525,242.46786638221846,1.366243739042371,8.925291995242425,159.72104681377215,0.5574621205151986,329.48847937093694,434.298829356888,9945.0,9945.0,8.973321580510289,vlsfo
SYNTHETIC_TEST_DATA,2026-03-01T01:35:00+00:00,VESSEL_FE_02,container_feeder,CLASS_FEEDER_1000,19.049206074565387,73.1315141739859,15.890019379784578,15.677793171765842,8.138860826822805,15300.0,124.44005541835703,2168.9594875241096,166441.88528122584,431.365938911983,10.389377593746046,132.980480467127,0.8382872866183978,7.005948036410884,107.2349433515181,0.5061505097069808,346.25366690410056,260.43636202793107,9945.0,9945.0,14.459729916827396,vlsfo
SYNTHETIC_TEST_DATA,2026-03-01T01:40:00+00:00,VESSEL_FE_02,container_feeder,CLASS_FEEDER_1000,19.05660644188759,73.14878169773772,17.763933787896182,16.433081904972465,8.097993797109833,15300.0,127.15909485790087,2397.833056378092,180070.63547826538,474.25131983179455,6.853184034031407,23.165633582974564,0.6783765150722666,7.73481390411814,163.72539263413793,0.6885911512219327,63.39507453662116,549.4770229100488,9945.0,9945.0,15.98555370918728,vlsfo
SYNTHETIC_TEST_DATA,2026-03-01T01:45:00+00:00,VESSEL_FE_02,container_feeder,CLASS_FEEDER_1000,19.062244111193458,73.16193625945141,13.532731539835513,14.918698574515734,8.0705364570468,15300.0,121.70731486825665,2146.708299336683,168433.21418387804,431.4214704559952,8.288355044466446,335.7885873626849,2.003195238809875,9.744940000783776,36.43180053363888,0.7037622486413485,238.4167693792631,54.250445919572165,9945.0,9945.0,14.311388662244553,vlsfo
SYNTHETIC_TEST_DATA,2026-03-01T01:50:00+00:00,VESSEL_FE_02,container_feeder,CLASS_FEEDER_1000,19.0682974957282,73.1760608233658,14.530619547113824,14.79307894458066,8.108047106830803,15300.0,121.25508420049039,1780.377638064035,140211.47411830435,355.14367025759105,10.404336975036747,243.6259066161888,0.8350544887797093,7.873343380372227,46.13841743245578,0.17954505452980107,270.76977803841254,584.7018862146949,9945.0,9945.0,11.869184253760233,vlsfo
SYNTHETIC_TEST_DATA,2026-03-01T01:55:00+00:00,VESSEL_FE_02,container_feeder,CLASS_FEEDER_1000,19.07349220802037,73.1881818187142,12.469452013339776,13.564476886138266,8.046842564492229,15300.0,116.83211679009776,1346.630385720539,110067.10566935546,269.8841719293489,10.686476663453348,153.62272784768848,1.13730287118588,7.684041035300828,176.23036775897188,0.6798462143622219,210.46075639770157,354.4284719847833,9945.0,9945.0,8.977535904803592,vlsfo
SYNTHETIC_TEST_DATA,2026-03-01T02:00:00+00:00,VESSEL_FE_02,container_feeder,CLASS_FEEDER_1000,19.0797229370451,73.20272018643857,14.956319467224667,15.768135796657722,8.046940390533228,15300.0,124.7652888679678,2446.596737696232,187257.83497472364,489.7446600474005,6.757138156924644,327.74844233938524,2.238404315599104,7.446121168663436,24.229465440838727,0.5947343781633603,200.3599856595404,75.81493661263502,9945.0,9945.0,16.31064491797488,vlsfo
SYNTHETIC_TEST_DATA,2026-03-01T02:05:00+00:00,VESSEL_FE_02,container_feeder,CLASS_FEEDER_1000,19.084908401151274,73.2148196026863,12.44725255261392,13.617212597239984,8.050706251250372,15300.0,117.02196535006394,1401.2887091174475,114348.8014858132,284.2586036153707,11.042361039476617,158.56284427785602,1.8353071552532103,6.36071719235767,225.76535111236427,0.6591743976044386,218.0129916941186,507.06859538439824,9945.0,9945.0,9.341924727449651,vlsfo
SYNTHETIC_TEST_DATA,2026-03-01T02:10:00+00:00,VESSEL_FE_02,container_feeder,CLASS_FEEDER_1000,19.091484125894205,73.2301629604198,15.784451481265565,14.551086115963829,7.988731840645101,15300.0,120.38391001746979,1620.309401785639,128528.92912102632,324.70663958072214,5.998258430576658,109.31703015955283,1.227714634052544,7.940511720877359,276.74281166456717,0.644652611964754,64.71781480616825,239.5550704817178,9945.0,9945.0,10.802062678570927,vlsfo
SYNTHETIC_TEST_DATA,2026-03-01T02:15:00+00:00,VESSEL_FE_02,container_feeder,CLASS_FEEDER_1000,19.096818537439702,73.24260992069263,12.804787839021765,13.665540784768222,8.02294635017493,15300.0,117.1959468251656,1370.0033499813353,111629.87002985575,277.3329673501788,8.564286486462269,282.22256887400226,1.2432740064754455,5.529603182100881,140.9215188912625,0.5024722263810518,224.17704507157714,178.87303796896296,9945.0,9945.0,9.133355666542235,vlsfo
SYNTHETIC_TEST_DATA,2026-03-01T02:20:00+00:00,VESSEL_FE_02,container_feeder,CLASS_FEEDER_1000,19.102817684385577,73.256607930233,14.400426964035775,14.889977461587804,8.029502325499278,15300.0,121.6039188617161,2030.7078548627774,159467.15999069693,408.7451563670743,9.196007188241584,73.05112190215209,2.212770686185509,7.974515455221519,129.73746971880374,0.338786505409687,287.807681673703,441.55916348592876,9945.0,9945.0,13.538052365751849,vlsfo
SYNTHETIC_TEST_DATA,2026-03-01T02:25:00+00:00,VESSEL_FE_02,container_feeder,CLASS_FEEDER_1000,19.108727961299294,73.27039857636501,14.18710223321223,14.755056298020042,8.12823711292452,15300.0,121.11820267287214,1785.1651621347778,140747.39561149266,361.0843293446922,7.91612210987057,236.58111303270118,1.140457260555769,7.732156604556531,92.5711333708306,0.269082877114735,221.46823379886627,726.8809381392575,9945.0,9945.0,11.901101080898519,vlsfo
SYNTHETIC_TEST_DATA,2026-03-01T02:30:00+00:00,VESSEL_FE_02,container_feeder,CLASS_FEEDER_1000,19.114829040511765,73.28463442786078,14.645106444901701,15.522823406671025,8.092098938562657,15300.0,123.8821642640157,2052.286404123753,158197.84605658383,408.6237888491089,11.785786699960791,134.28531614798428,0.8979915430819704,6.921806058231171,133.2179137921177,0.5674986277637679,210.25740794581142,624.6907692337958,9945.0,9945.0,13.68190936082502,vlsfo
SYNTHETIC_TEST_DATA,2026-03-01T02:35:00+00:00,VESSEL_FE_02,container_feeder,CLASS_FEEDER_1000,19.121526187682672,73.30026110459289,16.075915387993334,14.996976832091711,8.033800395263494,15300.0,121.98911659553016,1801.2879912684546,141004.65471505013,366.0843559424541,4.141788869724493,269.81194648413225,1.6231390457469292,7.592467257352298,192.39082280706455,0.5823712557706026,44.600619343808816,113.88160471655401,9945.0,9945.0,12.008586608456364,vlsfo
SYNTHETIC_TEST_DATA,2026-03-01T02:40:00+00:00,VESSEL_FE_02,container_feeder,CLASS_FEEDER_1000,19.12661947926806,73.31214545162547,12.226000487014273,13.344531238549774,8.12026200456532,15300.0,116.04031245877918,1292.6799347853039,106378.4113110899,259.87315657663163,6.6409972639990515,302.14928594439135,1.4378335895755494,7.235118477332763,149.2372886725148,0.6242395118905805,221.79140709882205,119.14868964973923,9945.0,9945.0,8.617866231902026,vlsfo
SYNTHETIC_TEST_DATA,2026-03-01T02:45:00+00:00,VESSEL_FE_02,container_feeder,CLASS_FEEDER_1000,19.133214710960477,73.32753432557443,15.831276205493616,15.264995017377354,8.05037335962514,15300.0,122.95398206255848,2170.410009837841,168566.22736760203,435.1687569658105,6.119934329601445,274.819339491582,1.7451842997009412,8.802538177593537,35.402136074060294,0.3871373524477516,24.681641783345086,285.12768067353244,9945.0,9945.0,14.469400065585605,vlsfo
SYNTHETIC_TEST_DATA,2026-03-01T02:50:00+00:00,VESSEL_FE_02,container_feeder,CLASS_FEEDER_1000,19.13964701216462,73.3425430283841,15.440175834431587,15.27176908377691,8.13164195661758,15300.0,122.97836870159688,1968.784021649739,152876.4996157385,395.35439325092887,5.709452212221838,322.4419504953274,1.7305731956799177,7.38435002080867,319.1041509093976,0.4333750468232719,342.8268471956273,586.8769959688552,9945.0,9945.0,13.125226810998262,vlsfo
SYNTHETIC_TEST_DATA,2026-03-01T02:55:00+00:00,VESSEL_FE_02,container_feeder,CLASS_FEEDER_1000,19.145787163560147,73.356870048307,14.73889579920952,14.540593332013643,8.080461452893333,15300.0,120.34613599524911,1716.8169024253702,136227.00594998768,346.66836864482445,9.803325494694214,65.93052450592089,1.5507000167026284,7.275347769333595,244.82190795483407,0.36338487855819773,348.71417041580145,612.1932107799514,9945.0,9945.0,11.445446016169134,vlsfo
SYNTHETIC_TEST_DATA,2026-03-01T03:00:00+00:00,VESSEL_FE_02,container_feeder,CLASS_FEEDER_1000,19.15204151201945,73.37146352804538,15.01301585182304,15.367219710686337,8.133701160115809,15300.0,123.32199095847082,2173.560090887033,168307.1266770749,424.9368036359082,3.2838082345246438,19.138021824501962,2.767496373049916,7.2277078733951825,177.5553598324056,0.745763000543321,327.92146190276696,307.18513409821355,9945.0,9945.0,14.490400605913553,vlsfo
SYNTHETIC_TEST_DATA,2026-03-01T03:05:00+00:00,VESSEL_FE_02,container_feeder,CLASS_FEEDER_1000,19.15635747943575,73.38153411868342,10.360101880865747,11.473653243248886,8.006930512238949,15300.0,109.305151675696,1243.6994209515537,108654.11603960834,263.150797345009,8.615344568099466,80.44006202274198,1.9689994725267066,6.989621648785311,87.40833488829982,0.5727774007643146,254.81710950114157,795.7049108797444,9945.0,9945.0,8.291329473010359,vlsfo
SYNTHETIC_TEST_DATA,2026-03-01T03:10:00+00:00,VESSEL_FE_02,container_feeder,CLASS_FEEDER_1000,19.16150423301597,73.3935432103706,12.3543313245215,12.414549004478385,8.072592043757815,15300.0,112.69237641612219,1016.3985724056243,86127.31158631852,198.3830295385162,7.610474798890098,293.2798557890803,0.7425527963945331,5.984838709843191,265.5238180403869,0.2139493433515265,166.68958755199142,626.6608233103264,9945.0,9945.0,8.0,vlsfo
SYNTHETIC_TEST_DATA,2026-03-01T03:15:00+00:00,VESSEL_FE_02,container_feeder,CLASS_FEEDER_1000,19.167181315882505,73.40678973705917,13.627340341192964,14.808861968956391,8.090691446866794,15300.0,121.31190308824301,1750.8493624468138,137821.42900190473,356.39367138144615,6.839140756835824,149.01545094342617,1.5843737976140948,7.454652294424209,237.4525284736387,0.7004063986620496,273.69910248708544,671.0635988663064,9945.0,9945.0,11.672329082978758,vlsfo
SYNTHETIC_TEST_DATA,2026-03-01T03:20:00+00:00,VESSEL_FE_02,container_feeder,CLASS_FEEDER_1000,19.173200500894353,73.42083450208682,14.44852658688668,15.263376281190629,8.07342715488466,15300.0,122.94815461228626,2154.29851911148,167322.84886749127,429.35207202486373,6.229697518960783,257.9544698406994,1.5141276857550228,6.635278388175828,26.889523211934673,0.5765790190323384,285.7676319539146,568.9095378256483,9945.0,9945.0,14.361990127409866,vlsfo
SYNTHETIC_TEST_DATA,2026-03-01T03:25:00+00:00,VESSEL_FE_02,container_feeder,CLASS_FEEDER_1000,19.17847300646479,73.43313701508451,12.65618796631891,13.607578096188803,8.171862954021803,15300.0,116.98728114627968,1372.044545303526,111995.5961302922,290.7773010573068,9.001862907211894,247.22071184089847,0.6330387983851689,8.839153470871754,131.83815052809265,0.862253536311824,189.13929582666483,536.5568578183043,9945.0,9945.0,9.14696363535684,vlsfo
SYNTHETIC_TEST_DATA,2026-03-01T03:30:00+00:00,VESSEL_FE_02,container_feeder,CLASS_FEEDER_1000,19.184679105844353,73.44761791363682,14.897198160543267,14.323563040505531,8.150640685259768,15300.0,119.56482694581992,1649.827678171278,131766.96037026137,335.0002149006583,10.361483347068452,71.43816118761444,1.194097558270102,4.783604587371247,184.5407692993063,0.5040616013120811,119.81695043343568,755.4214225558422,9945.0,9945.0,10.99885118780852,vlsfo
SYNTHETIC_TEST_DATA,2026-03-01T03:35:00+00:00,VESSEL_FE_02,container_feeder,CLASS_FEEDER_1000,19.191558179288986,73.46366908500764,16.512613478785454,15.840618176934417,8.123622550717764,15300.0,125.0262254369639,2104.942416818863,160772.02493620676,425.8309271731094,3.7290665316703824,8.5310647627445,0.2,7.459414850638174,358.15010530989923,0.4984178019750547,15.603219734855012,231.86295660940925,9945.0,9945.0,14.032949445459087,vlsfo
SYNTHETIC_TEST_DATA,2026-03-01T03:40:00+00:00,VESSEL_FE_02,container_feeder,CLASS_FEEDER_1000,19.19912991520755,73.48133646881762,18.17528909859056,18.61583738658822,8.168537225373749,15300.0,135.01701459171758,3497.2015000229017,247345.2286292129,678.7427079831346,6.1413741817414405,119.5623065923993,1.5756734668283705,7.234338518187645,264.39617886437907,0.23290862992802547,257.59583896229356,130.7690354991401,9945.0,9945.0,23.314676666819345,vlsfo
SYNTHETIC_TEST_DATA,2026-03-01T03:45:00+00:00,VESSEL_FE_02,container_feeder,CLASS_FEEDER_1000,19.20586985329234,73.49706299101547,16.178631230040637,15.342704947242632,8.14342361607506,15300.0,123.23373781007348,1928.0953376860225,149406.76597090942,380.4747894961863,9.414238814730272,256.49877973075957,1.8306375544415223,4.861921001078679,218.65876323461904,0.6167050183666684,112.1609298218259,71.94328748831407,9945.0,9945.0,12.853968917906816,vlsfo
SYNTHETIC_TEST_DATA,2026-03-01T03:50:00+00:00,VESSEL_FE_02,container_feeder,CLASS_FEEDER_1000,19.21174596621647,73.51077392117178,14.105094567572095,14.644215793992936,8.116089568452425,15300.0,120.71917685837457,1803.6610230674141,142675.70817856345,376.0536184182485,10.371238246450877,211.86495958486537,1.6940684616540898,7.38961798387462,30.547435475953858,0.5477152220100943,305.0462240709073,442.173926620775,9945.0,9945.0,12.024406820449428,vlsfo
SYNTHETIC_TEST_DATA,2026-03-01T03:55:00+00:00,VESSEL_FE_02,container_feeder,CLASS_FEEDER_1000,19.21726142638575,73.52364332823343,13.239379207968954,14.085156069503913,8.129256972873053,15300.0,118.70656185021409,2130.3870568237135,171378.0395157879,432.2481281012013,6.282210474005932,167.35360458884074,2.463684877615114,6.583082595416567,49.81344944169726,0.47900305873882393,228.75453820479007,119.64624374898032,9945.0,9945.0,14.202580378824756,vlsfo
SYNTHETIC_TEST_DATA,2026-03-01T04:00:00+00:00,VESSEL_FE_02,container_feeder,CLASS_FEEDER_1000,19.22369572328525,73.5386566876656,15.444966326395651,15.180892538559306,8.097203150296979,15300.0,122.6512131388135,1970.4973411393257,153417.67154157037,398.8028895554384,6.0020056624176945,279.7846138192603,1.5583800439362832,7.204752500342898,214.0510389490127,0.19251141017467172,105.44498564845216,466.7350852853417,9945.0,9945.0,13.136648940928838,vlsfo
SYNTHETIC_TEST_DATA,2026-03-01T04:05:00+00:00,VESSEL_FE_02,container_feeder,CLASS_FEEDER_1000,19.229703566033628,73.5526749874118,14.421300476545667,13.926423417563063,8.110267784112573,15300.0,118.13512430322703,1521.192975771149,122963.62301319456,311.1154483482084,6.39368383615292,357.28513551900494,2.1873743416153273,8.35193241835503,315.883049311064,0.3013345746550627,111.3961269770458,538.2610026568436,9945.0,9945.0,10.141286505140993,vlsfo
SYNTHETIC_TEST_DATA,2026-03-01T04:10:00+00:00,VESSEL_FE_02,container_feeder,CLASS_FEEDER_1000,19.235427052029905,73.56602978806978,13.738726991131143,13.127060987495904,8.19460844151998,15300.0,115.25741955498526,1600.8359751125492,132632.30749164024,327.485071217143,6.556910814759316,13.418959677493927,1.8505180134360533,8.341401280659667,53.18228251478473,0.47001287990648666,20.541210095506027,386.3629554076156,9945.0,9945.0,10.672239834083662,vlsfo
SYNTHETIC_TEST_DATA,2026-03-01T04:15:00+00:00,VESSEL_FE_02,container_feeder,CLASS_FEEDER_1000,19.242217939542147,73.58187519226502,16.300930869550328,15.725243460111766,8.089786525609634,15300.0,124.61087645640237,2035.8371223395472,156012.16389663125,411.18015126390856,8.59615906194165,27.102155860183412,1.2934450236016426,7.32706314756576,230.78317072147294,0.42346794782715963,111.19059176949393,567.7310904526986,9945.0,9945.0,13.57224748226365,vlsfo
SYNTHETIC_TEST_DATA,2026-03-01T04:20:00+00:00,VESSEL_FE_02,container_feeder,CLASS_FEEDER_1000,19.24944705465592,73.59874312753048,17.352857856240508,17.834027770250742,8.146318837391663,15300.0,132.20249997290267,3008.9837475516442,217345.9520981123,591.0700041677043,8.021604766217518,138.8002063117496,1.3044012483396694,6.353545724141119,223.51093473038964,0.3377407330426502,192.7603875811971,302.1633921832501,9945.0,9945.0,20.059891650344294,vlsfo
SYNTHETIC_TEST_DATA,2026-03-01T04:25:00+00:00,VESSEL_FE_02,container_feeder,CLASS_FEEDER_1000,19.25555166256095,73.61298721264222,14.65357676242117,14.101175680646113,8.09816464021905,15300.0,118.764232450326,1587.7516793427071,127663.95553082506,327.4357851466707,11.09768770871555,121.1557233194723,1.3602044232412365,6.9864509836470035,194.12300075604384,0.692432908629249,131.8289281065451,122.25513199601981,9945.0,9945.0,10.585011195618048,vlsfo
SYNTHETIC_TEST_DATA,2026-03-01T04:30:00+00:00,VESSEL_FE_02,container_feeder,CLASS_FEEDER_1000,19.260749473386166,73.62511543790106,12.476889770613834,13.054446883556677,8.048150304767065,15300.0,114.99600878080403,1209.5184306570748,100438.70515545698,244.58189150778878,7.446633952323601,209.04396066332654,1.0792699234526761,6.670175075163419,205.90590161092993,0.7630473257488563,310.04544312664353,418.9875534059343,9945.0,9945.0,8.063456204380499,vlsfo
SYNTHETIC_TEST_DATA,2026-03-01T04:35:00+00:00,VESSEL_FE_02,container_feeder,CLASS_FEEDER_1000,19.266341536626943,73.63816358546286,13.423258173798084,14.455034641532997,8.155528137014638,15300.0,120.0381247095188,1699.4400555995376,135194.19067478174,340.5742756469427,7.943075363170279,253.16618288621015,2.162368482813626,7.5528904121421565,308.60658459235736,0.5355042451034102,225.39683225131577,605.3255387560163,9945.0,9945.0,11.329600370663584,vlsfo
SYNTHETIC_TEST_DATA,2026-03-01T04:40:00+00:00,VESSEL_FE_02,container_feeder,CLASS_FEEDER_1000,19.27376480396863,73.65548454259347,17.818903279564992,16.18986720255515,8.144859720901653,15300.0,126.28352192919854,2695.003440429613,203790.5401947128,537.220031991407,7.350364005760372,301.9093685239123,2.0660256836053392,6.565370639134023,47.8533783517197,0.810712933698846,54.60682216193691,386.5484856154858,9945.0,9945.0,17.966689602864086,vlsfo
SYNTHETIC_TEST_DATA,2026-03-01T04:45:00+00:00,VESSEL_FE_02,container_feeder,CLASS_FEEDER_1000,19.280862511525672,73.67204586022658,17.037425522235903,17.1979467800096,8.08360544686844,15300.0,129.91260840803457,2816.3462354145677,207017.0541491911,556.3128111479285,8.940173758903477,79.23656618835807,2.0934456722995405,7.030809344389599,328.44165456622943,0.5867538244428903,163.19497283208247,113.01862045079652,9945.0,9945.0,18.77564156943045,vlsfo
SYNTHETIC_TEST_DATA,2026-03-01T04:50:00+00:00,VESSEL_FE_02,container_feeder,CLASS_FEEDER_1000,19.287179840539526,73.68678629459222,15.16419515849457,14.512343465763038,8.126400933984726,15300.0,120.24443647674694,1734.4540812398077,137742.8920706579,350.8935446670703,10.916697946795706,81.08722897186031,1.5263060379556903,5.96154680751219,196.21250846751965,0.5406729049391421,13.761160301786667,522.686033500978,9945.0,9945.0,11.563027208265385,vlsfo
SYNTHETIC_TEST_DATA,2026-03-01T04:55:00+00:00,VESSEL_FE_02,container_feeder,CLASS_FEEDER_1000,19.293725858496977,73.70206033649295,15.713142943820326,15.34230674007238,8.144789025551862,15300.0,123.23230426426056,2074.9700292166735,160789.8540349588,416.9831487156216,14.276366922115958,175.2189758678186,1.3529237825772178,6.70900384950636,119.66944820680207,0.24810575912478822,103.96838405368075,179.07158948042024,9945.0,9945.0,13.833133528111158,vlsfo
SYNTHETIC_TEST_DATA,2026-03-01T05:00:00+00:00,VESSEL_FE_02,container_feeder,CLASS_FEEDER_1000,19.299873087115785,73.71640386993683,14.755884054014826,13.969496612045958,8.008017250509877,15300.0,118.29018780336546,1475.6501122142745,119125.86191345785,303.456717983608,4.59672448819351,308.21693849718054,1.3779386141236905,6.975886541949044,128.78340314966454,0.6528216447367549,11.901312196241287,413.62328788167656,9945.0,9945.0,9.83766741476183,vlsfo
SYNTHETIC_TEST_DATA,2026-03-01T05:05:00+00:00,VESSEL_FE_02,container_feeder,CLASS_FEEDER_1000,19.306630334260205,73.73217077994047,16.220180112116694,16.269555229119767,8.121338446110874,15300.0,126.57039882483116,2298.8485908738976,173440.13452803006,459.33750384075626,10.122259287928957,221.85433259660508,0.588341428238605,8.012013870309975,23.887492112376663,0.045364473975774866,350.08638643273383,460.17509988674954,9945.0,9945.0,15.325657272492652,vlsfo
SYNTHETIC_TEST_DATA,2026-03-01T05:10:00+00:00,VESSEL_FE_02,container_feeder,CLASS_FEEDER_1000,19.313358052141364,73.74786878832985,16.149297701210845,15.736649331395801,8.060092714760678,15300.0,124.65193759302488,2058.0293137851586,157660.86495325735,413.491095231482,3.993273306492276,352.718594801907,0.7758210810148095,8.489964715478488,154.66647455943905,0.4865314694381694,132.37696973968835,763.5581679346951,9945.0,9945.0,13.72019542523439,vlsfo
SYNTHETIC_TEST_DATA,2026-03-01T05:15:00+00:00,VESSEL_FE_02,container_feeder,CLASS_FEEDER_1000,19.319870848533913,73.7630653132458,15.63339748612541,15.32502125604054,8.029895200197862,15300.0,123.17007652174594,2153.383893571819,166950.46429199155,438.5687216009592,10.76148021419581,0.1500900851173892,1.5881463105482296,6.760144495482031,47.45234535078077,0.42100054574036505,131.17838612293556,226.18545283252337,9945.0,9945.0,14.355892623812128,vlsfo
SYNTHETIC_TEST_DATA,2026-03-01T05:20:00+00:00,VESSEL_FE_02,container_feeder,CLASS_FEEDER_1000,19.326221422433058,73.77788331901047,15.24399659474881,14.70912695640539,8.146112397058596,15300.0,120.9528570430594,1998.374405223189,157772.7914073349,399.89864268724426,7.096618239077216,261.0416479762718,1.8522058342780492,4.0254921785189985,103.4986639667998,0.5361919914842264,118.50972158348424,378.22682483196434,9945.0,9945.0,13.32249603482126,vlsfo
SYNTHETIC_TEST_DATA,2026-03-01T05:25:00+00:00,VESSEL_FE_02,container_feeder,CLASS_FEEDER_1000,19.331903624938107,73.79114179152225,13.639629585182249,13.03617098067144,7.950708873294503,15300.0,114.93021553041719,1226.560430113151,101912.18447777009,245.9851407225256,4.043095984767935,234.05864107606786,1.6119463535340288,8.93612915227043,230.4616493189698,0.4893314075506544,117.48888460532729,312.42629052874696,9945.0,9945.0,8.177069534087673,vlsfo
SYNTHETIC_TEST_DATA,2026-03-01T05:30:00+00:00,VESSEL_FE_02,container_feeder,CLASS_FEEDER_1000,19.3377281319985,73.8047323079965,13.981219210230293,14.573831907551725,8.024438865675204,15300.0,120.46579486718622,1751.2733290918513,138823.0446678717,353.03540220503606,9.408347118828999,1.4205456097900182,1.7054855545150058,5.031118467655811,162.46098056374097,0.3264752739545903,248.16126981164143,535.8089017973371,9945.0,9945.0,11.675155527279008,vlsfo
SYNTHETIC_TEST_DATA,2026-03-01T05:35:00+00:00,VESSEL_FE_02,container_feeder,CLASS_FEEDER_1000,19.343012609076496,73.81706275451182,12.68492452199782,12.750294753504011,8.117334037437185,15300.0,113.90106111261444,1216.0818319437412,101954.50307529698,256.122475899418,8.746589668129614,141.19387344511227,1.4266416849357066,7.736302619213651,353.15313876569314,0.3712488772335386,153.19582849789975,367.40566280548234,9945.0,9945.0,8.107212212958274,vlsfo
SYNTHETIC_TEST_DATA,2026-03-01T05:40:00+00:00,VESSEL_FE_02,container_feeder,CLASS_FEEDER_1000,19.349658006531705,73.83256868190732,15.951694726614829,14.437983068642986,8.032762762684179,15300.0,119.97673904711475,1636.345441738416,130241.47900350337,331.24360716079707,5.4818904863514595,262.0923268962132,1.1820987217261845,6.63648904731323,237.8044055547038,0.9266321036006648,94.51411763363895,188.07726342875728,9945.0,9945.0,10.90896961158944,vlsfo
SYNTHETIC_TEST_DATA,2026-03-01T05:45:00+00:00,VESSEL_FE_02,container_feeder,CLASS_FEEDER_1000,19.355236007140466,73.84558401666109,13.389502056954633,14.159638901008782,8.07315654335646,15300.0,118.97470004363161,1550.016755701761,124409.38877999858,313.53188495027456,6.497503802994039,165.58154529714895,1.9153117737699157,6.81004099186033,283.7588551199004,0.8978719117163223,182.13120483295117,260.32903744376154,9945.0,9945.0,10.33344503801174,vlsfo
SYNTHETIC_TEST_DATA,2026-03-01T05:50:00+00:00,VESSEL_FE_02,container_feeder,CLASS_FEEDER_1000,19.361814631419715,73.86093413997935,15.791411564321791,14.17512185032206,8.135963761846016,15300.0,119.03043866115942,1499.2158214001677,120275.59240539321,299.94340829840587,7.7251310640526345,215.52761178167404,1.0647340136352923,7.186557093242972,269.99392466999495,0.8285696337706366,55.94387984354633,377.9377774214607,9945.0,9945.0,9.994772142667784,vlsfo
SYNTHETIC_TEST_DATA,2026-03-01T05:55:00+00:00,VESSEL_FE_02,container_feeder,CLASS_FEEDER_1000,19.367254796810286,73.87362785922402,13.058640684414858,13.201425093170027,8.059379942072173,15300.0,115.5251303354121,1226.3990431725938,101374.03144617338,252.78113865783556,1.018208711494328,174.79526718784948,1.897729937435202,7.348060109996506,183.50970239468882,0.32114559916928886,162.8086651493526,211.49581861290358,9945.0,9945.0,8.175993621150624,vlsfo
SYNTHETIC_TEST_DATA,2026-03-01T06:00:00+00:00,VESSEL_FE_02,container_feeder,CLASS_FEEDER_1000,19.373318655819002,73.88777686357768,14.555762604752656,13.512399815081976,8.074057734335941,15300.0,116.6446393342951,1334.5807892126754,109257.55222232327,277.46731228467246,12.030084727696963,203.72936824769587,0.8137428914128013,7.932826075285435,240.73195934697515,0.5437638742093601,63.81614794210134,752.5473638890124,9945.0,9945.0,8.897205261417836,vlsfo
SYNTHETIC_TEST_DATA,2026-03-01T06:05:00+00:00,VESSEL_FE_02,container_feeder,CLASS_FEEDER_1000,19.3789889170859,73.90100747320045,13.610965688560842,13.788625273338868,8.086887657073152,15300.0,117.63905098401992,1547.9389538629007,125653.24221048526,320.8201876927749,5.728721282952704,154.58123787468548,1.9992339523114997,6.947097835470643,299.9662347470587,0.8484627692392467,328.5719966670054,226.4495583302831,9945.0,9945.0,10.31959302575267,vlsfo
SYNTHETIC_TEST_DATA,2026-03-01T06:10:00+00:00,VESSEL_FE_02,container_feeder,CLASS_FEEDER_1000,19.38487005336567,73.91473012451992,14.117152692953153,14.47166193435445,8.078160221994608,15300.0,120.09798296367603,1713.5736148331985,136250.60359341945,351.5612390419055,8.597041308404242,301.81135953711043,1.3928777283145448,7.17504637393912,253.59445207802816,0.23727437819916736,288.3874077388233,491.2262173249633,9945.0,9945.0,11.423824098887989,vlsfo
SYNTHETIC_TEST_DATA,2026-03-01T06:15:00+00:00,VESSEL_FE_02,container_feeder,CLASS_FEEDER_1000,19.390501938964608,73.92787119091744,13.518848257760007,14.48276116778392,8.108502276428032,15300.0,120.13794020402212,1843.315952456207,146518.00006659108,364.30327753069884,8.727636512021963,269.97197814027305,1.3568432966065929,5.257953503481522,75.6594584972322,0.5819999946651392,277.11142360712614,466.1538776075806,9945.0,9945.0,12.288773016374712,vlsfo
SYNTHETIC_TEST_DATA,2026-03-01T06:20:00+00:00,VESSEL_FE_02,container_feeder,CLASS_FEEDER_1000,19.39682810542927,73.94263224600166,15.185408685373616,14.775405325392605,8.14766517758214,15300.0,121.19145917141338,1721.624387647065,135655.61466870434,345.54149996836225,11.119282458185175,334.270128906806,0.9706813660231518,4.49847309681512,320.6805431316106,0.5710752421340193,356.77072980938505,251.93432826103353,9945.0,9945.0,11.4774959176471,vlsfo
SYNTHETIC_TEST_DATA,2026-03-01T06:25:00+00:00,VESSEL_FE_02,container_feeder,CLASS_FEEDER_1000,19.402273002661406,73.95533700620997,13.069999055766754,12.327365263450826,8.082277600201186,15300.0,112.37851494842297,1069.3394568149558,90866.47593096223,223.91464256568915,4.5500707959683115,249.51520038481596,2.1435461299734557,6.23004107303438,260.1103760399667,0.8526984621119486,125.78271302966384,156.04720705983044,9945.0,9945.0,8.0,vlsfo
SYNTHETIC_TEST_DATA,2026-03-01T06:30:00+00:00,VESSEL_FE_02,container_feeder,CLASS_FEEDER_1000,19.40815509400728,73.96906188601702,14.11944524550656,14.036116807144198,8.166306453501834,15300.0,118.53002050571911,1471.4908137666757,118549.73232573534,297.7576724518856,8.867398787540097,216.11750112637804,1.5362865402955095,6.427097654310749,254.33629869624775,0.0,136.2623747359069,683.3700944217627,9945.0,9945.0,9.809938758444504,vlsfo
SYNTHETIC_TEST_DATA,2026-03-01T06:35:00+00:00,VESSEL_FE_02,container_feeder,CLASS_FEEDER_1000,19.415151837771788,73.98538762146754,16.795070778540268,16.853321872435444,8.080942234614879,15300.0,128.6719587407676,2628.3235704161934,195059.13753257022,,1.0,268.6585728601113,1.6221391411379542,6.078645328322277,183.3153443077034,0.5072887451652619,153.87262195708584,728.2504134245019,9945.0,9945.0,17.522157136107957,vlsfo
SYNTHETIC_TEST_DATA,2026-03-01T06:40:00+00:00,VESSEL_FE_02,container_feeder,CLASS_FEEDER_1000,19.42132195764392,73.99978456783585,14.810832503282299,14.879169403727206,8.142420322448142,15300.0,121.56500985341793,1908.485714615862,149917.28409398516,380.4658335749484,9.63739938291172,261.7382333406978,2.357190160178301,6.723836568266035,229.65254985629645,0.45582335868982826,330.9369340781055,426.0540410219713,9945.0,9945.0,12.72323809743908,vlsfo
SYNTHETIC_TEST_DATA,2026-03-01T06:45:00+00:00,VESSEL_FE_02,container_feeder,CLASS_FEEDER_1000,19.428241705636264,74.01593064648466,16.610249169145042,16.58852993692063,8.068931169597624,15300.0,127.71870777291426,2403.967763613259,179740.31805562592,484.6063567964647,7.342487460408058,312.91481189897803,1.0843171506013474,7.174200136476415,187.2184603035412,0.7821525708624408,155.72823478493552,574.9014839354711,9945.0,9945.0,16.02645175742173,vlsfo
SYNTHETIC_TEST_DATA,2026-03-01T06:50:00+00:00,VESSEL_FE_02,container_feeder,CLASS_FEEDER_1000,19.434401110243403,74.03030259056798,14.785111447886248,15.05039907875678,8.101025428200817,15300.0,122.18143668352441,1911.1723700586126,149370.90513185828,384.84538763460546,5.845939018840452,166.61560844060486,1.88057527490316,6.65373666369232,315.26127059991927,0.3613173337665295,313.9163509405988,249.5465795497641,9945.0,9945.0,12.741149133724083,vlsfo
SYNTHETIC_TEST_DATA,2026-03-01T06:55:00+00:00,VESSEL_FE_02,container_feeder,CLASS_FEEDER_1000,19.440207792952336,74.04385151688882,13.938433415233003,14.763971862629836,8.088115818079736,15300.0,121.1502987054674,2113.896799973617,166621.3596649222,416.96930636915636,7.525716818343688,114.7907338185943,1.9469091767787918,6.204577333435953,49.19470922807153,0.48003092522571267,216.40360219771537,658.3955617179101,9945.0,9945.0,14.092645333157447,vlsfo
SYNTHETIC_TEST_DATA,2026-03-01T07:00:00+00:00,VESSEL_FE_02,container_feeder,CLASS_FEEDER_1000,19.446698554401646,74.0589966269372,15.58050453423085,14.163199732313089,8.190686803515735,15300.0,118.98751903632711,1631.8266528054983,130961.60681380684,329.3243033332867,10.566336864016488,260.7273272616837,2.067914924425065,6.960248728765587,188.86829630230372,0.751076492181552,75.1519760396653,369.84355425467857,9945.0,9945.0,10.878844352036655,vlsfo
SYNTHETIC_TEST_DATA,2026-03-01T07:05:00+00:00,VESSEL_FE_02,container_feeder,CLASS_FEEDER_1000,19.453477772461177,74.07481480240943,16.272919370083912,16.008758880829735,8.123855976893973,15300.0,125.63153197098706,2186.545952910221,166200.1208981227,434.14388478172646,4.599282135100367,316.0905381671668,1.2142752145358677,7.263327950343918,161.91879904702003,0.27712206938985695,122.84596967569328,57.11431991638756,9945.0,9945.0,14.576973019401473,vlsfo
SYNTHETIC_TEST_DATA,2026-03-01T07:10:00+00:00,VESSEL_FE_02,container_feeder,CLASS_FEEDER_1000,19.459115026788783,74.08796839584052,13.53173542084609,13.423644726080285,8.093866188944263,15300.0,116.32512101388903,1590.0272289810894,130527.62340793145,326.23277439492006,6.993377516749479,158.98420309025897,1.7144016089169551,8.357664114349973,49.126186876985415,0.094306116233691,329.9975856704643,,9945.0,9945.0,10.600181526540595,vlsfo
SYNTHETIC_TEST_DATA,2026-03-01T07:15:00+00:00,VESSEL_FE_02,container_feeder,CLASS_FEEDER_1000,19.465338844689537,74.10249063760894,14.939729919241062,15.969961413320963,8.052205870598604,15300.0,125.49186108795547,2177.5887071332227,165703.49842135175,431.39374049785755,9.056102616898663,81.2193135234639,0.42219656070822476,7.676078605195296,301.6726913642644,0.5563659248837228,248.43474709658915,256.3343291733346,9945.0,9945.0,14.517258047554819,vlsfo
SYNTHETIC_TEST_DATA,2026-03-01T07:20:00+00:00,VESSEL_FE_02,container_feeder,CLASS_FEEDER_1000,19.471823722542403,74.11762201926562,15.566381476131676,16.583380775032595,8.17852718003595,15300.0,127.70017079011734,2435.7999118348935,182146.78678315177,483.34583822413555,2.820746284001409,260.56791561551154,1.5517285824468487,6.328957031529136,268.82296051705805,0.5223918482888756,256.6338199081233,462.537953190533,9945.0,9945.0,16.23866607889929,vlsfo
SYNTHETIC_TEST_DATA,2026-03-01T07:25:00+00:00,VESSEL_FE_02,container_feeder,CLASS_FEEDER_1000,19.47894109934482,74.1342292318046,17.084639823523574,15.988914081481427,8.127513153547007,15300.0,125.56009069333314,2428.3920671378664,184687.95257281157,492.8835388818717,10.661949617625087,357.0372483309734,2.548755307022284,4.885819646876563,144.5472297648994,0.6133367813942173,41.40993687493197,615.6033785753037,9945.0,9945.0,16.189280447585777,vlsfo
SYNTHETIC_TEST_DATA,2026-03-01T07:30:00+00:00,VESSEL_FE_02,container_feeder,CLASS_FEEDER_1000,19.485056579524002,74.14849868555602,14.679674704557666,14.16114658084092,8.093920070482673,15300.0,118.98012769102732,1532.681978208498,123012.43127921585,316.3883028011363,6.868564905021994,91.63699624296329,1.0400099444631516,8.172356980514454,350.64509416035304,0.3993994974562491,7.395492430131796,161.9531436732583,9945.0,9945.0,10.21787985472332,vlsfo
SYNTHETIC_TEST_DATA,2026-03-01T07:35:00+00:00,VESSEL_FE_02,container_feeder,CLASS_FEEDER_1000,19.492245142672488,74.16527199956916,17.25551641425575,16.52720292545365,8.101512328242798,15300.0,127.49793053163314,2425.7199761564852,181680.74877087056,478.41902197742166,3.4506632654706495,211.0985086681799,1.5823438099098592,6.70189215043476,169.93354411120984,0.5758678332568479,117.71608114810408,756.5209807370234,9945.0,9945.0,16.1714665077099,vlsfo
SYNTHETIC_TEST_DATA,2026-03-01T07:40:00+00:00,VESSEL_FE_02,container_feeder,CLASS_FEEDER_1000,19.498393592996468,74.17961838365845,14.758816650313047,13.834602616549107,8.20351993044553,15300.0,117.80456941957678,1430.8285266833848,115983.66711607951,299.12079666534197,6.912676429379319,64.57334114257336,1.0073109979650596,8.426019904726418,283.1004830528338,0.5017863746221397,53.82171086818503,271.009796601425,9945.0,9945.0,9.538856844555898,vlsfo
SYNTHETIC_TEST_DATA,2026-03-01T07:45:00+00:00,VESSEL_FE_02,container_feeder,CLASS_FEEDER_1000,19.50522449362235,74.19555715178551,16.39697884533918,15.768516538785956,8.073827667875992,15300.0,124.76665953962944,2452.2624853511934,187689.41850775058,496.19054483480915,10.189088503197155,359.8161855460509,1.8671117495130682,8.376222106180055,79.05056380787975,0.5695117187084328,9.502505561716191,,9945.0,9945.0,16.348416569007956,vlsfo
SYNTHETIC_TEST_DATA,2026-03-01T07:50:00+00:00,VESSEL_FE_02,container_feeder,CLASS_FEEDER_1000,19.51081865393041,74.20861019250431,13.428292000198766,13.669457413779075,8.13424772783275,15300.0,117.21004668960467,1919.9877084861196,156424.57781309716,386.1336399741225,6.373903405435367,182.03612027047765,2.3054504682071886,7.749458111066035,44.26007630476366,0.3678646112456391,321.2302421634695,682.797236957983,9945.0,9945.0,12.79991805657413,vlsfo
SYNTHETIC_TEST_DATA,2026-03-01T07:55:00+00:00,VESSEL_FE_02,container_feeder,CLASS_FEEDER_1000,19.516673132610833,74.22227064275863,14.053163459824132,13.72629521515828,8.096485903899282,15300.0,117.41466277456982,1704.1630301592645,138599.02860942492,346.6529667547083,12.686128487023645,86.50244280887455,1.8638564560163806,5.5946920171559125,100.79196737621157,0.19897441146586936,28.276186979684606,705.3330622436235,9945.0,9945.0,11.36108686772843,vlsfo
SYNTHETIC_TEST_DATA,2026-03-01T08:00:00+00:00,VESSEL_FE_02,container_feeder,CLASS_FEEDER_1000,19.52333816410436,74.2378223829102,15.998824516455292,17.09719049032454,8.030921041323547,15300.0,129.54988576516834,2809.5785285564475,207097.817887002,558.5647747988479,4.929976755258729,157.74418467079684,1.3733856486912766,8.40160406239191,42.52544158122848,0.716746156121475,207.0963635990512,444.6848603859681,9945.0,9945.0,18.73052352370965,vlsfo
SYNTHETIC_TEST_DATA,2026-03-01T08:05:00+00:00,VESSEL_FE_02,container_feeder,CLASS_FEEDER_1000,19.529397074376853,74.25195984021268,14.543883596755771,14.501158352867437,8.04929201539299,15300.0,120.20417007032277,1672.5980486088301,132875.04772233005,337.88257830610945,9.756809743739598,272.74117603388845,0.9351023008519741,6.2219699036500895,224.91504364696212,0.2995384466698804,345.5515286990025,404.05402755858114,9945.0,9945.0,11.150653657392201,vlsfo
SYNTHETIC_TEST_DATA,2026-03-01T08:10:00+00:00,VESSEL_FE_02,container_feeder,CLASS_FEEDER_1000,19.53547890520135,74.26615077880318,14.59890237494776,14.685582593804734,8.162106930931378,15300.0,120.86809733769704,1745.6681577514182,137918.1384123314,348.25325108795096,8.012348309133937,91.49482372284245,1.482010651904252,7.769072990250548,310.98548226666287,0.7972077787030295,156.5283904379739,339.4751093401181,9945.0,9945.0,11.637787718342787,vlsfo
SYNTHETIC_TEST_DATA,2026-03-01T08:15:00+00:00,VESSEL_FE_02,container_feeder,CLASS_FEEDER_1000,19.542067921457644,74.28152515006786,15.816356595301418,14.556676773203419,8.108382573236335,15300.0,120.40403638353231,2297.100143722064,182184.01324316676,457.9031981516878,9.7516177071386,38.017724712444114,2.269232657014262,7.408746434189452,57.55059932741306,0.6567210188594599,79.60122133594304,427.21893990470886,9945.0,9945.0,15.314000958147092,vlsfo
SYNTHETIC_TEST_DATA,2026-03-01T08:20:00+00:00,VESSEL_FE_02,container_feeder,CLASS_FEEDER_1000,19.548783269174983,74.29719429474166,16.119604206078805,16.865892300756297,8.098914577005614,15300.0,128.71721228272267,2683.31841450517,199070.52770222028,531.5438546197602,11.157933750521245,88.15930145294645,2.3109620639776156,6.9901890316920126,148.29333359107616,0.5631162508394726,291.0598257206638,731.4421357103188,9945.0,9945.0,17.888789430034464,vlsfo
SYNTHETIC_TEST_DATA,2026-03-01T08:25:00+00:00,VESSEL_FE_02,container_feeder,CLASS_FEEDER_1000,19.554436407445685,74.31038495070662,13.569863435462906,14.349525919695724,8.107306582047848,15300.0,119.65829331090461,1750.2866889945728,139681.13902024724,360.9566316657325,6.809379036965013,21.76688661313138,1.9519128443047589,8.546598870773186,251.98062675430907,0.515592279492008,208.58881065472997,643.3508415539233,9945.0,9945.0,11.668577926630485,vlsfo
SYNTHETIC_TEST_DATA,2026-03-01T08:30:00+00:00,VESSEL_FE_02,container_feeder,CLASS_FEEDER_1000,19.560772044019856,74.32516810271302,15.20814085405135,15.099004601545817,8.089228672325726,15300.0,122.35641656556494,2061.5853362971293,160896.26000200963,411.85802475095795,5.318602227296087,226.1631627997669,1.581861127529009,5.7955727156402705,74.19380627895865,0.07889214435820313,25.918475809846733,791.818789253484,9945.0,9945.0,13.743902241980862,vlsfo
SYNTHETIC_TEST_DATA,2026-03-01T08:35:00+00:00,VESSEL_FE_02,container_feeder,CLASS_FEEDER_1000,19.56727302842821,74.34033706633252,15.605043852311228,15.594574337788725,8.097842982796527,15300.0,124.14046761603942,2061.9662634621477,158613.28523447184,403.77487601489224,5.580111415649622,345.16490023645355,1.2198496115509252,6.917982653965644,135.69017344399862,0.7021048040653426,152.7215821319655,233.8583386201726,9945.0,9945.0,13.746441756414319,vlsfo
SYNTHETIC_TEST_DATA,2026-03-01T08:40:00+00:00,VESSEL_FE_02,container_feeder,CLASS_FEEDER_1000,19.57363613048137,74.35518430445656,15.274069331507926,15.841575921217913,8.07203817833025,15300.0,125.02967331638449,2459.865138262562,187875.25507000327,485.82459760161834,11.122335061877134,132.30300421919333,1.7256146927609166,9.675754138233966,69.22223141121876,0.6516312523549196,183.60582564723825,717.693376531155,9945.0,9945.0,16.399100921750414,vlsfo
SYNTHETIC_TEST_DATA,2026-03-01T08:45:00+00:00,VESSEL_FE_02,container_feeder,CLASS_FEEDER_1000,19.579585561618476,74.36906631044315,14.281088518158064,14.017709094376217,8.110946942353582,15300.0,118.46375273975438,1510.1707660183465,121734.01741849577,310.6698014536681,2.681197160708132,296.81433764615826,1.156535750069141,7.496167951726605,319.57599133511474,0.27054670170770734,127.01139704202943,382.81121750538847,9945.0,9945.0,10.067805106788978,vlsfo
SYNTHETIC_TEST_DATA,2026-03-01T08:50:00+00:00,VESSEL_FE_02,container_feeder,CLASS_FEEDER_1000,19.586026076521218,74.38409417854955,15.459892098733778,15.530075429750948,8.157634143874079,15300.0,123.90827154710341,2128.6225179425714,164047.54491881857,419.10899275822203,8.440238418884977,123.451418313551,1.6048396545457448,8.319222090745187,164.25041210203216,0.03084235149932063,259.8443068700601,133.0203029618962,9945.0,9945.0,14.190816786283811,vlsfo
SYNTHETIC_TEST_DATA,2026-03-01T08:55:00+00:00,VESSEL_FE_02,container_feeder,CLASS_FEEDER_1000,19.591367353677832,74.39655715858164,12.821268137357704,13.394265776768478,8.098020864251378,15300.0,116.21935679636653,1285.88714049707,105656.38993872466,271.19810892623644,3.6039568007078087,56.64403397465831,0.9293923772195887,6.718857157207163,191.36887595903332,0.6358804849453205,308.28553762815216,602.3199197359578,9945.0,9945.0,8.572580936647133,vlsfo
SYNTHETIC_TEST_DATA,2026-03-01T09:00:00+00:00,VESSEL_FE_02,container_feeder,CLASS_FEEDER_1000,19.597067845122396,74.40985830528562,13.68353058312211,13.651666781213077,8.077340263301563,15300.0,117.14600041236707,1398.6763587081994,114014.77924500222,284.97977169582174,7.184811159075227,150.6215152472968,1.5027704213958988,5.697315718101397,141.6839476727069,0.5128937852205345,152.62501356114012,479.2386342713152,9945.0,9945.0,9.324509058054662,vlsfo
SYNTHETIC_TEST_DATA,2026-03-01T09:05:00+00:00,VESSEL_FE_02,container_feeder,CLASS_FEEDER_1000,19.603154295030592,74.42406002173809,14.609990080919665,15.353864701553535,8.162605271225429,15300.0,123.27391292559273,2032.5322400461748,157448.17957984982,402.2688048366881,10.425166010549137,351.72229248575724,1.274499385276603,8.513842089773261,286.584155856618,0.42572267176251466,214.86169365466267,86.06738100570145,9945.0,9945.0,13.550214933641167,vlsfo
SYNTHETIC_TEST_DATA,2026-03-01T09:10:00+00:00,VESSEL_FE_02,container_feeder,CLASS_FEEDER_1000,19.609460290762097,74.43877401177826,15.136990606553535,14.708565193571262,8.092914095222808,15300.0,120.95083469685655,1748.884736065681,138077.74936342056,357.621546981952,8.724065359681006,163.96678806233115,1.7928028209048907,4.8882276837562095,219.92031986175,0.41064051877222596,6.057409324481422,101.92782490523443,9945.0,9945.0,11.659231573771207,vlsfo
SYNTHETIC_TEST_DATA,2026-03-01T09:15:00+00:00,VESSEL_FE_02,container_feeder,CLASS_FEEDER_1000,19.61499256197224,74.45168264460193,13.279732639596745,14.023580053658248,8.092821367668092,15300.0,118.4848881931697,1666.0673773013136,134276.7990071529,343.65501587272297,9.465809170728948,212.78981588214813,1.5188614483411191,7.459802827187431,87.60789141129973,0.377878520740074,244.03968918731724,663.0088523983572,9945.0,9945.0,11.107115848675424,vlsfo
SYNTHETIC_TEST_DATA,2026-03-01T09:20:00+00:00,VESSEL_FE_02,container_feeder,CLASS_FEEDER_1000,19.621082667097028,74.4658928898931,14.618764108298043,14.433186566438192,7.97500346379588,15300.0,119.9594716391775,1610.7425915489132,128222.12801907786,326.2493374222658,4.139232191185925,185.9001924701429,1.8208553245069268,7.2674789956046055,167.28711037001327,0.4883922944188409,142.17607552627305,331.9497337591847,9945.0,9945.0,10.738283943659422,vlsfo
SYNTHETIC_TEST_DATA,2026-03-01T09:25:00+00:00,VESSEL_FE_02,container_feeder,CLASS_FEEDER_1000,19.62792056381809,74.48184798224224,16.4137723592417,16.820497747149982,8.119624946850081,15300.0,128.55379188973995,2568.324657143494,190781.56714339973,508.84218243809283,10.260458455424232,258.93107665486247,1.7913732203290496,7.097836335077787,181.78999817712736,0.47194324245188024,304.6539108284854,462.1974094004348,9945.0,9945.0,17.122164380956626,vlsfo
SYNTHETIC_TEST_DATA,2026-03-01T09:30:00+00:00,VESSEL_FE_02,container_feeder,CLASS_FEEDER_1000,19.634017150818636,74.49607335191018,14.634323283511426,14.49913730473327,8.083917582567901,15300.0,120.19689429703978,1781.546903525941,141538.76322902457,363.4616117284147,6.604864301973287,239.03777642978693,1.2327646891436996,6.214871576818802,56.91664401970673,0.23278764898891885,136.65295320198524,362.5176199705953,9945.0,9945.0,11.876979356839607,vlsfo
SYNTHETIC_TEST_DATA,2026-03-01T09:35:00+00:00,VESSEL_FE_02,container_feeder,CLASS_FEEDER_1000,19.640177132189027,74.51044664177444,14.786495917579948,15.463274201079717,8.016950405549649,15300.0,123.66778712388698,2091.5333316290166,161502.62381751064,416.91365803428965,6.017108731654795,180.64973342738443,1.3796648606821393,6.31960199687051,121.71080928022374,0.34274277566950345,228.3069202018771,751.7026951784512,9945.0,9945.0,13.943555544193446,vlsfo
SYNTHETIC_TEST_DATA,2026-03-01T09:40:00+00:00,VESSEL_FE_02,container_feeder,CLASS_FEEDER_1000,19.645733904032944,74.52341244274358,13.338544265719815,13.487383430443074,7.964683123528996,15300.0,116.55458034959507,1351.2511190996674,110707.7702059169,272.0772263125484,6.961091563343546,310.0471359846594,1.7115179873652002,8.649889253761561,200.99839926085505,0.13791085912833756,268.0888209754126,344.5472057362255,9945.0,9945.0,9.008340793997784,vlsfo
SYNTHETIC_TEST_DATA,2026-03-01T09:45:00+00:00,VESSEL_FE_02,container_feeder,CLASS_FEEDER_1000,19.651517853888233,74.53690832573925,13.883865190527384,14.297937916460892,8.067878666014577,15300.0,119.47257649925922,1673.4778141978468,133759.030275467,336.77702225735396,7.06953709676219,252.7576442951089,1.9058795492396792,6.864916111638411,354.01674642352407,0.2632557344469436,260.2181743351583,193.3820551079144,9945.0,9945.0,11.156518761318978,vlsfo
SYNTHETIC_TEST_DATA,2026-03-01T09:50:00+00:00,VESSEL_FE_02,container_feeder,CLASS_FEEDER_1000,19.658670738087814,74.5535983888716,17.169872221426843,16.927347907709255,8.174665078106287,15300.0,128.9384524677533,2764.3792414417876,204732.3877876308,544.7455970849625,6.502588061682709,50.223313579034304,1.789966920864642,5.17796182295201,255.32243498779152,0.15560974609067985,84.01381153763876,728.3753441906805,9945.0,9945.0,18.42919494294525,vlsfo
SYNTHETIC_TEST_DATA,2026-03-01T09:55:00+00:00,VESSEL_FE_02,container_feeder,CLASS_FEEDER_1000,19.66394623801465,74.56590788870089,12.663375656663405,13.32166333349896,8.186751149988693,15300.0,115.95798800059626,1400.2293436128164,115310.77350039249,293.39976643936944,6.77666252936754,15.631221684367427,1.8118381632395573,6.402169091878756,127.62455622420845,0.4349681193992491,202.85236856018167,212.09074447582992,9945.0,9945.0,9.33486229075211,vlsfo
SYNTHETIC_TEST_DATA,2026-03-01T10:00:00+00:00,VESSEL_FE_02,container_feeder,CLASS_FEEDER_1000,19.670167703614602,74.58042464176745,14.934083427140683,14.798784120956062,8.050422484371264,15300.0,121.27562283544182,1743.453456082648,137280.30205841715,350.1585258168862,11.249566993072026,22.64084723503029,1.25490194326099,6.587525594154575,244.03402568323057,0.41902873353163045,143.19889961124608,240.88869044902455,9945.0,9945.0,11.623023040550986,vlsfo
SYNTHETIC_TEST_DATA,2026-03-01T10:05:00+00:00,VESSEL_FE_02,container_feeder,CLASS_FEEDER_1000,19.67584538429179,74.59367256334755,13.628775333327193,12.505821808298196,8.089320627105838,15300.0,113.02095850987351,1242.657890604517,104993.87819892482,245.56069350170247,6.0370398086833355,75.60174197721562,1.476823148709617,8.819230149459429,115.84030093879721,0.5919660612929654,44.604124481991676,313.6403768955372,9945.0,9945.0,8.284385937363446,vlsfo
SYNTHETIC_TEST_DATA,2026-03-01T10:10:00+00:00,VESSEL_FE_02,container_feeder,CLASS_FEEDER_1000,19.682142456617438,74.6083657321074,15.115570752113289,14.679389395822962,8.03157542832388,15300.0,120.84580182496266,1759.8512528544265,139064.3390677011,351.6317925193328,9.190343461942145,268.3280395008949,1.3344747342639598,5.3561878417454265,171.95471557460968,0.7016100525721185,355.44245890595613,602.3041676730302,9945.0,9945.0,11.732341685696177,vlsfo
SYNTHETIC_TEST_DATA,2026-03-01T10:15:00+00:00,VESSEL_FE_02,container_feeder,CLASS_FEEDER_1000,19.688313132620802,74.62276397611525,14.81216744761372,15.43008644903448,8.129991338773031,15300.0,123.54831121652413,2009.6156557952954,155327.2216440809,406.06661767651656,7.461323092907994,284.76039101819055,1.6649514407969803,6.631758024927642,214.04473384211104,0.63920095732964,183.13928035248952,274.81685223108013,9945.0,9945.0,13.39743770530197,vlsfo
SYNTHETIC_TEST_DATA,2026-03-01T10:20:00+00:00,VESSEL_FE_02,container_feeder,CLASS_FEEDER_1000,19.693765346535677,74.6354858085833,13.087562112046438,13.349054434382854,8.193611733781822,15300.0,116.05659596377828,1396.1940217078193,114880.76738327158,293.3704556130131,6.530473286564317,231.82486077930517,2.3675369812571376,8.855933692916288,206.60518568586085,0.776465489179293,325.9969374367652,415.4967172615118,9945.0,9945.0,9.307960144718795,vlsfo
SYNTHETIC_TEST_DATA,2026-03-01T10:25:00+00:00,VESSEL_FE_02,container_feeder,CLASS_FEEDER_1000,19.700099418319336,74.65026530941184,15.204384711434889,15.421821859341403,8.177844730004871,15300.0,123.51855869362905,2141.8657151008715,165588.97040381847,428.7252337140228,4.580620206003951,257.147788389521,2.5355412996083073,7.035700893590635,278.60238903162787,0.3459743834718625,320.52888059552924,584.8641749112046,9945.0,9945.0,14.279104767339144,vlsfo
SYNTHETIC_TEST_DATA,2026-03-01T10:30:00+00:00,VESSEL_FE_02,container_feeder,CLASS_FEEDER_1000,19.706785391268458,74.66586591295979,16.049092647001526,16.64308845909116,8.117784669105685,15300.0,127.91511845272818,2484.610932824451,185484.61654998804,494.0399703964512,5.885087170265563,128.44526851197176,1.3170341364764264,5.673754191018977,131.30916490465296,0.37543583269543507,207.500090459563,494.2050084094806,9945.0,9945.0,16.56407288549634,vlsfo
SYNTHETIC_TEST_DATA,2026-03-01T10:35:00+00:00,VESSEL_FE_02,container_feeder,CLASS_FEEDER_1000,19.712542883556846,74.67930006163269,13.820356117785348,14.381816706367726,8.077377983024364,15300.0,119.77454014292381,1899.5328436404386,151444.55972197241,378.6916618796939,6.306983427637837,202.03830820180372,1.6922147188098293,5.1213673270378735,89.55342851891015,0.4753639408482189,295.45620628022755,773.8402692118399,9945.0,9945.0,12.66355229093626,vlsfo
SYNTHETIC_TEST_DATA,2026-03-01T10:40:00+00:00,VESSEL_FE_02,container_feeder,CLASS_FEEDER_1000,19.718807885383683,74.69391839922864,15.038588327784954,14.331753647000163,8.106700223808396,15300.0,119.59431312920059,1602.7211657576856,127973.13981950156,324.3469228957462,4.8132657457705825,19.63566562361928,1.67477897431603,6.445608397174887,226.51125797865396,0.5088375669919172,20.795045254131423,645.6377215189993,9945.0,9945.0,10.684807771717903,vlsfo
SYNTHETIC_TEST_DATA,2026-03-01T10:45:00+00:00,VESSEL_FE_02,container_feeder,CLASS_FEEDER_1000,19.725846039934286,74.71034075984672,16.89447374467835,17.61487964675321,8.110282832029744,15300.0,131.41356672831157,3033.7323041173368,220449.15341932574,590.1086888942458,2.551868808290555,267.53451962581886,2.0295593301040924,7.327712926757862,310.9893817827538,0.42014178765001875,215.51885008476614,80.92323393805387,9945.0,9945.0,20.224882027448913,vlsfo
SYNTHETIC_TEST_DATA,2026-03-01T10:50:00+00:00,VESSEL_FE_02,container_feeder,CLASS_FEEDER_1000,19.732081632093955,74.72489047488594,14.967992996827867,14.81726763178268,8.083612879166662,15300.0,121.34216347441765,1833.0433114321015,144255.49811997314,368.17622241622547,7.241228378925684,258.5338691395127,1.6737546549665423,6.376273659095681,351.5554848431029,0.3419222692635553,348.31872189794024,789.9011040637737,9945.0,9945.0,12.220288742880676,vlsfo
SYNTHETIC_TEST_DATA,2026-03-01T10:55:00+00:00,VESSEL_FE_02,container_feeder,CLASS_FEEDER_1000,19.736343623979028,74.73483512261778,10.230538344203557,11.124558252190832,8.100571225768066,15300.0,108.048409707887,1153.4886064388543,101945.08961931986,244.44738826699646,6.744812917926543,215.89257565737833,2.1362110801420244,8.476310149455635,36.16409008721379,0.49649435034356454,220.36119692946255,134.15351430570854,9945.0,9945.0,8.0,vlsfo
SYNTHETIC_TEST_DATA,2026-03-01T11:00:00+00:00,VESSEL_FE_02,container_feeder,CLASS_FEEDER_1000,19.743230904819466,74.7509054445788,16.532314613783218,15.373936840876214,8.027876657457716,15300.0,123.34617262715437,2007.4192937839027,155411.73106172957,402.67929216240435,7.690767027122616,333.57158070421286,1.494568126650902,5.446039625830681,265.8713792474598,0.5962348177349075,71.06270782810176,287.6015712341384,9945.0,9945.0,13.382795291892686,vlsfo
SYNTHETIC_TEST_DATA,2026-03-01T11:05:00+00:00,VESSEL_FE_02,container_feeder,CLASS_FEEDER_1000,19.749387198136557,74.76527012898535,14.77764306855071,14.558636586590058,8.0884597067256,15300.0,120.41109171172421,1875.7005981751954,148753.9151333549,376.00597770300783,5.310400114942271,154.5735152520642,1.4319001456080107,5.545219086049651,79.63970040884787,0.5002094372165073,137.81693763724675,169.6079118492656,9945.0,9945.0,12.504670654501302,vlsfo
SYNTHETIC_TEST_DATA,2026-03-01T11:10:00+00:00,VESSEL_FE_02,container_feeder,CLASS_FEEDER_1000,19.755657337878194,74.77990045504917,15.050921442389182,14.994887261011273,8.095382089658106,15300.0,121.98159413964058,1834.4618363614438,143610.35592113782,370.40719720959567,9.98518292501474,259.0866939159405,1.4370197837265004,5.763381397134875,135.63664966682467,0.42510362210283636,153.7255502413449,645.4595624445006,9945.0,9945.0,12.229745575742959,vlsfo
SYNTHETIC_TEST_DATA,2026-03-01T11:15:00+00:00,VESSEL_FE_02,container_feeder,CLASS_FEEDER_1000,19.76108635698497,74.79256816629831,13.031885006116216,13.559805362247513,8.101961396388088,15300.0,116.81529930409104,1374.2644247313337,112341.95055664517,291.8482687769975,5.66720417179351,291.25666383497594,0.7699332350741097,5.7198649149311205,41.608370287320646,0.3327397160088157,286.1703299129398,246.38968161349896,9945.0,9945.0,9.161762831542225,vlsfo
SYNTHETIC_TEST_DATA,2026-03-01T11:20:00+00:00,VESSEL_FE_02,container_feeder,CLASS_FEEDER_1000,19.767226402294455,74.80689493868711,14.738641148953292,14.088515182804873,8.1701978026775,15300.0,118.71865465809753,1516.7601164130904,122002.66455528769,307.19485297158764,5.393794893578184,276.8523219736618,1.842524481825257,9.56580936458225,206.56106894292355,0.4165823545716098,94.85614545939382,297.99109763372485,9945.0,9945.0,10.111734109420603,vlsfo
SYNTHETIC_TEST_DATA,2026-03-01T11:25:00+00:00,VESSEL_FE_02,container_feeder,CLASS_FEEDER_1000,19.773477064137936,74.8214798163219,15.004166453330772,14.763778171424978,8.109491819717624,15300.0,121.14960141712993,1844.7364774295806,145406.46885364084,369.73942054826665,5.6074260853738345,230.91044562483697,1.0103029165486155,5.381589212351251,97.3870548156724,0.2197097704551641,121.49280830681036,443.8250524847834,9945.0,9945.0,12.298243182863871,vlsfo
SYNTHETIC_TEST_DATA,2026-03-01T11:30:00+00:00,VESSEL_FE_02,container_feeder,CLASS_FEEDER_1000,19.779602275114684,74.83577197526765,14.703032632099243,14.142683645983753,8.19777432719819,15300.0,118.91366112554152,1564.5104703133984,125637.1585127761,324.44593895837124,2.4422868674173523,234.66781697833383,1.403736715238371,6.890842126250406,248.4091124030198,0.571965133257378,2.441375784469786,281.0170326629659,9945.0,9945.0,10.430069802089323,vlsfo
SYNTHETIC_TEST_DATA,2026-03-01T11:35:00+00:00,VESSEL_FE_02,container_feeder,CLASS_FEEDER_1000,19.786852228087046,74.85268853220316,17.402877311244247,16.85187910711286,8.090444689511004,15300.0,128.6667647856063,2559.2382644342924,189939.68847200225,516.3282482906674,6.986919570156582,46.968319718074156,2.4254268171456337,8.141398204934712,162.19450237950002,0.43243253372994755,111.38757745018553,158.73052099032725,9945.0,9945.0,17.06158842956195,vlsfo
SYNTHETIC_TEST_DATA,2026-03-01T11:40:00+00:00,VESSEL_FE_02,container_feeder,CLASS_FEEDER_1000,19.79276604681313,74.86648744256402,14.195604043684467,15.346696524803892,8.04156825570053,15300.0,123.24810748929401,2359.0786030676577,182782.0459733171,477.29477307052764,4.395655469621582,260.6300284067879,2.2288933473557013,7.360352124929416,34.15722432180064,0.7174220396977531,274.9690268388864,799.4375252961454,9945.0,9945.0,15.727190687117718,vlsfo
SYNTHETIC_TEST_DATA,2026-03-01T11:45:00+00:00,VESSEL_FE_02,container_feeder,CLASS_FEEDER_1000,19.798917771048398,74.88084146577965,14.766675387698289,15.472549329950567,8.120176117372695,15300.0,123.70117758782204,2048.2754395310126,158119.67228055466,414.7224745096328,11.524077642579083,69.50995468589348,1.7660880799225769,9.363070980186595,308.09102473217723,0.410598108017629,211.0866582293643,357.2360271509042,9945.0,9945.0,13.655169596873417,vlsfo
SYNTHETIC_TEST_DATA,2026-03-01T11:50:00+00:00,VESSEL_FE_02,container_feeder,CLASS_FEEDER_1000,19.80389038131154,74.89244422306032,11.936315539695226,13.344359432981623,8.103804723946125,15300.0,116.03969395873384,1362.3192409706003,112109.83097565336,270.5511239500975,7.585525295831996,196.32112528517996,1.2360954268200528,7.404048630107567,7.849720000987173,0.7164842903233897,233.81452447451701,740.9732003196324,9945.0,9945.0,9.082128273137336,vlsfo
SYNTHETIC_TEST_DATA,2026-03-01T11:55:00+00:00,VESSEL_FE_02,container_feeder,CLASS_FEEDER_1000,19.80997960798645,74.9066524186351,14.616655466282332,13.936975724844471,8.069662557867622,15300.0,118.1731126094401,1456.797345337567,117720.4324099879,294.4749616772782,3.487166996353956,24.225785183215997,1.3960889056398118,6.086759315647857,248.37841066034622,0.4332222376977075,93.81203801331549,245.85596914446924,9945.0,9945.0,9.711982302250448,vlsfo
SYNTHETIC_TEST_DATA,2026-03-01T12:00:00+00:00,VESSEL_FE_02,container_feeder,CLASS_FEEDER_1000,19.815227346031744,74.9188971407408,12.596735690827943,14.006105338691727,8.102092723789124,15300.0,118.42197921929022,1621.1575180054026,130726.69493727852,335.0386893686138,7.736278733418932,318.20885240687386,2.2389181500041366,7.585845567680287,344.1543369624726,0.7429442948995562,249.31927630724573,345.7697541821833,9945.0,9945.0,10.807716786702684,vlsfo
SYNTHETIC_TEST_DATA,2026-03-01T12:05:00+00:00,VESSEL_FE_02,container_feeder,CLASS_FEEDER_1000,19.820980649945927,74.93232151654055,13.8103022922334,14.485260854780728,8.058999439868025,15300.0,120.14693907721062,1713.1099133208309,136158.23067595132,339.99804534726593,7.69617519544253,283.3469362539479,1.7533029548397279,6.783459967447401,224.4095729868249,0.40807698278521487,216.5168433525794,249.12429775680835,9945.0,9945.0,11.420732755472205,vlsfo
SYNTHETIC_TEST_DATA,2026-03-01T12:10:00+00:00,VESSEL_FE_02,container_feeder,CLASS_FEEDER_1000,19.828035191003966,74.94878211234264,16.933808120989177,16.180268510196946,8.12595353564609,15300.0,126.24896663670901,2321.1406678985763,175567.85805814262,465.5172016379176,7.8527384554053485,237.34291011096616,0.4238764676881819,9.421918652550623,188.56158872529406,0.6452258112231107,9.680270511692232,208.76870537939044,9945.0,9945.0,15.474271119323843,vlsfo
SYNTHETIC_TEST_DATA,2026-03-01T12:15:00+00:00,VESSEL_FE_02,container_feeder,CLASS_FEEDER_1000,19.83437103422884,74.96356574653402,15.208636900968548,15.881294608285188,8.08734047273028,15300.0,125.17266058982668,2191.911458391558,167218.72417456686,440.59933352090195,11.238860038004338,225.3495528154042,0.5971249371158687,10.13332321406541,281.50029901666164,0.7122180515205159,304.7383246512234,393.73489914061344,9945.0,9945.0,14.612743055943719,vlsfo
SYNTHETIC_TEST_DATA,2026-03-01T12:20:00+00:00,VESSEL_FE_02,container_feeder,CLASS_FEEDER_1000,19.839224471986956,74.97489043463628,11.650252376007153,12.203107754232317,8.129467525081918,15300.0,111.93118791523634,1013.0804220146894,86429.93606144688,202.89097375437012,9.902893034294626,192.5320672108205,1.4572136601056873,7.492661962069955,283.23211397624544,0.5097574210069261,307.22801140167445,730.1115871545859,9945.0,9945.0,8.0,vlsfo
SYNTHETIC_TEST_DATA,2026-03-01T12:25:00+00:00,VESSEL_FE_02,container_feeder,CLASS_FEEDER_1000,19.84622333303103,74.99122111040579,16.800153122752796,16.272941556170387,8.097892659314365,15300.0,126.5825896022134,2349.586376510271,177251.0519265499,459.85678229813016,9.67016974611461,8.065967465621334,2.0195719157420906,6.837864362912046,297.60019969573943,0.3613838896023584,19.652057973513397,693.6180749914245,9945.0,9945.0,15.663909176735139,vlsfo
SYNTHETIC_TEST_DATA,2026-03-01T12:30:00+00:00,VESSEL_FE_02,container_feeder,CLASS_FEEDER_1000,19.85166945426301,75.00392872661374,13.072937160227141,14.143865893282932,8.128489897435289,15300.0,118.91791721581856,1599.9731073656455,128480.36770903149,323.5229370651676,7.387156548717888,141.27006607813948,1.6651938778279909,8.487648288482948,255.55042772189955,0.5759485751255922,220.37710225033265,140.87263191708016,9945.0,9945.0,10.666487382437637,vlsfo
SYNTHETIC_TEST_DATA,2026-03-01T12:35:00+00:00,VESSEL_FE_02,container_feeder,CLASS_FEEDER_1000,19.858527578132126,75.01993101564167,16.462325857076806,15.302139242781907,8.094262714699996,15300.0,123.08770127401488,2193.4138993952715,170167.77178643623,432.96857470291553,5.045069235960872,67.4030253923465,1.6724085389448942,7.698823128840547,42.018681843345355,0.7333566324380476,96.15285958946866,562.1614832727614,9945.0,9945.0,14.62275932930181,vlsfo
SYNTHETIC_TEST_DATA,2026-03-01T12:40:00+00:00,VESSEL_FE_02,container_feeder,CLASS_FEEDER_1000,19.863686213582767,75.03196783169317,12.382852714101231,13.10875673492975,8.061457768677109,15300.0,115.1915242457471,1255.0598804489764,104043.58401767701,256.7479573249214,8.378662153954952,316.4559589701493,1.803646112493222,7.199146377882461,164.27195265787327,0.603282856550881,191.27573381240254,339.8732078191158,9945.0,9945.0,8.367065869659843,vlsfo
SYNTHETIC_TEST_DATA,2026-03-01T12:45:00+00:00,VESSEL_FE_02,container_feeder,CLASS_FEEDER_1000,19.86996842555273,75.04662632628975,15.079899769454887,14.571136146630277,8.142134360198863,15300.0,120.456090127869,1654.9514733205283,131198.20207176273,339.708732341724,5.573187121254478,62.10429757137952,1.2883402255017404,6.578316078393422,222.48327973767428,1.1587708216736297,349.49975394856875,338.5903166905056,9945.0,9945.0,11.033009822136854,vlsfo
SYNTHETIC_TEST_DATA,2026-03-01T12:50:00+00:00,VESSEL_FE_02,container_feeder,CLASS_FEEDER_1000,19.876410807948872,75.06165855188075,15.464374853122592,14.272244980612712,8.190082130217325,15300.0,119.38008193020576,1747.9116843186077,139816.68305942038,354.270097087186,8.587299198799865,99.64538783087245,2.3045824844137917,7.679681623191094,348.49671306554194,0.6222708840516417,76.1555617141798,725.3158776526114,9945.0,9945.0,11.65274456212405,vlsfo
SYNTHETIC_TEST_DATA,2026-03-01T12:55:00+00:00,VESSEL_FE_02,container_feeder,CLASS_FEEDER_1000,19.882942787273045,75.07689983697048,15.679444433844235,14.964684554761151,8.108357664379241,15300.0,121.87286439714015,1748.1762495166167,136977.60837052212,362.21505278768467,6.459787196833679,102.6190702661103,0.8743806072025042,6.891913365029674,324.68999862679357,0.5042614980710223,19.598553861986808,240.88035177154774,9945.0,9945.0,11.654508330110778,vlsfo
SYNTHETIC_TEST_DATA,2026-03-01T13:00:00+00:00,VESSEL_FE_02,container_feeder,CLASS_FEEDER_1000,19.888687624902044,75.09030445810481,13.789979715948588,14.702936255565843,8.090488854083844,15300.0,120.93057052003704,1739.8601982093692,137388.26318758744,349.4442774484616,10.9651108009652,176.02564510006255,1.3287395756503062,6.413906012721356,343.06074504893223,0.4784999691138549,255.03125255401872,625.2703296089074,9945.0,9945.0,11.599067988062462,vlsfo
SYNTHETIC_TEST_DATA,2026-03-01T13:05:00+00:00,VESSEL_FE_02,container_feeder,CLASS_FEEDER_1000,19.89496200848349,75.10494468646151,15.061108408260262,15.045065110745963,8.05154737619051,15300.0,122.16223439868547,2067.802099607487,161637.96959424604,421.0306422954059,5.234221267623737,282.07104897608303,1.8014680106289622,6.25703565102927,32.92928478971227,0.3942149881708512,333.1615923733887,456.7572802088008,9945.0,9945.0,13.78534733071658,vlsfo
SYNTHETIC_TEST_DATA,2026-03-01T13:10:00+00:00,VESSEL_FE_02,container_feeder,CLASS_FEEDER_1000,19.90105774871112,75.11916808032598,14.632290679274565,14.574228777834286,8.164495276338084,15300.0,120.46722360020343,1705.9478363140245,135228.49918449126,341.60630083237174,9.347364760308617,128.26911051659175,0.9939854995417321,7.999541449147221,153.28892031536842,0.5147178222038953,340.1988580419617,137.68793605032351,9945.0,9945.0,11.37298557542683,vlsfo
SYNTHETIC_TEST_DATA,2026-03-01T13:15:00+00:00,VESSEL_FE_02,container_feeder,CLASS_FEEDER_1000,19.90704132655998,75.13312976197331,14.363054709858142,14.439861888417985,8.056234959491883,15300.0,119.98350279830476,1651.1437699445237,131411.91244456873,334.09488708903604,5.118658334260786,265.79481730286386,0.9358946471471249,7.213181651945563,5.116690646871116,0.18723929995886573,323.3648987170984,284.19214419267956,9945.0,9945.0,11.007625132963492,vlsfo
SYNTHETIC_TEST_DATA,2026-03-01T13:20:00+00:00,VESSEL_FE_02,container_feeder,CLASS_FEEDER_1000,19.91265567852562,75.1462299165598,13.476760306261214,14.58050705177475,8.043868840570584,15300.0,120.4898253863891,1639.4807094903817,129935.34923755187,334.057407563704,8.84859630159162,212.096967987288,1.106441182396447,7.136941085366336,345.3840306977308,0.6836465053066898,275.39538436844924,675.0318126761467,9945.0,9945.0,10.929871396602545,vlsfo
SYNTHETIC_TEST_DATA,2026-03-01T13:25:00+00:00,VESSEL_FE_02,container_feeder,CLASS_FEEDER_1000,19.919445608794,75.16207308718603,16.29863308947776,16.799930689977906,8.123333839904038,15300.0,128.47975048392047,2706.920849284302,201192.71656401275,537.4313747196965,10.246919055907432,71.20960332234104,1.5206830818404364,9.205294756944106,34.748502950032126,0.5840401013726508,178.70608960552786,495.5272554688321,9945.0,9945.0,18.04613899522868,vlsfo
SYNTHETIC_TEST_DATA,2026-03-01T13:30:00+00:00,VESSEL_FE_02,container_feeder,CLASS_FEEDER_1000,19.9256473845262,75.17654389722783,14.886819623623634,14.198415768738068,8.169571658962765,15300.0,119.11429676745703,1517.5965525983224,121664.48504671757,308.72354234321165,7.246966104960205,3.478699353689363,1.0155235221629009,6.430976060974313,257.5774788447235,0.43879797538063825,32.2268134817891,662.3965648835664,9945.0,9945.0,10.117310350655483,vlsfo
SYNTHETIC_TEST_DATA,2026-03-01T13:35:00+00:00,VESSEL_FE_02,container_feeder,CLASS_FEEDER_1000,19.93229903888087,75.19206442405539,15.966713865918337,16.157628582703982,8.12358503325313,15300.0,126.16746289773434,2299.52538038282,174045.26776440497,462.1774508742462,6.15015205351815,132.99274251161316,1.2898710511498825,7.666083664085614,235.3996288276893,0.37939144265155506,176.09377976567617,766.4225965732182,9945.0,9945.0,15.330169202552133,vlsfo
SYNTHETIC_TEST_DATA,2026-03-01T13:40:00+00:00,VESSEL_FE_02,container_feeder,CLASS_FEEDER_1000,19.939058183976552,75.20783576261198,16.224735977933996,15.352269607847548,8.162452608399308,15300.0,123.26817058825117,2019.49421469744,156445.48886258094,397.7058664367282,6.866845975852975,173.5598592915928,0.9916202125807363,6.29213567116264,40.862923671079294,0.7305165157802784,13.830096876856054,176.94757201880196,9945.0,9945.0,13.4632947646496,vlsfo
SYNTHETIC_TEST_DATA,2026-03-01T13:45:00+00:00,VESSEL_FE_02,container_feeder,CLASS_FEEDER_1000,19.94480948648078,75.22125546845517,13.805498082871837,14.32424094154419,8.11351474733539,15300.0,119.56726738955908,1687.0703718239618,134738.67633598455,340.1819281168665,11.939245080914286,165.90847546551686,2.2699257432651225,6.2725756628390394,293.02954391478977,0.46135739584836144,187.69687431884262,422.19954372422626,9945.0,9945.0,11.247135812159744,vlsfo
SYNTHETIC_TEST_DATA,2026-03-01T13:50:00+00:00,VESSEL_FE_02,container_feeder,CLASS_FEEDER_1000,19.95116128855093,75.23607633995219,15.246944711721051,14.885517658694278,8.063476687054552,15300.0,121.58786357129941,1796.762551909001,141114.56520380554,358.38343888175865,7.203531027937924,7.037989791470283,1.5819403845380202,6.281408385451859,284.54885641598685,0.41223013201067665,7.79503501153326,292.5058317055868,9945.0,9945.0,11.978417012726673,vlsfo
SYNTHETIC_TEST_DATA,2026-03-01T13:55:00+00:00,VESSEL_FE_02,container_feeder,CLASS_FEEDER_1000,19.957142345589283,75.25003213970835,14.357003724959174,14.822634216069943,8.043599839577823,15300.0,121.3614831778518,1826.7581012060302,143737.9837624612,372.61081052370747,4.461866339243166,67.76113388267981,1.5883848391129516,6.420123150441447,180.55472835596225,0.31259831428084883,191.71084650657596,483.56691287445506,9945.0,9945.0,12.178387341373535,vlsfo
SYNTHETIC_TEST_DATA,2026-03-01T14:00:00+00:00,VESSEL_FE_02,container_feeder,CLASS_FEEDER_1000,19.963226796074537,75.26422919084061,14.605190641217641,16.465265523605108,8.092160410465212,15300.0,127.2749558849784,2513.970416239284,188620.36875166325,507.7097370737323,10.366861513624242,184.49293041612987,1.8364937120822387,6.456557577545038,251.38670205175382,0.9988045632763813,242.07724899240426,391.20004715099896,9945.0,9945.0,16.759802774928563,vlsfo
SYNTHETIC_TEST_DATA,2026-03-01T14:05:00+00:00,VESSEL_FE_02,container_feeder,CLASS_FEEDER_1000,19.96961973009267,75.27914603688292,15.345678351371285,14.218002306050959,8.082545291833004,15300.0,119.18480830178345,1557.3138006985932,124774.72231133287,319.2309158704311,7.008429074377446,137.85803474896036,0.9835103871507346,5.524066614090132,280.98480224745816,0.611247826994656,39.92701862284892,770.7652643312643,9945.0,9945.0,10.382092004657288,vlsfo
SYNTHETIC_TEST_DATA,2026-03-01T14:10:00+00:00,VESSEL_FE_02,container_feeder,CLASS_FEEDER_1000,19.975841950412434,75.29366455096238,14.935895065962216,14.67417113466036,8.07181374245511,15300.0,120.8270160847773,1664.8208251914384,131575.4401344988,334.7700662511164,4.914347852149707,138.0786828962485,0.4381812704785346,7.068553136144273,96.50836166749374,0.42779631305474164,351.4056404985322,125.40110431044529,9945.0,9945.0,11.098805501276257,vlsfo
SYNTHETIC_TEST_DATA,2026-03-01T14:15:00+00:00,VESSEL_FE_02,container_feeder,CLASS_FEEDER_1000,19.982343483243593,75.30883479423508,15.606360293233067,14.75090060587193,8.056194058415043,15300.0,121.10324218113895,1889.1008445057078,148960.37396874075,376.8491595673464,10.873295121126679,245.90757641680077,1.5395499102729107,6.471236614736323,107.39871544778933,0.6373733922669712,107.69007277875984,262.79719808508804,9945.0,9945.0,12.594005630038051,vlsfo
SYNTHETIC_TEST_DATA,2026-03-01T14:20:00+00:00,VESSEL_FE_02,container_feeder,CLASS_FEEDER_1000,19.98766607848379,75.32125418312887,12.776423832768028,12.553389110955312,8.134816544070086,15300.0,113.19220079943912,1063.3125545821276,89704.82838120854,210.7284455830822,5.517365559673562,228.19696906905804,0.8267353934329295,6.69216933118888,318.1920000522609,0.41323327181832475,351.60133205018377,46.623169968317605,9945.0,9945.0,8.0,vlsfo
SYNTHETIC_TEST_DATA,2026-03-01T14:25:00+00:00,VESSEL_FE_02,container_feeder,CLASS_FEEDER_1000,19.993238574274734,75.33425667330773,13.3762882237835,13.31725108080558,8.061791612105788,15300.0,115.94210389090009,1367.6611949754124,112644.17274683742,279.82858969328146,4.144114156334497,93.07366804472464,1.4459395808915394,6.1058430193231725,6.527754165515751,0.011788676255580277,57.77438517787043,798.2453925293499,9945.0,9945.0,9.117741299836082,vlsfo
SYNTHETIC_TEST_DATA,2026-03-01T14:30:00+00:00,VESSEL_FE_02,container_feeder,CLASS_FEEDER_1000,19.998677137704394,75.3469466546436,13.054795317510964,13.022403927099836,8.054416881191562,15300.0,114.88065413755942,1169.0566480531722,97176.22815899679,244.01071610558824,2.7725154752418133,292.0268838125605,1.0444487274644756,10.365354991283295,326.0621630271079,0.0,319.66436977048863,798.5962804656466,9945.0,9945.0,8.0,vlsfo
SYNTHETIC_TEST_DATA,2026-03-01T14:35:00+00:00,VESSEL_FE_02,container_feeder,CLASS_FEEDER_1000,20.004424234707344,75.36035654765048,13.795403145292607,13.214114545360546,8.1103345036248,15300.0,115.57081236329796,1222.8963971824355,101044.5470725081,252.73838131526745,4.3406242014836955,280.2988089453887,1.3859424091421801,6.097198195039818,323.03583688942837,0.4701533829640023,116.15030436379102,355.6005257206115,9945.0,9945.0,8.152642647882903,vlsfo
SYNTHETIC_TEST_DATA,2026-03-01T14:40:00+00:00,VESSEL_FE_02,container_feeder,CLASS_FEEDER_1000,20.010296505103703,75.37405851190866,14.095870916112727,14.60008203082046,8.105569253066554,15300.0,120.56029531095365,1729.65114877987,137001.58718566797,355.5388927182225,11.111188248432732,304.04015617015034,2.024132188195405,6.136677332179726,246.53947417235045,0.3038758378465156,267.08013606175274,760.2507243136572,9945.0,9945.0,11.531007658532468,vlsfo
SYNTHETIC_TEST_DATA,2026-03-01T14:45:00+00:00,VESSEL_FE_02,container_feeder,CLASS_FEEDER_1000,20.016808373638675,75.38925287182359,15.631170245245167,14.29101369012287,7.983162931182131,15300.0,119.44764928444233,1576.953956899921,126070.3004734487,323.7799550228907,10.222842959783403,319.29522094734745,1.762445182158497,5.663676602062147,183.1947026724091,0.7494852673647361,41.8777561024666,323.4337449470542,9945.0,9945.0,10.513026379332805,vlsfo
SYNTHETIC_TEST_DATA,2026-03-01T14:50:00+00:00,VESSEL_FE_02,container_feeder,CLASS_FEEDER_1000,20.022958511935897,75.4036031945171,14.76286848228132,14.40796889369566,8.060042808348577,15300.0,119.86868801730438,1654.2202282433,131782.8687252425,337.2472313142624,5.891280727292177,91.39793809274924,1.6692403068445163,8.763484834913813,253.7198644734346,0.5701825939620204,138.6001363218637,70.86234401500286,9945.0,9945.0,11.028134854955333,vlsfo
SYNTHETIC_TEST_DATA,2026-03-01T14:55:00+00:00,VESSEL_FE_02,container_feeder,CLASS_FEEDER_1000,20.029667581371488,75.41925768986681,16.104533740462667,15.80765192387196,8.04885174168888,15300.0,124.90754692593906,2150.0781161267714,164375.4450248787,418.57831225775226,8.44101142871807,198.37250188863024,1.5744792706211748,7.9466148557827285,279.5056068426492,0.3738456589617553,356.9350668462326,626.4217760804602,9945.0,9945.0,14.33385410751181,vlsfo
SYNTHETIC_TEST_DATA,2026-03-01T15:00:00+00:00,VESSEL_FE_02,container_feeder,CLASS_FEEDER_1000,20.03619818643574,75.43449576835006,15.676145643234651,15.953233211943887,8.091717209368792,15300.0,125.43163956299799,2172.405550633911,165388.45365726342,433.67410064010033,6.51936595465962,336.725530318846,1.4374272056444202,7.141495203599238,357.09458731847724,0.593057975079668,168.477467895826,779.4078761606356,9945.0,9945.0,14.482703670892741,vlsfo
SYNTHETIC_TEST_DATA,2026-03-01T15:05:00+00:00,VESSEL_FE_02,container_feeder,CLASS_FEEDER_1000,20.041289040643218,75.44637442816752,12.220149774751134,12.582555856233501,8.072260366160418,15300.0,113.29720108244061,1070.8906409774631,90260.41458785524,220.44304431459386,8.049693407558415,300.3854560968612,0.9574103149447108,8.810421889364765,306.26420453866973,0.1418897961096205,242.3592097500304,210.84123741973417,9945.0,9945.0,8.0,vlsfo
SYNTHETIC_TEST_DATA,2026-03-01T15:10:00+00:00,VESSEL_FE_02,container_feeder,CLASS_FEEDER_1000,20.046290551030456,75.45804461907107,12.005687757124804,12.594446220334031,8.093343406413153,15300.0,113.34000639320251,1105.4041239411606,93134.20884893464,225.4969605270353,9.925146475519009,207.9521807670157,1.0994533538322808,6.101490414856405,298.89068724622433,0.5601958548876318,190.16662569143716,177.52398822178293,9945.0,9945.0,8.0,vlsfo
SYNTHETIC_TEST_DATA,2026-03-01T15:15:00+00:00,VESSEL_FE_02,container_feeder,CLASS_FEEDER_1000,20.0522504888203,75.47195114058071,14.3063088180922,12.996470695303312,8.129731811250204,15300.0,114.78729450309193,1197.2421799472208,99600.05339001211,243.5789622849003,8.688755832879707,153.35715548652917,0.2,7.453056224279024,156.53582045873497,0.7979444504420745,98.52793882509046,372.71999441723824,9945.0,9945.0,8.0,vlsfo
SYNTHETIC_TEST_DATA,2026-03-01T15:20:00+00:00,VESSEL_FE_02,container_feeder,CLASS_FEEDER_1000,20.057817625554105,75.48494112629292,13.363424276359645,13.002225538701612,8.080206580270861,15300.0,114.80801193932581,1315.8957537639076,109451.23616416729,265.7566779766957,15.2917606033098,141.54360746551072,2.2761835033312368,7.505693088458248,143.72018107289784,0.23953571897999354,95.74182012448661,294.13602062359666,9945.0,9945.0,8.77263835842605,vlsfo
SYNTHETIC_TEST_DATA,2026-03-01T15:25:00+00:00,VESSEL_FE_02,container_feeder,CLASS_FEEDER_1000,20.064550192946808,75.50065045020922,16.16093852904995,16.711001960406755,8.137655615043888,15300.0,128.1596070574643,2573.297718889014,191738.9081060381,509.24356405239524,8.677668187123478,33.07218727924059,1.649424022219197,6.729433558359714,265.852535618242,0.6369996145533654,182.76760070487504,482.9142456803294,9945.0,9945.0,17.15531812592676,vlsfo
SYNTHETIC_TEST_DATA,2026-03-01T15:30:00+00:00,VESSEL_FE_02,container_feeder,CLASS_FEEDER_1000,20.070306124844574,75.51408095797068,13.816610536721338,14.22651815227188,8.113311149231727,15300.0,119.21546534817878,1636.6027249196775,131093.7701520005,334.3643875748578,5.480444036721266,96.19817874545899,1.695656800213673,7.49669009288688,292.26486461352664,0.40155662936487846,305.5437806370003,304.3787874514813,9945.0,9945.0,10.91068483279785,vlsfo
SYNTHETIC_TEST_DATA,2026-03-01T15:35:00+00:00,VESSEL_FE_02,container_feeder,CLASS_FEEDER_1000,20.076408106876926,75.52831891604616,14.647273584979208,15.569564457708793,8.154276806659059,15300.0,124.05043204775166,2189.851063409847,168572.86941615498,441.3495527768165,7.018280934782931,228.53794051614784,1.220924107052141,7.543696089625316,91.69568245985222,0.495515138346044,261.92053884765573,110.39713464389996,9945.0,9945.0,14.59900708939898,vlsfo
SYNTHETIC_TEST_DATA,2026-03-01T15:40:00+00:00,VESSEL_FE_02,container_feeder,CLASS_FEEDER_1000,20.082887361395006,75.54343717658834,15.55288315334881,16.139959187393927,8.07899399708199,15300.0,126.10385307461814,2249.108050411381,170315.1751718183,442.7599574236898,4.53731489174186,314.51030871688914,1.271049352932206,7.858872737289727,153.93816262401685,0.30860338663237713,254.40451793129427,327.98653966617854,9945.0,9945.0,14.994053669409208,vlsfo
SYNTHETIC_TEST_DATA,2026-03-01T15:45:00+00:00,VESSEL_FE_02,container_feeder,CLASS_FEEDER_1000,20.088927771549653,75.55753146694919,14.499475683718481,13.50071162332485,8.09163965815115,15300.0,116.60256184396945,1301.1549046916837,106559.52915702885,275.01715666076433,3.794573752798696,256.6367484001897,1.3022781028430073,8.110359476763492,194.61584572802676,0.4985800476181715,63.665592518541125,705.7579779054917,9945.0,9945.0,8.674366031277891,vlsfo
SYNTHETIC_TEST_DATA,2026-03-01T15:50:00+00:00,VESSEL_FE_02,container_feeder,CLASS_FEEDER_1000,20.09442903839567,75.57036775625656,13.205309378224305,14.70233775462134,8.168662757082023,15300.0,120.92841591663682,1744.7803002391727,137779.23441113502,351.27054247266744,3.6375503529709885,174.02365003965647,1.297447414134705,8.415958887349108,289.50168038507053,0.7653549200909585,246.99278562081534,141.03675848827066,9945.0,9945.0,11.631868668261152,vlsfo
SYNTHETIC_TEST_DATA,2026-03-01T15:55:00+00:00,VESSEL_FE_02,container_feeder,CLASS_FEEDER_1000,20.100821895756983,75.58528442343295,15.34549434338458,15.195181278334521,8.080924699014814,15300.0,122.70265260200428,1852.7526178762243,144189.90846981935,378.2748785751834,3.2825844034786504,199.4721284237725,1.084056525168092,7.005406078611221,199.46559488088545,0.43938876292686235,350.21089928486066,232.32874009026747,9945.0,9945.0,12.351684119174829,vlsfo
SYNTHETIC_TEST_DATA,2026-03-01T16:00:00+00:00,VESSEL_FE_02,container_feeder,CLASS_FEEDER_1000,20.107703963664733,75.60134258188437,16.519801425298944,16.955313574782842,8.161287822436181,15300.0,129.03912886921825,2838.636393381286,210067.91549487246,566.6410084920502,6.614827976576355,66.86223947623729,1.8311066909531932,6.507732406972577,52.77146076747397,0.2335604573417976,246.95555636682624,238.15935829510312,9945.0,9945.0,18.924242622541907,vlsfo
SYNTHETIC_TEST_DATA,2026-03-01T16:05:00+00:00,VESSEL_FE_02,container_feeder,CLASS_FEEDER_1000,20.11320373541406,75.61417538263281,13.201720529535935,12.539350045675405,8.101680514345578,15300.0,113.14166016443147,1055.423613811476,89079.06333523017,212.17752706050257,7.335254905477789,25.151193350931965,0.2,5.1647367210300645,315.4417599022213,0.3901025644878073,38.54540621938181,574.4209153282974,9945.0,9945.0,8.0,vlsfo
SYNTHETIC_TEST_DATA,2026-03-01T16:10:00+00:00,VESSEL_FE_02,container_feeder,CLASS_FEEDER_1000,20.11957593833692,75.62904385611948,15.295915172359512,14.05432387393116,8.161692123043272,15300.0,118.59556594615218,1528.9874656042894,123113.83370958177,307.56067294812215,7.168008867648352,285.143715032867,1.065141318837548,6.3491301886380525,174.0409962385602,0.6852215500897088,87.2022279503377,136.71578989639212,9945.0,9945.0,10.193249770695262,vlsfo
SYNTHETIC_TEST_DATA,2026-03-01T16:15:00+00:00,VESSEL_FE_02,container_feeder,CLASS_FEEDER_1000,20.125498540726742,75.64286326169574,14.21668845939407,13.260946444355216,8.062693971755076,15300.0,115.73940719967878,1239.2367867829905,102245.55234029787,254.73743941792367,5.6252624215491585,12.034192576285578,1.3975288668191825,6.248571557049131,211.95601186327852,0.6064465372529829,94.07164156429066,630.691242673766,9945.0,9945.0,8.261578578553271,vlsfo
SYNTHETIC_TEST_DATA,2026-03-01T16:20:00+00:00,VESSEL_FE_02,container_feeder,CLASS_FEEDER_1000,20.132013641383878,75.65806516322905,15.638928671500429,15.107857866224998,8.158968115634654,15300.0,122.38828831840999,1884.8130521241799,147061.77437628008,382.9203450017738,4.654436375624369,255.05284273655516,1.1062978033503064,7.296224714957459,10.587456944342218,0.6636055507447544,129.49655676171432,446.97551146610095,9945.0,9945.0,12.565420347494532,vlsfo
SYNTHETIC_TEST_DATA,2026-03-01T16:25:00+00:00,VESSEL_FE_02,container_feeder,CLASS_FEEDER_1000,20.13808993724436,75.67224318690351,14.585616178459155,14.531221403505075,8.071811151050227,15300.0,120.31239705261828,1646.7196581405015,130701.53029950957,340.9518897711015,6.474875956590403,210.26854520834837,0.2894110713054052,6.637704142699701,138.04188451898872,0.2675067829349447,345.03292934872826,543.6430617184867,9945.0,9945.0,10.97813105427001,vlsfo
SYNTHETIC_TEST_DATA,2026-03-01T16:30:00+00:00,VESSEL_FE_02,container_feeder,CLASS_FEEDER_1000,20.144090586018606,75.68624470071009,14.404031971543493,13.932390948732158,7.996692759748942,15300.0,118.15660741543576,1433.706022424009,115870.65949200143,299.9976874516583,7.235045500028033,130.38252329856257,0.9214356757030425,8.567542463823164,298.39640107546256,0.23866748690874956,50.75544254279778,712.4841701209299,9945.0,9945.0,9.558040149493394,vlsfo
SYNTHETIC_TEST_DATA,2026-03-01T16:35:00+00:00,VESSEL_FE_02,container_feeder,CLASS_FEEDER_1000,20.150858433197943,75.70203634412854,16.245624567805024,16.58756570894875,8.153921803820433,15300.0,127.71523655221549,2479.671759862352,185405.6078889797,492.65798937950336,7.178264403638242,292.92050758087754,1.8245230644778418,5.698864478997571,234.5829074843695,0.30602639543781174,304.39607131944155,566.5682457211561,9945.0,9945.0,16.531145065749012,vlsfo
SYNTHETIC_TEST_DATA,2026-03-01T16:40:00+00:00,VESSEL_FE_02,container_feeder,CLASS_FEEDER_1000,20.157221609554448,75.71688375562705,15.274247690186808,14.081729592514387,8.041516780195323,15300.0,118.69422653305179,1786.0155295672066,143690.15660101536,361.5170306399377,1.32867468857091,110.0385457599755,1.7839521567472667,4.544284360541941,61.431969377769825,0.6708485970636983,82.38474029079644,493.93346178936775,9945.0,9945.0,11.90677019711471,vlsfo
SYNTHETIC_TEST_DATA,2026-03-01T16:45:00+00:00,VESSEL_FE_02,container_feeder,CLASS_FEEDER_1000,20.163339898652374,75.73115976352221,14.68641726806325,14.78413170898173,8.071082868756923,15300.0,121.22287415233423,1966.6374810128762,154921.29446444032,402.4689616039576,8.05931039581551,235.90426149517933,1.6557146869000323,6.66035538295482,103.30701718044044,0.11276212794810192,319.2244747798205,234.82702031813025,9945.0,9945.0,13.11091654008584,vlsfo
SYNTHETIC_TEST_DATA,2026-03-01T16:50:00+00:00,VESSEL_FE_02,container_feeder,CLASS_FEEDER_1000,20.16953662861781,75.74561880010823,14.874707702309898,15.464877803735046,8.044557930935635,15300.0,123.67356009344617,2111.1819373093294,163012.2271091198,417.6417874471906,10.573068951565455,255.65487763895732,0.7777603294235547,7.294628297194041,93.39787286311834,0.45167247656752585,293.0872178756259,524.1126899357058,9945.0,9945.0,14.074546248728865,vlsfo
SYNTHETIC_TEST_DATA,2026-03-01T16:55:00+00:00,VESSEL_FE_02,container_feeder,CLASS_FEEDER_1000,20.175756197171864,75.76013112673436,14.929529734565842,15.216025787230736,8.08326735711592,15300.0,122.77769283403066,1908.710306316336,148454.0097644631,381.97523284720944,6.9126703342801115,301.9977943071437,1.6338087545155573,6.772307555192321,280.7745337973521,0.9300438428845458,325.11447167716426,779.3553207217082,9945.0,9945.0,12.72473537544224,vlsfo
SYNTHETIC_TEST_DATA,2026-03-01T17:00:00+00:00,VESSEL_FE_02,container_feeder,CLASS_FEEDER_1000,20.181908624969232,75.7744867915949,14.768364226919712,14.607254631855078,8.056529577757265,15300.0,120.58611667467828,1697.3771355493552,134416.44968598758,348.2597850379615,6.057132056112863,308.6208958858145,1.2964961728402848,8.405829411021733,340.97092805383903,0.6246222631741598,339.88570034822015,142.84748838759907,9945.0,9945.0,11.315847570329035,vlsfo
SYNTHETIC_TEST_DATA,2026-03-01T17:05:00+00:00,VESSEL_FE_02,container_feeder,CLASS_FEEDER_1000,20.186985149541478,75.7863320155968,12.185752740064652,13.147826798871439,8.051223591049263,15300.0,115.33217647593719,1250.17907600277,103512.57685876373,252.53981281917473,8.48006652764978,100.10104885841434,0.8179230706181548,8.031716877755295,201.35568011522741,0.5754264968622055,279.2358013262118,486.8065140938121,9945.0,9945.0,8.3345271733518,vlsfo
SYNTHETIC_TEST_DATA,2026-03-01T17:10:00+00:00,VESSEL_FE_02,container_feeder,CLASS_FEEDER_1000,20.193034844508883,75.80044797052075,14.52176306378103,15.578506357460638,8.099589250979175,15300.0,124.0826228868583,2089.062907767571,160772.5628935029,417.8620882119953,7.541906143154869,86.73936260190408,0.9818693559656159,7.5605630534863035,130.11184532111233,0.5307595361072405,255.5536515973827,760.0301513658974,9945.0,9945.0,13.927086051783805,vlsfo
SYNTHETIC_TEST_DATA,2026-03-01T17:15:00+00:00,VESSEL_FE_02,container_feeder,CLASS_FEEDER_1000,20.19882546242766,75.81395941233123,13.899871293083498,14.281552552587064,8.11369942364365,15300.0,119.41358918931343,1745.4987609182497,139584.49344680406,352.79831256349985,8.881502950886542,346.3617983367172,2.534685575814444,9.546637005126694,139.32571672345182,0.26256052020652665,212.81298729728942,698.2330913876486,9945.0,9945.0,11.636658406121663,vlsfo
SYNTHETIC_TEST_DATA,2026-03-01T17:20:00+00:00,VESSEL_FE_02,container_feeder,CLASS_FEEDER_1000,20.20487864764524,75.82808351117225,14.530141103726178,14.571325222651598,8.162259632688436,15300.0,120.45677080154576,1745.1546380170162,138348.38104256627,344.2132170262356,8.941700585324776,147.82361716235374,1.1234766304033883,8.101685960338099,301.3597848259411,0.2005306502559464,164.801858476867,457.70636428743626,9945.0,9945.0,11.634364253446774,vlsfo
SYNTHETIC_TEST_DATA,2026-03-01T17:25:00+00:00,VESSEL_FE_02,container_feeder,CLASS_FEEDER_1000,20.21047905418868,75.84115112644028,13.443285541310928,13.909280035410827,8.038570489204407,15300.0,118.07340812747898,1481.7796503859659,119840.30596150234,300.515203500156,10.069010903502935,336.93433609715254,1.586253594192537,7.016082229861646,327.19466034854247,0.2917757065214788,207.76947856234665,217.10980765492303,9945.0,9945.0,9.878531002573105,vlsfo
SYNTHETIC_TEST_DATA,2026-03-01T17:30:00+00:00,VESSEL_FE_02,container_feeder,CLASS_FEEDER_1000,20.21719907678447,75.85683117916379,16.130825842476135,15.848519504867436,8.125920598126733,15300.0,125.05467021752277,2308.8507898989087,176306.09817363648,464.3764229872995,7.439512779421613,148.65967088384616,1.4702497358566315,8.275176836838165,56.37457782739942,0.4985906918929031,352.95440850184264,788.3673904945271,9945.0,9945.0,15.392338599326058,vlsfo
SYNTHETIC_TEST_DATA,2026-03-01T17:35:00+00:00,VESSEL_FE_02,container_feeder,CLASS_FEEDER_1000,20.223944483198945,75.87257046079756,16.1917574766409,15.82201584787486,8.099791060329366,15300.0,124.9592570523495,2150.263020475605,164321.55411088883,428.54758804152374,3.8095580667203293,75.77751231781404,1.5304882712168326,8.825144480069277,352.2437389722615,0.22307781039313734,27.686998981949206,171.4699741176068,9945.0,9945.0,14.335086803170702,vlsfo
SYNTHETIC_TEST_DATA,2026-03-01T17:40:00+00:00,VESSEL_FE_02,container_feeder,CLASS_FEEDER_1000,20.230814178480895,75.88859974978878,16.49010202040636,16.780443001382853,8.0739332083899,15300.0,128.40959480497827,2565.8455409482276,190811.4428703314,512.6570718722406,6.960610941630447,356.48052015214853,1.1322471461784818,5.413439322300041,23.435191713789536,0.39475887224117295,309.2285986627214,191.27789533666808,9945.0,9945.0,17.10563693965485,vlsfo
SYNTHETIC_TEST_DATA,2026-03-01T17:45:00+00:00,VESSEL_FE_02,container_feeder,CLASS_FEEDER_1000,20.236151762594208,75.90105411271985,12.812403310269687,13.107267879146889,8.066383719992608,15300.0,115.1861643649288,1222.489252238875,101348.21752764532,253.11195990784643,6.845432017160636,93.58548722096711,0.9357821818476396,3.9562839940623937,251.70543737740755,0.16171118045962934,216.30892372443816,593.0940119284413,9945.0,9945.0,8.149928348259166,vlsfo
SYNTHETIC_TEST_DATA,2026-03-01T17:50:00+00:00,VESSEL_FE_02,container_feeder,CLASS_FEEDER_1000,20.24194805097512,75.91457878560864,13.913482740940818,14.77597956396289,8.18680125729301,15300.0,121.1935264302664,1967.2368233405994,155006.03401314816,387.3092081449187,6.619245883224688,261.1456237269426,2.057701331548473,6.00403266762427,120.01045210455172,0.5029346334338206,208.3481276826985,358.7248153784549,9945.0,9945.0,13.114912155603994,vlsfo
SYNTHETIC_TEST_DATA,2026-03-01T17:55:00+00:00,VESSEL_FE_02,container_feeder,CLASS_FEEDER_1000,20.24822550195186,75.92922617122103,15.068471422088471,13.92566276495286,8.137281430346171,15300.0,118.1323859538303,1540.814617120921,124552.59955498569,312.18894368741087,8.362079273692617,288.1021019923507,2.045083016845331,6.119926798386341,233.9071345082849,0.6536967474681197,93.02702708423266,285.8322025554676,9945.0,9945.0,10.272097447472808,vlsfo
SYNTHETIC_TEST_DATA,2026-03-01T18:00:00+00:00,VESSEL_FE_02,container_feeder,CLASS_FEEDER_1000,20.255080062357933,75.94522014550186,16.453772076055962,15.519008988135987,8.016646354373833,15300.0,123.86843235728955,2094.2611248882135,161451.30949412743,421.48011246040096,3.9304159177167106,210.08351588402275,1.5210868495705754,6.503660977179151,121.6853395768196,0.49554534427310687,74.3127395663547,476.34397317683244,9945.0,9945.0,13.96174083258809,vlsfo
SYNTHETIC_TEST_DATA,2026-03-01T18:05:00+00:00,VESSEL_FE_02,container_feeder,CLASS_FEEDER_1000,20.261218678257254,75.95954358260028,14.735209975011637,14.562360161873318,8.058990277670956,15300.0,120.42449658274396,1682.062028414566,133382.4067391879,340.8128876398892,4.768660040569711,86.82599168110842,0.40373007939779093,5.150006386500849,313.6871100055419,0.3131826525164809,140.94518942884727,550.7375660416915,9945.0,9945.0,11.213746856097107,vlsfo
SYNTHETIC_TEST_DATA,2026-03-01T18:10:00+00:00,VESSEL_FE_02,container_feeder,CLASS_FEEDER_1000,20.26689805774955,75.9727954680823,13.632853190245044,14.47887159037705,8.110690485231867,15300.0,120.12393772535738,1711.8628234657851,136085.16441048152,341.9547768186403,11.824281976873092,248.40314735959876,1.8293601435085454,8.894551287819835,141.42929466851305,0.652819207870342,194.2725785044849,450.0202609246004,9945.0,9945.0,11.412418823105234,vlsfo
SYNTHETIC_TEST_DATA,2026-03-01T18:15:00+00:00,VESSEL_FE_02,container_feeder,CLASS_FEEDER_1000,20.273246846536928,75.98760930858617,15.23971159025162,14.975547455330222,8.029533337726734,15300.0,121.9119708391888,1795.591034515066,140647.64285938322,359.90882529275154,6.580750946884181,143.67401991797877,1.4637065263463918,6.917707037129579,183.44430639419835,0.37121715752724394,134.60204215471063,686.0415956534393,9945.0,9945.0,11.970606896767107,vlsfo
SYNTHETIC_TEST_DATA,2026-03-01T18:20:00+00:00,VESSEL_FE_02,container_feeder,CLASS_FEEDER_1000,20.278901751353285,76.000804086491,13.574103873630392,13.215838420027001,8.104954650426096,15300.0,115.57701831209721,1279.2860689079776,105698.19388081209,260.5198483424489,10.59085790652735,161.2610776733,1.712961148993055,7.298072878055848,186.89349117081161,0.4098086346959765,7.911604418767024,321.6724313599305,9945.0,9945.0,8.52857379271985,vlsfo
SYNTHETIC_TEST_DATA,2026-03-01T18:25:00+00:00,VESSEL_FE_02,container_feeder,CLASS_FEEDER_1000,20.284847911650164,76.01467846051706,14.273237152580409,15.28584674406289,8.061358064643011,15300.0,123.0290482786264,1944.2687051637442,150910.68952670123,383.760226091665,5.375897412160288,350.39762065953545,0.6517156522121961,7.177941528149904,345.9370573758982,0.6175835891827244,218.56903020756326,354.95453544291024,9945.0,9945.0,12.961791367758297,vlsfo
SYNTHETIC_TEST_DATA,2026-03-01T18:30:00+00:00,VESSEL_FE_02,container_feeder,CLASS_FEEDER_1000,20.290348271774473,76.02751263414045,13.203132872160344,14.207994742480034,8.127067791979298,15300.0,119.14878107292813,1629.2445436795858,130577.41101357606,334.3734886489475,9.788170966616363,96.46807480444892,1.0348499286803419,7.737363840765331,118.06698074608691,0.5263914602658478,251.31481500578826,198.70239005692585,9945.0,9945.0,10.861630291197239,vlsfo
SYNTHETIC_TEST_DATA,2026-03-01T18:35:00+00:00,VESSEL_FE_02,container_feeder,CLASS_FEEDER_1000,20.296626539769022,76.04216192612773,15.070432601800523,14.642471829896337,8.118225782963641,15300.0,120.71289858762682,1622.4336840487717,128346.68557033091,323.94882255013835,6.314788045132579,187.2177523178718,0.8080767530772069,7.332042421125862,39.68107374449708,0.6512973429843278,134.23516975486103,757.3396266115045,9945.0,9945.0,10.816224560325145,vlsfo
SYNTHETIC_TEST_DATA,2026-03-01T18:40:00+00:00,VESSEL_FE_02,container_feeder,CLASS_FEEDER_1000,20.3029116718943,76.05682723442006,15.08690934660544,16.00359628054087,8.17607797047511,15300.0,125.61294660994713,2330.541077554164,177171.45051452122,462.6421468230203,8.888487268605786,142.07658826064284,1.6871591136850501,8.058637167931813,140.85698673029427,0.5231625365844186,262.9900064062646,229.62014974528898,9945.0,9945.0,15.53694051702776,vlsfo
SYNTHETIC_TEST_DATA,2026-03-01T18:45:00+00:00,VESSEL_FE_02,container_feeder,CLASS_FEEDER_1000,20.30928499854091,76.07169832992882,15.298612572835255,15.03220994439536,8.16894433498031,15300.0,122.1159557998233,1961.4050517305066,153379.125935045,397.92071966394457,8.321460853809107,338.2750514873611,1.0231129803174563,8.532368392900196,30.057256085780768,0.585132762527353,347.23496400963796,410.51319402987576,9945.0,9945.0,13.076033678203377,vlsfo
SYNTHETIC_TEST_DATA,2026-03-01T18:50:00+00:00,VESSEL_FE_02,container_feeder,CLASS_FEEDER_1000,20.31550814319595,76.08621900079058,14.938113851854746,15.036796157135226,8.161206271791759,15300.0,122.13246616568682,2395.09844731314,187268.02252456552,475.8851303387989,11.033810879502443,152.09385365836238,2.5698408720288564,5.9576660914692585,96.08699146714852,0.9960312648970209,333.2510160370504,423.1778057579208,9945.0,9945.0,15.967322982087598,vlsfo
SYNTHETIC_TEST_DATA,2026-03-01T18:55:00+00:00,VESSEL_FE_02,container_feeder,CLASS_FEEDER_1000,20.322269813891296,76.10199623241306,16.230798458795764,16.04318736806311,8.104983610377342,15300.0,125.75547452502718,2247.0722673715472,170632.40873814397,445.69194327367967,10.537510047704858,89.92541109780491,1.8071339840126235,7.548477897012235,329.3780442373989,0.706703298314,341.68685978757935,551.9706078283235,9945.0,9945.0,14.980481782476982,vlsfo
SYNTHETIC_TEST_DATA,2026-03-01T19:00:00+00:00,VESSEL_FE_02,container_feeder,CLASS_FEEDER_1000,20.327580067428553,76.114386824,12.746798655488357,14.158479711679442,8.135621505924652,15300.0,118.970526962046,1605.6182819988103,128876.66861239534,313.42606252013377,7.102918208829364,78.90269027516135,1.491961082736576,9.133619292168746,253.72524334065895,0.7674735285804826,270.84546838741875,777.4555054484158,9945.0,9945.0,10.70412187999207,vlsfo
SYNTHETIC_TEST_DATA,2026-03-01T19:05:00+00:00,VESSEL_FE_02,container_feeder,CLASS_FEEDER_1000,20.333485924173065,76.12816715640385,14.17649200405696,14.667455186430743,8.137763457878519,15300.0,120.80283867115068,1961.0025034529983,155014.52380091825,398.91311262811854,9.317923124200707,197.0106890571334,1.8672554556543086,6.381104098450995,110.9897304282276,0.6084109301097395,313.32150361350773,88.15966483855394,9945.0,9945.0,13.073350023019989,vlsfo
SYNTHETIC_TEST_DATA,2026-03-01T19:10:00+00:00,VESSEL_FE_02,container_feeder,CLASS_FEEDER_1000,20.33954331862478,76.14230107679118,14.540245001704417,13.845873637024306,8.03524801615843,15300.0,117.8451450932875,1493.2938157276824,121005.45613829755,306.82335941823607,10.801261768705958,288.4887765058259,2.180359443770455,5.172449483206636,251.77272475033635,0.3624384965979104,69.03790943968008,560.5516922139058,9945.0,9945.0,9.955292104851216,vlsfo
SYNTHETIC_TEST_DATA,2026-03-01T19:15:00+00:00,VESSEL_FE_02,container_feeder,CLASS_FEEDER_1000,20.345383732332593,76.15592870877609,14.019401724595665,13.540510208158054,8.093912777144453,15300.0,116.745836749369,1396.2129198174086,114204.0833240641,283.3132993622489,8.922841104668803,203.94852121285672,1.8380609676500372,7.545163966887767,264.0677715993588,0.5954155181860422,127.72569860617762,57.60173264482848,9945.0,9945.0,9.308086132116058,vlsfo
SYNTHETIC_TEST_DATA,2026-03-01T19:20:00+00:00,VESSEL_FE_02,container_feeder,CLASS_FEEDER_1000,20.35159766526754,76.17042788562429,14.916001924344839,15.561255585394902,8.101768530717372,15300.0,124.02052010742165,2060.447242924543,158649.7283227653,410.4757381594967,10.242965185390585,189.16511470182118,1.6961285385355742,6.7876673425343945,290.7329180982633,0.29627722832011827,242.88090525207858,408.30887371183223,9945.0,9945.0,13.736314952830286,vlsfo
SYNTHETIC_TEST_DATA,2026-03-01T19:25:00+00:00,VESSEL_FE_02,container_feeder,CLASS_FEEDER_1000,20.357183826091045,76.18346226087914,13.409089937947726,13.412615056549466,8.064022654552094,15300.0,116.28541420357809,1629.4988486970294,133813.58185403692,329.6978628930443,7.421153044755583,120.3573104078859,1.8531964758411676,9.624049793118248,43.06696388677543,0.22758756468310892,151.8960079270579,478.10049498736885,9945.0,9945.0,10.863325657980196,vlsfo
SYNTHETIC_TEST_DATA,2026-03-01T19:30:00+00:00,VESSEL_FE_02,container_feeder,CLASS_FEEDER_1000,20.362836633261495,76.19665214427685,13.569068658300418,13.314644536645085,8.093743598587762,15300.0,115.9327203319223,1256.6290757189736,103507.65260802954,265.75504673398774,12.091059268533558,203.88721621726927,1.158878101933475,6.808393500613023,152.26821916640188,0.17728203760811506,112.54872751011867,366.3299551396152,9945.0,9945.0,8.377527171459825,vlsfo
SYNTHETIC_TEST_DATA,2026-03-01T19:35:00+00:00,VESSEL_FE_02,container_feeder,CLASS_FEEDER_1000,20.36894422014571,76.21090318034003,14.660727541125341,15.592926647699121,8.03534581959921,15300.0,124.13453593171684,2036.9622512856552,156697.38099091328,409.1140428174138,8.904097180352588,21.910529954052453,1.6000252645319677,7.720972658835724,161.1755295310394,0.7211984550255922,197.03801239837253,168.7844165014557,9945.0,9945.0,13.579748341904368,vlsfo
SYNTHETIC_TEST_DATA,2026-03-01T19:40:00+00:00,VESSEL_FE_02,container_feeder,CLASS_FEEDER_1000,20.373862751094347,76.22237975255351,11.806502880360556,12.757131252770765,8.100026510376654,15300.0,113.92567250997476,1165.7252288062105,97711.56668934034,241.6692622665857,6.620088927938729,256.52731116575933,1.748643684000332,6.016685228082043,297.1117366178762,0.5151609115918504,245.16610798571108,107.49566595716635,9945.0,9945.0,8.0,vlsfo
SYNTHETIC_TEST_DATA,2026-03-01T19:45:00+00:00,VESSEL_FE_02,container_feeder,CLASS_FEEDER_1000,20.379169437939055,76.23476202185783,12.738237122323008,13.253015613605784,8.188815964902028,15300.0,115.71085620898083,1484.6430964035242,122523.48410237007,299.7998411610123,9.59189007805222,100.84981954730635,1.7041757897208185,5.68039515038943,120.20887936108909,0.24923409150941772,236.09322274795778,217.83387647617738,9945.0,9945.0,9.89762064269016,vlsfo
SYNTHETIC_TEST_DATA,2026-03-01T19:50:00+00:00,VESSEL_FE_02,container_feeder,CLASS_FEEDER_1000,20.384319716854964,76.24677933932828,12.36279358417082,13.172576576883007,8.07868675636611,15300.0,115.42127567677883,1296.6607134190667,107278.2955362328,266.9434570717566,7.2563521862163896,232.3013499939879,1.1636769244052536,7.125835919130264,9.055179226084462,0.5156672919906252,282.2457603444869,620.7436636519357,9945.0,9945.0,8.644404756127111,vlsfo
SYNTHETIC_TEST_DATA,2026-03-01T19:55:00+00:00,VESSEL_FE_02,container_feeder,CLASS_FEEDER_1000,20.390279478084615,76.26068544886414,14.305885000808608,13.385683539998729,8.043158928874329,15300.0,116.18846074399542,1318.9071020715917,108398.32979776293,270.21974844959385,7.881038653896888,156.213434451695,1.0005360744284062,7.478658167137681,310.93902716691076,0.5448680910885552,39.74956498170791,780.3138909591141,9945.0,9945.0,8.792714013810611,vlsfo
SYNTHETIC_TEST_DATA,2026-03-01T20:00:00+00:00,VESSEL_FE_02,container_feeder,CLASS_FEEDER_1000,20.396084869359502,76.27423136183887,13.935333440883884,14.59984544068855,8.02229605894897,15300.0,120.55944358647878,1680.5332744538246,133112.0166299767,339.9083860675011,7.888414365288982,198.5151338235192,1.2364818839681921,8.5740039721802,321.3441755314088,0.35184667924709156,235.98722704011217,336.1883384028204,9945.0,9945.0,11.203555163025497,vlsfo
SYNTHETIC_TEST_DATA,2026-03-01T20:05:00+00:00,VESSEL_FE_02,container_feeder,CLASS_FEEDER_1000,20.402700316891448,76.28966740608008,15.879802558207787,14.84275565618868,8.130706776205836,15300.0,121.43392036227925,1833.9149110521653,144215.0376598814,368.30495276580797,6.64461916124895,149.94481272331961,1.629584936475041,8.604811870811389,161.3226272329246,0.5961851735455822,101.88695583858569,656.1357117196347,9945.0,9945.0,12.226099407014434,vlsfo
SYNTHETIC_TEST_DATA,2026-03-01T20:10:00+00:00,VESSEL_FE_02,container_feeder,CLASS_FEEDER_1000,20.409001317074377,76.30436973984025,15.124999229601016,14.42281908491964,8.049687917516438,15300.0,119.9221487057107,1687.0345354940916,134337.0953848686,338.1466983182452,6.96413903300718,301.74336531434795,1.8559800856717021,7.488193425795011,198.23462195774493,0.46402855114134445,22.832855749201677,347.1934290328579,9945.0,9945.0,11.246896903293944,vlsfo
SYNTHETIC_TEST_DATA,2026-03-01T20:15:00+00:00,VESSEL_FE_02,container_feeder,CLASS_FEEDER_1000,20.41526827047391,76.31899263110583,15.043272907155902,14.569641109045016,8.078013849925838,15300.0,120.45070799256206,2265.9209332652995,179641.54293232175,449.45995395349166,9.01648289389857,200.39828665040864,2.2828942746194922,6.498310445222625,57.42861620255259,0.48542858891461094,6.582434785301956,252.31785064085759,9945.0,9945.0,15.106139555101997,vlsfo
SYNTHETIC_TEST_DATA,2026-03-01T20:20:00+00:00,VESSEL_FE_02,container_feeder,CLASS_FEEDER_1000,20.42166797640828,76.33392527828603,15.361933743353923,15.177514002437373,8.14634752089853,15300.0,122.63905040877455,1838.0581834514574,143120.50424970294,367.60406306032104,9.0702295704129,190.3732167421223,0.8015099421124121,7.623003326111729,309.6612562857001,0.5016734506512904,345.60837286202667,458.3690584915369,9945.0,9945.0,12.253721223009716,vlsfo
SYNTHETIC_TEST_DATA,2026-03-01T20:25:00+00:00,VESSEL_FE_02,container_feeder,CLASS_FEEDER_1000,20.427997539669366,76.34869425922857,15.193562397764842,15.375541988376328,8.127196584709166,15300.0,123.35195115815478,1942.6005110541735,150386.5018190307,391.95751241354645,9.242296656132403,49.02754951501446,0.28291035079574667,9.418487636539329,348.3489863446562,0.12892929828955102,295.5120089122491,189.63650935642627,9945.0,9945.0,12.95067007369449,vlsfo
SYNTHETIC_TEST_DATA,2026-03-01T20:30:00+00:00,VESSEL_FE_02,container_feeder,CLASS_FEEDER_1000,20.43498483469246,76.36499794761579,16.772389902105274,15.837266731214719,8.022324122887735,15300.0,125.01416023237299,2286.8684687461246,174684.0935420795,462.06486976377937,11.581748963666277,40.38755978164779,0.9058104802711641,9.694683310407028,40.09791222694372,0.4830903283532718,65.74823747980457,423.271708395508,9945.0,9945.0,15.24578979164083,vlsfo
SYNTHETIC_TEST_DATA,2026-03-01T20:35:00+00:00,VESSEL_FE_02,container_feeder,CLASS_FEEDER_1000,20.440278310517083,76.37734939120658,12.70652522534952,13.32977889120262,8.083310030734397,15300.0,115.98720400832943,1298.0168605587119,106866.51239202567,258.81955150928354,3.491727582839549,233.87360659622826,1.206899661710513,4.814625298134988,238.18891254858548,0.33126133044406236,255.6689021283975,267.9744886975942,9945.0,9945.0,8.65344573705808,vlsfo
SYNTHETIC_TEST_DATA,2026-03-01T20:40:00+00:00,VESSEL_FE_02,container_feeder,CLASS_FEEDER_1000,20.445186659378994,76.3888022052177,11.782061672704465,11.934829349810931,8.111881693352084,15300.0,110.96538565931935,918.4681984523497,79040.19058980631,185.23437437999866,7.731815513059882,132.4522188132548,0.40782665883603864,9.157830891974214,88.92714172191361,0.4403102149019786,163.88486578366712,649.9057222345662,9945.0,9945.0,8.0,vlsfo
SYNTHETIC_TEST_DATA,2026-03-01T20:45:00+00:00,VESSEL_FE_02,container_feeder,CLASS_FEEDER_1000,20.451158684551427,76.40273693062005,14.33532352164203,15.151985046022611,8.07648184931797,15300.0,122.5471461656814,1898.3997193156238,147929.85822037558,391.88516288365173,7.818418261620575,223.82265133341596,1.0115559318062792,7.54207521474822,8.127836260162521,0.4663615909546095,210.2644961615533,315.06337070940157,9945.0,9945.0,12.655998128770825,vlsfo
SYNTHETIC_TEST_DATA,2026-03-01T20:50:00+00:00,VESSEL_FE_02,container_feeder,CLASS_FEEDER_1000,20.457191416542443,76.41681330526575,14.481044924217722,14.684548165728668,8.081999582134504,15300.0,120.86437339662321,1782.5727642016839,140838.16042930377,358.79142818478215,8.329347462638848,15.668489544142549,2.2283444254581317,6.057975513679754,229.464975778628,0.8131540950908829,164.34321544330606,364.4546413190264,9945.0,9945.0,11.883818428011224,vlsfo
SYNTHETIC_TEST_DATA,2026-03-01T20:55:00+00:00,VESSEL_FE_02,container_feeder,CLASS_FEEDER_1000,20.46390838766196,76.43248623787795,16.123501040866767,15.380214035452115,8.131595483327896,15300.0,123.36877052762762,2069.2773204282294,160171.35265217803,418.7549788718988,4.640710555064278,238.3892960861073,1.3070609436223772,6.19385332002703,107.62479511845152,0.40433252230172784,80.0507170585631,528.5357932594252,9945.0,9945.0,13.795182136188197,vlsfo
SYNTHETIC_TEST_DATA,2026-03-01T21:00:00+00:00,VESSEL_FE_02,container_feeder,CLASS_FEEDER_1000,20.469246322096595,76.44494141822544,12.813244225931951,12.803923105188108,8.146821463973325,15300.0,114.0941231786772,1242.1757297531058,103965.95481226497,259.2169671256092,9.225616192172142,64.0940070107743,2.0043967696210663,6.894780493050511,205.60179667397725,0.3170409189649406,336.9947282389979,77.45868725314827,9945.0,9945.0,8.281171531687372,vlsfo
SYNTHETIC_TEST_DATA,2026-03-01T21:05:00+00:00,VESSEL_FE_02,container_feeder,CLASS_FEEDER_1000,20.475187479426097,76.45880411866095,14.261227967447917,15.145569992456979,8.160086501551977,15300.0,122.52405197284511,1886.7923655615125,147053.08552824485,381.1062571602659,7.3644613533417,186.112076025456,1.3129944006298628,7.27891313687382,311.2795216911932,0.5092720152499413,229.35746638402998,448.17879030676863,9945.0,9945.0,12.578615770410085,vlsfo
SYNTHETIC_TEST_DATA,2026-03-01T21:10:00+00:00,VESSEL_FE_02,container_feeder,CLASS_FEEDER_1000,20.480898503084163,76.47212984052977,13.70881223944448,14.592434144482057,8.173163949836898,15300.0,120.53276292013541,1879.1073535902808,148873.65891830693,382.09790007857123,4.726852360238724,115.71173098727337,1.6546988937743075,8.020736307482954,20.66368529540146,0.4822452641244894,246.52113063924432,761.0671611824736,9945.0,9945.0,12.527382357268538,vlsfo
SYNTHETIC_TEST_DATA,2026-03-01T21:15:00+00:00,VESSEL_FE_02,container_feeder,CLASS_FEEDER_1000,20.48776457534938,76.48815067581529,16.481405285967877,16.474926583374703,8.116499767699947,15300.0,127.30973570014893,2799.7485456094814,210004.5929704522,549.7237684272434,10.164142223700107,176.75274180178062,1.8640342627158626,5.406774067073718,74.86994513033112,0.2940749855285181,153.23473461513572,97.68311915191146,9945.0,9945.0,18.66499030406321,vlsfo
SYNTHETIC_TEST_DATA,2026-03-01T21:20:00+00:00,VESSEL_FE_02,container_feeder,CLASS_FEEDER_1000,20.49427380454499,76.5033388772717,15.62483474220374,15.262982161446374,8.10078818448759,15300.0,122.94673578120694,1947.216529955397,151240.68193115236,393.67981352099775,6.869543188813406,24.115793143977005,1.2333060723615132,7.175314942878877,214.90585399459925,0.6211865015293594,354.7778852792105,550.9278962327417,9945.0,9945.0,12.98144353303598,vlsfo
SYNTHETIC_TEST_DATA,2026-03-01T21:25:00+00:00,VESSEL_FE_02,container_feeder,CLASS_FEEDER_1000,20.500770079835146,76.51849685294873,15.593740026401399,15.157389330983925,8.104794147963753,15300.0,122.56660159154214,1972.7708382176556,153700.71116251688,402.2589673232254,8.008000845251605,311.5859782768084,2.2511777356379974,7.246173624770833,218.95988309226254,0.24252183737688088,45.87507393787388,424.5532616962536,9945.0,9945.0,13.151805588117703,vlsfo
SYNTHETIC_TEST_DATA,2026-03-01T21:30:00+00:00,VESSEL_FE_02,container_feeder,CLASS_FEEDER_1000,20.50831982795112,76.536112931886,18.12250930370278,16.33271146865446,8.079348433749276,15300.0,126.79776128715605,2331.327613474623,175575.17256672692,469.7545603604179,2.957282427199618,53.899937746725655,1.4411721706067588,6.57983587123044,285.3443774017061,0.9108000576943686,59.50985311350824,301.190021776423,9945.0,9945.0,15.542184089830819,vlsfo
SYNTHETIC_TEST_DATA,2026-03-01T21:35:00+00:00,VESSEL_FE_02,container_feeder,CLASS_FEEDER_1000,20.515436232609996,76.55271787609004,17.082306278079333,16.585537522956184,8.026527914764015,15300.0,127.70793508264227,2655.99068461202,198600.3669960604,524.2094313062142,5.616231701429364,126.06444649003224,1.902622314864011,7.042180695268611,13.991628792919744,0.2746403284480118,47.25190754253744,188.22524380891926,9945.0,9945.0,17.70660456408013,vlsfo
SYNTHETIC_TEST_DATA,2026-03-01T21:40:00+00:00,VESSEL_FE_02,container_feeder,CLASS_FEEDER_1000,20.521236719362147,76.5662523451784,13.923560563495055,14.355785187255917,8.073051324586045,15300.0,119.6808266741213,1563.9926167169583,124790.49292707913,317.3955994942786,2.74274609476672,262.0635720020919,1.339523499641828,6.26003543209064,288.95250167834314,0.5006571568898184,182.43501828128376,316.0610157723788,9945.0,9945.0,10.426617444779723,vlsfo
SYNTHETIC_TEST_DATA,2026-03-01T21:45:00+00:00,VESSEL_FE_02,container_feeder,CLASS_FEEDER_1000,20.528470018447656,76.58313004304459,17.36290111404636,16.661285685586833,8.109692039720525,15300.0,127.9806284681126,2507.636511064834,187107.7291887759,495.15767398508774,7.0130994331732825,98.64755083506677,1.3378863750374042,6.936177817939506,172.96178914324472,0.6292618866772706,120.65804975832782,169.32312613060256,9945.0,9945.0,16.71757674043223,vlsfo
SYNTHETIC_TEST_DATA,2026-03-01T21:50:00+00:00,VESSEL_FE_02,container_feeder,CLASS_FEEDER_1000,20.535097977317154,76.59859528040676,15.909834928519683,17.23437500490951,8.075820584528842,15300.0,130.04375001767423,2925.77641491781,214843.90234174283,576.3748289548387,5.327060228173369,280.34773699034633,2.105340954481779,7.364701626669564,249.86391451461304,0.6895699688368111,260.1699552934307,220.90383329139917,9945.0,9945.0,19.50517609945207,vlsfo
SYNTHETIC_TEST_DATA,2026-03-01T21:55:00+00:00,VESSEL_FE_02,container_feeder,CLASS_FEEDER_1000,20.541018572733222,76.61241000304425,14.21187089462984,15.048228780730952,8.07533072657334,15300.0,122.17362361063144,2181.3220541333367,170495.81266269842,441.90992699348396,10.89444387576,36.581559443141735,1.6230901411627177,6.633410934808123,69.49195612186043,0.4295098895559126,239.58743254068844,469.45151527320184,9945.0,9945.0,14.542147027555577,vlsfo
SYNTHETIC_TEST_DATA,2026-03-01T22:00:00+00:00,VESSEL_FE_02,container_feeder,CLASS_FEEDER_1000,20.547265668179172,76.6269865590848,14.995605628329741,15.054839833585536,8.001618040165404,15300.0,122.19742340090792,1771.0218999365188,138399.09968026518,348.37040481531017,7.578516968949609,243.2749527667949,0.8957626020478835,5.9254229074255615,244.52456858944976,0.35680521505488494,161.41037789691433,159.39744608122456,9945.0,9945.0,11.80681266624346,vlsfo
SYNTHETIC_TEST_DATA,2026-03-01T22:05:00+00:00,VESSEL_FE_02,container_feeder,CLASS_FEEDER_1000,20.55237014865289,76.63889701352348,12.25285843376005,12.636719739934358,8.161414557846657,15300.0,113.4921910637637,1321.731858525653,111211.25960545147,266.26910779515936,2.985231077052947,237.33515052815633,1.5158645992677702,8.967428818896908,83.20065992166757,0.30220574072390904,294.7801915533784,465.21297370061035,9945.0,9945.0,8.811545723504354,vlsfo
SYNTHETIC_TEST_DATA,2026-03-01T22:10:00+00:00,VESSEL_FE_02,container_feeder,CLASS_FEEDER_1000,20.557779205318326,76.65151814574283,12.983966913577465,12.107550001741986,8.10746655130512,15300.0,111.58718000627115,1084.3272829001683,92793.48057362884,224.05081286101966,6.992930090850001,63.96183431566055,1.1235271007833798,6.0113301463585,48.83549689287,0.4650560939787723,46.013232931968155,639.2786076896078,9945.0,9945.0,8.0,vlsfo
SYNTHETIC_TEST_DATA,2026-03-01T22:15:00+00:00,VESSEL_FE_02,container_feeder,CLASS_FEEDER_1000,20.563937865169162,76.66588835206144,14.783323725598107,14.132768931132846,8.074832498557642,15300.0,118.87796815207824,1584.2103454707533,127257.34362641783,319.5259259945028,12.01175549063986,346.53154626536576,1.4702986346636622,8.394287875655904,357.19791940833727,0.4309270777590527,112.76594298123815,331.98440753943385,9945.0,9945.0,10.561402303138355,vlsfo
SYNTHETIC_TEST_DATA,2026-03-01T22:20:00+00:00,VESSEL_FE_02,container_feeder,CLASS_FEEDER_1000,20.57056974693631,76.68136274285145,15.919251500843748,14.405869865314587,8.044921560977759,15300.0,119.86113151513251,1647.7578267551355,131276.3194363786,330.9013846514551,7.544516553716612,259.6822647790535,1.4335565976888003,3.0,316.70535695674124,0.7618121896558805,64.30630282064722,471.6807411505837,9945.0,9945.0,10.98505217836757,vlsfo
SYNTHETIC_TEST_DATA,2026-03-01T22:25:00+00:00,VESSEL_FE_02,container_feeder,CLASS_FEEDER_1000,20.576934523854938,76.6962138889949,15.278089699412824,14.57729358615514,8.133074586696209,15300.0,120.4782569101585,1760.56826753962,139545.41655028152,351.96557523449894,5.62816821546049,249.9972189511568,2.2002362235988895,7.217206644077016,263.23127986422304,0.3695679925526109,49.462721753499544,655.1071042938662,9945.0,9945.0,11.737121783597466,vlsfo
SYNTHETIC_TEST_DATA,2026-03-01T22:30:00+00:00,VESSEL_FE_02,container_feeder,CLASS_FEEDER_1000,20.58363040296711,76.7118376069233,16.072871524026624,16.877987913190474,8.09499402415317,15300.0,128.7607564874857,2672.6388613696768,198211.1774535062,529.057713083599,6.672049014869628,48.74285221378476,1.2080982888719407,4.797721508265962,140.74553086856085,0.6112355511462024,196.9571037079231,197.23102748481094,9945.0,9945.0,17.817592409131176,vlsfo
SYNTHETIC_TEST_DATA,2026-03-01T22:35:00+00:00,VESSEL_FE_02,container_feeder,CLASS_FEEDER_1000,20.589253909604512,76.72495912241057,13.498735294243708,13.364945822630663,8.130120969298455,15300.0,116.11380496147038,1343.6647260701748,110504.11262463433,261.1462222236772,9.088839977335027,170.2724706619442,1.5696149608298007,5.644686399170825,214.54581957880242,0.42637269322122934,146.23708104303844,628.2391047919333,9945.0,9945.0,8.957764840467831,vlsfo
SYNTHETIC_TEST_DATA,2026-03-01T22:40:00+00:00,VESSEL_FE_02,container_feeder,CLASS_FEEDER_1000,20.595112314023016,76.7386287327204,14.062586850355713,15.42148502581376,7.9574837947399315,15300.0,123.51734609292953,1946.2164146066123,150464.6784484105,384.6955110256332,7.702313083130406,259.88550515207487,1.2947717044804927,7.043443167111792,248.54910180376382,0.7253972504562243,228.35563171855335,630.4606459079226,9945.0,9945.0,12.974776097377417,vlsfo
SYNTHETIC_TEST_DATA,2026-03-01T22:45:00+00:00,VESSEL_FE_02,container_feeder,CLASS_FEEDER_1000,20.601528028259718,76.75359873260604,15.40036027143283,14.983444853344002,8.129606357557668,15300.0,121.94040147203842,1854.404980317224,145220.6400252299,372.3032791732721,13.20104077980799,141.69436397763448,1.847927878013389,8.676004566337829,270.7152797406101,0.2379567212566734,86.00074208440793,725.1175038420417,9945.0,9945.0,12.362699868781494,vlsfo
SYNTHETIC_TEST_DATA,2026-03-01T22:50:00+00:00,VESSEL_FE_02,container_feeder,CLASS_FEEDER_1000,20.607622856828073,76.76781999926554,14.63010232100696,14.262255030813348,8.100460584631604,15300.0,119.34411811092805,1957.5877219202014,156636.00389087322,390.6346340685768,6.672437047222001,292.8691121164454,1.9057076908398591,7.769585666158427,86.0121766052366,0.22720058280459082,84.46511624693255,367.7912916511804,9945.0,9945.0,13.050584812801342,vlsfo
SYNTHETIC_TEST_DATA,2026-03-01T22:55:00+00:00,VESSEL_FE_02,container_feeder,CLASS_FEEDER_1000,20.613943331931754,76.78256777450747,15.171747071663676,14.540778453628796,8.161807198636446,15300.0,120.34680243306366,1680.1016281993248,133312.96234815492,347.1530981994847,4.136511841605774,147.70043582910628,1.7864140616938273,6.426849635974511,312.3094385189073,0.7354923505870665,2.5185390513742867,771.7336449469025,9945.0,9945.0,11.200677521328831,vlsfo
SYNTHETIC_TEST_DATA,2026-03-01T23:00:00+00:00,VESSEL_FE_02,container_feeder,CLASS_FEEDER_1000,20.620216497293132,76.79720516035069,15.058184177655214,14.867213951649603,8.11592367063872,15300.0,121.52197022593857,1744.101873539386,137052.96280838922,355.80370730652334,6.690282438198524,346.1547133771915,0.7507252363141562,9.747400738414907,101.2513011089684,0.6404605574042694,345.05983908868603,145.12725754253677,9945.0,9945.0,11.627345823595906,vlsfo
SYNTHETIC_TEST_DATA,2026-03-01T23:05:00+00:00,VESSEL_FE_02,container_feeder,CLASS_FEEDER_1000,20.626795799947107,76.81255686654329,15.793039943451003,15.946655710663338,8.121609181233012,15300.0,125.40796055838803,2213.1508354328894,168522.26622556747,434.80853988750346,5.329422064963215,19.185064244040994,1.640504627743406,6.824380331391436,282.933552180074,0.7979408073482877,161.5063710462074,777.0094123236101,9945.0,9945.0,14.75433890288593,vlsfo
SYNTHETIC_TEST_DATA,2026-03-01T23:10:00+00:00,VESSEL_FE_02,container_feeder,CLASS_FEEDER_1000,20.63264112087256,76.82619594870268,14.031181070867904,13.862821658618117,8.065067790206346,15300.0,117.90615797102522,1427.4434127973273,115609.57241257349,288.2758551153934,7.425097379002196,222.65053138826747,0.4304976382140342,8.689636875886737,234.19622046812933,0.1352258289959199,135.08411097165177,424.1664623082924,9945.0,9945.0,9.51628941864885,vlsfo
SYNTHETIC_TEST_DATA,2026-03-01T23:15:00+00:00,VESSEL_FE_02,container_feeder,CLASS_FEEDER_1000,20.639635834969965,76.8425169482633,16.790198740377605,16.257620618671517,8.121739381310732,15300.0,126.52743422721747,2322.7850145704665,175305.56233905535,460.68909785028933,7.6138945527839885,297.87737896366576,1.327024184916728,6.17187411033744,311.7470379013485,0.3629502213230626,107.32284920448538,515.0836489960377,9945.0,9945.0,15.485233430469778,vlsfo
SYNTHETIC_TEST_DATA,2026-03-01T23:20:00+00:00,VESSEL_FE_02,container_feeder,CLASS_FEEDER_1000,20.64572974234514,76.85673606547203,14.627891077434956,14.268891714412762,8.10682872587457,15300.0,119.36801017188594,1616.8779999903743,129348.28638147845,329.9423836134568,3.3014406625267902,269.48907471991765,1.979773031322393,6.756331399517605,297.56872610643717,0.6235941515107883,351.63422561392997,147.41695062958004,9945.0,9945.0,10.779186666602495,vlsfo
SYNTHETIC_TEST_DATA,2026-03-01T23:25:00+00:00,VESSEL_FE_02,container_feeder,CLASS_FEEDER_1000,20.650444180230494,76.86773642053787,11.316595352142476,11.548324308662862,8.150642810407428,15300.0,109.57396751118631,885.8745267585339,77203.36121538385,182.2345744141372,11.716144041456243,350.2710363173771,1.3381873795757548,7.510123760876117,301.0030324951756,0.4300549401374454,314.51714351348085,576.144447913993,9945.0,9945.0,8.0,vlsfo
SYNTHETIC_TEST_DATA,2026-03-01T23:30:00+00:00,VESSEL_FE_02,container_feeder,CLASS_FEEDER_1000,20.657509004037884,76.88422100942178,16.958490960459642,16.253590233712167,8.18320580543848,15300.0,126.5129248413638,2543.2155408254807,191963.9397372452,503.3937897594332,9.417812080043893,246.29469731490232,2.0790223483280608,7.548015831738711,11.604451042670135,0.461872506081608,107.72283621659632,580.443885911619,9945.0,9945.0,16.954770272169874,vlsfo
SYNTHETIC_TEST_DATA,2026-03-01T23:35:00+00:00,VESSEL_FE_02,container_feeder,CLASS_FEEDER_1000,20.663606280896172,76.89844798875778,14.635979226620211,15.383918797298334,8.09138247638732,15300.0,123.382107670274,1903.132363036054,147295.06343567953,386.91851157039554,8.828458521176382,260.21876967914227,1.2388168203793528,9.260224756412853,327.10297311167005,0.410187674951082,273.93499879092946,737.3863608005856,9945.0,9945.0,12.687549086907026,vlsfo
SYNTHETIC_TEST_DATA,2026-03-01T23:40:00+00:00,VESSEL_FE_02,container_feeder,CLASS_FEEDER_1000,20.66968172191197,76.91262401779464,14.583564198645385,14.467516831553752,8.094120275807423,15300.0,120.0830605935935,1742.7896613432756,138590.86602279553,359.37399889793517,8.010419668631307,201.8414768107239,1.449788146091076,7.913759698226789,103.98705131216641,0.14354518451855164,15.986521306014048,273.7684869606667,9945.0,9945.0,11.618597742288504,vlsfo
SYNTHETIC_TEST_DATA,2026-03-01T23:45:00+00:00,VESSEL_FE_02,container_feeder,CLASS_FEEDER_1000,20.675019497538,76.9250788275887,12.812863019778385,12.819772129641542,8.164773418350658,15300.0,114.15117966670955,1279.8724704124477,107067.50335202117,260.80145856547233,8.814537997887124,32.11035074907983,1.5666760707981577,6.503556423975013,357.2171743220385,0.292751805483375,331.0704261454643,796.141275296659,9945.0,9945.0,8.532483136082984,vlsfo
SYNTHETIC_TEST_DATA,2026-03-01T23:50:00+00:00,VESSEL_FE_02,container_feeder,CLASS_FEEDER_1000,20.680726584554723,76.93839536396106,13.699362676587727,15.269023625462271,8.147127577558264,15300.0,122.96848505166417,1981.571749208331,153881.8367219486,392.33843091611504,4.526243089153868,283.592132503416,2.235286869612307,8.480548489376282,330.0121406743074,0.8867628797491349,217.12688106415717,204.3411074701827,9945.0,9945.0,13.210478328055542,vlsfo
SYNTHETIC_TEST_DATA,2026-03-01T23:55:00+00:00,VESSEL_FE_02,container_feeder,CLASS_FEEDER_1000,20.687437055221643,76.95405312885055,16.10789727357952,15.353267173774169,8.172315744896695,15300.0,123.271761825587,2019.6685745039147,156454.43803802598,396.1626552569966,7.4388704531334815,294.6662604916062,1.309099417811411,5.625070196920581,266.8740969686756,0.678726708921888,10.981827608630104,197.58317622380534,9945.0,9945.0,13.46445716335943,vlsfo
SYNTHETIC_TEST_DATA,2026-03-02T00:00:00+00:00,VESSEL_FE_02,container_feeder,CLASS_FEEDER_1000,20.693337072116122,76.96781983493767,14.162473955388652,14.654542234331657,8.049221666904725,15300.0,120.75635204359398,1728.8839681317431,136718.48722019827,351.98874591199404,6.33386161338475,152.81924064879817,0.983338418530747,7.314095313660637,295.189295628863,0.4000417471688003,194.9438017170019,390.8345183039033,9945.0,9945.0,11.525893120878287,vlsfo
SYNTHETIC_TEST_DATA,2026-03-02T00:05:00+00:00,VESSEL_FE_02,container_feeder,CLASS_FEEDER_1000,20.699237838113383,76.98158828893128,14.164272111024836,14.607904037106378,8.16346626590189,15300.0,120.58845453358296,1797.0636378795166,142307.93260871098,369.2221109606145,7.054269945027189,172.93320563188163,1.2256050188514456,9.110098737391635,113.10964418011564,0.2524548383405443,262.9044964738498,329.96292961088926,9945.0,9945.0,11.98042425253011,vlsfo
SYNTHETIC_TEST_DATA,2026-03-02T00:10:00+00:00,VESSEL_FE_02,container_feeder,CLASS_FEEDER_1000,20.704608392046968,76.99411958144297,12.891544477027619,13.764795617551528,8.075022751890943,15300.0,117.5532642231855,1480.9326528023248,120301.76463608368,305.07863166103266,8.912820101272079,304.42729259506376,2.554992707041681,5.16796526137364,170.82921412891687,0.537910169182833,204.35929430903388,702.8474613183059,9945.0,9945.0,9.872884352015499,vlsfo
SYNTHETIC_TEST_DATA,2026-03-02T00:15:00+00:00,VESSEL_FE_02,container_feeder,CLASS_FEEDER_1000,20.71046080659753,77.00777521539429,14.048208696836825,13.266617384760824,8.130654784538754,15300.0,115.75982258513898,1598.8838408143038,131895.64099834065,325.80272037340393,8.925431260271274,101.44940844316879,1.7570126024807013,8.274189222421276,92.59098513285107,0.45691462811150557,33.71140963692788,568.5355059598495,9945.0,9945.0,10.659225605428691,vlsfo
SYNTHETIC_TEST_DATA,2026-03-02T00:20:00+00:00,VESSEL_FE_02,container_feeder,CLASS_FEEDER_1000,20.71679090192892,77.0225454378342,15.1948395859374,15.628408193643017,8.180687542411949,15300.0,124.26226949711486,2318.165493987748,178146.1897161544,454.13876912704643,5.774357054024051,339.8324836630908,1.4993094598858294,6.420715066811988,52.495262431709186,0.21637705328399592,243.3020443326906,319.4923564520283,9945.0,9945.0,15.454436626584986,vlsfo
SYNTHETIC_TEST_DATA,2026-03-02T00:25:00+00:00,VESSEL_FE_02,container_feeder,CLASS_FEEDER_1000,20.7235429042127,77.03830010982969,16.20759028338502,16.41930426038042,8.081597469308536,15300.0,127.10949533736951,2339.9463994368516,175792.07676909235,472.2217561702162,10.306061023249555,169.20630810382693,0.9129958369886785,3.974250075284266,187.9580300507106,0.32583454712774995,166.16075708251992,698.0302585246936,9945.0,9945.0,15.599642662912345,vlsfo
SYNTHETIC_TEST_DATA,2026-03-02T00:30:00+00:00,VESSEL_FE_02,container_feeder,CLASS_FEEDER_1000,20.730402805873094,77.05430654703729,16.466593289382466,15.945068386520076,8.035740895377256,15300.0,125.40224619147227,2135.919627250777,162648.8410127426,429.5706085157277,3.321914036801023,44.85857955997716,0.8247249756270527,8.035142838158706,143.01742258406406,0.37890690096135576,109.12188722281198,725.9821632190906,9945.0,9945.0,14.239464181671845,vlsfo
SYNTHETIC_TEST_DATA,2026-03-02T00:35:00+00:00,VESSEL_FE_02,container_feeder,CLASS_FEEDER_1000,20.73581145842193,77.06692673631791,12.982996867065532,12.937616616248697,8.096473289157741,15300.0,114.5754198184953,1256.0477716445466,104685.39164864748,251.25916864937594,6.762263360244281,153.72773348435211,2.442778451782055,8.20506156278547,278.4235544054778,0.27407572085193366,144.33349775633494,502.1636545730072,9945.0,9945.0,8.373651810963645,vlsfo
SYNTHETIC_TEST_DATA,2026-03-02T00:40:00+00:00,VESSEL_FE_02,container_feeder,CLASS_FEEDER_1000,20.74206750929153,77.08152418834698,15.017102338667241,14.871071073141465,8.164188099909934,15300.0,121.53585586330928,1966.766931267777,154532.5090101792,384.19679201499713,8.653030296760868,93.05765060451499,1.6037032427005837,4.586344166702412,105.3166802418756,0.06919403572925886,52.608746131590955,163.51995229640136,9945.0,9945.0,13.111779541785179,vlsfo
SYNTHETIC_TEST_DATA,2026-03-02T00:45:00+00:00,VESSEL_FE_02,container_feeder,CLASS_FEEDER_1000,20.748162837450483,77.09574662071786,14.631301544486725,13.483521953357732,8.17186212289226,15300.0,116.54067903208784,1546.4402542832477,126714.69535424611,314.5185292599067,11.064488683943136,225.30020951029834,1.868354438889987,3.739916093925619,10.510777833329135,0.6792633632352848,88.39180776185125,122.9880079272804,9945.0,9945.0,10.309601695221652,vlsfo
SYNTHETIC_TEST_DATA,2026-03-02T00:50:00+00:00,VESSEL_FE_02,container_feeder,CLASS_FEEDER_1000,20.754404736672594,77.11031105223613,14.983132547981365,14.92093807474028,8.048540407836446,15300.0,121.715377069065,1800.2057602553255,141236.86861581824,366.60622192349325,8.709852634163322,58.38616018657569,0.9270312158299518,8.42424453868678,357.41439099128456,0.0,118.01283948070233,797.9459301306855,9945.0,9945.0,12.001371735035503,vlsfo
SYNTHETIC_TEST_DATA,2026-03-02T00:55:00+00:00,VESSEL_FE_02,container_feeder,CLASS_FEEDER_1000,20.76087745873496,77.12541407038165,15.537202565386025,14.560495694603395,8.157557277404692,15300.0,120.41778450057222,1738.308641089201,137850.275520085,353.97514696304836,6.065451991767612,214.9769112857282,1.2976665651669825,7.08594523421282,23.73170004563649,0.5370583035668973,41.74664406005971,770.3755105241594,9945.0,9945.0,11.588724273928007,vlsfo
SYNTHETIC_TEST_DATA,2026-03-02T01:00:00+00:00,VESSEL_FE_02,container_feeder,CLASS_FEEDER_1000,20.766721072315434,77.1390491687361,14.027082738738969,15.27454391595587,8.168514155899528,15300.0,122.98835809744114,1999.8474239347875,155275.96654147227,398.9289339336201,11.069949422771131,169.50437769570266,1.8442572990574204,7.059842612801768,134.6412629230705,0.6528572384740028,224.66806795056297,631.234855056483,9945.0,9945.0,13.332316159565249,vlsfo
SYNTHETIC_TEST_DATA,2026-03-02T01:05:00+00:00,VESSEL_FE_02,container_feeder,CLASS_FEEDER_1000,20.774367126314456,77.15688996140048,18.35368314351519,16.27986419861287,8.03517458346805,15300.0,126.60751111500633,2272.9407123825263,171435.20785361182,449.0815750239041,7.034084988260715,154.75791247976005,0.923211684159019,6.384946146786723,324.0039954691024,1.187185523196904,40.69895257170195,397.0010487279361,9945.0,9945.0,15.152938082550174,vlsfo
SYNTHETIC_TEST_DATA,2026-03-02T01:10:00+00:00,VESSEL_FE_02,container_feeder,CLASS_FEEDER_1000,20.780283894332143,77.17069575344176,14.202683559942175,15.342425962941073,8.152545635039399,15300.0,123.23273346658786,2021.6811187168253,156659.93978129586,410.5229550659161,7.201422330254564,331.7499269948986,1.2684158977375217,9.381946016540539,23.178649528444595,0.6784109787539657,216.31538177225647,743.6559296182838,9945.0,9945.0,13.477874124778836,vlsfo
SYNTHETIC_TEST_DATA,2026-03-02T01:15:00+00:00,VESSEL_FE_02,container_feeder,CLASS_FEEDER_1000,20.786778410772563,77.18584962513607,15.58951806160525,16.615464009704244,8.046293132638004,15300.0,127.81567043493527,2429.143878139719,181484.90918450762,480.8201070564036,1.0,36.83265302989773,0.6657820038857287,5.911380261278719,63.8746366971639,0.7119608849862734,201.79340397594174,574.5885086826817,9945.0,9945.0,16.194292520931462,vlsfo
SYNTHETIC_TEST_DATA,2026-03-02T01:20:00+00:00,VESSEL_FE_02,container_feeder,CLASS_FEEDER_1000,20.792303765825697,77.19874212026005,13.263131010269023,13.914786186658604,8.021431687609445,15300.0,118.09323027197098,1558.431177375867,126018.41347383033,317.26416336719296,6.514537142207475,234.82513606711532,1.3644976075558033,6.660274821212655,36.49502976693072,0.3846234067047397,283.70068645696585,393.7022216792338,9945.0,9945.0,10.38954118250578,vlsfo
SYNTHETIC_TEST_DATA,2026-03-02T01:25:00+00:00,VESSEL_FE_02,container_feeder,CLASS_FEEDER_1000,20.797276505390695,77.21034517924505,11.936625917484168,12.656002567725379,8.06199540720916,15300.0,113.56160924381136,1113.4513732649082,93629.15396898171,223.86818386390303,10.189423734267876,201.67670555449527,1.2254615993255915,5.3597311487795825,231.27717173941596,0.4904966055600607,205.68834310588304,630.2637955829564,9945.0,9945.0,8.0,vlsfo
SYNTHETIC_TEST_DATA,2026-03-02T01:30:00+00:00,VESSEL_FE_02,container_feeder,CLASS_FEEDER_1000,20.803456968376544,77.22476625954538,14.835660242135168,15.418408184887312,8.056346861184487,15300.0,123.50626946559433,1949.2170159615875,150710.1742728333,376.06169332737,8.861693492930279,169.13045441498014,0.8164201497507737,7.2101793008629285,48.83103672331043,0.595489920824921,187.3907222896515,327.6138922347415,9945.0,9945.0,12.994780106410584,vlsfo
SYNTHETIC_TEST_DATA,2026-03-02T01:35:00+00:00,VESSEL_FE_02,container_feeder,CLASS_FEEDER_1000,20.80954085907099,77.23896200449907,14.603846912388889,13.814144272607878,8.129757900320842,15300.0,117.73091938138836,1496.72913415401,121401.50170674089,304.7353179984059,8.675674764661213,208.2817352191742,1.6988772380376753,4.634527127146759,151.4636220948771,0.5818513497225724,19.377144878980175,478.55608376937886,9945.0,9945.0,9.978194227693399,vlsfo
SYNTHETIC_TEST_DATA,2026-03-02T01:40:00+00:00,VESSEL_FE_02,container_feeder,CLASS_FEEDER_1000,20.815254885857488,77.25229473366757,13.716020986297933,14.25035336514442,8.148206571174432,15300.0,119.30127211451992,1675.6151312157633,134122.17294543306,341.0260537811859,6.535289754096313,182.51957448063442,1.818477681543479,5.774495699820872,8.186926838102258,0.29814349415012453,261.67847634420406,500.39258146495916,9945.0,9945.0,11.170767541438423,vlsfo
SYNTHETIC_TEST_DATA,2026-03-02T01:45:00+00:00,VESSEL_FE_02,container_feeder,CLASS_FEEDER_1000,20.8213531735742,77.26652407167323,14.638405703750523,15.515093256114788,8.123542724720675,15300.0,123.85433572201325,2025.6020765339078,156176.00207771175,407.2381029220668,8.119462647117201,274.69185604970085,1.2916649106619666,5.867804356299091,227.02525355148347,0.46397307397648685,252.77651830169435,103.97569228517202,9945.0,9945.0,13.504013843559385,vlsfo
SYNTHETIC_TEST_DATA,2026-03-02T01:50:00+00:00,VESSEL_FE_02,container_feeder,CLASS_FEEDER_1000,20.82786497158909,77.28171826704131,15.631000967970802,14.050745458511926,8.08129217028054,15300.0,118.58268365064293,2060.883143432548,165960.01843492192,418.0467102183671,10.58341887520136,62.88382541573241,2.140717548728328,6.119170636933795,78.23387231438134,0.8321926108121667,61.94238783018041,403.5265332340111,9945.0,9945.0,13.739220956216986,vlsfo
SYNTHETIC_TEST_DATA,2026-03-02T01:55:00+00:00,VESSEL_FE_02,container_feeder,CLASS_FEEDER_1000,20.833562311080875,77.2950120591888,13.67596459645961,14.632891225371404,8.01661338022085,15300.0,120.67840841133705,1898.4508601219648,150224.63881471907,387.52370417121,8.084159358513315,226.6198531927384,1.6017614913882559,6.390874493109269,86.29993124115992,0.738170208851618,199.02604053974403,696.1354922559476,9945.0,9945.0,12.656339067479767,vlsfo
SYNTHETIC_TEST_DATA,2026-03-02T02:00:00+00:00,VESSEL_FE_02,container_feeder,CLASS_FEEDER_1000,20.839033081000682,77.3077771890017,13.132104177143171,13.872045144392809,8.100497779286014,15300.0,117.93936251981411,1380.8679929784978,111805.91219644263,280.0244930886127,6.828555205611515,167.01179207178492,1.0550891818906758,7.680935716444551,238.39294834737896,0.3911795636771976,219.7780133292832,300.1088037398627,9945.0,9945.0,9.205786619856653,vlsfo
SYNTHETIC_TEST_DATA,2026-03-02T02:05:00+00:00,VESSEL_FE_02,container_feeder,CLASS_FEEDER_1000,20.846505250501533,77.32521225117036,17.93628863081234,16.76792680823872,8.052873536638614,15300.0,128.3645365096594,2697.300719285963,200657.63682980248,517.1881904397533,5.098990670007869,189.98214340535898,2.5825712973828363,5.730163477189518,144.59513276106514,0.8606938655911611,19.844141011975644,633.8815016958548,9945.0,9945.0,17.982004795239753,vlsfo
SYNTHETIC_TEST_DATA,2026-03-02T02:10:00+00:00,VESSEL_FE_02,container_feeder,CLASS_FEEDER_1000,20.852624259391284,77.33948993857977,14.688145065307397,14.74493668703745,8.07481494514431,15300.0,121.08177207333482,1707.4305363969881,134659.08461714967,345.19303255850264,3.9699012178012127,74.21529128616777,1.1694613350745429,8.036254609277401,300.19088544226963,0.21534823512929685,163.62614474099982,433.48772985108934,9945.0,9945.0,11.382870242646588,vlsfo
SYNTHETIC_TEST_DATA,2026-03-02T02:15:00+00:00,VESSEL_FE_02,container_feeder,CLASS_FEEDER_1000,20.85811370452592,77.35229864389393,13.176932395153592,13.69581477835417,8.198717238833032,15300.0,117.304933202075,1345.5284943057998,109533.76218416795,276.8896409732603,5.456720743855257,255.9143431054289,1.3830300211608049,6.0751926124868865,253.985853937585,0.41596901744989623,195.36798151485428,230.45488767572954,9945.0,9945.0,8.970189962038665,vlsfo
SYNTHETIC_TEST_DATA,2026-03-02T02:20:00+00:00,VESSEL_FE_02,container_feeder,CLASS_FEEDER_1000,20.8647134349722,77.36769801493526,15.842075070241568,15.77880441084636,8.075646898108445,15300.0,124.8036958790469,2441.352567311436,186798.95311478726,484.78490747944693,5.639826967703788,64.43194449254541,1.8582326021552045,6.802009899837787,49.505353007458844,0.12422478957545979,350.4179508186521,781.5151598424053,9945.0,9945.0,16.27568378207624,vlsfo
SYNTHETIC_TEST_DATA,2026-03-02T02:25:00+00:00,VESSEL_FE_02,container_feeder,CLASS_FEEDER_1000,20.87261524450699,77.38613557051643,18.96760191341564,18.680192395898217,8.019409586619929,15300.0,135.2486926252336,3493.273841670147,246644.21755971495,682.5748950793886,9.18332291514371,241.3313512334072,2.109935412075191,6.321609056932292,200.2271700869231,0.24784014055586367,6.9728637711211805,613.591838291755,9945.0,9945.0,23.28849227780098,vlsfo
SYNTHETIC_TEST_DATA,2026-03-02T02:30:00+00:00,VESSEL_FE_02,container_feeder,CLASS_FEEDER_1000,20.879686787216595,77.40263583683884,16.974619096927732,16.499528344718794,8.090211289394627,15300.0,127.39830204098766,2354.5186195672527,176485.84207290536,471.3758219701776,2.4270907029293483,229.82758237139979,0.7943162729618283,9.822597920139346,128.79392050153916,0.27310821435079813,90.78020598533398,341.4711751830587,9945.0,9945.0,15.696790797115018,vlsfo
SYNTHETIC_TEST_DATA,2026-03-02T02:35:00+00:00,VESSEL_FE_02,container_feeder,CLASS_FEEDER_1000,20.886428041521775,77.41836543021759,16.18179070183732,16.124397844905715,8.170609668916645,15300.0,126.04783224166059,2429.061533013944,184024.0216011127,483.0482335005376,7.069726421379071,27.67472808256808,1.4098138737358465,5.842423092560093,29.562447164234502,0.23000762919904438,351.702854781508,197.09503969298265,9945.0,9945.0,16.193743553426295,vlsfo
SYNTHETIC_TEST_DATA,2026-03-02T02:40:00+00:00,VESSEL_FE_02,container_feeder,CLASS_FEEDER_1000,20.892967707723237,77.43362465135434,15.69789610972059,15.717246755611527,8.152448963277788,15300.0,124.5820883202015,2261.8243945463446,173370.28347413486,454.54965326936855,3.2930363614015494,26.367538289943973,1.4985475332013023,6.176684028711038,67.01848821924432,0.2759627829397843,157.0533596644728,712.2694215241021,9945.0,9945.0,15.078829296975629,vlsfo
SYNTHETIC_TEST_DATA,2026-03-02T02:45:00+00:00,VESSEL_FE_02,container_feeder,CLASS_FEEDER_1000,20.898954749656095,77.44759441586434,14.371369940192032,13.668345766310887,8.103738270794743,15300.0,117.2060447587192,1407.7114429804592,114692.49818569502,281.69330354971754,7.604997717860229,11.442089571625136,1.6926538353564595,6.920785770105721,329.8780137362241,0.4692623862964995,30.887621218579287,239.36105464637103,9945.0,9945.0,9.38474295320306,vlsfo
SYNTHETIC_TEST_DATA,2026-03-02T02:50:00+00:00,VESSEL_FE_02,container_feeder,CLASS_FEEDER_1000,20.90596587802574,77.46395371539352,16.82959976367137,15.680831853006614,8.074286708436839,15300.0,124.4509946708238,2202.757541436538,169020.6263500914,448.8543096308178,9.08953315547192,127.74864288517159,1.5928067538454906,6.362629349970893,177.77220943674453,0.6594729978398961,84.89744170251004,376.0823652732071,9945.0,9945.0,14.685050276243587,vlsfo
SYNTHETIC_TEST_DATA,2026-03-02T02:55:00+00:00,VESSEL_FE_02,container_feeder,CLASS_FEEDER_1000,20.912254011197476,77.47862602612757,15.094113095859324,15.227850853954541,8.103750571117299,15300.0,122.82026307423635,1834.3383637956638,142620.12338699485,367.8738601780615,5.458326665943195,189.02753723709924,0.5688615159937627,7.188109795456839,242.80971667385853,0.40577799811066023,330.90693980097603,55.60911866191004,9945.0,9945.0,12.228922425304425,vlsfo
SYNTHETIC_TEST_DATA,2026-03-02T03:00:00+00:00,VESSEL_FE_02,container_feeder,CLASS_FEEDER_1000,20.917592589037532,77.49108270775437,12.814788664314285,13.459230564867921,8.069435873146652,15300.0,116.45323003352452,1400.2142777597905,114819.154588927,287.3958495004998,6.323568784972701,50.46254783792592,1.5821160696562324,6.745194153748883,242.83409444945485,0.34643269748735755,225.12893055648115,97.5213717771554,9945.0,9945.0,9.334761851731937,vlsfo
SYNTHETIC_TEST_DATA,2026-03-02T03:05:00+00:00,VESSEL_FE_02,container_feeder,CLASS_FEEDER_1000,20.924136563464856,77.50635198141813,15.708237628680404,14.975032516989652,8.247954529532155,15300.0,121.91011706116274,1789.02815088393,140135.7067359123,350.82519153312023,4.383015225225293,18.789192891696484,0.9865899316132459,6.4758740718657,150.38128361645872,0.3988774594774348,52.15604359682867,88.28427027189457,9945.0,9945.0,11.9268543392262,vlsfo
SYNTHETIC_TEST_DATA,2026-03-02T03:10:00+00:00,VESSEL_FE_02,container_feeder,CLASS_FEEDER_1000,20.931045586942716,77.5224730361998,16.58450591114411,15.711163147234522,8.119864728279751,15300.0,124.56018733004427,2142.930198134797,164285.84817250838,428.2148810267938,9.353974999606361,190.09729035007535,2.168226345841565,6.181843370352576,307.48527280107936,0.4479107432458929,49.31478540398897,414.9120376442145,9945.0,9945.0,14.286201320898648,vlsfo
SYNTHETIC_TEST_DATA,2026-03-02T03:15:00+00:00,VESSEL_FE_02,container_feeder,CLASS_FEEDER_1000,20.937450162087124,77.53741704487008,15.37362185570816,15.101456556755432,8.119277940277422,15300.0,122.36524360431955,1932.7849318463377,150833.16149718408,387.3401223637046,7.771747250037673,70.28852203640858,1.9346627134413077,7.6478619846990785,194.73970350757986,0.6437284470621367,141.1322043820861,785.8426517632527,9945.0,9945.0,12.885232878975586,vlsfo
SYNTHETIC_TEST_DATA,2026-03-02T03:20:00+00:00,VESSEL_FE_02,container_feeder,CLASS_FEEDER_1000,20.943011391131606,77.55039324597388,13.349243385410078,12.953138430750608,8.057639152118432,15300.0,114.6312983507022,1330.072270714948,110800.93112412113,268.81939373099357,13.921468797725463,18.632042059604437,1.9792564295287414,5.964794866895403,227.91442778812794,0.3552254690345472,3.661546318461033,596.7003136320682,9945.0,9945.0,8.867148471432987,vlsfo
SYNTHETIC_TEST_DATA,2026-03-02T03:25:00+00:00,VESSEL_FE_02,container_feeder,CLASS_FEEDER_1000,20.94826765958545,77.56265787236619,12.617212189642505,13.204973041839917,8.02408060150662,15300.0,115.5379029506237,1287.3616940754277,106401.43464270206,258.04172551162486,11.295672281913625,129.92037917610097,0.5965842489228873,6.725218025256341,252.25652889661384,0.2924626624658604,238.03580842924273,530.0492561542197,9945.0,9945.0,8.582411293836186,vlsfo
SYNTHETIC_TEST_DATA,2026-03-02T03:30:00+00:00,VESSEL_FE_02,container_feeder,CLASS_FEEDER_1000,20.95414709322097,77.57637655084906,14.113065644506628,14.548968975872764,8.062040830627028,15300.0,120.37628831314196,1703.7549400392109,135156.69455719832,338.8472247000424,6.685431956391733,322.11844894026603,1.8551545759832888,7.554822952805271,260.6774700009822,0.6497918996397124,310.85680815447654,387.8410404646983,9945.0,9945.0,11.358366266928073,vlsfo
SYNTHETIC_TEST_DATA,2026-03-02T03:35:00+00:00,VESSEL_FE_02,container_feeder,CLASS_FEEDER_1000,20.96020907278765,77.59052116983798,14.551251168708177,13.750685909106853,8.080351556794136,15300.0,117.50246927278468,1417.376833639832,115188.65809059209,289.7705340072886,4.5490795045541335,295.1163319027713,1.0147383911678725,6.502891571014203,242.43155212646224,0.639110484258842,17.313422524601698,240.61888377393714,9945.0,9945.0,9.449178890932213,vlsfo
SYNTHETIC_TEST_DATA,2026-03-02T03:40:00+00:00,VESSEL_FE_02,container_feeder,CLASS_FEEDER_1000,20.965714004054632,77.60336600946094,13.214105499899217,13.080346276037586,8.12301505156081,15300.0,115.08924659373531,1200.3604719744412,99597.4732276605,256.20629714663403,8.826407807829119,313.4744659462714,0.9286457700681453,5.465908071952452,347.6842165589514,0.3871256712348689,347.99341054671504,488.8818991470948,9945.0,9945.0,8.002403146496274,vlsfo
SYNTHETIC_TEST_DATA,2026-03-02T03:45:00+00:00,VESSEL_FE_02,container_feeder,CLASS_FEEDER_1000,20.972992197828074,77.62034846159897,17.47066688149415,16.371376408560067,8.187013321368042,15300.0,126.93695507081625,2344.5831569204606,176379.84086149675,476.5274981718871,6.627918263678355,344.83172269922966,1.835678487474063,6.492809115391373,206.39210065714937,0.5808558766099841,50.72071023679684,155.70339019548877,9945.0,9945.0,15.630554379469737,vlsfo
SYNTHETIC_TEST_DATA,2026-03-02T03:50:00+00:00,VESSEL_FE_02,container_feeder,CLASS_FEEDER_1000,20.978471822905462,77.6331342534462,13.153360207561054,13.112621229021219,8.034831669504198,15300.0,115.20543642447639,1274.3210782478127,105627.56671068535,273.3390240466688,4.904267624133701,137.80496344100547,1.123895134178472,5.0190312847317005,20.894308454060045,0.7268434060331695,152.91256237041662,783.2000650383753,9945.0,9945.0,8.495473854985418,vlsfo
SYNTHETIC_TEST_DATA,2026-03-02T03:55:00+00:00,VESSEL_FE_02,container_feeder,CLASS_FEEDER_1000,20.984342888243557,77.64683340590175,14.092978279254114,14.482323497327675,8.04156791232178,15300.0,120.13636459037963,1653.2437020746715,131411.62122786551,334.7597831882463,6.452325732135606,284.31019334399434,1.1941559819091425,6.94883992521228,271.8591136188305,0.3093105019879182,292.76384961980744,410.72354253731294,9945.0,9945.0,11.02162468049781,vlsfo
SYNTHETIC_TEST_DATA,2026-03-02T04:00:00+00:00,VESSEL_FE_02,container_feeder,CLASS_FEEDER_1000,20.990635532033764,77.66151624141223,15.104940440552774,14.931398950673136,8.03893706985848,15300.0,121.75303622242329,1858.398001684899,145757.29889475045,374.51148853711896,12.12771054126705,355.749163558987,0.6574266877055027,7.832034411586793,2.8618863484040302,0.2878614987536351,133.64659077891648,501.45529070600355,9945.0,9945.0,12.38932001123266,vlsfo
SYNTHETIC_TEST_DATA,2026-03-02T04:05:00+00:00,VESSEL_FE_02,container_feeder,CLASS_FEEDER_1000,20.997021864723738,77.6764176843555,15.329832441131972,14.457962904939297,7.958524734887548,15300.0,120.04866645778148,1711.318736276888,136127.21113234214,346.62022305811405,8.279061889186497,27.708540615109463,1.4101662558596773,6.9608475729893104,357.59998852570425,0.8245028276172834,8.736115831787878,331.6485151343313,9945.0,9945.0,11.408791575179254,vlsfo
SYNTHETIC_TEST_DATA,2026-03-02T04:10:00+00:00,VESSEL_FE_02,container_feeder,CLASS_FEEDER_1000,21.003511780430088,77.69156082100365,15.578474402314733,14.31661039466702,8.109920778745368,15300.0,119.53979742080128,1545.9289370760773,123494.72091123514,315.06578803266916,9.097794432583377,321.92372996224765,1.2123910799336086,6.556503487803484,285.39029815554505,0.6897874988633518,47.96856295845847,499.02171953629846,9945.0,9945.0,10.306192913840516,vlsfo
SYNTHETIC_TEST_DATA,2026-03-02T04:15:00+00:00,VESSEL_FE_02,container_feeder,CLASS_FEEDER_1000,21.00975199666611,77.70612132555436,14.97909268723526,13.566727648019484,8.068621569863208,15300.0,116.84021953287015,1347.0121718894472,110090.67584001433,271.67120896557617,7.207308347296412,13.568290457418035,0.4906542966416878,6.789859656794199,88.08747129171931,0.9704627794624778,105.09966286251563,567.0160857543859,9945.0,9945.0,8.980081145929649,vlsfo
SYNTHETIC_TEST_DATA,2026-03-02T04:20:00+00:00,VESSEL_FE_02,container_feeder,CLASS_FEEDER_1000,21.016947721889025,77.7229113510745,17.272708346819105,15.982304691111388,8.079213564282899,15300.0,125.536296888001,2275.905047379911,173123.5733143227,450.93331254666055,6.3399890327165185,279.9629207524851,2.013078140386106,5.0237290215416035,259.78952154280745,0.7286151177011313,42.55605642403082,432.7464611676399,9945.0,9945.0,15.172700315866075,vlsfo
SYNTHETIC_TEST_DATA,2026-03-02T04:25:00+00:00,VESSEL_FE_02,container_feeder,CLASS_FEEDER_1000,21.022836184986577,77.73665109830212,14.134740077504517,14.301954269459745,8.039454108240017,15300.0,119.48703537005508,1566.5498360142678,125197.25636976636,316.69497247961965,10.67807762564225,135.2028276900509,0.2,7.147879876181855,229.84020878061457,0.24905050433716552,325.05944559429554,185.60553857478087,9945.0,9945.0,10.443665573428452,vlsfo
SYNTHETIC_TEST_DATA,2026-03-02T04:30:00+00:00,VESSEL_FE_02,container_feeder,CLASS_FEEDER_1000,21.027387020217247,77.74726971384035,10.92388150446876,12.439729298946343,8.047789692456012,15300.0,112.78302547620683,1165.5698709594978,98688.36504372113,242.4421767764996,9.181906920416557,17.487625618748737,1.3787693013381235,6.429385001934658,20.94008087638776,0.8082820076168202,247.8327355868455,83.0541666678635,9945.0,9945.0,8.0,vlsfo
SYNTHETIC_TEST_DATA,2026-03-02T04:35:00+00:00,VESSEL_FE_02,container_feeder,CLASS_FEEDER_1000,21.034144225143642,77.76303652533527,16.220078771438214,15.48731875410275,8.098535609543468,15300.0,123.7543475147699,2045.6544930624382,157849.4966684748,410.10589994283833,7.640122365738818,19.973116841723208,1.5506565968606632,8.286223274385847,137.36115860661533,0.3674700899880443,62.81316381950204,663.0191802056261,9945.0,9945.0,13.637696620416254,vlsfo
SYNTHETIC_TEST_DATA,2026-03-02T04:40:00+00:00,VESSEL_FE_02,container_feeder,CLASS_FEEDER_1000,21.03978123451712,77.77618954720671,13.531147429909176,14.268377911912129,8.155647511484613,15300.0,119.36616048288366,1626.7616202218192,130140.98068151002,337.5258527519977,9.14220877810098,327.4276522698553,1.263990193358992,4.9510669304050055,138.90995139844603,0.5216435203261065,285.89562652111215,46.59953483254121,9945.0,9945.0,10.845077468145462,vlsfo
SYNTHETIC_TEST_DATA,2026-03-02T04:45:00+00:00,VESSEL_FE_02,container_feeder,CLASS_FEEDER_1000,21.044771823748476,77.78783425541322,11.979472478677248,13.207530349166191,8.115404826725703,15300.0,115.54710925699828,1340.6992056059692,110800.99215479613,274.64747306634763,10.703225890424264,76.36823115228725,1.83185937184271,7.936663827187331,347.44207018607426,0.6239707960653066,230.19982343505626,327.6388642038662,9945.0,9945.0,8.937994704039795,vlsfo
SYNTHETIC_TEST_DATA,2026-03-02T04:50:00+00:00,VESSEL_FE_02,container_feeder,CLASS_FEEDER_1000,21.050499967338144,77.80119992378911,13.749907136250167,15.366080306620162,8.108446799787936,15300.0,123.31788910383258,2042.65624578507,158175.99907852642,412.5934427071953,7.974983937894611,38.07638415371776,1.4513346452307447,8.122024228879102,129.74084824759072,0.8740097016912429,237.28803592244228,420.4592108176663,9945.0,9945.0,13.6177083052338,vlsfo
SYNTHETIC_TEST_DATA,2026-03-02T04:55:00+00:00,VESSEL_FE_02,container_feeder,CLASS_FEEDER_1000,21.056088231020826,77.81423920571537,13.414137667282324,13.861171038379169,8.04347430017474,15300.0,117.900215738165,1400.9062907178309,113466.03205787047,290.2283960492869,7.528479531251193,283.014157961968,1.2423798779340502,5.665416512708611,152.47087016181067,0.386663248632542,295.4834404431937,695.0869767349462,9945.0,9945.0,9.339375271452207,vlsfo
SYNTHETIC_TEST_DATA,2026-03-02T05:00:00+00:00,VESSEL_FE_02,container_feeder,CLASS_FEEDER_1000,21.062283564831613,77.8286949846072,14.871356355318902,15.456984200586982,8.076783216195969,15300.0,123.64514312211313,2563.591145664214,197989.92144614458,506.8416265302775,8.118257242591172,124.51356836479272,2.3084545993770065,8.943081764071762,44.151425149643245,0.6417619030644242,311.75919846071145,476.80116726041877,9945.0,9945.0,17.090607637761426,vlsfo
SYNTHETIC_TEST_DATA,2026-03-02T05:05:00+00:00,VESSEL_FE_02,container_feeder,CLASS_FEEDER_1000,21.068161778546767,77.84241081660923,14.110137332485678,14.75277512762777,8.154970822048492,15300.0,121.10999045945996,1718.939629853253,135535.17984593095,339.09634680086197,6.13222509213087,235.98394586578576,1.5658719301687989,6.670390402904875,195.80056937496022,0.3450870068354266,249.45542948080885,421.0600484434364,9945.0,9945.0,11.459597532355021,vlsfo
SYNTHETIC_TEST_DATA,2026-03-02T05:10:00+00:00,VESSEL_FE_02,container_feeder,CLASS_FEEDER_1000,21.075174923637544,77.85877482182104,16.834440726165123,18.278560736271427,8.101189232971693,15300.0,133.80281865057714,3424.628166324756,244410.32248163372,663.4825602610096,9.318967268609208,309.2365596958892,2.1331043890472854,6.334664429791944,283.5696411598306,0.773925173806921,228.24143170602724,468.84042094902566,9945.0,9945.0,22.83085444216504,vlsfo
SYNTHETIC_TEST_DATA,2026-03-02T05:15:00+00:00,VESSEL_FE_02,container_feeder,CLASS_FEEDER_1000,21.0819274234051,77.874530654612,16.208784449628414,15.187546351480053,8.119906583850415,15300.0,122.6751668653282,1859.151762906872,144720.3377434013,379.49238751945734,8.947734758771846,214.12976253741414,0.4781709569134356,6.638675685837352,73.68358649712269,0.6240702730405658,34.456437955561405,426.492535050889,9945.0,9945.0,12.394345086045814,vlsfo
SYNTHETIC_TEST_DATA,2026-03-02T05:20:00+00:00,VESSEL_FE_02,container_feeder,CLASS_FEEDER_1000,21.08932307481944,77.8917871745788,17.7526136639901,16.862613855332853,8.06492057462225,15300.0,128.70540987919827,2693.2397777336196,199824.89809574114,524.3321038451015,7.418847327282548,104.89674898809149,1.2345920222990117,8.688551830860382,73.77112839993237,0.5522528775058384,98.19848944522035,637.6370926125344,9945.0,9945.0,17.954931851557465,vlsfo
SYNTHETIC_TEST_DATA,2026-03-02T05:25:00+00:00,VESSEL_FE_02,container_feeder,CLASS_FEEDER_1000,21.095108253534477,77.90528592491388,13.886814960753627,13.317803233389425,8.05890965500427,15300.0,115.94409164020193,1229.1159672551137,101231.48789446335,255.56123002912068,3.0633701579069035,227.427493037371,1.3911764723821503,7.77765404977724,294.8211179463996,0.5919489398897644,1.6018339128421966,402.21161980898717,9945.0,9945.0,8.194106448367425,vlsfo
SYNTHETIC_TEST_DATA,2026-03-02T05:30:00+00:00,VESSEL_FE_02,container_feeder,CLASS_FEEDER_1000,21.100514685774606,77.91790093347419,12.977667210421595,12.689751282896804,8.093312608912067,15300.0,113.6831046184285,1186.8610694007054,99695.45074924071,257.1674633487466,13.339989884868169,162.17015502973112,1.420743804716763,8.476669571118041,120.79338374622961,0.5174021708251499,351.5358854552505,176.53645237934546,9945.0,9945.0,8.0,vlsfo
SYNTHETIC_TEST_DATA,2026-03-02T05:35:00+00:00,VESSEL_FE_02,container_feeder,CLASS_FEEDER_1000,21.106307314216036,77.93141706650418,13.904697376671294,14.206644931232766,8.059839933819537,15300.0,119.14392175243796,1654.819161631439,132632.52323223467,337.3627179257418,4.497049692433534,231.26954896340962,1.9845179396768273,9.177105860018163,354.392066885736,0.12372550352300105,255.4150999396775,49.071219685250256,9945.0,9945.0,11.032127744209594,vlsfo
SYNTHETIC_TEST_DATA,2026-03-02T05:40:00+00:00,VESSEL_FE_02,container_feeder,CLASS_FEEDER_1000,21.113629102424497,77.94850123899059,17.57531150567362,16.62290041207946,8.151600654883971,15300.0,127.84244148348606,2377.447516507961,177585.40268929536,472.56518543930235,11.748419743863508,293.1274551486058,1.8616197910961396,7.77366970487705,345.22638107458897,0.8475084865974188,120.55082164727236,310.5203756535911,9945.0,9945.0,15.849650110053073,vlsfo
SYNTHETIC_TEST_DATA,2026-03-02T05:45:00+00:00,VESSEL_FE_02,container_feeder,CLASS_FEEDER_1000,21.12083128864972,77.96530634018278,17.288217417143354,15.909412321976902,8.126063796522704,15300.0,125.27388435911685,2154.0519952790823,164197.68149418442,432.4133598009058,8.532482100431883,259.4622192001662,0.8901383309500612,6.647533552158552,134.42774334425914,0.7260955685575143,72.97021118999672,784.3030505559792,9945.0,9945.0,14.360346635193883,vlsfo
SYNTHETIC_TEST_DATA,2026-03-02T05:50:00+00:00,VESSEL_FE_02,container_feeder,CLASS_FEEDER_1000,21.12757572899479,77.9810433676546,16.189438511624758,15.546991147887892,8.11164408892581,15300.0,123.96916813239642,2019.2656680765149,155543.2454690248,410.4846423799328,6.971891800971801,58.2084065380758,0.6794073848877918,4.804083805204742,183.30580183029178,0.3700985019527342,37.13939738605025,169.12033606293699,9945.0,9945.0,13.461771120510098,vlsfo
SYNTHETIC_TEST_DATA,2026-03-02T05:55:00+00:00,VESSEL_FE_02,container_feeder,CLASS_FEEDER_1000,21.133814067470635,77.99559949076492,14.974585288346749,15.330421479649935,8.037720236521935,15300.0,123.18951732673978,2277.6282354392188,176555.18102292562,447.96552670499705,7.309853136746391,333.2489174933077,1.8679920524327955,4.8104624355433705,77.24602627846463,0.6159619688096416,316.54077106658593,123.99990395791842,9945.0,9945.0,15.184188236261459,vlsfo
SYNTHETIC_TEST_DATA,2026-03-02T06:00:00+00:00,VESSEL_FE_02,container_feeder,CLASS_FEEDER_1000,21.13887860871477,78.0074167536679,12.15698781018005,12.546057949164016,8.01526207501974,15300.0,113.16580861699046,1129.9267483670058,95346.8699771362,234.18114965344455,9.737319228623122,5.377299922163679,1.6741550492704398,5.2372007429234655,188.2048792796331,0.17086795525513976,237.13423515898145,771.2227512274791,9945.0,9945.0,8.0,vlsfo
SYNTHETIC_TEST_DATA,2026-03-02T06:05:00+00:00,VESSEL_FE_02,container_feeder,CLASS_FEEDER_1000,21.145477431495472,78.02281400682287,15.839896298498742,15.523152177855701,8.253236401894739,15300.0,123.88334784028052,1993.2757910108928,153647.6212253159,399.86567705229993,6.399800820623753,302.20954171641586,1.4940445745570907,6.671931737500039,248.50807324861478,0.33096689457461614,4.97768905882507,407.89670507222553,9945.0,9945.0,13.288505273405951,vlsfo
SYNTHETIC_TEST_DATA,2026-03-02T06:10:00+00:00,VESSEL_FE_02,container_feeder,CLASS_FEEDER_1000,21.1516014394114,78.03710335862671,14.700144789942584,14.33465694883606,8.10369129417032,15300.0,119.60476501580982,1616.857321708804,129090.59350115224,326.57334544362544,7.021700999859602,345.63622667872164,1.3264534089424078,8.013856031479765,332.74742868520923,0.2197896511885582,38.028171432021665,168.5899220690135,9945.0,9945.0,10.779048811392027,vlsfo
SYNTHETIC_TEST_DATA,2026-03-02T06:15:00+00:00,VESSEL_FE_02,container_feeder,CLASS_FEEDER_1000,21.15714084942991,78.0500286486699,13.296868724014558,12.735024209815537,8.084223999937663,15300.0,113.84608715533594,1162.7187769684222,97527.69484003159,240.91227495576967,10.79109986963549,185.55668249163853,1.7698672586281756,6.164922535419951,258.5114097975391,0.29533774384682154,47.62580120819876,670.3999855461395,9945.0,9945.0,8.0,vlsfo
SYNTHETIC_TEST_DATA,2026-03-02T06:20:00+00:00,VESSEL_FE_02,container_feeder,CLASS_FEEDER_1000,21.163043741442003,78.06380206336478,14.169375423470319,14.38445243160741,8.131857620765524,15300.0,119.78402875378669,1621.7202286299328,129285.07751017503,318.8079354488572,8.035852688425772,228.23373393034075,0.6729669173696551,7.547653822455343,37.22036396227847,0.12221051459146692,237.74982441897515,780.9751342475904,9945.0,9945.0,10.811468190866218,vlsfo
SYNTHETIC_TEST_DATA,2026-03-02T06:25:00+00:00,VESSEL_FE_02,container_feeder,CLASS_FEEDER_1000,21.16916834382058,78.07809280224812,14.701571745477185,15.293227201051097,7.996781799507896,15300.0,123.05561792378396,1879.2282469290922,145830.87050048838,386.11760463348224,9.19946048324564,117.67731901182914,0.8983403353147613,6.054684351810072,234.624411001152,0.665105081475815,309.82522181603207,694.1072743794771,9945.0,9945.0,12.528188312860614,vlsfo
SYNTHETIC_TEST_DATA,2026-03-02T06:30:00+00:00,VESSEL_FE_02,container_feeder,CLASS_FEEDER_1000,21.176051911125928,78.09415445929393,16.523400597952477,15.081508561876532,8.100659682799071,15300.0,122.29343082275551,1851.077674078854,144541.6126907183,370.02649077174004,3.592547870902294,112.45312969185171,1.1807853963657227,6.734032118978868,195.34908786581119,0.7869786148900498,80.81513208990464,48.37267679660695,9945.0,9945.0,12.34051782719236,vlsfo
SYNTHETIC_TEST_DATA,2026-03-02T06:35:00+00:00,VESSEL_FE_02,container_feeder,CLASS_FEEDER_1000,21.182403546235385,78.10897494121599,15.24654393718356,15.529527440487328,8.118052356759984,15300.0,123.90629878575439,2140.402270111305,164958.00689633403,421.3624243103818,11.318630864948776,174.0975306314835,2.480725911881824,6.848506744678263,316.629921497321,0.23512939344756384,200.50654465229044,45.97716432103137,9945.0,9945.0,14.2693484674087,vlsfo
SYNTHETIC_TEST_DATA,2026-03-02T06:40:00+00:00,VESSEL_FE_02,container_feeder,CLASS_FEEDER_1000,21.1892097653699,78.12485611919652,16.33773308639404,16.279785911579605,8.017700815283316,15300.0,126.60722928168659,2297.9986145334346,173325.57112087097,455.9981323302579,5.755738573405637,3.0531112280631767,0.8829414592303892,6.706303391436075,186.67844141867357,0.5886610482512016,150.13617573062604,298.5070609292451,9945.0,9945.0,15.319990763556232,vlsfo
SYNTHETIC_TEST_DATA,2026-03-02T06:45:00+00:00,VESSEL_FE_02,container_feeder,CLASS_FEEDER_1000,21.19606390441895,78.14084911031097,16.452760645413722,17.061411635217937,8.106405306246772,15300.0,129.42108188678458,2700.111072026284,199226.9038761702,537.2519476204671,9.677381293128711,268.01395438759295,2.49534489719802,5.871866918758345,284.6077362700598,0.4291204111612283,201.86094802822208,728.7227287693512,9945.0,9945.0,18.000740480175228,vlsfo
SYNTHETIC_TEST_DATA,2026-03-02T06:50:00+00:00,VESSEL_FE_02,container_feeder,CLASS_FEEDER_1000,21.202612438861333,78.15612902400986,15.719183545559924,15.35773463452063,8.033786907865892,15300.0,123.28784468427426,1933.3108342668147,149745.16421857465,390.3991281351802,9.466499336651134,319.4589388694971,1.6175568499023092,7.217123891996525,181.33983828707974,0.2089605161094033,79.18032785111004,542.3108776030319,9945.0,9945.0,12.888738895112098,vlsfo
SYNTHETIC_TEST_DATA,2026-03-02T06:55:00+00:00,VESSEL_FE_02,container_feeder,CLASS_FEEDER_1000,21.20792965640894,78.16853586495426,12.763515152567805,12.240780364392585,8.186676151922105,15300.0,112.0668093118133,1134.5201465132125,96673.30967861431,244.6276486720943,7.086308616431019,31.97227752504285,1.308172028473665,8.403077469969718,17.699589194117976,0.6590978516409072,125.35842745463444,271.65895218721755,9945.0,9945.0,8.0,vlsfo
SYNTHETIC_TEST_DATA,2026-03-02T07:00:00+00:00,VESSEL_FE_02,container_feeder,CLASS_FEEDER_1000,21.212849633729096,78.18001581203463,11.809974768550061,12.683859273221309,8.08300089495516,15300.0,113.66189338359672,1332.7966007627601,111974.81979202075,278.3288447040575,10.187320861465889,226.3915717784958,1.5036092283625881,6.6695532042914065,35.675492673637386,0.4518583908374548,234.4995830023749,472.0043080018388,9945.0,9945.0,8.885310671751734,vlsfo
SYNTHETIC_TEST_DATA,2026-03-02T07:05:00+00:00,VESSEL_FE_02,container_feeder,CLASS_FEEDER_1000,21.218609503541465,78.19345550826348,13.826063155924535,14.59812434472937,8.161134574128544,15300.0,120.55324764102573,1621.9465215867851,128478.06826900975,328.73961192967687,7.17568745247353,150.2508418488853,0.4301055061234085,6.822152696328582,129.05900678138167,0.4958520289068796,203.40555693168122,85.17589969607526,9945.0,9945.0,10.812976810578567,vlsfo
SYNTHETIC_TEST_DATA,2026-03-02T07:10:00+00:00,VESSEL_FE_02,container_feeder,CLASS_FEEDER_1000,21.225143361000985,78.20870117566903,15.683952733296811,15.897164951475489,8.06864520331453,15300.0,125.22979382531176,2288.183455620797,174483.57768814097,456.3538301241152,10.932720331515386,266.2523732866197,1.8974241024576757,7.363439817401843,238.6844073192786,0.13255953063716325,265.6830519678023,619.590480980513,9945.0,9945.0,15.254556370805311,vlsfo
SYNTHETIC_TEST_DATA,2026-03-02T07:15:00+00:00,VESSEL_FE_02,container_feeder,CLASS_FEEDER_1000,21.23191571559472,78.22450333638776,16.256444221402333,16.149693038682084,8.10328000741713,15300.0,126.13889493925551,2503.365747355762,189516.34224343297,489.3563992160696,4.961553715108427,63.76807789921389,1.4085750513453537,7.211532442873823,89.7612665234382,0.20554587683326275,144.38721939350052,278.35491984026373,9945.0,9945.0,16.689104982371745,vlsfo
SYNTHETIC_TEST_DATA,2026-03-02T07:20:00+00:00,VESSEL_FE_02,container_feeder,CLASS_FEEDER_1000,21.23844405150394,78.23973612017593,15.670698735264125,15.723623819947262,8.0417021536821,15300.0,124.60504575181014,2306.8499720258887,176788.9448476787,458.9814612997587,9.363017444078517,284.4753973311947,1.9329036074663875,6.7680999918018,13.50556400859885,0.35863032499014014,327.6577914105667,352.17218117517945,9945.0,9945.0,15.378999813505926,vlsfo
SYNTHETIC_TEST_DATA,2026-03-02T07:25:00+00:00,VESSEL_FE_02,container_feeder,CLASS_FEEDER_1000,21.244621926757127,78.25415116243337,14.829448616453357,14.789561955989399,8.129975849503287,15300.0,121.24242304156184,1784.8726020650915,140580.14857253717,370.8034651767866,6.769759092446366,87.60199609398956,1.2270582080985704,8.498278936908887,347.9088792111486,0.35727482463082094,152.76674194371435,569.353158107326,9945.0,9945.0,11.899150680433944,vlsfo
SYNTHETIC_TEST_DATA,2026-03-02T07:30:00+00:00,VESSEL_FE_02,container_feeder,CLASS_FEEDER_1000,21.250448662590266,78.26774687937737,13.98656918406386,12.856691507878255,8.082181347171678,15300.0,114.28408942836171,1186.5829967129728,99147.94802685652,248.24727677753185,7.734152119112135,267.9029060936622,0.9747235019642381,6.15561779700209,67.64084719079447,0.8079318145939829,16.67503842025235,766.1333518140989,9945.0,9945.0,8.0,vlsfo
SYNTHETIC_TEST_DATA,2026-03-02T07:35:00+00:00,VESSEL_FE_02,container_feeder,CLASS_FEEDER_1000,21.255715145842487,78.28003534029922,12.64173191874818,13.893996372760236,8.037623076970133,15300.0,118.01838694193685,1461.3856819138298,118246.02643725432,299.30371507380266,4.548024917949984,45.28308792743231,1.7600561162113981,6.877142223941463,321.01814304206215,0.7007324977475584,271.4948416924084,602.0177514931031,9945.0,9945.0,9.742571212758865,vlsfo
SYNTHETIC_TEST_DATA,2026-03-02T07:40:00+00:00,VESSEL_FE_02,container_feeder,CLASS_FEEDER_1000,21.26192609053323,78.29452754457762,14.90882890577804,15.415057635610024,8.10765859536298,15300.0,123.49420748819608,2150.534251881578,166291.92418183622,434.27919693522335,4.046349532368895,219.9457488825513,1.0997464497021656,4.34708869362153,88.19949576947738,0.6378124958030567,312.8866408597665,140.40159473597228,9945.0,9945.0,14.336895012543852,vlsfo
SYNTHETIC_TEST_DATA,2026-03-02T07:45:00+00:00,VESSEL_FE_02,container_feeder,CLASS_FEEDER_1000,21.26802377196121,78.30875546790958,14.63695036074402,15.230621843657163,8.089035001987465,15300.0,122.83023863716579,1954.2425569559673,151930.35512640135,393.66020521141587,11.824684736441556,305.4925152819278,0.6244420692572014,5.6531915550969325,359.6594620945968,0.578563705242982,183.2092857287883,210.21100716284872,9945.0,9945.0,13.028283713039782,vlsfo
SYNTHETIC_TEST_DATA,2026-03-02T07:50:00+00:00,VESSEL_FE_02,container_feeder,CLASS_FEEDER_1000,21.273403791024585,78.32130884572412,12.914264692327528,12.690315207995665,8.138852329824344,15300.0,113.68513474878439,1588.283666467534,133412.26912859696,327.4861050026083,5.189335794821145,133.53162379179614,2.1901528638654026,6.915899438766813,84.92256557040358,0.4736512948576056,139.6271064955233,,9945.0,9945.0,10.588557776450227,vlsfo
SYNTHETIC_TEST_DATA,2026-03-02T07:55:00+00:00,VESSEL_FE_02,container_feeder,CLASS_FEEDER_1000,21.281155961024275,78.33939724239006,18.608405311703567,18.454390710413374,8.032437412795183,15300.0,134.43580655748815,3322.112687298742,235977.6026482035,651.6316721965771,6.972648183614236,351.251856985052,1.2177556382630212,5.916004009892954,257.96245618178745,0.5589125687655622,342.8053974443686,313.1271950217021,9945.0,9945.0,22.147417915324947,vlsfo
SYNTHETIC_TEST_DATA,2026-03-02T08:00:00+00:00,VESSEL_FE_02,container_feeder,CLASS_FEEDER_1000,21.286679717615264,78.35228600776904,13.25929404184868,13.506399375062612,8.049499466941295,15300.0,116.62303775022541,1332.157471121109,109079.3640411653,267.89453154115034,5.712566675076139,169.78872133495332,1.424841275286804,6.131489590269349,201.66281955629114,0.40238882715392404,174.70587468527114,556.527039630482,9945.0,9945.0,8.88104980747406,vlsfo
SYNTHETIC_TEST_DATA,2026-03-02T08:05:00+00:00,VESSEL_FE_02,container_feeder,CLASS_FEEDER_1000,21.292299633328216,78.36539914443259,13.49011559452173,12.833464412121698,8.042774969128414,15300.0,114.20047188363812,1100.8783102660773,92054.0284632234,227.6144799843694,10.582650687056931,355.4628906540708,0.8295243097820949,6.29014465750103,156.62525195882375,0.6059603039895061,7.03898983293644,469.7716050507265,9945.0,9945.0,8.0,vlsfo
SYNTHETIC_TEST_DATA,2026-03-02T08:10:00+00:00,VESSEL_FE_02,container_feeder,CLASS_FEEDER_1000,21.29813352073012,78.37901154837036,14.003735898690927,14.721631921401423,8.09017855389969,15300.0,120.99787491704512,1857.1968776519263,146572.1924004629,375.24243305138543,9.580187970729328,7.846754177355688,1.5598135079364073,7.2977434710139555,245.44833938704664,0.4115969439061189,274.8335526583638,186.87706884691804,9945.0,9945.0,12.38131251767951,vlsfo
SYNTHETIC_TEST_DATA,2026-03-02T08:15:00+00:00,VESSEL_FE_02,container_feeder,CLASS_FEEDER_1000,21.304074238370912,78.39287322286555,14.260172533200846,13.953423221163566,8.144728549505738,15300.0,118.23232359618885,1511.6441427403608,122091.30136090508,303.60449620340694,8.037228116883657,158.60818806412638,2.010036708214934,7.912326907196109,204.41273240143616,0.7543370393269466,142.741384820891,424.5278953495104,9945.0,9945.0,10.077627618269073,vlsfo
SYNTHETIC_TEST_DATA,2026-03-02T08:20:00+00:00,VESSEL_FE_02,container_feeder,CLASS_FEEDER_1000,21.309700053596313,78.40600012505814,13.504276857599535,12.710371517874226,8.077648452118643,15300.0,113.75733746434722,1153.1107262855576,96797.2402192431,241.53450423069722,6.966801010800572,182.43699272899445,1.9137976367817122,5.844503335041012,232.98751325345765,0.43126934471539163,46.78057893615404,103.5087588312065,9945.0,9945.0,8.0,vlsfo
SYNTHETIC_TEST_DATA,2026-03-02T08:25:00+00:00,VESSEL_FE_02,container_feeder,CLASS_FEEDER_1000,21.315546771380454,78.41964246655448,14.034534107841708,14.553141809188622,8.075626164063967,15300.0,120.39131051307905,1845.738031625478,146401.76112410703,366.11772961166287,6.25053664689099,95.06181209524728,1.2655502640578922,7.502549784071784,67.61245284182125,0.7140147220740919,174.84930260055495,42.99617272483811,9945.0,9945.0,12.30492021083652,vlsfo
SYNTHETIC_TEST_DATA,2026-03-02T08:30:00+00:00,VESSEL_FE_02,container_feeder,CLASS_FEEDER_1000,21.321727443148973,78.43406403401436,14.836161406650092,14.78905545696847,8.097264909239072,15300.0,121.24059964508649,1820.1014826244684,143357.00189700178,361.4514757902069,8.624412898419493,328.62945653613235,1.3071084700396178,10.234902139358699,107.1794173756643,0.6055495983998809,151.5602350563724,454.0329807436853,9945.0,9945.0,12.134009884163124,vlsfo
SYNTHETIC_TEST_DATA,2026-03-02T08:35:00+00:00,VESSEL_FE_02,container_feeder,CLASS_FEEDER_1000,21.32730061300421,78.4470680970099,13.377906256095285,14.135198864939623,8.018258315018622,15300.0,118.88671591378264,1478.3193908996946,118742.53740893006,302.47818176509463,6.884067390629923,171.28389782070656,0.2931938357459649,9.118427387792348,16.910052132377285,0.471651581162472,284.4283676698219,172.61387593830023,9945.0,9945.0,9.855462605997964,vlsfo
SYNTHETIC_TEST_DATA,2026-03-02T08:40:00+00:00,VESSEL_FE_02,container_feeder,CLASS_FEEDER_1000,21.333055583649138,78.46049636184807,13.814303133457862,14.222486703436942,8.083610009999207,15300.0,119.200952132373,1587.7871821103429,127199.07387829441,322.21212660574054,7.9035146119251145,253.80297958771015,1.5101288996734712,4.7953480056064395,238.25233974830726,0.5014959292858094,310.37720911697335,219.22433125836642,9945.0,9945.0,10.58524788073562,vlsfo
SYNTHETIC_TEST_DATA,2026-03-02T08:45:00+00:00,VESSEL_FE_02,container_feeder,CLASS_FEEDER_1000,21.338852436895845,78.47402235275706,13.914838651823462,12.837108054167178,8.160353644380024,15300.0,114.21358899500184,1206.707946226795,100891.77804508079,250.8025912970428,9.533243384800517,174.2309994475992,1.631454101316508,8.659737449283087,143.16115336934078,0.5533583691589337,70.91242137109418,530.7445840355695,9945.0,9945.0,8.044719641511968,vlsfo
SYNTHETIC_TEST_DATA,2026-03-02T08:50:00+00:00,VESSEL_FE_02,container_feeder,CLASS_FEEDER_1000,21.344880220230596,78.48808718053814,14.469166108152516,14.557175488305422,8.063774990402754,15300.0,120.40583175789952,1779.590275964874,141137.97560947348,368.58699267232726,1.6320656791545822,229.09314904511766,1.4406363445498165,6.938394396955845,24.98634298709902,0.4841007248610292,162.01222412535574,301.5588002290409,9945.0,9945.0,11.863935173099161,vlsfo
SYNTHETIC_TEST_DATA,2026-03-02T08:55:00+00:00,VESSEL_FE_02,container_feeder,CLASS_FEEDER_1000,21.351184469971948,78.5027970966013,15.13279951006761,15.48938432697414,8.028553091652691,15300.0,123.76178357710691,2140.6225965823783,165167.62656124824,427.3012256452513,9.505419078600598,61.57412680050396,1.690388467322202,6.802383973065589,131.73449913629477,0.21997954435646921,279.03606728304726,634.4277355647753,9945.0,9945.0,14.27081731054919,vlsfo
SYNTHETIC_TEST_DATA,2026-03-02T09:00:00+00:00,VESSEL_FE_02,container_feeder,CLASS_FEEDER_1000,21.35701420802488,78.5163998187248,13.993775749799315,15.330088257497088,8.189174243509342,15300.0,123.18831772698951,1932.307916264018,149788.40305161828,374.18475378644115,6.417795317047572,61.775276848979644,1.1958679892280804,7.759413717309045,146.67234147761167,0.7261948855612541,235.24825816142942,405.0940959889857,9945.0,9945.0,12.882052775093452,vlsfo
SYNTHETIC_TEST_DATA,2026-03-02T09:05:00+00:00,VESSEL_FE_02,container_feeder,CLASS_FEEDER_1000,21.363462888680846,78.53144674025539,15.479493274367988,14.389633723167831,8.080482139839537,15300.0,119.8026814034042,1622.356622797774,129315.67454990318,332.91997987668964,10.74298272673435,183.33794706720604,1.0669067934340042,6.293538272616439,234.8956730318337,0.7567197260216272,23.532830006263445,564.3318450750978,9945.0,9945.0,10.815710818651826,vlsfo
SYNTHETIC_TEST_DATA,2026-03-02T09:10:00+00:00,VESSEL_FE_02,container_feeder,CLASS_FEEDER_1000,21.369856664279812,78.5463655499863,15.347698492470954,14.486153786349108,8.032197639563268,15300.0,120.15015363085679,1640.5558356810247,130388.13323656093,330.5727132399844,4.662649915493082,57.698787640076056,1.5876029282022361,7.700848491106392,333.1191091676387,0.4517929114904029,87.53024714153185,444.9346640280247,9945.0,9945.0,10.937038904540165,vlsfo
SYNTHETIC_TEST_DATA,2026-03-02T09:15:00+00:00,VESSEL_FE_02,container_feeder,CLASS_FEEDER_1000,21.376024724978162,78.56075769161579,14.805889636920252,14.166267357533801,8.05791701844482,15300.0,118.99856248712169,1647.2417273632243,132186.46909560525,334.0422034208416,7.096502313508614,331.0805270561635,1.285133832526264,5.305608907419732,11.28277492554798,0.4480973551035807,26.304187318296215,655.1964916877137,9945.0,9945.0,10.981611515754828,vlsfo
SYNTHETIC_TEST_DATA,2026-03-01T00:00:00+00:00,VESSEL_HM_03,bulk_handymax,CLASS_HANDYMAX_50K,18.927656259775976,72.84789793947728,13.577356335557953,13.982102292006823,11.462248523122758,58000.0,118.33556825122457,1956.0939299592765,157850.43636794243,369.5451039784213,10.405841419527889,116.88509959197361,1.4823327238530257,6.5820410570217325,62.789670811534876,0.2629056732704632,204.8161931351287,554.9006456094558,37700.0,37700.0,21.734376999547518,vlsfo
SYNTHETIC_TEST_DATA,2026-03-01T00:05:00+00:00,VESSEL_HM_03,bulk_handymax,CLASS_HANDYMAX_50K,18.93307226024467,72.86053527390423,13.000634905306116,13.19353630577488,11.475986248568779,58000.0,115.49673070078956,1814.929659886227,150058.8068505444,333.643138648417,5.729911792603767,149.4995149863735,1.9188329334389873,7.167832696911322,31.271478670145505,0.48349645283687964,168.96356467093634,145.56696981341605,37700.0,37700.0,20.16588510984697,vlsfo
SYNTHETIC_TEST_DATA,2026-03-01T00:10:00+00:00,VESSEL_HM_03,bulk_handymax,CLASS_HANDYMAX_50K,18.938441407244433,72.87306328357035,12.888167255574945,12.660026778672927,11.468315600793067,58000.0,113.57609640322254,1271.0774793984467,106870.16210568212,231.97500148156388,7.858425425198759,288.80483567182057,1.0122887398113307,6.4158511398899485,221.87207997039351,0.13427431793251898,82.00299431284098,617.8399975234211,37700.0,37700.0,14.123083104427186,vlsfo
SYNTHETIC_TEST_DATA,2026-03-01T00:15:00+00:00,VESSEL_HM_03,bulk_handymax,CLASS_HANDYMAX_50K,18.944786497133126,72.88786849331063,15.230832707839513,14.73327573017653,11.49384268553504,58000.0,121.03979262863551,2166.2380649692063,170902.8849767411,401.76702400873705,5.3644153475636625,276.43351158856643,2.3114206236820976,4.726664622499433,336.2704971767,0.2560455064247093,70.00194904709782,269.5283660504941,37700.0,37700.0,24.06931183299118,vlsfo
SYNTHETIC_TEST_DATA,2026-03-01T00:20:00+00:00,VESSEL_HM_03,bulk_handymax,CLASS_HANDYMAX_50K,18.949913030119447,72.89983040361204,12.305793559359419,12.59904207204954,11.421647177515881,58000.0,113.35655145937835,1234.2686146400986,103976.31998899624,246.39343182678547,9.082552370717389,326.75910779605925,0.8147489674728082,6.2675660421949235,175.01853351655942,0.3047253219629601,178.79004830383028,501.5188925315872,37700.0,37700.0,13.714095718223318,vlsfo
SYNTHETIC_TEST_DATA,2026-03-01T00:25:00+00:00,VESSEL_HM_03,bulk_handymax,CLASS_HANDYMAX_50K,18.95519087557013,72.9121453763303,12.669005881283587,12.958515686099348,11.464968056607674,58000.0,114.65065646995765,1407.6906534523384,117247.08749482277,265.5729903904637,7.9050318799702985,25.97891875513993,1.1629004909010079,5.031565551328264,228.3925076869159,0.6821415026650328,321.40184024113944,637.4522714656727,37700.0,37700.0,15.641007260581539,vlsfo
SYNTHETIC_TEST_DATA,2026-03-01T00:30:00+00:00,VESSEL_HM_03,bulk_handymax,CLASS_HANDYMAX_50K,18.960833317662047,72.92531107454478,13.544188194844974,13.954201590342437,11.565484189333334,58000.0,118.23512572523278,1748.1206378979114,141187.50528788115,334.0290817946571,4.8377094544476495,95.52333139753587,1.534401812847532,7.953447661791225,179.2539407046721,0.21134732246533539,260.94044891752947,243.7559290084769,37700.0,37700.0,19.423562643310127,vlsfo
SYNTHETIC_TEST_DATA,2026-03-01T00:35:00+00:00,VESSEL_HM_03,bulk_handymax,CLASS_HANDYMAX_50K,18.966046897716648,72.93747609467218,12.514742425011644,12.857199274521522,11.589755223286842,58000.0,114.28591738827748,1395.3612099941108,116591.07563432655,262.7044571926922,7.169224842663916,252.65811377269887,1.566858403873256,7.875311600718607,172.09057550361683,0.1564395485156196,280.05186269945136,176.66537029843352,37700.0,37700.0,15.504013444379009,vlsfo
SYNTHETIC_TEST_DATA,2026-03-01T00:40:00+00:00,VESSEL_HM_03,bulk_handymax,CLASS_HANDYMAX_50K,18.971982847886064,72.95132664506748,14.248728635592567,14.733742915171332,11.551026098687817,58000.0,121.04147449461679,2029.993422801499,160151.79377078553,369.1533244779628,7.7852185364358135,341.5905197433975,0.9431814221744972,5.778127883678737,105.41956825095542,0.7385344466831326,174.74721912361966,671.598995902767,37700.0,37700.0,22.555482475572212,vlsfo
SYNTHETIC_TEST_DATA,2026-03-01T00:45:00+00:00,VESSEL_HM_03,bulk_handymax,CLASS_HANDYMAX_50K,18.977233209500678,72.96357748883491,12.603033339265625,12.532487382868455,11.53828709387183,58000.0,113.11695457832644,1250.848180853608,105596.19737773646,236.027140680384,9.050043035233944,314.38166949189707,1.1840064641004115,5.848750324909733,191.00009058654155,0.15493070514819535,354.8382868399578,397.04805040264,37700.0,37700.0,13.898313120595645,vlsfo
SYNTHETIC_TEST_DATA,2026-03-01T00:50:00+00:00,VESSEL_HM_03,bulk_handymax,CLASS_HANDYMAX_50K,18.983661425860724,72.97857666034169,15.430370523841384,14.647668319610363,11.551785044094482,58000.0,120.7316059505973,2070.7724485268386,163788.2650230364,387.6311252809494,6.916829478868583,51.209731563226946,1.490620020288185,6.020536928055347,275.1400515815038,0.39751995627963277,65.26390409585017,554.9573586562922,37700.0,37700.0,23.00858276140932,vlsfo
SYNTHETIC_TEST_DATA,2026-03-01T00:55:00+00:00,VESSEL_HM_03,bulk_handymax,CLASS_HANDYMAX_50K,18.989476991556927,72.99214631363283,13.959756248390692,14.748391478663741,11.526058787590692,58000.0,121.09420932318946,2404.2668052919876,189596.65307498825,444.21200778766934,9.244220097535209,106.47288227678011,1.7328323511391772,10.124041332169167,63.34992501285238,0.4801802816263764,275.9605896635632,66.38209286611843,37700.0,37700.0,26.714075614355416,vlsfo
SYNTHETIC_TEST_DATA,2026-03-01T01:00:00+00:00,VESSEL_HM_03,bulk_handymax,CLASS_HANDYMAX_50K,18.994684205185205,73.00429647876548,12.499460376062876,13.10777520408122,11.451573229975402,58000.0,115.18799073469239,1456.5303363169746,120749.04752288351,277.4800419023204,9.918601150344767,279.72250311573544,0.8385315285484096,8.99345661228677,259.14525116027306,0.5607463661678814,186.94982144354694,392.233829750436,37700.0,37700.0,16.18367040352194,vlsfo
SYNTHETIC_TEST_DATA,2026-03-01T01:05:00+00:00,VESSEL_HM_03,bulk_handymax,CLASS_HANDYMAX_50K,19.000671584409055,73.0182670302878,14.372179577679217,15.161888325174301,11.491331657230718,58000.0,122.58279797062748,2303.9511882797588,179479.61361350183,416.35222567894505,4.606965492457778,284.27704335488176,1.2945765349503928,7.508206919113413,136.225580312178,0.6175013180478455,294.6775975321409,362.83681976390653,37700.0,37700.0,25.599457647552875,vlsfo
SYNTHETIC_TEST_DATA,2026-03-01T01:10:00+00:00,VESSEL_HM_03,bulk_handymax,CLASS_HANDYMAX_50K,19.005868032538853,73.030392075924,12.473618739579894,13.195993107297403,11.472690377442639,58000.0,115.50557518627065,1469.7946225502874,121513.65635720578,281.7915868722154,9.311308985051403,232.11807711581054,1.179672545748783,6.6665491514124815,245.1812506745221,0.7185482632913254,302.27793458824146,561.4864277874316,37700.0,37700.0,16.33105136166986,vlsfo
SYNTHETIC_TEST_DATA,2026-03-01T01:15:00+00:00,VESSEL_HM_03,bulk_handymax,CLASS_HANDYMAX_50K,19.01039252968209,73.04094923592488,10.860659231715715,11.61667332713489,11.446683321406043,58000.0,109.82002397768561,989.560717049236,86046.31864218906,194.87691496592663,4.545546055868964,154.6479558163548,0.4886121893127222,7.083826588134582,105.8823699413944,0.5304436298592824,286.6181792542026,153.6405266991713,37700.0,37700.0,10.995119078324844,vlsfo
SYNTHETIC_TEST_DATA,2026-03-01T01:20:00+00:00,VESSEL_HM_03,bulk_handymax,CLASS_HANDYMAX_50K,19.015373019166244,73.05257037805458,11.955228919838092,11.76948840322815,11.455484784205636,58000.0,110.37015825162135,1059.387457612142,91658.87946493976,202.4610107965862,6.482058298933518,167.3937275041669,1.5501480321533032,5.798986437620578,267.89156137563816,0.07516826649623282,93.3712243882623,173.31350318979065,37700.0,37700.0,11.770971751246023,vlsfo
SYNTHETIC_TEST_DATA,2026-03-01T01:25:00+00:00,VESSEL_HM_03,bulk_handymax,CLASS_HANDYMAX_50K,19.021504053616315,73.06687612510474,14.717011369908226,13.793547169337138,11.435294621748874,58000.0,117.6567698096137,1603.4839270593852,130142.47811130344,305.9488765375219,6.9622657215333925,201.29415840217328,0.8522891995004481,6.866837462403729,348.7610128926158,0.7060370797203004,110.31429772955012,458.0643319870924,37700.0,37700.0,17.816488078437615,vlsfo
SYNTHETIC_TEST_DATA,2026-03-01T01:30:00+00:00,VESSEL_HM_03,bulk_handymax,CLASS_HANDYMAX_50K,19.02765137291169,73.08121987012728,14.756101715184814,14.448099254934856,11.464186271666508,58000.0,120.01315731776549,2085.124237091686,165910.72347935016,376.1686498029533,6.11637871637209,139.9936106516679,1.3369248909746925,5.890318914999872,82.46853675722548,0.19001503217692517,108.56684673126523,592.2676483196659,37700.0,37700.0,23.168047078796512,vlsfo
SYNTHETIC_TEST_DATA,2026-03-01T01:35:00+00:00,VESSEL_HM_03,bulk_handymax,CLASS_HANDYMAX_50K,19.032827398615556,73.0932972634363,12.42459649428659,13.294374424946241,11.477244839406932,58000.0,115.85974792980647,2073.9012217856225,170933.37599775026,388.4919542539644,10.142329453121985,154.81381139036395,2.3712701516712027,5.597124543982658,37.55890619831315,0.425295210245462,233.64307750759457,617.8943128311262,37700.0,37700.0,23.04334690872914,vlsfo
SYNTHETIC_TEST_DATA,2026-03-01T01:40:00+00:00,VESSEL_HM_03,bulk_handymax,CLASS_HANDYMAX_50K,19.038971088651962,73.10763254018791,14.747389996799473,13.63568683420378,11.48366981017017,58000.0,117.08847260313361,1817.18330367465,148202.6533546947,332.21205390396636,11.336802358199174,124.2048342480391,1.7904526827648857,7.926892177492136,118.67223883513769,0.6354515260706426,43.91455149119439,652.0244714682467,37700.0,37700.0,20.190925596385,vlsfo
SYNTHETIC_TEST_DATA,2026-03-01T01:45:00+00:00,VESSEL_HM_03,bulk_handymax,CLASS_HANDYMAX_50K,19.0452869995286,73.12236966556672,15.160791044282586,15.044954716618166,11.443393828553523,58000.0,122.16183697982541,2367.099223869256,185034.32082312138,434.5075168738159,8.249630860435197,182.31607452956666,1.7882370699154386,6.188736636634918,19.6991735929415,0.5886082348511816,151.38402937145526,519.389967411922,37700.0,37700.0,26.30110248743618,vlsfo
SYNTHETIC_TEST_DATA,2026-03-01T01:50:00+00:00,VESSEL_HM_03,bulk_handymax,CLASS_HANDYMAX_50K,19.051255677635602,73.13629658114972,14.327289184141078,14.537290623202493,11.525294853000146,58000.0,120.33424624352898,2057.6328392316636,163286.40315867233,376.8305326702347,7.224958023110514,108.00352945468849,1.9865629365256217,8.678132380460385,140.7681173533324,0.1530489995210662,196.49850975364458,779.5908429539755,37700.0,37700.0,22.862587102574043,vlsfo
SYNTHETIC_TEST_DATA,2026-03-01T01:55:00+00:00,VESSEL_HM_03,bulk_handymax,CLASS_HANDYMAX_50K,19.057602251111522,73.15110525259354,15.234393929072251,15.356423888466592,11.492376237532921,58000.0,123.28312599847973,2452.042431438789,189930.9433341424,456.0748349362009,10.215592262082097,202.77509969774164,1.6452177578417722,6.303297202841781,94.11692291053913,0.20678364755207135,178.5617170287638,720.1952469916653,37700.0,37700.0,27.244915904875434,vlsfo
SYNTHETIC_TEST_DATA,2026-03-01T02:00:00+00:00,VESSEL_HM_03,bulk_handymax,CLASS_HANDYMAX_50K,19.062264265782233,73.16198328682519,11.19075801551557,11.750641946306683,11.512409264204608,58000.0,110.30231100670406,1109.527113625971,96056.04253422588,209.49228334477115,5.645073514160858,104.98836835386595,1.3839609623208116,10.751407531350985,135.85966996180014,0.854419796685884,313.2225427280776,618.5116637208208,37700.0,37700.0,12.328079040288566,vlsfo
SYNTHETIC_TEST_DATA,2026-03-01T02:05:00+00:00,VESSEL_HM_03,bulk_handymax,CLASS_HANDYMAX_50K,19.068047386022204,73.17547723405178,13.881873771598938,13.844464217967284,11.486929135050987,58000.0,117.84007118468222,2041.5379439570806,165438.2174198839,387.24823650386395,7.660184597300935,171.72572066361158,2.19122346593761,7.382611648168546,112.47060127410303,0.035806253345946504,23.837515059648936,579.8803743813221,37700.0,37700.0,22.683754932856452,vlsfo
SYNTHETIC_TEST_DATA,2026-03-01T02:10:00+00:00,VESSEL_HM_03,bulk_handymax,CLASS_HANDYMAX_50K,19.07462932014285,73.1908350803333,15.799356548788985,15.813687396261374,11.460511883829332,58000.0,124.92927462654094,2484.4835895716733,189908.01579201128,465.5168232916708,4.286261094665959,153.61619108695982,1.7513445670286387,7.362656156295993,335.41384898394017,0.010906795996942775,289.010539344302,320.2799511411737,37700.0,37700.0,27.605373217463036,vlsfo
SYNTHETIC_TEST_DATA,2026-03-01T02:15:00+00:00,VESSEL_HM_03,bulk_handymax,CLASS_HANDYMAX_50K,19.079599040714005,73.20243109499933,11.929379087099983,12.677006783031914,11.496332260271162,58000.0,113.63722441891488,1293.0626090271012,108660.15445536231,257.2697110911173,6.875643873973811,129.58773377676926,1.2652167445138118,5.467595261737787,330.94923561076376,0.5201567183620116,283.9657761614797,326.4300766008927,37700.0,37700.0,14.367362322523347,vlsfo
SYNTHETIC_TEST_DATA,2026-03-01T02:20:00+00:00,VESSEL_HM_03,bulk_handymax,CLASS_HANDYMAX_50K,19.08563050110601,73.21650450258068,14.477992562131362,14.363474197917522,11.535912806273704,58000.0,119.70850711250309,1925.3612707412922,153588.46461338797,359.88439272141846,6.344831135703416,337.4061445130687,1.2302301783118708,7.827891581963,170.78848572227182,0.3790053356261065,345.87623479639905,753.1060935535194,37700.0,37700.0,21.39290300823658,vlsfo
SYNTHETIC_TEST_DATA,2026-03-01T02:25:00+00:00,VESSEL_HM_03,bulk_handymax,CLASS_HANDYMAX_50K,19.09162311265863,73.23048726287013,14.384739324759224,14.13730314976641,11.473148153333304,58000.0,118.89429133915908,1734.8597497591406,139339.66129174223,323.16507986410153,5.906827718728619,199.82073518001934,1.5582184652917663,7.900378707180315,349.34117863731467,0.2964170908689313,355.55058315647506,447.5910474466,37700.0,37700.0,19.27621944176823,vlsfo
SYNTHETIC_TEST_DATA,2026-03-01T02:30:00+00:00,VESSEL_HM_03,bulk_handymax,CLASS_HANDYMAX_50K,19.097173617372054,73.24343844053477,13.323500567710752,13.419932233220601,11.453596268593211,58000.0,116.31175603959417,1566.07334167317,128575.9868436068,300.5052793504419,8.357979504386591,198.3970805274462,1.5901738733776836,6.371986698069283,217.0408764055218,0.5318131366053364,328.6255180087179,207.1108039551886,37700.0,37700.0,17.400814907479667,vlsfo
SYNTHETIC_TEST_DATA,2026-03-01T02:35:00+00:00,VESSEL_HM_03,bulk_handymax,CLASS_HANDYMAX_50K,19.103186213327987,73.25746783109862,14.432710135092107,13.999328577940455,11.3440262538066,58000.0,118.39758288058565,1797.4680871558528,144973.87066220114,349.18588931071355,7.973659770341312,50.23571983421752,1.017374740634232,6.026419204511196,97.96258822991334,0.27525358687381724,79.7896812861732,583.4533267731794,37700.0,37700.0,19.97186763506503,vlsfo
SYNTHETIC_TEST_DATA,2026-03-01T02:40:00+00:00,VESSEL_HM_03,bulk_handymax,CLASS_HANDYMAX_50K,19.10828170102261,73.26935730238607,12.231272054930129,12.326122305452435,11.483155953830241,58000.0,112.37404029962877,1211.5865827099933,102957.93927563354,227.00543055691128,4.5063185059240505,274.986250708127,1.5749516486953052,5.242504587939801,298.0701959352423,0.46350807795760474,327.25769060162327,604.0387139950789,37700.0,37700.0,13.462073141222147,vlsfo
SYNTHETIC_TEST_DATA,2026-03-01T02:45:00+00:00,VESSEL_HM_03,bulk_handymax,CLASS_HANDYMAX_50K,19.112495373162382,73.27918920404554,10.114551026441355,11.701233184742028,11.554448151369249,58000.0,110.1244394650713,1178.4967460649373,102191.80236378286,226.79363337928515,7.342277618290976,203.60400784314223,1.8246239005641138,6.594510582294108,121.97747430791289,0.8320757637945944,241.2409494903274,346.66731747247377,37700.0,37700.0,13.094408289610415,vlsfo
SYNTHETIC_TEST_DATA,2026-03-01T02:50:00+00:00,VESSEL_HM_03,bulk_handymax,CLASS_HANDYMAX_50K,19.117642746974802,73.29119974294117,12.355820137606795,13.638655406892129,11.532106414809226,58000.0,117.09915946481166,1659.0600875967602,135294.36848272698,320.5867898183915,6.284589514568228,276.35070792598236,1.680550379654909,5.4044447277290155,336.46050372803114,0.6839977691102929,257.75268508942787,327.09763140773345,37700.0,37700.0,18.434000973297334,vlsfo
SYNTHETIC_TEST_DATA,2026-03-01T02:55:00+00:00,VESSEL_HM_03,bulk_handymax,CLASS_HANDYMAX_50K,19.123227079700598,73.3042298526347,13.40470174946863,13.696748392130866,11.418512872685545,58000.0,117.30829421167113,1714.4861008548996,139565.03569357627,310.2500198537572,8.733075436456927,186.6487366013124,1.9660334044880559,6.411534868283784,310.7457152677577,0.2584945176531265,199.03894371804606,256.8846027403692,37700.0,37700.0,19.04984556505444,vlsfo
SYNTHETIC_TEST_DATA,2026-03-01T03:00:00+00:00,VESSEL_HM_03,bulk_handymax,CLASS_HANDYMAX_50K,19.12991708172195,73.31983985735118,16.05876408210186,15.708619094691095,11.480923034177493,58000.0,124.55102874088794,2386.8457417955383,182998.8730136731,434.5240747257177,3.208816214848369,91.24258032391963,1.3358379757435666,7.1079260749851905,161.53782634052882,0.5128426143922616,131.37032471172267,203.84419843571345,37700.0,37700.0,26.520508242172646,vlsfo
SYNTHETIC_TEST_DATA,2026-03-01T03:05:00+00:00,VESSEL_HM_03,bulk_handymax,CLASS_HANDYMAX_50K,19.135892657237473,73.3337828668874,14.343845809366476,13.531981802400981,11.50775231281525,58000.0,116.71513448864354,1586.6632423132967,129816.2226224119,297.4401061686805,6.315492056480766,82.89385762125801,1.2222164017867396,6.378584918628958,149.26722488763238,0.44825409148695994,79.8643313095192,333.80146893253584,37700.0,37700.0,17.62959158125885,vlsfo
SYNTHETIC_TEST_DATA,2026-03-01T03:10:00+00:00,VESSEL_HM_03,bulk_handymax,CLASS_HANDYMAX_50K,19.142447653073642,73.34907785717179,15.73469355558702,16.09034847228103,11.499476760284477,58000.0,125.92525450021171,3065.4182916689947,232460.0298962018,556.4507503904359,4.851491807520008,113.48180864771717,2.5602166293010686,5.735091771844317,117.77798438207117,0.42029414008486116,187.21507836690571,187.05201134408384,37700.0,37700.0,34.060203240766604,vlsfo
SYNTHETIC_TEST_DATA,2026-03-01T03:15:00+00:00,VESSEL_HM_03,bulk_handymax,CLASS_HANDYMAX_50K,19.148383412772922,73.36292796313678,14.248271428706543,14.770994078090231,11.48833338294122,58000.0,121.17557868112483,1995.164642406882,157229.85699462134,376.14950689500864,6.305080698659763,312.1624005175973,1.075149595449907,8.607855743733012,263.4363587066423,0.3151481178366706,198.98995203919202,79.42360665304382,37700.0,37700.0,22.168496026743135,vlsfo
SYNTHETIC_TEST_DATA,2026-03-01T03:20:00+00:00,VESSEL_HM_03,bulk_handymax,CLASS_HANDYMAX_50K,19.153573127790715,73.3750372981783,12.457456493748419,12.650835082680844,11.510145166553661,58000.0,113.54300629765103,1320.114852267858,111025.49300307015,257.4620290750669,5.444238298858895,240.17424427894352,1.2707246202870466,6.718458353774922,309.2729970768194,0.27428316967656985,312.3107086882654,314.95610663830496,37700.0,37700.0,14.6679428029762,vlsfo
SYNTHETIC_TEST_DATA,2026-03-01T03:25:00+00:00,VESSEL_HM_03,bulk_handymax,CLASS_HANDYMAX_50K,19.159349027870988,73.3885143983656,13.864542410435007,13.411352678950685,11.510259980897697,58000.0,116.28086964422246,1542.1847610414568,126648.34480429252,,7.796335603615847,179.34924723779324,1.3697352181018965,5.4397283858399685,153.02371315426484,0.5489337370375342,130.69861264498755,554.0397773691967,37700.0,37700.0,17.135386233793966,vlsfo
SYNTHETIC_TEST_DATA,2026-03-01T03:30:00+00:00,VESSEL_HM_03,bulk_handymax,CLASS_HANDYMAX_50K,19.16629190584461,73.40471444697071,16.665770663954962,15.960369094773613,11.541939684918392,58000.0,125.45732874118501,2495.716510823008,189963.6903984925,456.4303143982473,9.171524873706145,30.48122583559771,0.9448279868511923,7.86453277551155,127.54502988765171,0.3950065304201484,86.57642941422222,746.7237339853324,37700.0,37700.0,27.730183453588975,vlsfo
SYNTHETIC_TEST_DATA,2026-03-01T03:35:00+00:00,VESSEL_HM_03,bulk_handymax,CLASS_HANDYMAX_50K,19.17284656106757,73.42000864249096,15.733875943404055,15.39725842064625,11.47310090364221,58000.0,123.4301303143265,2539.5776625544277,196476.98855960034,462.2797215414725,11.390260595963829,105.28254611341329,1.7158805039251426,5.587339464071893,61.39491744855617,0.31635330751891566,9.242167070643275,123.00352510450504,37700.0,37700.0,28.217529583938084,vlsfo
SYNTHETIC_TEST_DATA,2026-03-01T03:40:00+00:00,VESSEL_HM_03,bulk_handymax,CLASS_HANDYMAX_50K,19.17823266830103,73.43257622603569,12.92887881154563,13.04262661552659,11.46129335290753,58000.0,114.95345581589572,1607.0907488445387,133502.60843945606,308.30545402232116,7.5221869285424035,72.12704841387936,1.4483731847695405,7.168630776224289,82.90807083327574,0.3803639655897607,326.1108080073386,586.8462496109147,37700.0,37700.0,17.85656387605043,vlsfo
SYNTHETIC_TEST_DATA,2026-03-01T03:45:00+00:00,VESSEL_HM_03,bulk_handymax,CLASS_HANDYMAX_50K,19.18380072318432,73.44556835409671,13.36562821380721,13.500106837156366,11.587267250940123,58000.0,116.60038461376291,1630.3109287268128,133518.62119997718,313.63031294887065,7.6822086992783065,318.12098631000003,1.8543667758279663,6.010640741424707,211.82440592508237,0.09837043883995705,283.6466627547623,481.15755931465105,37700.0,37700.0,18.114565874742365,vlsfo
SYNTHETIC_TEST_DATA,2026-03-01T03:50:00+00:00,VESSEL_HM_03,bulk_handymax,CLASS_HANDYMAX_50K,19.18906516165147,73.45785204385339,12.636823591220876,13.347813005216455,11.531593125886202,58000.0,116.05212681877924,1627.8240841971678,133944.76598705153,305.49252361165145,9.333294661500833,81.82211094300233,2.1103732211644317,5.934719739520093,331.49566969726095,0.43425947497280504,222.88072257630992,421.274516851172,37700.0,37700.0,18.086934268857423,vlsfo
SYNTHETIC_TEST_DATA,2026-03-01T03:55:00+00:00,VESSEL_HM_03,bulk_handymax,CLASS_HANDYMAX_50K,19.194825851491185,73.47129365347939,13.828031559770599,13.69766072396404,11.524587409610083,58000.0,117.31157860627054,1717.5048121492155,139806.8548144422,313.74660903230296,3.833507586282489,233.18023603160785,1.6999378423667864,7.881208346166321,237.88520778542804,0.15055653253504764,6.001944583802281,131.30428300365367,37700.0,37700.0,19.08338680165795,vlsfo
SYNTHETIC_TEST_DATA,2026-03-01T04:00:00+00:00,VESSEL_HM_03,bulk_handymax,CLASS_HANDYMAX_50K,19.200433763405663,73.48437878127984,13.461301527322892,13.220309809057168,11.48818606822584,58000.0,115.5931153126058,1781.7770698018387,147194.90553387508,340.48476937251405,7.6036813408793105,232.37370354879204,1.67390434108629,5.30220141085154,58.51081750178856,0.11252297701940922,46.28239396726701,158.51893193055054,37700.0,37700.0,19.797522997798207,vlsfo
SYNTHETIC_TEST_DATA,2026-03-01T04:05:00+00:00,VESSEL_HM_03,bulk_handymax,CLASS_HANDYMAX_50K,19.20718012505974,73.50012029180603,16.194050445671085,15.414136630556872,11.57930414958606,58000.0,123.49089187000473,2375.808971723283,183716.41955094365,436.61992279265047,7.673289377352815,133.73943196346056,1.522647482162541,7.059694300945397,188.40549784888296,0.46289872036205587,27.604747158637583,585.3636909540794,37700.0,37700.0,26.397877463592035,vlsfo
SYNTHETIC_TEST_DATA,2026-03-01T04:10:00+00:00,VESSEL_HM_03,bulk_handymax,CLASS_HANDYMAX_50K,19.211923969578176,73.51118926234905,11.387183400044341,12.710902798469274,11.502646703702677,58000.0,113.75925007448939,1489.3521582625015,125020.73871101363,282.94826493062703,10.075413771213483,297.26920491809545,2.4713209532130165,6.169363136176047,357.80911638229685,0.8318431374333044,213.03424457705515,642.4006794502614,37700.0,37700.0,16.548357314027797,vlsfo
SYNTHETIC_TEST_DATA,2026-03-01T04:15:00+00:00,VESSEL_HM_03,bulk_handymax,CLASS_HANDYMAX_50K,19.217230072781476,73.52357016982342,12.736836142224643,13.337675932120499,11.532128742496973,58000.0,116.0156333556338,1582.3480654693785,130243.74855035183,291.8072649700429,12.095371286915174,176.63746156437836,1.4095819406301924,5.843058353178013,166.71967851349936,0.4994705737507793,190.3411373242134,400.3808580708896,37700.0,37700.0,17.581645171881984,vlsfo
SYNTHETIC_TEST_DATA,2026-03-01T04:20:00+00:00,VESSEL_HM_03,bulk_handymax,CLASS_HANDYMAX_50K,19.222854923075207,73.53669482050879,13.501960623615007,14.146826691174049,11.533574976425012,58000.0,118.92857608822658,1835.3108763760683,147365.15362071316,339.83540282084317,6.916290805318344,201.82913809502628,1.7638032574446287,8.971381201418163,175.5466965219277,0.5168467411452119,195.74188608873675,559.6187169593286,37700.0,37700.0,20.392343070845204,vlsfo
SYNTHETIC_TEST_DATA,2026-03-01T04:25:00+00:00,VESSEL_HM_03,bulk_handymax,CLASS_HANDYMAX_50K,19.22839407030731,73.54961949738369,13.29623792825786,12.95291109579041,11.501506551462581,58000.0,114.63047994484548,1462.1892412306438,121807.73155077892,283.5933001087711,9.94879400221799,73.35741525927213,1.0787780225346477,7.376247497926802,115.11831919698085,0.3845042627542413,127.08533855243488,109.71234987807323,37700.0,37700.0,16.246547124784932,vlsfo
SYNTHETIC_TEST_DATA,2026-03-01T04:30:00+00:00,VESSEL_HM_03,bulk_handymax,CLASS_HANDYMAX_50K,19.234583981774463,73.56406262414038,14.858340494198751,14.835849720706618,11.573914229469224,58000.0,121.40905899454383,2051.816316878899,161383.365550618,384.9564885439117,9.640772442388794,346.0970825809846,1.5132838056787739,5.953076827013198,310.58801064509197,0.7847637693888823,156.274785438751,459.2218640223953,37700.0,37700.0,22.797959076432214,vlsfo
SYNTHETIC_TEST_DATA,2026-03-01T04:35:00+00:00,VESSEL_HM_03,bulk_handymax,CLASS_HANDYMAX_50K,19.241662512083188,73.58057919486073,16.991392216782515,16.637891039503597,11.547890462774928,58000.0,127.89640774221294,2893.3233519921714,216027.98150246075,522.4706386681127,4.396589541048577,231.1829858332069,1.1288494411830714,8.719051932392595,315.4102152612313,0.5004929522199414,355.5191842187211,237.41255399991715,37700.0,37700.0,32.14803724435746,vlsfo
SYNTHETIC_TEST_DATA,2026-03-01T04:40:00+00:00,VESSEL_HM_03,bulk_handymax,CLASS_HANDYMAX_50K,19.247689688035127,73.59464260541526,14.467708138899146,13.494547971847858,11.588734267079372,58000.0,116.5803726986523,1584.5266033945963,129791.26874610336,303.6586907358675,3.9932584284257238,201.91655532972814,1.6086608137405243,8.331796914688038,145.34368023040912,0.5332042101793273,37.72735193287144,228.2728511604935,37700.0,37700.0,17.60585114882885,vlsfo
SYNTHETIC_TEST_DATA,2026-03-01T04:45:00+00:00,VESSEL_HM_03,bulk_handymax,CLASS_HANDYMAX_50K,19.25382110555782,73.60894924630153,14.717930902195736,14.01585788779378,11.605156976669525,58000.0,118.4570883960576,1781.8381112874324,143641.0502946448,336.5587359434007,8.258885590476075,122.6617607632572,0.9623679492695691,6.9249529650943,309.52789995405993,0.5815578011915811,15.923308780957242,353.92699036812826,37700.0,37700.0,19.798201236527028,vlsfo
SYNTHETIC_TEST_DATA,2026-03-01T04:50:00+00:00,VESSEL_HM_03,bulk_handymax,CLASS_HANDYMAX_50K,19.258878115291335,73.62074893567974,12.13890907839658,13.12705262043336,11.537345430885841,58000.0,115.25738943356009,1940.4224995431978,160767.73940835483,356.5047758836983,13.552346289147092,182.76566071064005,2.2712409334220753,7.367893045197482,88.0215545284322,0.5686738011469634,220.61004287811392,432.595106248957,37700.0,37700.0,21.56024999492442,vlsfo
SYNTHETIC_TEST_DATA,2026-03-01T04:55:00+00:00,VESSEL_HM_03,bulk_handymax,CLASS_HANDYMAX_50K,19.265528287917164,73.63626600514,15.963157105576364,15.217937582729508,11.473032994372918,58000.0,122.78457529782622,2220.580035227675,172700.66127463314,412.3254169248452,6.356886987147272,150.61632829054636,1.1760987208084412,6.126371206216268,348.1050884333114,0.4253711454107516,52.79519554948799,192.30974423004432,37700.0,37700.0,24.673111502529725,vlsfo
SYNTHETIC_TEST_DATA,2026-03-01T05:00:00+00:00,VESSEL_HM_03,bulk_handymax,CLASS_HANDYMAX_50K,19.27258120512096,73.65272281194886,16.929910201059645,15.707270666633764,11.493941226431197,58000.0,124.54617439988155,2553.877965253608,195812.82404639001,474.39483087631334,5.9423273251078,225.91152186735226,2.2562417233322014,8.097582860888721,317.7399955838896,0.6171157539545796,61.81048780124613,369.90571745612937,37700.0,37700.0,28.3764218361512,vlsfo
SYNTHETIC_TEST_DATA,2026-03-01T05:05:00+00:00,VESSEL_HM_03,bulk_handymax,CLASS_HANDYMAX_50K,19.278330889096843,73.66613874122592,13.801612947301942,13.461584333803922,11.45501600449512,58000.0,116.46170360169413,1634.8249393191975,134047.74040010173,307.26504675481857,8.142687996687325,108.27437332956299,1.0830756537469965,5.9709190847342715,23.574023277979784,0.217093536411194,103.49119040663044,293.5685966182188,37700.0,37700.0,18.164721547991082,vlsfo
SYNTHETIC_TEST_DATA,2026-03-01T05:10:00+00:00,VESSEL_HM_03,bulk_handymax,CLASS_HANDYMAX_50K,19.283839448409914,73.67899204628975,13.222814306868461,13.563846518938677,11.434079086184743,58000.0,116.82984746817924,1863.8450240392697,152344.70736455134,357.57542234092176,8.66919594326777,121.28715526194627,1.6961401647895502,5.981765302876087,60.58177775799236,0.16844863191521964,252.92473183802412,584.4290106115149,37700.0,37700.0,20.709389155991886,vlsfo
SYNTHETIC_TEST_DATA,2026-03-01T05:15:00+00:00,VESSEL_HM_03,bulk_handymax,CLASS_HANDYMAX_50K,19.289370801992444,73.69189853798231,13.27752995485616,13.16087417822676,11.43105956336099,58000.0,115.37914704161633,1584.18501450051,131114.26923909594,292.7527603848055,7.107793413701904,62.16503348843081,2.566152277135692,7.489756099570852,206.1798367082445,0.839154386125488,149.83096788072407,157.9528696633082,37700.0,37700.0,17.602055716672336,vlsfo
SYNTHETIC_TEST_DATA,2026-03-01T05:20:00+00:00,VESSEL_HM_03,bulk_handymax,CLASS_HANDYMAX_50K,19.294592592466977,73.70408271575621,12.534450819160353,12.409579870667578,11.546608718862045,58000.0,112.67448753440328,1271.1082680659983,107727.93477631484,259.3362394951838,3.489769995778593,183.26103631092556,2.037061755117053,6.389924335159833,340.9707743663984,0.25936793882785025,339.14284031297404,98.68904103818755,37700.0,37700.0,14.123425200733314,vlsfo
SYNTHETIC_TEST_DATA,2026-03-01T05:25:00+00:00,VESSEL_HM_03,bulk_handymax,CLASS_HANDYMAX_50K,19.300446049537374,73.71774078225381,14.050711174413708,14.898259658490433,11.516342587390366,58000.0,121.63373477056555,2148.878629307222,168705.4943781321,391.4349608955075,8.143189787727186,47.595361316712804,0.7336627715764428,6.707292690822463,26.6934988677761,0.43846704016328364,259.57957275593606,221.23203113833677,37700.0,37700.0,23.87642921452469,vlsfo
SYNTHETIC_TEST_DATA,2026-03-01T05:30:00+00:00,VESSEL_HM_03,bulk_handymax,CLASS_HANDYMAX_50K,19.306350295387713,73.7315173559046,14.172625193647164,13.564633160779001,11.495305574705574,58000.0,116.83267937880441,1881.3511842590278,153771.8773165123,349.50128941163115,6.708822393375289,18.214350488048204,1.8150767097141594,8.70548531910584,98.57490655523449,0.5659968184354066,9.234330108841803,676.472358782671,37700.0,37700.0,20.903902047322532,vlsfo
SYNTHETIC_TEST_DATA,2026-03-01T05:35:00+00:00,VESSEL_HM_03,bulk_handymax,CLASS_HANDYMAX_50K,19.31212190777087,73.7449844514653,13.85425016893197,14.018069023360924,11.470231378576754,58000.0,118.46504848409933,1696.7709308130072,136774.25589528537,320.2839632463636,6.891678759809391,80.26680041504866,0.2,6.275586191605978,269.8724751789322,0.4118134474914207,323.33341378313355,260.20550731262983,37700.0,37700.0,18.853010342366748,vlsfo
SYNTHETIC_TEST_DATA,2026-03-01T05:40:00+00:00,VESSEL_HM_03,bulk_handymax,CLASS_HANDYMAX_50K,19.317976987742696,73.75864630473289,14.054606807193137,12.984939057273555,11.51499445423703,58000.0,114.74578060618481,1407.9499858439278,117171.47176450363,279.0810885019597,8.266501274464556,122.89387053964579,0.9949211631443456,5.615459511375363,272.5417074728775,0.6519882830761695,29.414608358452426,646.6010761744575,37700.0,37700.0,15.643888731599198,vlsfo
SYNTHETIC_TEST_DATA,2026-03-01T05:45:00+00:00,VESSEL_HM_03,bulk_handymax,CLASS_HANDYMAX_50K,19.32311012274496,73.77062361973817,12.321641120564843,12.245170198932533,11.401669023755556,58000.0,112.08261271615712,1239.9039925780557,105638.24910715743,239.21201476019635,5.1885006451644236,100.80950791337027,0.7329700583892692,9.10680871627878,44.615428759085994,0.43520179249376556,343.7001373683087,60.324289165464776,37700.0,37700.0,13.776711028645064,vlsfo
SYNTHETIC_TEST_DATA,2026-03-01T05:50:00+00:00,VESSEL_HM_03,bulk_handymax,CLASS_HANDYMAX_50K,19.328707866243416,73.78368502123458,13.436893134999638,13.253872793760008,11.47244590960895,58000.0,115.71394205753603,1555.350876255959,128355.37833912655,285.5215411964091,7.762894711306513,355.6881472956631,1.7328924618590118,5.182952939990817,130.7901216448867,0.4394964772371542,141.79687744007433,713.0762310999129,37700.0,37700.0,17.28167640284399,vlsfo
SYNTHETIC_TEST_DATA,2026-03-01T05:55:00+00:00,VESSEL_HM_03,bulk_handymax,CLASS_HANDYMAX_50K,19.334115585649936,73.79630303318312,12.9807569406352,13.139851215844509,11.503163512742063,58000.0,115.30346437704023,1418.2006139178122,117453.69797193653,268.0618738276915,8.814845616506254,97.6668833982128,0.8123592267156611,7.075040095400524,309.5331412745529,0.06862102263850989,210.38145794826767,367.27247521529205,37700.0,37700.0,15.757784599086802,vlsfo
SYNTHETIC_TEST_DATA,2026-03-01T06:00:00+00:00,VESSEL_HM_03,bulk_handymax,CLASS_HANDYMAX_50K,19.339714967632457,73.809368257809,13.440826172533372,14.137941840964048,11.513242975452807,58000.0,118.89659062747057,2086.6163280878936,167588.64212951742,393.8706312341903,3.0471524994345556,5.647509821989409,2.065019973144735,7.396462593545888,19.785739731073356,0.45501821363027833,285.0691332966488,479.0298081186537,37700.0,37700.0,23.184625867643263,vlsfo
SYNTHETIC_TEST_DATA,2026-03-01T06:05:00+00:00,VESSEL_HM_03,bulk_handymax,CLASS_HANDYMAX_50K,19.34531538506793,73.82243589849178,13.443311686688006,14.03342266601763,11.46613190821469,58000.0,118.52032159766347,2035.00132451518,163962.0188146014,378.5225510399278,1.7916391384386827,179.58117377640914,1.9138934743465734,4.95416183903497,38.00346441080754,0.41640290457605705,284.3422417980092,683.6574312628952,37700.0,37700.0,22.611125827946445,vlsfo
SYNTHETIC_TEST_DATA,2026-03-01T06:10:00+00:00,VESSEL_HM_03,bulk_handymax,CLASS_HANDYMAX_50K,19.351618826442074,73.83714392836478,15.130859095366223,15.532593753146461,11.444129597810804,58000.0,123.91733751132726,2567.002262462775,197817.88757122896,473.0309875819894,6.860393857126104,234.98751315578642,1.8969042449206814,7.397223669764201,124.9951020145843,0.47419557587723776,309.6441068715931,195.10187567601352,37700.0,37700.0,28.5222473606975,vlsfo
SYNTHETIC_TEST_DATA,2026-03-01T06:15:00+00:00,VESSEL_HM_03,bulk_handymax,CLASS_HANDYMAX_50K,19.35685016656161,73.8493503886437,12.557373905836638,11.544860636502973,11.431203242466966,58000.0,109.5614982914107,1114.4993998106643,97138.91722128286,218.64331101534503,5.947946132842275,158.9294204398454,2.4508484734610363,5.113029503447872,305.5921851813702,0.5451146994457147,55.220553042544324,490.80099242971755,37700.0,37700.0,12.383326664562937,vlsfo
SYNTHETIC_TEST_DATA,2026-03-01T06:20:00+00:00,VESSEL_HM_03,bulk_handymax,CLASS_HANDYMAX_50K,19.362899814373993,73.86346623353926,14.521649872273914,13.976181752377348,11.525059561145406,58000.0,118.31425430855845,1673.1537856224727,135042.40740439913,316.4924813930151,6.5757074369099495,24.48240851503911,0.2,5.5065004807822575,324.70360694221273,0.2793546470220942,78.85546554037802,293.3146088171074,37700.0,37700.0,18.590597618027473,vlsfo
SYNTHETIC_TEST_DATA,2026-03-01T06:25:00+00:00,VESSEL_HM_03,bulk_handymax,CLASS_HANDYMAX_50K,19.368498391671743,73.87652958056734,13.43889459720469,13.344206422984568,11.510108624849403,58000.0,116.03914312274445,1551.374949929657,127668.46698052742,292.23287296506635,13.437795365687329,40.554587578985036,0.23603521070344557,5.118260633038534,279.4886426764196,0.2512838814920274,152.1940914082427,248.0969169747862,37700.0,37700.0,17.237499443662855,vlsfo
SYNTHETIC_TEST_DATA,2026-03-01T06:30:00+00:00,VESSEL_HM_03,bulk_handymax,CLASS_HANDYMAX_50K,19.374289969758482,73.89004326276972,13.902176092208464,13.598621222481308,11.559932573656658,58000.0,116.9550364009327,1717.399400072564,140224.4548995366,324.8429019457606,9.724967581417085,45.921611206864796,1.1708553046869479,7.869123206461294,32.162960962396404,0.4570558262798273,357.6923624781302,109.79493004406662,37700.0,37700.0,19.082215556361824,vlsfo
SYNTHETIC_TEST_DATA,2026-03-01T06:35:00+00:00,VESSEL_HM_03,bulk_handymax,CLASS_HANDYMAX_50K,19.38008973478891,73.90357604784072,13.921828133690813,13.465134436529459,11.485634730882994,58000.0,116.47448397150606,1637.752564774081,134273.05656524256,304.5678898714515,8.301536817962544,308.7031079058275,0.8139239759400103,7.1198587051454645,83.12146024713923,0.4315898031798997,121.32715346440925,302.5645552906903,37700.0,37700.0,18.197250719712013,vlsfo
SYNTHETIC_TEST_DATA,2026-03-01T06:40:00+00:00,VESSEL_HM_03,bulk_handymax,CLASS_HANDYMAX_50K,19.384813838001055,73.91459895533572,11.33979612281254,12.114383203794084,11.504847429046187,58000.0,111.6117795336587,1328.0070236577296,113621.81473621816,252.5181758519036,4.4563078678447345,352.24321455211236,1.8273905428857073,7.849783069748768,108.43527251608265,0.37697729821493287,241.5845157051152,410.13227013496765,37700.0,37700.0,14.755633596196995,vlsfo
SYNTHETIC_TEST_DATA,2026-03-01T06:45:00+00:00,VESSEL_HM_03,bulk_handymax,CLASS_HANDYMAX_50K,19.3904545369218,73.9277605861508,13.54000386507315,13.406423397726687,11.468835959620266,58000.0,116.26312423181608,1547.6830738199772,127119.28042479054,289.4539089738445,5.164607844395017,262.0264774318347,1.2494602651962339,5.57156063651488,328.334860380912,0.7165491650578835,145.84259131815693,305.75718598989755,37700.0,37700.0,17.196478597999747,vlsfo
SYNTHETIC_TEST_DATA,2026-03-01T06:50:00+00:00,VESSEL_HM_03,bulk_handymax,CLASS_HANDYMAX_50K,19.39514768998226,73.9387112766252,11.265502993656598,12.472005534046094,11.478485763909253,58000.0,112.89921992256595,1268.2749054519945,107273.8432775011,235.89472586987645,4.063765063397424,202.67884074658184,1.7517040279082274,8.243966301509214,189.86254346320294,0.7340141980773163,215.80321073364254,626.7529015045807,37700.0,37700.0,14.09194339391105,vlsfo
SYNTHETIC_TEST_DATA,2026-03-01T06:55:00+00:00,VESSEL_HM_03,bulk_handymax,CLASS_HANDYMAX_50K,19.40028215295249,73.9506916902224,12.32482879139234,12.449632343472334,11.494273880670544,58000.0,112.8186764365004,1245.256071586791,105402.04803046914,240.93808215913498,6.273693742268318,252.75330432021147,1.6127998252790867,7.111837095659059,259.634978198595,0.5365458171088615,164.26628147174736,43.99769369563711,37700.0,37700.0,13.836178573186567,vlsfo
SYNTHETIC_TEST_DATA,2026-03-01T07:00:00+00:00,VESSEL_HM_03,bulk_handymax,CLASS_HANDYMAX_50K,19.404937529271095,73.96155423496582,11.174823232538326,11.510337939797765,11.549996473565935,58000.0,109.43721658327195,923.2348173907441,80559.82566614752,174.97530338351635,3.296080494091397,145.55236162092186,0.9692850503052832,8.269250444637539,182.53663666809044,0.38814823602605025,312.4189404410296,244.19533453931405,37700.0,37700.0,10.258164637674934,vlsfo
SYNTHETIC_TEST_DATA,2026-03-01T07:05:00+00:00,VESSEL_HM_03,bulk_handymax,CLASS_HANDYMAX_50K,19.41111705066415,73.97597311821627,14.833400031070623,15.394035682684196,11.474305493552952,58000.0,123.41852845766311,2358.4145838344766,182478.27626920617,425.6432203903692,4.112191500737569,94.6838327721891,1.7769290981751595,5.984770461360637,268.66147418874624,0.597556929150443,304.55690993651416,336.2731529210298,37700.0,37700.0,26.20460648704974,vlsfo
SYNTHETIC_TEST_DATA,2026-03-01T07:10:00+00:00,VESSEL_HM_03,bulk_handymax,CLASS_HANDYMAX_50K,19.416436403537258,73.98838494158686,12.76864081447288,13.005471992767674,11.38538493126874,58000.0,114.81969917396363,1769.008594210803,147124.4729778236,339.48935915411425,8.76903191258263,187.33167711618862,2.074851891483911,6.947223124274859,42.56702293992133,0.657533861922859,166.54059422342996,307.0307469259072,37700.0,37700.0,19.6556510467867,vlsfo
SYNTHETIC_TEST_DATA,2026-03-01T07:15:00+00:00,VESSEL_HM_03,bulk_handymax,CLASS_HANDYMAX_50K,19.422306780448196,74.00208248771239,14.091325770149933,14.558953380078968,11.560739223827476,58000.0,120.41223216828428,1986.8618103952622,157568.15034687542,367.6239846711295,6.077718505130184,354.0320131533957,1.8532263283898345,6.129097166101564,258.8011506869243,0.3273445415581291,197.23706720649176,384.749721192485,37700.0,37700.0,22.076242337725134,vlsfo
SYNTHETIC_TEST_DATA,2026-03-01T07:20:00+00:00,VESSEL_HM_03,bulk_handymax,CLASS_HANDYMAX_50K,19.42816114536285,74.01574267251324,14.05289037506062,14.195392905522644,11.444198064240013,58000.0,119.10341445988152,1746.3962598908709,140019.96430712918,318.3469745721727,7.54197040935429,347.1724447100704,1.0403548791448702,5.531699306725864,308.8699707620831,0.14337686262129018,301.12369150877345,582.1407611079395,37700.0,37700.0,19.40440288767634,vlsfo
SYNTHETIC_TEST_DATA,2026-03-01T07:25:00+00:00,VESSEL_HM_03,bulk_handymax,CLASS_HANDYMAX_50K,19.433691248910524,74.02864624745781,13.2745293556406,12.397103326027375,11.506129428279962,58000.0,112.62957197369855,1390.347733032562,117880.61187718104,269.5325968436397,7.081062905639464,325.0299734417223,1.2686593558077148,9.031492054153254,104.56369853224317,0.452536385786688,54.965211166273605,512.5016376168683,37700.0,37700.0,15.448308144806244,vlsfo
SYNTHETIC_TEST_DATA,2026-03-01T07:30:00+00:00,VESSEL_HM_03,bulk_handymax,CLASS_HANDYMAX_50K,19.439518641768036,74.04224349745867,13.988146313538737,13.944266623426996,11.518690927938191,58000.0,118.19935984433718,1712.4854740193418,138351.27120257585,320.06279684587327,4.730551379790053,107.91609182488037,1.10413159667014,7.5355009168718246,345.4082892959502,0.6995338227196051,154.59064532591822,91.90150326929252,37700.0,37700.0,19.027616377992686,vlsfo
SYNTHETIC_TEST_DATA,2026-03-01T07:35:00+00:00,VESSEL_HM_03,bulk_handymax,CLASS_HANDYMAX_50K,19.44516750434197,74.05542417679786,13.55959999975037,14.72985507939197,11.518898278776176,58000.0,121.0274782858111,2209.381488196871,174324.37162337438,418.4933327564214,7.448945550459443,182.45428094472067,1.4684421543351125,6.859688749865611,80.18933325601853,0.596845181550579,233.639732933658,314.8637273876278,37700.0,37700.0,24.548683202187455,vlsfo
SYNTHETIC_TEST_DATA,2026-03-01T07:40:00+00:00,VESSEL_HM_03,bulk_handymax,CLASS_HANDYMAX_50K,19.450108309965874,74.06695272325364,11.859971287985731,12.785421256268398,11.52879558339566,58000.0,114.02751652256623,1386.928435027973,116149.07851074229,270.7851183477133,6.188864467927401,229.9444560506378,1.8645301095951878,7.369439001677176,208.01279313498466,0.48018127018150153,227.4687624272442,515.3764536036863,37700.0,37700.0,15.410315944755254,vlsfo
SYNTHETIC_TEST_DATA,2026-03-01T07:45:00+00:00,VESSEL_HM_03,bulk_handymax,CLASS_HANDYMAX_50K,19.45588836424381,74.08043951656882,13.874514198182423,13.005792590102239,11.51900344475396,58000.0,114.82085332436806,1458.876535081414,121330.26633919339,283.99789247938224,10.207104993534257,122.53164587551628,1.8946471889720184,6.046954742080379,265.3122271110894,0.5753245969358987,104.3857890398666,552.3693703344601,37700.0,37700.0,16.209739278682378,vlsfo
SYNTHETIC_TEST_DATA,2026-03-01T07:50:00+00:00,VESSEL_HM_03,bulk_handymax,CLASS_HANDYMAX_50K,19.461100156311964,74.09260036472784,12.510450520101205,12.429332453613593,11.56083077293993,58000.0,112.74559683300893,1871.3405476786177,158498.30418431864,352.21043643338993,5.424364693131815,347.1351020955343,2.4414368382328884,7.116867130204212,71.21400727329711,0.8649969832433644,335.9659521184761,220.3212601605679,37700.0,37700.0,20.79267275198464,vlsfo
SYNTHETIC_TEST_DATA,2026-03-01T07:55:00+00:00,VESSEL_HM_03,bulk_handymax,CLASS_HANDYMAX_50K,19.467450763101645,74.1074184472371,15.244075545600916,14.383218531771954,11.557385952005259,58000.0,119.77958671437904,1914.1463600183763,152603.22565216123,358.1536082247944,6.984068929177423,235.728605506664,1.1292009967368009,7.878350475174532,117.04847856829089,0.5953092618477333,102.86671981586039,199.99024426483575,37700.0,37700.0,21.268292889093072,vlsfo
SYNTHETIC_TEST_DATA,2026-03-01T08:00:00+00:00,VESSEL_HM_03,bulk_handymax,CLASS_HANDYMAX_50K,19.47393879947642,74.12255719877824,15.57396323141705,15.032105777895598,11.537939811574908,58000.0,122.11558080042415,2190.066720894686,171260.67388621235,408.2057119040275,6.632675487854499,332.3194105088857,1.9265880791420071,6.711112550615559,310.00048088316805,0.5377271408159531,5.683534750337991,384.22381572212464,37700.0,37700.0,24.334074676607624,vlsfo
SYNTHETIC_TEST_DATA,2026-03-01T08:05:00+00:00,VESSEL_HM_03,bulk_handymax,CLASS_HANDYMAX_50K,19.48100228077459,74.13903865514064,16.95526838462076,16.564620932370392,11.417538908087064,58000.0,127.63263535653341,3124.1982001800084,233748.1720259715,567.5681644261616,6.473023718998649,45.42705946314449,1.3580703403418726,7.244311609460773,63.36889153287863,0.499135054931355,132.3842837182944,454.76378221666135,37700.0,37700.0,34.71331333533343,vlsfo
SYNTHETIC_TEST_DATA,2026-03-01T08:10:00+00:00,VESSEL_HM_03,bulk_handymax,CLASS_HANDYMAX_50K,19.485284496235906,74.14903049121703,10.279083268216235,11.41602946508011,11.45762514021449,58000.0,109.0977060742884,997.1414001745064,87279.55252768492,187.42946968285585,9.363192790255281,289.9066121605088,1.1037356633534898,8.667214144966065,358.3360863554847,0.7389384930114061,208.72206221831942,69.40749386143473,37700.0,37700.0,11.079348890827848,vlsfo
SYNTHETIC_TEST_DATA,2026-03-01T08:15:00+00:00,VESSEL_HM_03,bulk_handymax,CLASS_HANDYMAX_50K,19.490448549580258,74.16107994902052,12.395857893565903,11.971764809473813,11.474789495234983,58000.0,111.09835331410574,1131.6848417089702,97272.3165775042,220.7026634112705,7.461490157373289,285.25708145475636,1.9878613232507965,6.931103134086998,183.8828750379302,0.3658538187965192,17.483647974508276,761.521829729541,37700.0,37700.0,12.57427601898856,vlsfo
SYNTHETIC_TEST_DATA,2026-03-01T08:20:00+00:00,VESSEL_HM_03,bulk_handymax,CLASS_HANDYMAX_50K,19.495992139266633,74.17401499162206,13.30690165075844,11.947633052832133,11.503338206073645,58000.0,111.01147899019568,1255.2654485651578,107978.94209620674,239.9950185559973,8.566594544487664,4.164737277758506,1.3516841178759997,9.227271857580044,38.708727613840125,0.7185775115681814,55.22484145272281,763.4199078612634,37700.0,37700.0,13.947393872946199,vlsfo
SYNTHETIC_TEST_DATA,2026-03-01T08:25:00+00:00,VESSEL_HM_03,bulk_handymax,CLASS_HANDYMAX_50K,19.502162545388302,74.18841260590595,14.811519620232765,14.99170632911747,11.427938333331799,58000.0,121.97014278482288,2460.772333901167,192658.99267909236,458.10399846412525,6.93728582661446,257.31077822975544,2.033216793932162,5.746973167756171,100.92313865849857,0.12664074644754653,292.6195271039351,739.2177782999688,37700.0,37700.0,27.341914821124075,vlsfo
SYNTHETIC_TEST_DATA,2026-03-01T08:30:00+00:00,VESSEL_HM_03,bulk_handymax,CLASS_HANDYMAX_50K,19.50745405544812,74.2007594627122,12.701806579064419,13.347977216209538,11.52430225341339,58000.0,116.05271797835434,1485.0538044458406,122196.35585565388,275.9589184860333,8.560877773045052,353.97647041394356,0.5797941517394016,7.8588428087908575,286.13081017486917,0.3350376740938693,266.95414971446786,305.27911697382575,37700.0,37700.0,16.500597827176005,vlsfo
SYNTHETIC_TEST_DATA,2026-03-01T08:35:00+00:00,VESSEL_HM_03,bulk_handymax,CLASS_HANDYMAX_50K,19.512474515975686,74.21247387060984,12.051175909717234,13.074469181019126,11.50900647219029,58000.0,115.06808905166886,1394.3731485277378,115716.55404991562,260.5386426403892,5.932205289170721,214.57219658018786,0.8769526650590972,7.62476010190543,300.0118338848589,0.5526245453161188,228.76389332365144,450.3685607763841,37700.0,37700.0,15.493034983641532,vlsfo
SYNTHETIC_TEST_DATA,2026-03-01T08:40:00+00:00,VESSEL_HM_03,bulk_handymax,CLASS_HANDYMAX_50K,19.51757869983491,74.22438363294803,12.25214643663682,13.026390113833276,11.540731425680816,58000.0,114.8950044097998,2187.329498093013,181796.0512280679,412.52145865281676,7.745667650276222,51.1391147915171,2.532597619044161,5.381396415499826,66.59002323358956,0.7147939082875475,188.39996613798988,794.071651291212,37700.0,37700.0,24.303661089922368,vlsfo
SYNTHETIC_TEST_DATA,2026-03-01T08:45:00+00:00,VESSEL_HM_03,bulk_handymax,CLASS_HANDYMAX_50K,19.523630963568586,74.23850558165994,14.527929162289132,13.193860269805121,11.436442731172047,58000.0,115.49789697129845,1658.2771613109717,137105.35732332323,303.50418177843443,7.867498521156464,74.78961901635425,1.4316730579454282,6.940582945921116,46.148651911743876,0.6873187597710878,64.07380415674209,587.6609072925424,37700.0,37700.0,18.42530179234413,vlsfo
SYNTHETIC_TEST_DATA,2026-03-01T08:50:00+00:00,VESSEL_HM_03,bulk_handymax,CLASS_HANDYMAX_50K,19.529481536191103,74.25215691777915,14.043787309833252,12.824282752224962,11.460144778293424,58000.0,114.16741790800987,1395.7238571341788,116742.42360452264,265.9299104356334,11.121005181589034,338.700420016701,1.6434975965438094,9.255820029934355,278.892453176004,0.725010697937523,37.38658366467023,713.394993778106,37700.0,37700.0,15.50804285704643,vlsfo
SYNTHETIC_TEST_DATA,2026-03-01T08:55:00+00:00,VESSEL_HM_03,bulk_handymax,CLASS_HANDYMAX_50K,19.53511918384897,74.26531142898084,13.532679575697344,13.201599729471168,11.528229205665829,58000.0,115.52575902609621,1598.1820357583326,132104.8602991561,301.84956722216646,9.21598064810386,108.23632924803984,1.2018706414876412,8.94491760253003,70.55793797055276,0.18419734048595116,67.91311328792064,691.330135208702,37700.0,37700.0,17.757578175092583,vlsfo
SYNTHETIC_TEST_DATA,2026-03-01T09:00:00+00:00,VESSEL_HM_03,bulk_handymax,CLASS_HANDYMAX_50K,19.541836421083005,74.28098498252692,16.124139825465534,16.291094060058377,11.479749942280149,58000.0,126.64793861621015,2824.432645085534,212963.15840924878,508.72478610297406,5.868431682330372,294.95328066419165,1.5355978093697484,7.598801076756333,21.47404747059005,0.11665567859867415,186.50365034388955,234.0344409817933,37700.0,37700.0,31.382584945394825,vlsfo
SYNTHETIC_TEST_DATA,2026-03-01T09:05:00+00:00,VESSEL_HM_03,bulk_handymax,CLASS_HANDYMAX_50K,19.546442218455464,74.29173184306266,11.055813313400282,10.41836502323272,11.565407204675303,58000.0,105.5061140836378,825.3280015226295,74699.95398201443,164.52635474688705,11.28304680362346,19.002017083119025,1.3422557590406514,6.89165202958003,164.63872779816117,0.4525031515070326,21.7538408477373,484.4472059871357,37700.0,37700.0,9.170311128029217,vlsfo
SYNTHETIC_TEST_DATA,2026-03-01T09:10:00+00:00,VESSEL_HM_03,bulk_handymax,CLASS_HANDYMAX_50K,19.552880552498888,74.30675462249732,15.454657136897794,15.559712977772499,11.418736542419445,58000.0,124.014966719981,2518.594833880513,193934.72968285423,456.5399477342987,7.85996839827893,236.25216292216845,1.6244355383832285,8.884301048334244,116.20086569724447,0.1357166073264351,325.5518531587827,515.4106673868376,37700.0,37700.0,27.98438704311681,vlsfo
SYNTHETIC_TEST_DATA,2026-03-01T09:15:00+00:00,VESSEL_HM_03,bulk_handymax,CLASS_HANDYMAX_50K,19.558423374258535,74.31968787326984,13.305058309889775,13.666121423219838,11.548508881590434,58000.0,117.19803712359142,1616.454769267215,131708.74178142348,302.8052709774617,7.276911908834802,191.46119280391682,1.5915248004085674,5.915054311549478,312.4083525719035,0.26071207721060063,208.04141347967754,132.14981490773874,37700.0,37700.0,17.960608547413496,vlsfo
SYNTHETIC_TEST_DATA,2026-03-01T09:20:00+00:00,VESSEL_HM_03,bulk_handymax,CLASS_HANDYMAX_50K,19.564019380613406,74.33274522143121,13.43272327392848,12.712304498086942,11.471239194617457,58000.0,113.76429619311298,1256.9733585796225,105509.47707522275,235.07744075755977,5.5373678404973035,181.61152627713454,0.8004662296467355,6.834188953109831,194.1295136185337,0.45590031847372864,32.196970487984466,730.6166888359869,37700.0,37700.0,13.966370650884693,vlsfo
SYNTHETIC_TEST_DATA,2026-03-01T09:25:00+00:00,VESSEL_HM_03,bulk_handymax,CLASS_HANDYMAX_50K,19.569566085138543,74.34568753198987,13.314378548477658,13.337867044403426,11.41368083823896,58000.0,116.01632135985233,1552.1822786763496,127760.03203794255,296.63995964378,3.3844142304129914,285.9278374293584,1.527404929911651,8.529569387434476,265.4643403869772,0.5451293851422379,156.97915886382907,575.9956198695415,37700.0,37700.0,17.24646976307055,vlsfo
SYNTHETIC_TEST_DATA,2026-03-01T09:30:00+00:00,VESSEL_HM_03,bulk_handymax,CLASS_HANDYMAX_50K,19.575468760861174,74.35946044200934,14.1688562395597,12.797507733816571,11.52174923010659,58000.0,114.07102784173966,1299.4869333594986,108784.73149962201,243.09590925177537,4.187224032190603,154.7585844559772,0.6484267622262798,6.623251300196495,200.37897273119077,0.755359437938895,45.4411525712265,555.7440436639321,37700.0,37700.0,14.438743703994428,vlsfo
SYNTHETIC_TEST_DATA,2026-03-01T09:35:00+00:00,VESSEL_HM_03,bulk_handymax,CLASS_HANDYMAX_50K,19.58131743546161,74.37310734941035,14.039231274017776,13.144276791902364,11.516172924755468,58000.0,115.3193964508485,1783.4517387914912,147682.95814771223,336.085918239241,3.6879300417901955,221.26398473396196,1.624093297238348,7.011204061451762,54.92722124160812,0.5006831768017025,85.69319750333437,334.3416707853346,37700.0,37700.0,19.816130431016568,vlsfo
SYNTHETIC_TEST_DATA,2026-03-01T09:40:00+00:00,VESSEL_HM_03,bulk_handymax,CLASS_HANDYMAX_50K,19.586286566472047,74.3847019884347,11.927963898221012,12.315693726299218,11.439245517055348,58000.0,112.33649741467718,1753.7518916702415,149079.7500045323,327.3556693984547,6.316111696729046,150.01772833063637,2.2641331836044927,5.6090780965881155,52.59678645672427,0.21521354627798833,219.19306242575936,53.184342571231,37700.0,37700.0,19.48613212966935,vlsfo
SYNTHETIC_TEST_DATA,2026-03-01T09:45:00+00:00,VESSEL_HM_03,bulk_handymax,CLASS_HANDYMAX_50K,19.591958616607844,74.39793677208489,13.615259711725141,14.509699658561239,11.431780431314534,58000.0,120.23491877082046,2219.2017248326106,176253.41847574155,411.7534169038786,7.24846559333718,110.40991125485479,1.73701716528716,4.364037339401158,60.16210077883001,0.4781850102049555,258.94327045372347,760.0338752047519,37700.0,37700.0,24.65779694258456,vlsfo
SYNTHETIC_TEST_DATA,2026-03-01T09:50:00+00:00,VESSEL_HM_03,bulk_handymax,CLASS_HANDYMAX_50K,19.59764165967576,74.41119720591003,13.641647282739592,12.516464208168342,11.466023808508586,58000.0,113.05927114940603,1298.7642547402831,109697.19632093889,249.54352656268614,4.7281268339934925,313.6605536543438,2.2257936859229943,8.136223904218177,238.99199546622765,0.5543507703066278,63.518099875122864,405.0367402361116,37700.0,37700.0,14.4307139415587,vlsfo
SYNTHETIC_TEST_DATA,2026-03-01T09:55:00+00:00,VESSEL_HM_03,bulk_handymax,CLASS_HANDYMAX_50K,19.603408203440342,74.42465247469406,13.842083393849578,13.510259992042563,11.530290540056855,58000.0,116.63693597135324,1655.9814958150366,135578.47959538578,317.7244789974806,8.012866772271046,308.64956697753394,1.9929946650292607,7.140675198002469,138.39409808431475,0.5783675499860981,139.72920664138672,451.8342348545316,37700.0,37700.0,18.399794397944852,vlsfo
SYNTHETIC_TEST_DATA,2026-03-01T10:00:00+00:00,VESSEL_HM_03,bulk_handymax,CLASS_HANDYMAX_50K,19.60859664671239,74.43675884232883,12.454403779442922,13.796588524893245,11.428931112836251,58000.0,117.66771868961568,1702.4487452012334,138161.83546861756,321.0103464512629,11.61887902235392,37.40981935278921,1.344425284760322,7.554109365907854,188.78730904334373,0.674787650837201,257.4941511858377,170.53379752302072,37700.0,37700.0,18.916097168902592,vlsfo
SYNTHETIC_TEST_DATA,2026-03-01T10:05:00+00:00,VESSEL_HM_03,bulk_handymax,CLASS_HANDYMAX_50K,19.613293839207216,74.44771895815009,11.275199302170519,11.529437700440456,11.482400594374647,58000.0,109.50597572158564,1082.029719962633,94356.70192587297,214.19753974636203,10.213808171966178,99.54584631743444,2.0757958531618232,9.585037880028324,167.86502660272762,0.3314005258545726,186.69566677472477,292.76521433540375,37700.0,37700.0,12.022552444029255,vlsfo
SYNTHETIC_TEST_DATA,2026-03-01T10:10:00+00:00,VESSEL_HM_03,bulk_handymax,CLASS_HANDYMAX_50K,19.61797922450915,74.4586515238546,11.246857169457494,12.482517833070236,11.515941544218544,58000.0,112.93706419905286,1275.392094279769,107839.68449570457,246.99546703401,10.259216677378731,291.43129511702625,1.3692576933812888,6.397713404918279,137.0425552681736,0.7179329624473874,227.19559704008603,152.05314948857819,37700.0,37700.0,14.171023269775212,vlsfo
SYNTHETIC_TEST_DATA,2026-03-01T10:15:00+00:00,VESSEL_HM_03,bulk_handymax,CLASS_HANDYMAX_50K,19.623047854306012,74.47047832671394,12.166802023019184,11.34567225197781,11.479446526355659,58000.0,108.84442010712011,1095.818206424436,96139.91279161687,207.28574360452097,7.317412025513768,89.64815866844347,1.379739412864451,6.69244766911693,30.828222913218926,0.43046263296890414,52.606035201084474,611.0775658015261,37700.0,37700.0,12.175757849160401,vlsfo
SYNTHETIC_TEST_DATA,2026-03-01T10:20:00+00:00,VESSEL_HM_03,bulk_handymax,CLASS_HANDYMAX_50K,19.628408923778682,74.48298748881685,12.868777859052587,13.569703687910126,11.45145303884618,58000.0,116.85093327647645,1597.2681146601024,130532.00796766105,298.6833545493295,7.0844752160473226,117.85831231706858,1.0498750110492452,7.321239040610918,228.0084627073289,0.4718595226631383,286.7751542425865,93.35259419957816,37700.0,37700.0,17.747423496223362,vlsfo
SYNTHETIC_TEST_DATA,2026-03-01T10:25:00+00:00,VESSEL_HM_03,bulk_handymax,CLASS_HANDYMAX_50K,19.633137751209723,74.49402141948927,11.35113619662506,12.854110128553682,11.594132451132635,58000.0,114.27479646279326,1343.8581361833396,112298.60221583211,256.87803948578124,9.683338281780728,185.69769082640315,1.0075282420757445,4.898700000946333,248.85547258281997,0.8121150540376251,260.12555161998057,705.6078896753802,37700.0,37700.0,14.931757068703774,vlsfo
SYNTHETIC_TEST_DATA,2026-03-01T10:30:00+00:00,VESSEL_HM_03,bulk_handymax,CLASS_HANDYMAX_50K,19.639071106163193,74.5078659143807,14.242499046950625,15.35254407742026,11.425610503484583,58000.0,123.26915867871294,2485.1103720976475,192514.13934566634,454.1125948735921,5.45935047235743,330.2300651074984,1.5012576582295454,6.222067151107475,61.998663967831405,0.582768186828367,245.8700950366618,209.4126062517403,37700.0,37700.0,27.61233746775164,vlsfo
SYNTHETIC_TEST_DATA,2026-03-01T10:35:00+00:00,VESSEL_HM_03,bulk_handymax,CLASS_HANDYMAX_50K,19.64482072167154,74.52128168390018,13.80144859698046,13.686990083568249,11.500987521152968,58000.0,117.2731643008457,1622.7095097311992,132133.67672765214,307.8067551123657,6.624918201190555,251.1661781907506,1.2018039751082814,5.346037916736302,202.1148416884565,0.567259842801812,150.36517370363794,79.75181960618258,37700.0,37700.0,18.03010566367999,vlsfo
SYNTHETIC_TEST_DATA,2026-03-01T10:40:00+00:00,VESSEL_HM_03,bulk_handymax,CLASS_HANDYMAX_50K,19.650652064747945,74.53488815107846,13.997628468113101,14.009862235081778,11.576006140842566,58000.0,118.4355040462944,1976.2063443912814,159338.87940722334,369.3991879923217,7.139270742239914,150.33628799181201,2.047226375652773,7.06769783443102,112.33561476775418,0.14269440832303082,165.16766197657995,169.16642886911495,37700.0,37700.0,21.95784827101424,vlsfo
SYNTHETIC_TEST_DATA,2026-03-01T10:45:00+00:00,VESSEL_HM_03,bulk_handymax,CLASS_HANDYMAX_50K,19.65611795281323,74.54764188989746,13.120385712812384,13.187003865310052,11.478909119696658,58000.0,115.47321391511619,1746.8054396852608,144455.6937075052,328.0050937774443,6.746872067696938,49.714123759346236,1.6527655043782077,5.448555725187101,63.413159320966024,0.2748089788631657,160.36170021234054,70.72329123934476,37700.0,37700.0,19.40894932983623,vlsfo
SYNTHETIC_TEST_DATA,2026-03-01T10:50:00+00:00,VESSEL_HM_03,bulk_handymax,CLASS_HANDYMAX_50K,19.661276429085287,74.55967833453226,12.382470619854727,12.3798929546392,11.548267064615704,58000.0,112.56761463670112,1169.868525624392,99241.87834395746,230.57966577247527,4.398110139756199,197.08984605616521,0.8013067014682631,6.628254923441671,226.1863737875281,0.5364595564675971,338.3358209299412,518.0644199349781,37700.0,37700.0,12.998539173604357,vlsfo
SYNTHETIC_TEST_DATA,2026-03-01T10:55:00+00:00,VESSEL_HM_03,bulk_handymax,CLASS_HANDYMAX_50K,19.666992180009267,74.57301508668822,13.720159627358305,13.853710634466363,11.511731008254483,58000.0,117.8733582840789,1877.445018878922,152097.80708090504,355.3528787603729,7.185726350703189,55.5962588714529,1.3942501269515735,3.813805306545164,72.82981572392092,0.14206519552237584,316.2731603806575,674.0187404700721,37700.0,37700.0,20.8605002097658,vlsfo
SYNTHETIC_TEST_DATA,2026-03-01T11:00:00+00:00,VESSEL_HM_03,bulk_handymax,CLASS_HANDYMAX_50K,19.67298219619304,74.58699179111701,14.37850936908872,14.050787879128835,11.524369450957117,58000.0,118.58283636486381,1836.2234549113557,147868.29954272154,333.9838630277761,8.848952660591696,173.95987048836523,1.9301967944852874,6.579589028891394,179.4641634423521,0.39444884441813577,132.16053213221844,391.8175329142763,37700.0,37700.0,20.402482832348394,vlsfo
SYNTHETIC_TEST_DATA,2026-03-01T11:05:00+00:00,VESSEL_HM_03,bulk_handymax,CLASS_HANDYMAX_50K,19.678926251274106,74.60086125297283,14.26818376634837,13.255330849360062,11.497151543959069,58000.0,115.71919105769622,1544.0808548907203,127419.53949551407,295.09294413688934,6.091244302137879,211.6163526167404,2.122947091135426,4.559768105238453,142.93738820270943,0.5634140904937691,80.52832389740075,268.9807120610542,37700.0,37700.0,17.156453943230225,vlsfo
SYNTHETIC_TEST_DATA,2026-03-01T11:10:00+00:00,VESSEL_HM_03,bulk_handymax,CLASS_HANDYMAX_50K,19.685022206659923,74.61508514887308,14.632807147662335,13.680571106410337,11.546605976262768,58000.0,117.25005598307722,1603.6627075752608,130608.47339786674,300.9539159231071,11.615013317469465,161.3763508363263,0.8619138558057007,7.129094571480121,261.43842316642565,0.5552633145952761,36.62900390958137,158.45875719100735,37700.0,37700.0,17.818474528614008,vlsfo
SYNTHETIC_TEST_DATA,2026-03-01T11:15:00+00:00,VESSEL_HM_03,bulk_handymax,CLASS_HANDYMAX_50K,19.690914884154548,74.62883472969386,14.144856368670244,14.162627382521583,11.607197096911806,58000.0,118.98545857707771,1755.847951077171,140917.32758285676,319.4715828712961,5.1624393147211265,223.02405633017545,0.9257650128124956,8.426426381931245,181.186279174904,0.19097381897767174,154.21344266148984,79.44946293737755,37700.0,37700.0,19.509421678635235,vlsfo
SYNTHETIC_TEST_DATA,2026-03-01T11:20:00+00:00,VESSEL_HM_03,bulk_handymax,CLASS_HANDYMAX_50K,19.696324258420677,74.6414566029815,12.984729286235869,14.046660416885734,11.479146309892297,58000.0,118.56797750078864,1817.4302545036267,146373.25262316613,338.77284917411055,7.96980648478788,332.9454461782872,1.892042273291802,9.731847632131327,356.2353515573552,0.8248054862694718,195.23505560014854,49.24360010265426,37700.0,37700.0,20.19366949448474,vlsfo
SYNTHETIC_TEST_DATA,2026-03-01T11:25:00+00:00,VESSEL_HM_03,bulk_handymax,CLASS_HANDYMAX_50K,19.702336637339272,74.65548548712489,14.432189155963124,14.376787926974542,11.569527312684468,58000.0,119.75643653710836,1875.8964498798164,149582.70370765307,351.8084491003638,8.02392436880779,91.61333904501244,1.3059558324494907,5.479048909793781,312.3867972287372,0.3891374577573664,151.97923684684739,182.63362093783655,37700.0,37700.0,20.843293887553514,vlsfo
SYNTHETIC_TEST_DATA,2026-03-01T11:30:00+00:00,VESSEL_HM_03,bulk_handymax,CLASS_HANDYMAX_50K,19.707956722600088,74.66859901940013,13.490522579324415,12.5686628517633,11.56908670318279,58000.0,113.24718626634788,1404.3338883025506,118417.07725036642,273.9038403957739,7.921246986914057,274.9602954906311,1.4921839427183474,6.954405276294801,128.26419059492767,0.6110168499192116,25.87979998830971,550.5227845557093,37700.0,37700.0,15.60370987002834,vlsfo
SYNTHETIC_TEST_DATA,2026-03-01T11:35:00+00:00,VESSEL_HM_03,bulk_handymax,CLASS_HANDYMAX_50K,19.713301270679676,74.68106963158584,12.829119701555594,14.041263218452352,11.510817516148968,58000.0,118.54854758642847,1755.7391720441105,141427.91642748818,332.8747641776497,3.2163163953692493,189.9652484976392,1.258426712519443,7.340680711755905,336.57416093442873,0.644520539322003,233.63099522503765,761.2830094321909,37700.0,37700.0,19.50821302271234,vlsfo
SYNTHETIC_TEST_DATA,2026-03-01T11:40:00+00:00,VESSEL_HM_03,bulk_handymax,CLASS_HANDYMAX_50K,19.719206422255297,74.69484831859562,14.174799307881102,13.599468673703539,11.49272425352614,58000.0,116.95808722533275,1831.0380889746173,149499.07429063748,344.03052542044514,7.757211268065999,64.24898754026289,2.3716291874348454,7.1704372348013665,0.941168525479581,0.41292880725583936,107.10007190481198,534.4245099466208,37700.0,37700.0,20.344867655273525,vlsfo
SYNTHETIC_TEST_DATA,2026-03-01T11:45:00+00:00,VESSEL_HM_03,bulk_handymax,CLASS_HANDYMAX_50K,19.72454927367991,74.70731497191971,12.825047029843244,13.245702168106902,11.386556746231134,58000.0,115.68452780518484,1459.214567252374,120452.34526142442,275.3621548280772,5.01692137496635,40.73706631457021,0.4958107815553421,7.708445852866566,93.650799705895,0.22031495985683053,257.3414836985528,354.52638565441623,37700.0,37700.0,16.213495191693045,vlsfo
SYNTHETIC_TEST_DATA,2026-03-01T11:50:00+00:00,VESSEL_HM_03,bulk_handymax,CLASS_HANDYMAX_50K,19.729562066377557,74.71901148821424,12.032769955397534,12.614729086252538,11.435078401545173,58000.0,113.41302471050915,1512.413183794507,127344.12197152646,284.0274707908962,10.680169716693012,58.67794036301637,1.4363921045700636,6.41777358259943,81.3625416364298,0.3536129968243473,218.0624660876736,565.1577819095123,37700.0,37700.0,16.80459093105008,vlsfo
SYNTHETIC_TEST_DATA,2026-03-01T11:55:00+00:00,VESSEL_HM_03,bulk_handymax,CLASS_HANDYMAX_50K,19.734335280267587,74.73014898729097,11.457682004996604,12.17572856282892,11.499686551320407,58000.0,111.83262282618412,1246.4937856497836,106437.08919954427,233.58968341173227,8.831175635144394,286.6437257993365,1.18984028373917,7.01057486980823,82.0020626897529,0.4818131195125172,290.9194174858373,631.747814675483,37700.0,37700.0,13.849930951664263,vlsfo
SYNTHETIC_TEST_DATA,2026-03-01T12:00:00+00:00,VESSEL_HM_03,bulk_handymax,CLASS_HANDYMAX_50K,19.740010572411993,74.74339133562792,13.62304186952418,12.84569823759893,11.53081681992705,58000.0,114.24451365535614,1401.6653284409617,117160.26885363448,261.91205984308016,2.669235109102077,77.6027103684903,0.89159843688245,8.589139830483985,76.67554884972327,0.6186914142637363,11.616527699587946,774.2169611190347,37700.0,37700.0,15.574059204899573,vlsfo
SYNTHETIC_TEST_DATA,2026-03-01T12:05:00+00:00,VESSEL_HM_03,bulk_handymax,CLASS_HANDYMAX_50K,19.745359288912567,74.75587167412925,12.839125631147754,11.96908325429944,11.504267610880918,58000.0,111.08869971547799,1452.6492942998427,124871.19735432144,276.20925654754814,9.511693570330786,210.37987500833458,2.1526222667050345,7.50656630682189,30.29829864762096,0.4564765800381098,64.88187682458668,235.70662120928105,37700.0,37700.0,16.140547714442697,vlsfo
SYNTHETIC_TEST_DATA,2026-03-01T12:10:00+00:00,VESSEL_HM_03,bulk_handymax,CLASS_HANDYMAX_50K,19.75211472321125,74.77163435415952,16.21582853465285,15.658797332213698,11.468539237617792,58000.0,124.37167039596932,2330.3458457080405,178924.69849956332,430.6318738625597,6.895571260503109,140.69348026453343,0.6024984436483252,6.662939849070665,330.8628488245833,0.33334819502356516,78.50249443407749,478.4598217557362,37700.0,37700.0,25.892731618978225,vlsfo
SYNTHETIC_TEST_DATA,2026-03-01T12:15:00+00:00,VESSEL_HM_03,bulk_handymax,CLASS_HANDYMAX_50K,19.757999623350806,74.78536578781848,14.126187508803287,12.924490817941791,11.493842679745319,58000.0,114.52816694459045,1314.9635533462342,109640.94951523443,250.62245715293122,4.845534775157169,1.6007716720039067,1.27389730347117,6.942201781251553,307.6278218992856,0.7134966432529222,92.8669322033802,288.8123041294167,37700.0,37700.0,14.610706148291492,vlsfo
SYNTHETIC_TEST_DATA,2026-03-01T12:20:00+00:00,VESSEL_HM_03,bulk_handymax,CLASS_HANDYMAX_50K,19.763486528760776,74.7981685671084,13.170836008472907,12.379847570392185,11.50727532763158,58000.0,112.56745125341186,1246.248195602869,105721.44528867445,241.48959526155232,10.230151041950233,86.29926374394043,1.123950823834016,6.507718598152424,198.52355094544032,0.3963845253513213,54.9165281375886,177.04657924942575,37700.0,37700.0,13.847202173365211,vlsfo
SYNTHETIC_TEST_DATA,2026-03-01T12:25:00+00:00,VESSEL_HM_03,bulk_handymax,CLASS_HANDYMAX_50K,19.769522245187975,74.81225190543853,14.488208801961315,15.136663889224868,11.532979870529715,58000.0,122.49199000120953,2320.224058910429,180881.27789548822,432.42204619774554,10.57982081051968,104.63619602947998,1.4991276712898993,5.972905064569704,111.19999772025284,0.6899115598089663,307.5679999947043,454.72166605784605,37700.0,37700.0,25.78026732122699,vlsfo
SYNTHETIC_TEST_DATA,2026-03-01T12:30:00+00:00,VESSEL_HM_03,bulk_handymax,CLASS_HANDYMAX_50K,19.774872770012937,74.82473646336344,12.843466355510017,12.45168727863889,11.491739743963423,58000.0,112.8260742031,1428.495225491076,120904.00801014295,273.5374129647374,12.219495612388549,140.60051324814083,1.464278628002833,6.341470851328555,71.86194779307806,0.6067552547717014,135.64870139340812,102.69557144092263,37700.0,37700.0,15.872169172123069,vlsfo
SYNTHETIC_TEST_DATA,2026-03-01T12:35:00+00:00,VESSEL_HM_03,bulk_handymax,CLASS_HANDYMAX_50K,19.780342979487767,74.83750028547136,13.13075887804074,12.414239899513529,11.470596812293964,58000.0,112.6912636382487,1549.1708232569647,131274.5209814484,300.09619634083015,10.850141536865745,268.61104076725985,2.0070866311241495,7.118811547242812,96.83584265002817,0.7545641607458178,126.13558818520079,392.5398764736743,37700.0,37700.0,17.21300914729961,vlsfo
SYNTHETIC_TEST_DATA,2026-03-01T12:40:00+00:00,VESSEL_HM_03,bulk_handymax,CLASS_HANDYMAX_50K,19.785937025464282,74.85055305941657,13.428017557337009,13.234529219218706,11.592402439545527,58000.0,115.64430518918735,1689.0910002833582,139476.22319353028,322.3912403362887,2.217123881366163,144.6754809834418,1.6677373510971474,7.068389501995,89.77625097114739,0.3545747371712133,352.5568492933458,498.64816230523377,37700.0,37700.0,18.767677780926203,vlsfo
SYNTHETIC_TEST_DATA,2026-03-01T12:45:00+00:00,VESSEL_HM_03,bulk_handymax,CLASS_HANDYMAX_50K,19.791141630856483,74.86269713866504,12.493199533729845,13.484763836856573,11.47847400844057,58000.0,116.54514981268366,1775.0766319765846,145443.48905126587,334.3065370155442,9.76751906082499,181.53707511382703,1.5602278092056459,4.940442512150666,21.46254212340712,0.5734682882887364,230.5042424251037,607.9377623858962,37700.0,37700.0,19.723073688628716,vlsfo
SYNTHETIC_TEST_DATA,2026-03-01T12:50:00+00:00,VESSEL_HM_03,bulk_handymax,CLASS_HANDYMAX_50K,19.796735579192333,74.87574968478202,13.427783179471925,12.03002629289022,11.500805253656864,58000.0,111.30809465440478,1156.1120641816456,99184.67314743601,221.37575531046014,10.55594065666532,328.3175416718006,1.5923261038154304,6.5275758592918365,141.3589807013883,0.7440765380053875,56.55150625950361,278.4884251558069,37700.0,37700.0,12.845689602018284,vlsfo
SYNTHETIC_TEST_DATA,2026-03-01T12:55:00+00:00,VESSEL_HM_03,bulk_handymax,CLASS_HANDYMAX_50K,19.8027972138611,74.88989349900915,14.550423271469807,14.938381907822265,11.512580612655018,58000.0,121.77817486816016,2320.2482415646796,181943.42816112327,431.7798440229587,9.121072327035112,57.04614458073648,1.3185813996832563,8.711293746655219,45.537972838430136,0.3351450519298295,200.55421444583422,631.3283718453065,37700.0,37700.0,25.78053601738533,vlsfo
SYNTHETIC_TEST_DATA,2026-03-01T13:00:00+00:00,VESSEL_HM_03,bulk_handymax,CLASS_HANDYMAX_50K,19.808181932857618,74.90245784333435,12.925546470315387,13.723774461269695,11.4302615469845,58000.0,117.4055880605709,1717.101775861676,139662.12678698043,316.2962754529257,8.118257222741137,98.53575927223221,1.7736577795606503,7.915939055770735,210.17574121776366,0.4216946312696583,265.2782061535357,113.96748858852789,37700.0,37700.0,19.07890862068529,vlsfo
SYNTHETIC_TEST_DATA,2026-03-01T13:05:00+00:00,VESSEL_HM_03,bulk_handymax,CLASS_HANDYMAX_50K,19.814489455723848,74.91717539668889,15.140656359745336,14.589921227987958,11.476877103098278,58000.0,120.52371642075664,1977.5093848158338,156681.39165505354,369.89973512800515,4.038984670977452,204.9991778079674,1.579361125281244,7.567263552842531,189.23512213393863,0.44556222011374325,116.55981784656817,286.8210934818033,37700.0,37700.0,21.97232649795371,vlsfo
SYNTHETIC_TEST_DATA,2026-03-01T13:10:00+00:00,VESSEL_HM_03,bulk_handymax,CLASS_HANDYMAX_50K,19.820230747458723,74.93057174407026,13.781468107580881,14.099379032746798,11.484211341241881,58000.0,118.75776451788848,1723.3228207390662,138572.16658320135,328.221872379287,1.4277742272665872,239.49435370221747,1.3280497046103774,7.220763119960597,273.8864210048036,0.5299884392440503,169.98839886875857,764.3964378617495,37700.0,37700.0,19.14803134154518,vlsfo
SYNTHETIC_TEST_DATA,2026-03-01T13:15:00+00:00,VESSEL_HM_03,bulk_handymax,CLASS_HANDYMAX_50K,19.82543232107212,74.94270874916819,12.485922014173264,12.385614261693215,11.489770351268168,58000.0,112.58821134209558,1534.654920860913,130163.49421513228,291.7683683441044,9.766798573850457,24.417893039058033,1.7671570641359906,6.244750561267303,71.73670178346971,0.6444142385081997,149.98180310081224,501.2945141705513,37700.0,37700.0,17.051721342899036,vlsfo
SYNTHETIC_TEST_DATA,2026-03-01T13:20:00+00:00,VESSEL_HM_03,bulk_handymax,CLASS_HANDYMAX_50K,19.83089769789025,74.95546129507716,13.119158508781052,12.980320552887628,11.486315387911231,58000.0,114.72915399039546,1392.5339130440727,115905.32030034006,260.87594849269385,11.98578966310642,206.21318834557715,1.79995021699145,8.421447094617257,236.03132117832837,0.13240507215814823,113.74625530063136,605.9344329420767,37700.0,37700.0,15.47259903382303,vlsfo
SYNTHETIC_TEST_DATA,2026-03-01T13:25:00+00:00,VESSEL_HM_03,bulk_handymax,CLASS_HANDYMAX_50K,19.836055138479164,74.96749532311796,12.379984553143494,12.978836083895636,11.49886502350314,58000.0,114.7238099020243,1500.5342830574157,124900.37523931309,281.3561356885281,9.192265662244546,336.1631614821907,1.302724253058525,7.107952493857851,108.42487518572729,0.6216030871225713,184.49698121505668,447.40720200572144,37700.0,37700.0,16.672603145082395,vlsfo
SYNTHETIC_TEST_DATA,2026-03-01T13:30:00+00:00,VESSEL_HM_03,bulk_handymax,CLASS_HANDYMAX_50K,19.842448848856137,74.98241398066423,15.347541932788094,14.9207269486702,11.508928854722411,58000.0,121.71461701521272,2012.3078717873989,157878.528974544,377.3734655334824,4.673583858109131,85.03304017352015,1.1480471077872332,5.764134428589886,137.5684891713589,0.4311065645850367,124.25839888165255,430.04932407899923,37700.0,37700.0,22.35897635319332,vlsfo
SYNTHETIC_TEST_DATA,2026-03-01T13:35:00+00:00,VESSEL_HM_03,bulk_handymax,CLASS_HANDYMAX_50K,19.848053741586096,74.99549206370081,13.454054239243453,12.702102206352775,11.542730659753222,58000.0,113.72756794287,1323.8511573333249,111159.04054856798,255.82610795419507,8.329634316949774,83.8197511840944,1.590025235701187,7.204145940589552,263.91790941253134,0.4544117049052967,34.24218813842287,371.415123746448,37700.0,37700.0,14.70945730370361,vlsfo
SYNTHETIC_TEST_DATA,2026-03-01T13:40:00+00:00,VESSEL_HM_03,bulk_handymax,CLASS_HANDYMAX_50K,19.854235096385697,75.00991522489987,14.837800962954086,13.790475697655685,11.43592097455423,58000.0,117.64571251156048,1735.9261187975897,140905.03601913227,327.51688982786294,3.9772835236662707,281.0301643083985,1.2178343624772183,6.319579653902127,87.7359697831196,0.8462648821842573,113.0071734259893,169.79439239635494,37700.0,37700.0,19.288067986639884,vlsfo
SYNTHETIC_TEST_DATA,2026-03-01T13:45:00+00:00,VESSEL_HM_03,bulk_handymax,CLASS_HANDYMAX_50K,19.859367061435155,75.02188981001527,12.318832751294789,11.973964134840369,11.497932920182246,58000.0,111.10627088542533,1178.2909105691067,101271.0558942485,224.56167207578991,12.461738643227687,123.52339063623475,1.0636212707765167,6.0262210156239755,28.421832679960204,0.3046084333728424,122.34999444752019,745.7319188720794,37700.0,37700.0,13.092121228545631,vlsfo
SYNTHETIC_TEST_DATA,2026-03-01T13:50:00+00:00,VESSEL_HM_03,bulk_handymax,CLASS_HANDYMAX_50K,19.865139824013564,75.03535958936489,13.857011111927765,13.855069537427095,11.56066669914713,58000.0,117.87825033473754,1929.9266687389697,156343.024228363,364.69397921528275,5.837561281280118,294.24342910753984,2.842188303398168,7.661037286830684,137.3455180665639,0.6467379462806071,154.06175336102208,287.7270766443305,37700.0,37700.0,21.44362965265522,vlsfo
SYNTHETIC_TEST_DATA,2026-03-01T13:55:00+00:00,VESSEL_HM_03,bulk_handymax,CLASS_HANDYMAX_50K,19.870815494647523,75.04860282084412,13.623950400556849,13.287436944146833,11.439894462058176,58000.0,115.8347729989286,1461.0865117263522,120450.43190698579,282.38702424043277,6.2296622202514325,168.84843533300628,1.0225576943462564,6.825356089164795,250.34882961898504,0.2834528235951993,118.98279909911538,598.7692459154606,37700.0,37700.0,16.234294574737245,vlsfo
SYNTHETIC_TEST_DATA,2026-03-01T14:00:00+00:00,VESSEL_HM_03,bulk_handymax,CLASS_HANDYMAX_50K,19.876159068906393,75.06107116078148,12.826782130185942,12.214859713650078,11.482109760494174,58000.0,111.97349496914029,1224.4591534644517,104424.03013768217,234.70635107079352,8.738184998963739,280.679703091478,1.4652515226067535,9.559996876518634,120.9229674225104,0.38209601994689124,97.00552418172784,187.12593684633924,37700.0,37700.0,13.605101705160575,vlsfo
SYNTHETIC_TEST_DATA,2026-03-01T14:05:00+00:00,VESSEL_HM_03,bulk_handymax,CLASS_HANDYMAX_50K,19.88197722978167,75.07464686949045,13.965985748521772,13.568910929735623,11.585771054889962,58000.0,116.84807934704824,1665.6395103223845,136122.78248388765,309.9531934278103,5.930186117482954,235.85176607218435,2.045253880411215,7.69639293513402,229.239007237811,0.20589790521257573,52.827927316012975,760.9784537194822,37700.0,37700.0,18.507105670248716,vlsfo
SYNTHETIC_TEST_DATA,2026-03-01T14:10:00+00:00,VESSEL_HM_03,bulk_handymax,CLASS_HANDYMAX_50K,19.88750006586486,75.0875334870179,13.25708444347883,13.252137495354512,11.539686616486488,58000.0,115.70769498327624,1702.3999097786696,140498.1894071779,320.21640280445945,7.047186376869529,74.43602268460863,1.9058822234138746,6.735260395966734,12.817361281597952,0.18054839545886775,343.099337956281,89.40246925131224,37700.0,37700.0,18.915554553096328,vlsfo
SYNTHETIC_TEST_DATA,2026-03-01T14:15:00+00:00,VESSEL_HM_03,bulk_handymax,CLASS_HANDYMAX_50K,19.893405838252825,75.10131362258981,14.176289513553515,13.806725502061791,11.472539768428732,58000.0,117.70421180742245,1706.1124312782779,138416.23306703783,323.9688583641461,8.329553866941756,267.4947406186754,1.7287622716404476,8.270033814187682,313.7586528338115,0.5185945085644956,134.53740422849194,136.9321705219839,37700.0,37700.0,18.956804791980865,vlsfo
SYNTHETIC_TEST_DATA,2026-03-01T14:20:00+00:00,VESSEL_HM_03,bulk_handymax,CLASS_HANDYMAX_50K,19.899492842422656,75.11551663231941,14.611320537442163,13.995427821597067,11.47186260843415,58000.0,118.38354015774945,1853.0304683855993,149472.95461031338,343.942476182174,11.695675378733426,148.1384789971505,1.9326814796634473,6.971952229604929,358.752325653247,0.33534395583354043,80.09919193197908,71.92763139131911,37700.0,37700.0,20.58922742650666,vlsfo
SYNTHETIC_TEST_DATA,2026-03-01T14:25:00+00:00,VESSEL_HM_03,bulk_handymax,CLASS_HANDYMAX_50K,19.905910465233557,75.13049108554485,15.404941636682821,15.936436129203722,11.554514637755005,58000.0,125.3711700651334,2927.4621192450318,222979.52555602638,524.9047003200288,7.761663413876445,13.697651784784188,1.9102857990074507,8.347117821705485,52.47475208634077,0.368088421271446,282.75860182596057,161.92754618473518,37700.0,37700.0,32.52735688050035,vlsfo
SYNTHETIC_TEST_DATA,2026-03-01T14:30:00+00:00,VESSEL_HM_03,bulk_handymax,CLASS_HANDYMAX_50K,19.911222149873595,75.1428850163716,12.75023389240586,11.770402638592953,11.520492148913313,58000.0,110.37344949893463,1127.3142959561687,97533.04445992653,215.6503282939244,8.104278055958012,61.88713049849361,1.5376012049173635,7.3064837335257025,245.26597132488672,0.5513724085814248,42.467398166295126,647.8917341302285,37700.0,37700.0,12.525714399512985,vlsfo
SYNTHETIC_TEST_DATA,2026-03-01T14:35:00+00:00,VESSEL_HM_03,bulk_handymax,CLASS_HANDYMAX_50K,19.917263654153853,75.1569818596922,14.50210203644912,14.553782294308588,11.538414974432921,58000.0,120.39361625951092,2197.1115702452844,174268.95767057355,405.56911882291627,10.950961835152977,114.719088438337,1.4016861508137202,8.378089296984808,37.53664583286389,0.9720274499315071,330.8528340834843,384.2397077461106,37700.0,37700.0,24.412350780503157,vlsfo
SYNTHETIC_TEST_DATA,2026-03-01T14:40:00+00:00,VESSEL_HM_03,bulk_handymax,CLASS_HANDYMAX_50K,19.92380885403935,75.17225399275836,15.711179233727973,15.212368996397235,11.428027623164969,58000.0,122.76452838703005,2286.5290304302403,177858.73614997984,426.53096524101073,7.054167557877109,210.4944196987232,0.9563206781380639,6.804008461821497,42.87507405652446,0.456446462406653,126.00395364388586,152.16522541727807,37700.0,37700.0,25.405878115891557,vlsfo
SYNTHETIC_TEST_DATA,2026-03-01T14:45:00+00:00,VESSEL_HM_03,bulk_handymax,CLASS_HANDYMAX_50K,19.929744937144417,75.18610485333684,14.24904773597638,13.713969123790259,11.544307547649163,58000.0,117.37028884564492,1801.2129800825937,146547.45361584693,346.3577853684173,7.930741796102476,182.71817788299924,1.637991103707499,5.3840663525657675,112.69930650853614,0.3582874569165462,104.33556681360884,255.5265542958519,37700.0,37700.0,20.013477556473262,vlsfo
SYNTHETIC_TEST_DATA,2026-03-01T14:50:00+00:00,VESSEL_HM_03,bulk_handymax,CLASS_HANDYMAX_50K,19.93482014382458,75.19794700225722,12.182589255512134,13.731731761745792,11.566726245154598,58000.0,117.43423434228485,1845.3712646490544,150058.43581485466,342.35830964516174,12.318494384984389,341.62718380327607,1.322852285447997,7.705553135695732,64.54743366327158,0.8430960479360492,228.4856888558387,475.49991105273045,37700.0,37700.0,20.50412516276727,vlsfo
SYNTHETIC_TEST_DATA,2026-03-01T14:55:00+00:00,VESSEL_HM_03,bulk_handymax,CLASS_HANDYMAX_50K,19.941553607276372,75.21365841697806,16.163089440436337,15.74096876716154,11.486853637807219,58000.0,124.66748756178154,2465.175840521511,188827.86279716197,456.7777395148696,6.416930570199357,116.29783524355729,1.0563541439195887,9.542114213432773,99.28124870052802,0.455342585118345,125.28558040454213,430.68460254119634,37700.0,37700.0,27.390842672461236,vlsfo
SYNTHETIC_TEST_DATA,2026-03-01T15:00:00+00:00,VESSEL_HM_03,bulk_handymax,CLASS_HANDYMAX_50K,19.94722436029215,75.22689017401488,13.61214608869387,12.737046546462686,11.528966913521044,58000.0,113.85336756726568,1469.5291934017691,123254.76539438702,278.0980496566468,5.7475622797810555,139.99104967017018,1.3373330324657282,7.426128967979016,94.46841824745741,0.4898648084867485,86.3883100534896,348.98547445570284,37700.0,37700.0,16.328102148908545,vlsfo
SYNTHETIC_TEST_DATA,2026-03-01T15:05:00+00:00,VESSEL_HM_03,bulk_handymax,CLASS_HANDYMAX_50K,19.951759685111742,75.23747259859392,10.88665012074651,12.324053403618453,11.611736661864299,58000.0,112.36659225302643,1176.7139140222596,100001.16525734191,221.02778540533507,7.908129066345515,276.4837228932855,1.025506080903337,6.6984940440475835,220.95118335609507,0.8088276002413294,263.4592988426552,87.0736414801303,37700.0,37700.0,13.074599044691773,vlsfo
SYNTHETIC_TEST_DATA,2026-03-01T15:10:00+00:00,VESSEL_HM_03,bulk_handymax,CLASS_HANDYMAX_50K,19.957534705687948,75.25094764660507,13.862431237931288,13.20109888699558,11.44285677636048,58000.0,115.52395599318409,1494.6955210823076,123552.64943226194,290.5231829903762,8.66062393417896,241.15215153284808,1.0961400118253586,10.122368893790124,12.266611682406428,0.38446612305097405,77.93861857431189,732.6493234053141,37700.0,37700.0,16.60772801202564,vlsfo
SYNTHETIC_TEST_DATA,2026-03-01T15:15:00+00:00,VESSEL_HM_03,bulk_handymax,CLASS_HANDYMAX_50K,19.962967865549626,75.26362501961565,13.041824525701104,13.999381868729035,11.494874664454366,58000.0,118.39777472742452,1725.820321918274,139194.93119904905,318.5385383262489,9.339908009306942,140.3926804204307,1.5138643396940459,8.55551009552417,170.68959357889818,0.6849768387838816,288.9539771201936,453.79441195876274,37700.0,37700.0,19.17578135464749,vlsfo
SYNTHETIC_TEST_DATA,2026-03-01T15:20:00+00:00,VESSEL_HM_03,bulk_handymax,CLASS_HANDYMAX_50K,19.96867437329777,75.27694020436131,13.697972193081661,13.655917354794,11.512182636250708,58000.0,117.1613024772584,1576.2707114742486,128474.81382214959,306.4909181641527,6.573375198790675,207.87082933403596,1.1215438878477535,6.603911724366618,173.76868449881346,0.6410360651940166,153.17251770768746,790.0051654673051,37700.0,37700.0,17.51411901638054,vlsfo
SYNTHETIC_TEST_DATA,2026-03-01T15:25:00+00:00,VESSEL_HM_03,bulk_handymax,CLASS_HANDYMAX_50K,19.97417542681575,75.28977599590327,13.204797302959914,13.697788356847168,11.455077057021128,58000.0,117.3120380846498,1809.5218374009835,147296.56892361806,344.6931249898429,5.7259406147647045,139.89828242673892,2.7953429180307463,6.1837811541575896,248.19991715092806,0.9624133102405927,320.8098158652018,91.1894516646368,37700.0,37700.0,20.10579819334426,vlsfo
SYNTHETIC_TEST_DATA,2026-03-01T15:30:00+00:00,VESSEL_HM_03,bulk_handymax,CLASS_HANDYMAX_50K,19.97954505395042,75.30230512588416,12.889319777380658,11.249059060707413,11.470897665894396,58000.0,108.49661261854669,931.1317443640673,81953.27920863825,173.20660886675265,7.663653438895763,126.39184749410214,0.9357032276453576,9.065492604999452,125.88390211583146,0.8916652545623033,46.21841221460024,113.11355946521134,37700.0,37700.0,10.34590827071186,vlsfo
SYNTHETIC_TEST_DATA,2026-03-01T15:35:00+00:00,VESSEL_HM_03,bulk_handymax,CLASS_HANDYMAX_50K,19.98400497442815,75.31271160699886,10.705648600433166,11.432809357312918,11.570093281381661,58000.0,109.1581136863265,1321.5452525704868,115610.53174880959,250.8564349282054,5.674055272001487,346.1285536140374,2.042168503459722,5.126317332504924,38.83291862626653,0.4269891314269051,224.71302764555315,671.4166980021577,37700.0,37700.0,14.683836139672076,vlsfo
SYNTHETIC_TEST_DATA,2026-03-01T15:40:00+00:00,VESSEL_HM_03,bulk_handymax,CLASS_HANDYMAX_50K,19.989297480821214,75.32506078858268,12.704198189776308,13.355367966650737,11.46949743154012,58000.0,116.07932467994266,1766.1507191103146,145292.85967164935,326.3657788095598,6.047801712274945,203.850454872532,1.5539145737204274,6.5783403290614855,87.64009791854156,0.45822009148081677,198.57247654932405,306.0045252365806,37700.0,37700.0,19.623896879003496,vlsfo
SYNTHETIC_TEST_DATA,2026-03-01T15:45:00+00:00,VESSEL_HM_03,bulk_handymax,CLASS_HANDYMAX_50K,19.994663215430684,75.33758083600478,12.879976111466505,13.556466265084229,11.513909501468119,58000.0,116.80327855430323,1688.9659112855913,138082.05222758593,324.2303352422713,7.485699549570106,237.96643213444327,1.622405331560701,6.121172462782459,21.133222992120967,0.5662864208073098,198.90883902692923,634.0913166921405,37700.0,37700.0,18.766287903173236,vlsfo
SYNTHETIC_TEST_DATA,2026-03-01T15:50:00+00:00,VESSEL_HM_03,bulk_handymax,CLASS_HANDYMAX_50K,20.000816991989474,75.35193964797529,14.77160181061245,15.914310435524225,11.50374948159564,58000.0,125.29151756788721,2739.304783056793,208780.56487225564,497.54655514526246,6.01511213063028,225.05299682515727,2.235462226252654,6.39367913954612,153.91821843258393,0.6351969628707907,262.35400397100074,306.7601422079656,37700.0,37700.0,30.436719811742147,vlsfo
SYNTHETIC_TEST_DATA,2026-03-01T15:55:00+00:00,VESSEL_HM_03,bulk_handymax,CLASS_HANDYMAX_50K,20.00550898344999,75.36288762804982,11.262714674699756,11.80236084574881,11.52175026889017,58000.0,110.48849904469571,1181.4822897786883,102113.11487781676,224.8314551668399,6.143690300189158,20.813797463309008,2.2370038650611717,6.908016496183834,140.44765271922446,0.342580827810141,281.43561879903706,585.6139613327466,37700.0,37700.0,13.12758099754098,vlsfo
SYNTHETIC_TEST_DATA,2026-03-01T16:00:00+00:00,VESSEL_HM_03,bulk_handymax,CLASS_HANDYMAX_50K,20.01058701779434,75.3747363748533,12.189376815804607,11.64504048480077,11.566309248171478,58000.0,109.92214574528278,1561.7265671315913,135672.29855186632,290.92091567728585,5.813482982532761,45.67703973486823,3.013325795847533,8.773808133307972,122.80918111405654,0.33692744152336584,35.122462661373326,453.19461396160443,37700.0,37700.0,17.35251741257324,vlsfo
SYNTHETIC_TEST_DATA,2026-03-01T16:05:00+00:00,VESSEL_HM_03,bulk_handymax,CLASS_HANDYMAX_50K,20.016572980644113,75.38870362150277,14.368779695725067,14.398947806323896,11.421933170324886,58000.0,119.83621210276603,2005.7222145964247,159828.4521786263,378.118387274945,8.477326379610327,138.70891756919767,1.2145143024063314,7.095503493799276,66.4142260105775,0.36926056524349793,336.2116376814451,134.49057807631345,37700.0,37700.0,22.285802384404718,vlsfo
SYNTHETIC_TEST_DATA,2026-03-01T16:10:00+00:00,VESSEL_HM_03,bulk_handymax,CLASS_HANDYMAX_50K,20.02242142333471,75.40234998778082,14.03867459475667,13.827567892949109,11.534565346504637,58000.0,117.77924441461678,1713.0514069594233,138890.65117195607,322.4162707845004,11.615525501145934,335.04793613532996,1.8923156066916975,4.795919477414385,185.2386126998966,0.12590857018754237,75.01575840056894,179.506775841152,37700.0,37700.0,19.03390452177137,vlsfo
SYNTHETIC_TEST_DATA,2026-03-01T16:15:00+00:00,VESSEL_HM_03,bulk_handymax,CLASS_HANDYMAX_50K,20.027910064014986,75.41515681603481,13.175001372901033,13.503789267286207,11.508088119811795,58000.0,116.61364136223034,1585.7872073834328,129857.46939999616,301.70826648266,8.72664898853498,183.76799041685794,1.2163599130444942,6.731754110134626,347.0100761952089,0.17669356517916973,265.48895528112945,659.2549300543808,37700.0,37700.0,17.61985785981592,vlsfo
SYNTHETIC_TEST_DATA,2026-03-01T16:20:00+00:00,VESSEL_HM_03,bulk_handymax,CLASS_HANDYMAX_50K,20.033890844790466,75.42911197117759,14.356340580123364,13.148045373353506,11.497512292620259,58000.0,115.33296334407262,1689.2849849321335,139868.80134560482,313.21083669636107,8.50907293199476,74.08632296340795,2.0172146931135195,7.147509541368785,12.374208153483458,0.6442824747118587,55.15674754219229,394.8536726136261,37700.0,37700.0,18.769833165912594,vlsfo
SYNTHETIC_TEST_DATA,2026-03-01T16:25:00+00:00,VESSEL_HM_03,bulk_handymax,CLASS_HANDYMAX_50K,20.038703232890658,75.4403408767447,11.551716266429263,11.640884690605548,11.577881837200836,58000.0,109.90718488617998,1165.4797451844884,101262.82246880741,218.28179810256063,8.50788650288895,46.484524699267844,2.492703180555762,6.212199700444267,305.9773577712911,0.1998789766357532,180.10658017830792,745.896345842969,37700.0,37700.0,12.949774946494315,vlsfo
SYNTHETIC_TEST_DATA,2026-03-01T16:30:00+00:00,VESSEL_HM_03,bulk_handymax,CLASS_HANDYMAX_50K,20.043687553816596,75.45197095890522,11.964425960365084,12.476889787929048,11.45685996964118,58000.0,112.91680323654458,1626.1956040346631,137526.24661587828,303.69830776765184,6.742298911192116,34.08673874879198,2.13907746368135,8.958064523330512,97.15523134205614,0.30428529182700903,271.1406187488335,324.9305508065734,37700.0,37700.0,18.06884004482959,vlsfo
SYNTHETIC_TEST_DATA,2026-03-01T16:35:00+00:00,VESSEL_HM_03,bulk_handymax,CLASS_HANDYMAX_50K,20.04906652777286,75.46452189813651,12.91175600422412,13.50245535727517,11.520661641150197,58000.0,116.60883928619062,1774.8665127298505,145346.8436312697,332.6540293639281,6.829453532393032,298.05722317460953,2.2083634279940427,9.297240732468506,3.5842791109663175,0.5003492626900659,192.1102459985678,717.8820928805599,37700.0,37700.0,19.72073903033167,vlsfo
SYNTHETIC_TEST_DATA,2026-03-01T16:40:00+00:00,VESSEL_HM_03,bulk_handymax,CLASS_HANDYMAX_50K,20.05502320970347,75.47842082264127,14.298493413084259,13.118923878328633,11.454282072191038,58000.0,115.22812596198308,1468.2045748113699,121674.46806960592,277.77441166695894,11.435699647503158,140.349073753905,1.2792760614918945,7.914635923524167,126.40322555064203,0.622003515197303,67.53521230954694,461.41732255413734,37700.0,37700.0,16.313384164570778,vlsfo
SYNTHETIC_TEST_DATA,2026-03-01T16:45:00+00:00,VESSEL_HM_03,bulk_handymax,CLASS_HANDYMAX_50K,20.060575559831214,75.49137630627267,13.3279303232087,12.799485569735012,11.449409901479404,58000.0,114.07814805104604,1410.4906033426232,118069.87869729352,265.7014740428341,10.417843419028905,229.33091008903637,1.8039658200891524,4.158494537366561,209.67845791430665,0.3341712727667666,64.68477613649733,536.1825481770242,37700.0,37700.0,15.672117814918035,vlsfo
SYNTHETIC_TEST_DATA,2026-03-01T16:50:00+00:00,VESSEL_HM_03,bulk_handymax,CLASS_HANDYMAX_50K,20.06527028660188,75.50233066873756,11.269280547223012,10.70182537555631,11.492039480628028,58000.0,106.52657135200272,778.2694051490338,69765.93049861396,154.88078441676186,4.256402421401422,41.257752677937596,0.6845811034437189,8.428059014319704,240.90464688276398,0.4941655314002434,112.60804460382506,772.11412798701,37700.0,37700.0,8.647437834989265,vlsfo
SYNTHETIC_TEST_DATA,2026-03-01T16:55:00+00:00,VESSEL_HM_03,bulk_handymax,CLASS_HANDYMAX_50K,20.070123173836468,75.51365407228492,11.648930892483216,11.635731285864212,11.425785510623175,58000.0,109.88863262911116,1037.833583080557,90187.49668759797,198.24950944660313,6.9705459159146566,146.38306652674564,1.5289509549134694,6.677858362925054,274.15310806818565,0.0,253.44288509728418,722.024138418779,37700.0,37700.0,11.531484256450634,vlsfo
SYNTHETIC_TEST_DATA,2026-03-01T17:00:00+00:00,VESSEL_HM_03,bulk_handymax,CLASS_HANDYMAX_50K,20.075345060337067,75.52583847411965,12.534681321324156,12.577902478213161,11.476592341367656,58000.0,113.28044892156738,1440.8584640080187,121461.24897586556,266.3823392577965,10.329362026514989,183.80835140947306,1.7684652363261324,6.040211714180561,122.00613436096675,0.4705027220015584,156.0348391979969,718.6204046330391,37700.0,37700.0,16.009538488977988,vlsfo
SYNTHETIC_TEST_DATA,2026-03-01T17:05:00+00:00,VESSEL_HM_03,bulk_handymax,CLASS_HANDYMAX_50K,20.080973266454844,75.53897095506113,13.510015985403852,12.59314624898236,11.384236016155514,58000.0,113.33532649633649,1270.2007577858435,107023.32744974601,249.12135142385077,3.4826033786136072,111.6165759065267,1.9277362962275744,7.655995992219891,190.7262917839636,0.6923748282645116,111.97287043234302,536.3049482518165,37700.0,37700.0,14.113341753176039,vlsfo
SYNTHETIC_TEST_DATA,2026-03-01T17:10:00+00:00,VESSEL_HM_03,bulk_handymax,CLASS_HANDYMAX_50K,20.086765290288724,75.55248567734019,13.903246069186267,13.075420983024399,11.502936024612227,58000.0,115.07151553888784,1393.4454907662107,115636.12597573226,263.73320407016615,7.097341339693602,188.57324019368642,1.0456283386568888,5.698895298895488,359.88888394845293,0.4312735380815308,69.93768863757575,430.66728246951044,37700.0,37700.0,15.482727675180119,vlsfo
SYNTHETIC_TEST_DATA,2026-03-01T17:15:00+00:00,VESSEL_HM_03,bulk_handymax,CLASS_HANDYMAX_50K,20.092233722039506,75.56524535142535,13.126491607123935,13.052657146544176,11.48965362525078,58000.0,114.98956572755904,1410.9503796925364,117172.2282615602,271.42884577533397,7.862423425769569,223.2629853648934,1.257185733212884,7.3922915507383875,347.87487473395555,0.6243204755037565,339.6424173011737,557.9192003092112,37700.0,37700.0,15.677226441028184,vlsfo
SYNTHETIC_TEST_DATA,2026-03-01T17:20:00+00:00,VESSEL_HM_03,bulk_handymax,CLASS_HANDYMAX_50K,20.098178119948447,75.57911561321288,14.269006694641108,13.65006742933427,11.50991811321801,58000.0,117.14024274560337,1928.9774091591105,157250.6335574208,354.0067118177513,10.03952360546467,119.6805596035473,1.938353288687932,6.324002227622352,106.73454654468762,0.5268339566962426,14.739970392784642,541.2558410425888,37700.0,37700.0,21.433082323990117,vlsfo
SYNTHETIC_TEST_DATA,2026-03-01T17:25:00+00:00,VESSEL_HM_03,bulk_handymax,CLASS_HANDYMAX_50K,20.10312130167026,75.5906497038971,11.8656749029685,12.001417529181822,11.614398718736735,58000.0,111.20510310505456,1232.0679832396768,105798.94498507645,230.36250144357524,7.706385096550795,93.72553314257834,1.2860408510452845,7.047713151131558,23.926429849681877,0.3359636721282318,164.26794620945137,71.3947373998788,37700.0,37700.0,13.68964425821863,vlsfo
SYNTHETIC_TEST_DATA,2026-03-01T17:30:00+00:00,VESSEL_HM_03,bulk_handymax,CLASS_HANDYMAX_50K,20.10891418192261,75.60416642448592,13.905301826740708,14.877096557637962,11.413762875353338,58000.0,121.55754760749667,2126.0172606352694,167015.2924874864,393.6213544488347,6.461065280554793,305.23298707077413,1.295424175140773,5.363483430604038,21.26043930259717,0.6871132051312254,281.9327311002187,596.5807025231818,37700.0,37700.0,23.62241400705855,vlsfo
SYNTHETIC_TEST_DATA,2026-03-01T17:35:00+00:00,VESSEL_HM_03,bulk_handymax,CLASS_HANDYMAX_50K,20.11608024273373,75.62088723304521,17.20150152369435,15.657602964122654,11.538719339346171,58000.0,124.36737067084155,2782.0380730608385,213613.15696028993,506.8106652726646,5.428599912148865,150.85568173748356,2.144345433696958,6.047051271104908,76.69036441533932,0.7985409214551948,60.94945135955922,223.0783805988218,37700.0,37700.0,30.911534145120427,vlsfo
SYNTHETIC_TEST_DATA,2026-03-01T17:40:00+00:00,VESSEL_HM_03,bulk_handymax,CLASS_HANDYMAX_50K,20.12110361271921,75.632608429678,12.05815980869806,13.146702095330017,11.48969004889212,58000.0,115.32812754318806,1425.86068343444,118062.84248081504,267.4130101502056,8.05303350598128,184.07633609044265,1.2067896530203936,6.234423104762492,228.40803401726902,0.5741368685982312,243.85077590913897,642.7301379908296,37700.0,37700.0,15.84289648260489,vlsfo
SYNTHETIC_TEST_DATA,2026-03-01T17:45:00+00:00,VESSEL_HM_03,bulk_handymax,CLASS_HANDYMAX_50K,20.127932535264794,75.64854258228436,16.39223063677862,15.744767108215107,11.569892898928877,58000.0,124.68116158957439,2597.4160010514847,198935.39195317915,473.9925557580303,6.320178910520615,237.24454603138457,1.4683431149487052,5.626715756627873,79.74159445317254,0.3788678899146844,89.32207700288423,700.600511799299,37700.0,37700.0,28.860177789460938,vlsfo
SYNTHETIC_TEST_DATA,2026-03-01T17:50:00+00:00,VESSEL_HM_03,bulk_handymax,CLASS_HANDYMAX_50K,20.133514589980187,75.66156737662028,13.399233584953437,13.701809069737607,11.419507440833403,58000.0,117.3265126510554,1880.1575076287247,153027.48937254347,354.7442953397535,12.262873180122044,76.28340596471843,2.6357329709028163,6.677031460914379,140.8414142427337,0.17244999336369243,243.56724012712957,128.32210173786078,37700.0,37700.0,20.890638973652496,vlsfo
SYNTHETIC_TEST_DATA,2026-03-01T17:55:00+00:00,VESSEL_HM_03,bulk_handymax,CLASS_HANDYMAX_50K,20.13956827177581,75.6756926341434,14.531333095836166,14.754581910614847,11.393240220095661,58000.0,121.11649487821344,2045.8190912381335,161300.35204687278,381.14949956599753,6.349824863431994,84.6099018841792,1.682025118748888,8.630959522183552,265.3435219657772,0.38612687926138384,317.13551439218946,640.550115026464,37700.0,37700.0,22.73132323597926,vlsfo
SYNTHETIC_TEST_DATA,2026-03-01T18:00:00+00:00,VESSEL_HM_03,bulk_handymax,CLASS_HANDYMAX_50K,20.14611099326762,75.69095898429096,15.705230066679903,15.45216105900762,11.527694627937947,58000.0,123.62777981242743,2503.533399861809,193378.7291439875,464.6499410904061,9.217527395280955,173.98197936168552,1.5928267677226349,5.908524548502738,123.49274339299883,0.6733673954322694,348.9177259384834,669.9823393970635,37700.0,37700.0,27.81703777624232,vlsfo
SYNTHETIC_TEST_DATA,2026-03-01T18:05:00+00:00,VESSEL_HM_03,bulk_handymax,CLASS_HANDYMAX_50K,20.15141826581903,75.70334262024424,12.739643059973282,12.475617546247555,11.481750315664064,58000.0,112.9122231664912,1213.4658335038284,102626.13573226098,232.73301086473603,1.0,280.30335708787516,0.8599097471247884,7.628167306176461,117.57554179719051,0.6601439660682213,143.393218176187,712.4889661162005,37700.0,37700.0,13.482953705598094,vlsfo
SYNTHETIC_TEST_DATA,2026-03-01T18:10:00+00:00,VESSEL_HM_03,bulk_handymax,CLASS_HANDYMAX_50K,20.157820318229426,75.71828074253517,15.367566253602122,14.238305424399547,11.436777432585854,58000.0,119.25789952783836,2008.669794374418,160839.52245332533,378.10246197867934,6.562688329660572,73.4405999713856,1.8482499621477309,7.10303370299589,133.2138182910051,0.5954107338836412,48.44113808372573,419.8284952967089,37700.0,37700.0,22.318553270826865,vlsfo
SYNTHETIC_TEST_DATA,2026-03-01T18:15:00+00:00,VESSEL_HM_03,bulk_handymax,CLASS_HANDYMAX_50K,20.164211899515443,75.73319443220255,15.342431236373368,14.676601399729664,11.579037335441015,58000.0,120.8357650390268,2089.411552372842,165120.0751396972,388.66065886856074,4.745575544840359,265.51746623672466,1.356001554500437,5.877456224842426,27.63545353686741,0.37735901202013383,88.39757506414179,379.0496844408796,37700.0,37700.0,23.2156839152538,vlsfo
SYNTHETIC_TEST_DATA,2026-03-01T18:20:00+00:00,VESSEL_HM_03,bulk_handymax,CLASS_HANDYMAX_50K,20.170600996039685,75.74810232409244,15.336466783289035,14.294492564034988,11.504227510820723,58000.0,119.46017323052595,1905.2759440063633,152302.18217959377,355.2060286177764,10.620971439995177,125.95705672660097,2.0503809168289417,6.415033462238123,272.1574463479052,0.6145082122236804,95.0702415437534,153.10525368917354,37700.0,37700.0,21.169732711181812,vlsfo
SYNTHETIC_TEST_DATA,2026-03-01T18:25:00+00:00,VESSEL_HM_03,bulk_handymax,CLASS_HANDYMAX_50K,20.176167297686977,75.76109036126945,13.361419724304195,13.376731201545445,11.518047435717435,58000.0,116.1562323255636,1593.0880400281126,130969.0395124426,296.3582583641175,5.592134543201244,144.48180366036067,2.2863679748971197,8.211946668179634,280.0349826324199,0.8947622070560821,155.6544422704279,670.1867040382712,37700.0,37700.0,17.700978222534584,vlsfo
SYNTHETIC_TEST_DATA,2026-03-01T18:30:00+00:00,VESSEL_HM_03,bulk_handymax,CLASS_HANDYMAX_50K,20.181964279150097,75.77461665135006,13.915146424091356,12.844193997235166,11.436442661282172,58000.0,114.23909839004659,1489.1299039661299,124477.02500923368,282.72419805518683,6.19049724713097,48.27873474284846,1.1452535654511105,8.593264471817117,45.885762062212216,0.6335911810589829,97.83163755033267,427.8019887229581,37700.0,37700.0,16.545887821845888,vlsfo
SYNTHETIC_TEST_DATA,2026-03-01T18:35:00+00:00,VESSEL_HM_03,bulk_handymax,CLASS_HANDYMAX_50K,20.18714887020978,75.78671403048932,12.445156880956032,12.668382810642177,11.482724938866882,58000.0,113.60617811831185,1331.1710237898578,111893.095276676,259.42477824658295,8.969183051505881,206.62623474108443,0.8860749347432932,4.99999367702153,36.99963390182453,0.19031036285513814,300.81882430937526,599.302459819559,37700.0,37700.0,14.790789153220643,vlsfo
SYNTHETIC_TEST_DATA,2026-03-01T18:40:00+00:00,VESSEL_HM_03,bulk_handymax,CLASS_HANDYMAX_50K,20.193452080371664,75.80142152086705,15.130304090580037,15.906555006467187,11.55305083132795,58000.0,125.26359802328187,2495.4806800817328,190239.50703612083,457.7003656754687,6.364921961187437,73.04808366402169,0.6875463416507158,5.972939295596398,282.7812805111288,0.5414226860229654,206.0052586063244,725.121477896621,37700.0,37700.0,27.727563112019254,vlsfo
SYNTHETIC_TEST_DATA,2026-03-01T18:45:00+00:00,VESSEL_HM_03,bulk_handymax,CLASS_HANDYMAX_50K,20.198381763532982,75.81292411491013,11.833272790422939,11.692929427620111,11.4902112267188,58000.0,110.09454593943241,1490.1753115505455,129253.6873010499,284.8839571136947,10.761481268649932,289.3235424791761,2.235884627747766,7.8944647706118545,95.84509269682582,0.13237310630894483,106.91154308511652,86.14707840693306,37700.0,37700.0,16.55750346167273,vlsfo
SYNTHETIC_TEST_DATA,2026-03-01T18:50:00+00:00,VESSEL_HM_03,bulk_handymax,CLASS_HANDYMAX_50K,20.204371222644085,75.8268995195027,14.377172164915363,14.197021711521014,11.463491685706718,58000.0,119.10927816147566,1833.3631481657835,146985.4298592225,341.2552740534504,3.7361250748747348,306.94292965743347,1.7749462632810133,6.05109786153221,190.62858643577366,0.2194870352363552,8.085940358724697,601.7780365528001,37700.0,37700.0,20.370701646286484,vlsfo
SYNTHETIC_TEST_DATA,2026-03-01T18:55:00+00:00,VESSEL_HM_03,bulk_handymax,CLASS_HANDYMAX_50K,20.20981991615634,75.83961313769797,13.07911169380711,13.772281219155357,11.447480922930062,58000.0,117.58021238895928,1703.6526582961872,138362.43516002336,316.5630396770451,9.772177208211165,22.5537993340463,1.2685451353857036,6.839701684031144,313.57743923469764,0.363869657172079,245.04368723059264,691.7555327423461,37700.0,37700.0,18.929473981068746,vlsfo
SYNTHETIC_TEST_DATA,2026-03-01T19:00:00+00:00,VESSEL_HM_03,bulk_handymax,CLASS_HANDYMAX_50K,20.21566092848691,75.85324216646929,14.020838666101513,14.135338987499546,11.514311843228208,58000.0,118.88722035499836,1770.750295005934,142230.76034081622,334.2297045556203,7.899691803255827,188.10211446457814,0.9340377746771393,6.365107958243906,237.36270342536594,0.2709022173236433,170.0191037439683,539.6962181033,37700.0,37700.0,19.67500327784371,vlsfo
SYNTHETIC_TEST_DATA,2026-03-01T19:05:00+00:00,VESSEL_HM_03,bulk_handymax,CLASS_HANDYMAX_50K,20.22176945351569,75.86749539153644,14.662979475008353,13.720790829330172,11.428414615856143,58000.0,117.39484698558863,1730.4520286402017,140760.86023194634,327.9816339466949,6.1915706322469,223.86628486217748,2.769252782492134,8.40948054489657,296.6253789045477,0.7137388305969397,19.010153726376107,48.671596417172815,37700.0,37700.0,19.227244762668906,vlsfo
SYNTHETIC_TEST_DATA,2026-03-01T19:10:00+00:00,VESSEL_HM_03,bulk_handymax,CLASS_HANDYMAX_50K,20.227664608912015,75.88125075412786,14.150804354739194,14.329910421128737,11.553978439245013,58000.0,119.58767751606345,1957.906262445892,156342.42570033262,364.8845000289399,9.571988450401703,221.1570905347,1.5432215691840916,8.16011059853978,331.1907839774846,0.25313088590050803,313.70805845440685,578.2280127474197,37700.0,37700.0,21.754514027176576,vlsfo
SYNTHETIC_TEST_DATA,2026-03-01T19:15:00+00:00,VESSEL_HM_03,bulk_handymax,CLASS_HANDYMAX_50K,20.23268630658146,75.8929680486899,12.054145560478307,11.154037746890637,11.538569026327524,58000.0,108.1545358888063,1016.0866992231914,89713.41948573933,200.64360587901996,5.651490199913717,221.2309773515449,1.931781882036582,6.339771309766627,357.2902611487651,0.6496734767174934,110.13815022228668,756.6234715227293,37700.0,37700.0,11.289852213591017,vlsfo
SYNTHETIC_TEST_DATA,2026-03-01T19:20:00+00:00,VESSEL_HM_03,bulk_handymax,CLASS_HANDYMAX_50K,20.23899809407174,75.90769555283389,15.150893216371239,14.215606200712958,11.483349680465412,58000.0,119.17618232256666,1881.3723416788569,150749.7733888388,361.9741223485897,7.940161659289608,307.7675406794689,1.4917633159762471,5.590071892832648,2.4199983608478126,0.5338470631982688,47.040797879445805,643.8974629890594,37700.0,37700.0,20.904137129765076,vlsfo
SYNTHETIC_TEST_DATA,2026-03-01T19:25:00+00:00,VESSEL_HM_03,bulk_handymax,CLASS_HANDYMAX_50K,20.24522850969394,75.92223318928569,14.95556717189018,14.743254301577519,11.546636905423732,58000.0,121.07571548567907,2107.332997558096,166206.3091462974,400.30912254128276,5.854533176031147,95.68539031263516,1.4410923477546758,4.7513001797979,164.9175418258965,0.28940575017690584,137.44220177418916,502.1380306435427,37700.0,37700.0,23.414811083978844,vlsfo
SYNTHETIC_TEST_DATA,2026-03-01T19:30:00+00:00,VESSEL_HM_03,bulk_handymax,CLASS_HANDYMAX_50K,20.24985996642878,75.93303992166697,11.11740636607584,12.067655326885042,11.500064810326556,58000.0,111.44355917678615,1116.685782661454,95685.77861502804,214.9259017069011,6.277049170390176,281.54235617143814,0.5959042108367235,7.758316492467508,335.4945579982917,0.5765141376181503,208.418528278037,,37700.0,37700.0,12.407619807349487,vlsfo
SYNTHETIC_TEST_DATA,2026-03-01T19:35:00+00:00,VESSEL_HM_03,bulk_handymax,CLASS_HANDYMAX_50K,20.25457567460105,75.9440432407356,11.319644564655402,10.922149583594837,11.509285401877381,58000.0,107.31973850094141,972.9546875010217,86573.38347066111,199.54669227591344,3.2116869338530476,119.1257867172338,1.9763377925301395,6.116882020731424,358.38589547029,0.3077571559092295,23.18247868165267,287.3606548549859,37700.0,37700.0,10.81060763890024,vlsfo
SYNTHETIC_TEST_DATA,2026-03-01T19:40:00+00:00,VESSEL_HM_03,bulk_handymax,CLASS_HANDYMAX_50K,20.26083587360043,75.95865037173415,15.027059561007334,13.693775316374857,11.573752802361547,58000.0,117.29759113894949,1711.640080072308,139346.07363676257,325.13418109670937,9.42398591601679,1.4340651691795747,1.5870024945204786,5.763331115292222,141.48639748730847,0.7768925769639676,39.848572344261484,303.6836143828451,37700.0,37700.0,19.01822311191453,vlsfo
SYNTHETIC_TEST_DATA,2026-03-01T19:45:00+00:00,VESSEL_HM_03,bulk_handymax,CLASS_HANDYMAX_50K,20.26544821493402,75.96941250151252,11.071521519099443,11.200130545557876,11.558249763696477,58000.0,108.32046996400835,1195.1179170125024,105358.99122304218,226.47008527807276,14.073092794728066,187.74949642276425,1.8978053313614105,8.277244194903307,110.00919855553612,0.06144619149829178,278.3135525244649,193.04019444817845,37700.0,37700.0,13.279087966805584,vlsfo
SYNTHETIC_TEST_DATA,2026-03-01T19:50:00+00:00,VESSEL_HM_03,bulk_handymax,CLASS_HANDYMAX_50K,20.27112999541153,75.98266998929338,13.638616545035122,14.627341567175172,11.511956743116603,58000.0,120.65842964183062,1883.4095338029176,149059.09420217547,347.7154206945986,6.589341843068445,230.9029679751488,1.0860400061589492,6.817545903326983,233.51223339979438,0.5073450056528969,220.78353869687902,608.2290381719197,37700.0,37700.0,20.926772597810196,vlsfo
SYNTHETIC_TEST_DATA,2026-03-01T19:55:00+00:00,VESSEL_HM_03,bulk_handymax,CLASS_HANDYMAX_50K,20.275965151417044,75.99395201997292,11.606368629623555,11.564684635638484,11.497395636734675,58000.0,109.63286468829854,977.9088653779389,85178.30684847424,194.18434213219433,6.944229587349817,325.831331990236,0.6142088205257139,5.0218666626864366,241.41399019463674,0.2368196432751981,151.68419253836535,428.044336315738,37700.0,37700.0,10.865654059754878,vlsfo
SYNTHETIC_TEST_DATA,2026-03-01T20:00:00+00:00,VESSEL_HM_03,bulk_handymax,CLASS_HANDYMAX_50K,20.280107016909994,76.0036163727898,9.942185458063907,11.27730085689541,11.43439820613845,58000.0,108.59828308482348,932.5655574012023,82002.63245509373,185.27971288053865,4.863439471665617,226.75194294706176,1.1216775504668919,6.88277286295277,195.71522723791617,0.9860606205466562,199.14649021481972,478.2583424660366,37700.0,37700.0,10.361839526680026,vlsfo
SYNTHETIC_TEST_DATA,2026-03-01T20:05:00+00:00,VESSEL_HM_03,bulk_handymax,CLASS_HANDYMAX_50K,20.28643971978374,76.01839267949522,15.201098763051814,15.131754973565695,11.52040952347101,58000.0,122.47431790483651,2225.6889582761273,173536.49592232186,413.4322023681534,9.081820257361397,311.6843446761427,1.2863293226525965,6.637098616185254,33.48729252877172,0.590964195127402,153.3330268929247,248.50834093904285,37700.0,37700.0,24.72987731417919,vlsfo
SYNTHETIC_TEST_DATA,2026-03-01T20:10:00+00:00,VESSEL_HM_03,bulk_handymax,CLASS_HANDYMAX_50K,20.292348133968996,76.03217897926082,14.182630916640969,13.936154983757744,11.521626527488445,58000.0,118.17015794152788,1772.5608051097822,143240.1304923858,333.2879558003139,7.5572461511861615,121.12446185996117,1.7877644259566543,8.795159151786077,238.35690544152044,0.9485481447179536,342.42353477628063,320.5287685924041,37700.0,37700.0,19.69512005677536,vlsfo
SYNTHETIC_TEST_DATA,2026-03-01T20:15:00+00:00,VESSEL_HM_03,bulk_handymax,CLASS_HANDYMAX_50K,20.297820801930698,76.04494853783812,13.136660260517855,12.60113595082028,11.573550395674486,58000.0,113.36408942295301,1379.885296365152,116235.52057846266,271.01592654596203,7.029205641033734,354.88496121308197,2.07745291412135,6.848971668759312,213.946037235108,0.6155154636835318,3.800254610206153,153.4806543098446,37700.0,37700.0,15.33205884850169,vlsfo
SYNTHETIC_TEST_DATA,2026-03-01T20:20:00+00:00,VESSEL_HM_03,bulk_handymax,CLASS_HANDYMAX_50K,20.303709894848954,76.05868975464739,14.136251906960286,13.457120318063172,11.518189247282498,58000.0,116.44563314502741,1906.8775891458795,156376.3205129773,352.5459086385185,7.060805251696587,89.58349319724636,1.8517802413093105,6.307029974894918,94.45448529996166,0.5254911009678145,17.404071197656798,626.3647894343295,37700.0,37700.0,21.18752876828755,vlsfo
SYNTHETIC_TEST_DATA,2026-03-01T20:25:00+00:00,VESSEL_HM_03,bulk_handymax,CLASS_HANDYMAX_50K,20.30901397551515,76.07106594286851,12.731981218996417,12.581900764368227,11.454940717469515,58000.0,113.29484275172561,1355.2779514711328,114232.48225664004,260.2667274387174,8.964679142193761,110.96646203808662,1.0849097061005044,6.286517267620273,7.957475899223758,0.2886286001833501,346.54679825839435,432.2719795644733,37700.0,37700.0,15.058643905234808,vlsfo
SYNTHETIC_TEST_DATA,2026-03-01T20:30:00+00:00,VESSEL_HM_03,bulk_handymax,CLASS_HANDYMAX_50K,20.315179878461265,76.08545304974278,14.80071014161118,13.929696053375174,11.524083753113786,58000.0,118.14690579215062,1879.7128194620504,151928.94886484512,357.147771825461,6.656434869319493,358.756464218016,1.487114602187239,7.654094385377688,94.50741703487898,0.6054365081263853,109.46581875070034,540.5892680926545,37700.0,37700.0,20.885697994022784,vlsfo
SYNTHETIC_TEST_DATA,2026-03-01T20:35:00+00:00,VESSEL_HM_03,bulk_handymax,CLASS_HANDYMAX_50K,20.3204718002836,76.09780086732823,12.702794978922222,13.696371416853705,11.47415316839214,58000.0,117.30693710067334,1736.6652684409464,141372.13133329866,320.60419403337914,6.6933136563523625,302.42566322214594,1.4309446566184287,9.020266854687758,15.259043828993759,0.6453462154649012,284.00838704786366,494.5880128174884,37700.0,37700.0,19.29628076045496,vlsfo
SYNTHETIC_TEST_DATA,2026-03-01T20:40:00+00:00,VESSEL_HM_03,bulk_handymax,CLASS_HANDYMAX_50K,20.326685656659087,76.11229986553771,14.915818150064823,14.049244844871327,11.381755909528444,58000.0,118.57728144153677,1734.4120632361557,139676.12507207584,334.9995447913848,7.089440490162417,74.93043721265151,0.44322114689814485,8.024965340772855,42.80085652494842,0.49514871609135613,88.1752724462864,181.0535292974499,37700.0,37700.0,19.2712451470684,vlsfo
SYNTHETIC_TEST_DATA,2026-03-01T20:45:00+00:00,VESSEL_HM_03,bulk_handymax,CLASS_HANDYMAX_50K,20.331984064363226,76.12466281684736,12.718363770294761,12.881612125754588,11.478777986632617,58000.0,114.37380365271652,1435.2993352382523,119835.99918384998,273.8117921935043,14.065975213355948,162.8996569003701,1.6644505846423658,8.165349806143062,182.90253951772476,0.7005021444089496,160.7006394611531,,37700.0,37700.0,15.947770391536137,vlsfo
SYNTHETIC_TEST_DATA,2026-03-01T20:50:00+00:00,VESSEL_HM_03,bulk_handymax,CLASS_HANDYMAX_50K,20.337042373447204,76.13646553804331,12.142028055404205,11.536839175554771,11.60902647805216,58000.0,109.53262103199718,1079.564297090568,94118.80733720365,203.36334475372806,8.402229657647691,99.63538000320271,1.8279993275810507,7.344756212899082,322.6667221157063,0.3816194992233052,97.76881707499675,403.6627608435637,37700.0,37700.0,11.995158856561867,vlsfo
SYNTHETIC_TEST_DATA,2026-03-01T20:55:00+00:00,VESSEL_HM_03,bulk_handymax,CLASS_HANDYMAX_50K,20.342417025343767,76.14900639246862,12.90138127834304,12.980572066276425,11.49381763509105,58000.0,114.73005943859513,1480.1009670363726,123192.85093982391,282.6549870002155,6.907435382647577,250.51193190870868,1.5147276837321422,8.076900633917584,356.7365872684003,0.541016015908827,330.8502802821186,613.3464433763804,37700.0,37700.0,16.445566300404142,vlsfo
SYNTHETIC_TEST_DATA,2026-03-01T21:00:00+00:00,VESSEL_HM_03,bulk_handymax,CLASS_HANDYMAX_50K,20.34795017941023,76.16191708529037,13.281851858887624,13.677444709752168,11.517557198852291,58000.0,117.2388009551078,1689.8440257690288,137640.6245531796,313.99844227114613,2.727502278472352,248.37141995932262,2.417944498765109,7.207208772380927,201.26540068769245,0.4065948209840478,183.19054097768412,386.58470930480587,37700.0,37700.0,18.776044730766987,vlsfo
SYNTHETIC_TEST_DATA,2026-03-01T21:05:00+00:00,VESSEL_HM_03,bulk_handymax,CLASS_HANDYMAX_50K,20.35458856387929,76.1774066490515,15.934860667410337,15.143273396253615,11.461064698514726,58000.0,122.51578422651302,2123.394959950527,165504.6194151087,394.62815924107815,3.8136546731821013,359.89692303773427,0.9464162011267261,7.292459036449374,314.46299855184435,0.509810681943476,23.848730677686234,425.33114817281165,37700.0,37700.0,23.593277332783636,vlsfo
SYNTHETIC_TEST_DATA,2026-03-01T21:10:00+00:00,VESSEL_HM_03,bulk_handymax,CLASS_HANDYMAX_50K,20.359302164263713,76.1884050499485,11.314585004491768,12.557842232694396,11.555039758815061,58000.0,113.20823203769983,1399.2366855522994,118027.86655320683,271.4554785716507,6.495551155723895,116.84982867860225,2.4931107836316193,6.681563952261552,185.01470726084673,0.7469915119408234,211.6387853661698,619.5919191812106,37700.0,37700.0,15.547074283914439,vlsfo
SYNTHETIC_TEST_DATA,2026-03-01T21:15:00+00:00,VESSEL_HM_03,bulk_handymax,CLASS_HANDYMAX_50K,20.36481970679095,76.20127931584538,13.244377725907015,13.275551072061383,11.444947053437689,58000.0,115.79198385942098,1563.6352118229124,128952.07329185685,289.56207074138354,7.996368888626224,276.8665909306036,1.9678573228569967,8.145631007267545,249.34501669714757,0.008029284001159154,254.28204106227824,57.4275135758541,37700.0,37700.0,17.373724575810137,vlsfo
SYNTHETIC_TEST_DATA,2026-03-01T21:20:00+00:00,VESSEL_HM_03,bulk_handymax,CLASS_HANDYMAX_50K,20.369670013608026,76.21259669841857,11.642736826185768,12.945568208233814,11.488412955667718,58000.0,114.60404554964174,1449.4249058744665,120772.24881760606,277.0616357914403,7.989265318806792,300.01522792214473,2.102371541699723,6.270113501176427,283.74282923216646,0.6700430104232961,226.47636045928326,746.680175496055,37700.0,37700.0,16.10472117638296,vlsfo
SYNTHETIC_TEST_DATA,2026-03-01T21:25:00+00:00,VESSEL_HM_03,bulk_handymax,CLASS_HANDYMAX_50K,20.37640362026978,76.22830844729599,16.16343320340969,14.869081342090336,11.465928884705939,58000.0,121.5286928315252,2104.2517731257535,165344.69189121755,390.2660556919051,12.321356634917075,151.97308274726092,1.5068097091574963,5.895403182625449,302.6232534136827,0.7096913111128808,81.61833722736664,367.7159913526667,37700.0,37700.0,23.380575256952817,vlsfo
SYNTHETIC_TEST_DATA,2026-03-01T21:30:00+00:00,VESSEL_HM_03,bulk_handymax,CLASS_HANDYMAX_50K,20.382373939794988,76.2422391928548,14.33122926481961,13.063116488995854,11.54621157429753,58000.0,115.02721936038508,1375.3560474697674,114178.91244350019,262.1530134586989,3.7171516211256153,327.18093266536613,1.1029824066624652,6.784192855718308,339.72940531674976,0.7760185389759247,96.27408143492974,84.6636793674673,37700.0,37700.0,15.281733860775192,vlsfo
SYNTHETIC_TEST_DATA,2026-03-01T21:35:00+00:00,VESSEL_HM_03,bulk_handymax,CLASS_HANDYMAX_50K,20.38745630739704,76.25409805059293,12.199778421509208,11.255878835970865,11.480844319306247,58000.0,108.5211638094951,963.3937886810006,84773.63026539594,194.78859295447805,10.287574060951766,130.62176676058624,1.4240078676026025,5.48392592407962,0.24846302332015124,0.5187058567886417,88.02713022194729,478.7842676335462,37700.0,37700.0,10.704375429788895,vlsfo
SYNTHETIC_TEST_DATA,2026-03-01T21:40:00+00:00,VESSEL_HM_03,bulk_handymax,CLASS_HANDYMAX_50K,20.393831910291116,76.26897445734578,15.30407650556655,15.159325093701323,11.491724313551508,58000.0,122.57357033732477,2450.433176170873,190905.0466413033,454.2289441968125,12.832277653213325,314.03262346725353,1.7684038146311254,5.828784657703169,14.108252554120714,0.39745738877311027,345.49616060502757,766.0542521151056,37700.0,37700.0,27.227035290787477,vlsfo
SYNTHETIC_TEST_DATA,2026-03-01T21:45:00+00:00,VESSEL_HM_03,bulk_handymax,CLASS_HANDYMAX_50K,20.399948987779315,76.28324763815158,14.683508904994968,14.050410306508693,11.497069401615516,58000.0,118.5814771034313,1876.662675776589,151126.54117407568,343.08901350209413,10.496822513191503,295.40759824519307,1.4104545195663158,7.04452976323368,104.95539150743608,0.3500514518625409,89.9565046350208,436.43830819323847,37700.0,37700.0,20.851807508628767,vlsfo
SYNTHETIC_TEST_DATA,2026-03-01T21:50:00+00:00,VESSEL_HM_03,bulk_handymax,CLASS_HANDYMAX_50K,20.40637495622511,76.29824156452511,15.424974602516011,15.713705313070916,11.450865701281908,58000.0,124.5693391270553,2401.269551918536,184077.68150432018,452.67983043292503,8.2193386794108,85.93618732094974,0.6439783031251265,6.97112584760792,140.77396637647058,0.21497788184000927,209.91849004917955,276.4544315270913,37700.0,37700.0,26.680772799094843,vlsfo
SYNTHETIC_TEST_DATA,2026-03-01T21:55:00+00:00,VESSEL_HM_03,bulk_handymax,CLASS_HANDYMAX_50K,20.412190965051398,76.31181225178645,13.96081994335944,13.910879517541112,11.52097872107005,58000.0,118.07916626314801,1792.6114646998833,144972.04782816843,340.1306437259188,5.716618880746253,99.48501429643335,2.0319058383127535,8.218864224375091,310.6330807958387,0.8858034914766585,337.3194355945462,762.6615188191136,37700.0,37700.0,19.917905163332037,vlsfo
SYNTHETIC_TEST_DATA,2026-03-01T22:00:00+00:00,VESSEL_HM_03,bulk_handymax,CLASS_HANDYMAX_50K,20.418263105873624,76.32598058037165,14.575642372940155,12.861542235678714,11.50149486040338,58000.0,114.30155204844337,1399.3572392003427,116908.97513400583,259.1030230051753,7.444245249790451,44.270059384110525,1.6077505999009842,8.514773575153939,186.32982384343464,0.8726453663784486,55.09327811619449,494.76981458716966,37700.0,37700.0,15.548413768892697,vlsfo
SYNTHETIC_TEST_DATA,2026-03-01T22:05:00+00:00,VESSEL_HM_03,bulk_handymax,CLASS_HANDYMAX_50K,20.4240053827608,76.33937922644172,13.783832879418865,15.00228625420315,11.50950124663408,58000.0,122.00823051513134,2135.469049204342,167138.12841919897,405.79454368804954,5.242339555515941,248.48973395793962,1.53902910713121,7.2477137475839415,267.7795680988145,0.8480287541682874,204.0649488503923,365.6825091553373,37700.0,37700.0,23.727433880048242,vlsfo
SYNTHETIC_TEST_DATA,2026-03-01T22:10:00+00:00,VESSEL_HM_03,bulk_handymax,CLASS_HANDYMAX_50K,20.4300149460034,76.35340154067445,14.42543037227686,14.988855164420983,11.305609782919017,58000.0,121.95987859191554,2162.378820295886,169311.39095613596,402.2419858177519,8.22533624605757,2.8640936104696335,1.6907116585210242,6.979732813162217,254.49334744071325,0.7758884345964066,178.91943046928276,329.3551938964818,37700.0,37700.0,24.026431336620956,vlsfo
SYNTHETIC_TEST_DATA,2026-03-01T22:15:00+00:00,VESSEL_HM_03,bulk_handymax,CLASS_HANDYMAX_50K,20.436147100170768,76.36770990039831,14.71969915324491,14.231735560767214,11.551084389346775,58000.0,119.23424801876197,1898.7477688873607,152067.93255688396,360.31844511096807,11.245451575441232,87.00139446490093,1.630278436252264,7.813368900792618,190.44385508290958,0.608505318102968,356.9255104229315,332.23693846057705,37700.0,37700.0,21.097197432081785,vlsfo
SYNTHETIC_TEST_DATA,2026-03-01T22:20:00+00:00,VESSEL_HM_03,bulk_handymax,CLASS_HANDYMAX_50K,20.44260599895366,76.38278066422507,15.504020993366403,15.800312149800394,11.460310226745644,58000.0,124.88112373928142,2508.466835717556,191815.16847335428,456.82237197693985,2.2449004100254264,145.16018738977144,2.0488639055234827,6.249268817725968,178.50111157200118,0.3607505341109428,309.090922425662,253.9844144758157,37700.0,37700.0,27.871853730195067,vlsfo
SYNTHETIC_TEST_DATA,2026-03-01T22:25:00+00:00,VESSEL_HM_03,bulk_handymax,CLASS_HANDYMAX_50K,20.44842927791589,76.39636831513694,13.978271268120142,13.105622860932595,11.527558719079707,58000.0,115.18024229935735,1463.1690749304205,121307.5712668499,283.089696790489,5.009234021810082,210.54870467055068,1.1244220656494728,7.3240765738991485,338.5030115156819,0.5621912904299143,104.4834508621233,588.8078103949041,37700.0,37700.0,16.25743416589356,vlsfo
SYNTHETIC_TEST_DATA,2026-03-01T22:30:00+00:00,VESSEL_HM_03,bulk_handymax,CLASS_HANDYMAX_50K,20.45508692957631,76.41190283567792,15.981109873265437,17.220776636199535,11.472855457007448,58000.0,129.99479589031833,3179.986626398634,233598.8546731462,577.0627088663973,8.760581074700804,182.2439339117292,0.6209487061776432,4.363433642516986,90.40340021599619,0.640716089211552,231.67273705359986,734.4639072304562,37700.0,37700.0,35.3331847377626,vlsfo
SYNTHETIC_TEST_DATA,2026-03-01T22:35:00+00:00,VESSEL_HM_03,bulk_handymax,CLASS_HANDYMAX_50K,20.46018420965229,76.42379648918853,12.235574509440559,13.153237556499954,11.567179770066371,58000.0,115.35165520339984,1546.9339459015412,128061.71720349502,289.98745118428246,5.201234419412347,18.322398180677357,1.785108422022177,6.761444322945772,160.60619228505,0.5609258068036685,280.9147168993809,418.67726206603487,37700.0,37700.0,17.188154954461567,vlsfo
SYNTHETIC_TEST_DATA,2026-03-01T22:40:00+00:00,VESSEL_HM_03,bulk_handymax,CLASS_HANDYMAX_50K,20.46442345490908,76.43368806145438,10.175937054689557,10.641441393599134,11.49460311017033,58000.0,106.30918901695688,966.7390445690355,86838.00471766731,185.35022687105953,5.096810035108335,271.69831579016477,2.0380561333590124,5.970684674645899,132.11872293412497,0.33797688069163206,279.9177268981651,212.76111201769953,37700.0,37700.0,10.74154493965595,vlsfo
SYNTHETIC_TEST_DATA,2026-03-01T22:45:00+00:00,VESSEL_HM_03,bulk_handymax,CLASS_HANDYMAX_50K,20.469101322237375,76.4446030852204,11.228810932000009,11.549168872184637,11.540250374182813,58000.0,109.5770079398647,994.8856466407832,86701.20025231245,189.77372728138744,7.963121965090186,175.42654496359458,1.3567454723109045,6.356668017609571,165.9561748712209,0.2379740690552875,205.65196283791641,372.2223648784808,37700.0,37700.0,11.05428496267537,vlsfo
SYNTHETIC_TEST_DATA,2026-03-01T22:50:00+00:00,VESSEL_HM_03,bulk_handymax,CLASS_HANDYMAX_50K,20.474495805760753,76.4571902134416,12.948985362075558,12.144572289081648,11.551330066475114,58000.0,111.72046024069394,1194.162157199383,102070.90613237646,232.29070269233756,8.494194912614288,279.9092011177614,1.7288344889751763,7.447021596244279,322.0748297322539,0.599483898951308,112.99374239617825,704.3909163157451,37700.0,37700.0,13.26846841332648,vlsfo
SYNTHETIC_TEST_DATA,2026-03-01T22:55:00+00:00,VESSEL_HM_03,bulk_handymax,CLASS_HANDYMAX_50K,20.47945770573861,76.46876798005661,11.910606437656584,12.18068227399062,11.477593712514764,58000.0,111.85045618636623,1169.9406975895142,99884.35532287876,221.2974103211371,4.630146793863474,17.631645221305583,1.4450403412951187,8.069599079515651,272.71582797596693,0.1731707504984455,285.8286199915508,284.00766860292106,37700.0,37700.0,12.999341084327936,vlsfo
SYNTHETIC_TEST_DATA,2026-03-01T23:00:00+00:00,VESSEL_HM_03,bulk_handymax,CLASS_HANDYMAX_50K,20.485197289751518,76.4821603427534,13.777368870527715,13.568155959146402,11.42851481062314,58000.0,116.84536145292705,1647.082796910763,134609.38400139057,316.4544038158252,9.077002333561204,114.41542610358968,1.191353024293901,8.605815484055583,4.8852319998785765,0.7800357071588745,343.3930754111466,628.947695226762,37700.0,37700.0,18.300919965675146,vlsfo
SYNTHETIC_TEST_DATA,2026-03-01T23:05:00+00:00,VESSEL_HM_03,bulk_handymax,CLASS_HANDYMAX_50K,20.489104731409327,76.49127770662163,9.37947156773487,9.366499140278524,11.497137766448054,58000.0,101.7193969050027,644.1875062656294,60475.560622503384,121.92288888945039,9.970904188133806,70.95777036222157,1.9350310774132335,8.11779898573089,286.44002183811983,0.3628986415435941,340.1786117989197,90.86985950237784,37700.0,37700.0,8.0,vlsfo
SYNTHETIC_TEST_DATA,2026-03-01T23:10:00+00:00,VESSEL_HM_03,bulk_handymax,CLASS_HANDYMAX_50K,20.495367907844145,76.50589178496953,15.03420663407352,15.072442679487668,11.505293007658556,58000.0,122.2607936461556,2241.5335677140015,175077.12984782158,419.751629696021,4.160119247807202,147.79061912463854,2.123870935930694,7.868397057690299,219.583000306433,0.49315299178329175,161.85692701829365,41.87072740266508,37700.0,37700.0,24.90592853015557,vlsfo
SYNTHETIC_TEST_DATA,2026-03-01T23:15:00+00:00,VESSEL_HM_03,bulk_handymax,CLASS_HANDYMAX_50K,20.5019944271321,76.52135366330809,15.906379339074052,16.609274601494842,11.518084385766944,58000.0,127.79338856538143,2997.173121392832,223962.25169087754,542.1992079464529,11.406645716068258,72.90216111111206,1.0298138487821482,6.272714092127053,194.65977287637673,0.3911696174562815,249.23919498574506,449.154651042219,37700.0,37700.0,33.301923571031466,vlsfo
SYNTHETIC_TEST_DATA,2026-03-01T23:20:00+00:00,VESSEL_HM_03,bulk_handymax,CLASS_HANDYMAX_50K,20.508331215845782,76.53613950364002,15.210906464062562,13.860273186292803,11.57759853225385,58000.0,117.89698347065409,1749.6598071534306,141717.1154885372,336.0964999352601,8.735267059318108,258.0964784246703,1.1879443328129655,6.827027009429189,358.5027233786374,0.6980322400210639,62.69137679980798,606.0019030633363,37700.0,37700.0,19.440664523927005,vlsfo
SYNTHETIC_TEST_DATA,2026-03-01T23:25:00+00:00,VESSEL_HM_03,bulk_handymax,CLASS_HANDYMAX_50K,20.513904977339838,76.54914494712615,13.379326433282065,13.349280413631732,11.507467911384934,58000.0,116.05740948907425,1746.0892433263941,143669.62111857813,334.43432903814715,4.682567069053,134.04882340537665,1.6939397284466184,7.929478220196973,36.04803197292733,0.478379982296022,149.60234715997865,111.99270929051308,37700.0,37700.0,19.40099159251549,vlsfo
SYNTHETIC_TEST_DATA,2026-03-01T23:30:00+00:00,VESSEL_HM_03,bulk_handymax,CLASS_HANDYMAX_50K,20.52005285644652,76.56348999837508,14.757445493199311,14.047740408497079,11.525551279020393,58000.0,118.57186547058949,1809.5032641556984,145730.0454310887,343.07503824732845,6.899686865546254,335.19843310432384,1.1516847393168823,7.776069252816482,225.3872222455495,0.4071559921555986,96.12073909649489,175.50417958995874,37700.0,37700.0,20.105591823952203,vlsfo
SYNTHETIC_TEST_DATA,2026-03-01T23:35:00+00:00,VESSEL_HM_03,bulk_handymax,CLASS_HANDYMAX_50K,20.525129301919698,76.5753350378125,12.185562869680355,13.132523561432912,11.519923991107001,58000.0,115.27708482115848,1421.5522626888567,117758.21872390389,272.0204662377913,1.0977329551704855,259.1942931155935,0.9812685090766446,6.316127869776228,30.19888916048927,0.8204419522731947,190.75592164530798,389.3371011356674,37700.0,37700.0,15.795025140987295,vlsfo
SYNTHETIC_TEST_DATA,2026-03-01T23:40:00+00:00,VESSEL_HM_03,bulk_handymax,CLASS_HANDYMAX_50K,20.531317125830537,76.58977329360445,14.853329498051552,13.354660863492743,11.44813069996739,58000.0,116.07677910857387,1467.3769220367649,120716.80088711473,276.6002030255877,8.146574142244173,83.78391434481027,0.6140052368757158,6.5032713582679635,347.82075244012793,0.9735258358367742,27.852591571741,670.2380890330134,37700.0,37700.0,16.30418802263072,vlsfo
SYNTHETIC_TEST_DATA,2026-03-01T23:45:00+00:00,VESSEL_HM_03,bulk_handymax,CLASS_HANDYMAX_50K,20.53770565525511,76.60467986226179,15.33510551018703,15.048637734263522,11.490917443568822,58000.0,122.17509584334869,2301.3529965847433,179875.46611402856,436.2195993179075,8.769908947322968,139.07220727116987,1.30691591398377,5.787827734978091,108.77199322455404,0.5551479625813466,139.8215410135335,44.36412828122366,37700.0,37700.0,25.570588850941594,vlsfo
SYNTHETIC_TEST_DATA,2026-03-01T23:50:00+00:00,VESSEL_HM_03,bulk_handymax,CLASS_HANDYMAX_50K,20.543829408807568,76.61896862055086,14.69953421270162,13.492113302434367,11.517580222271148,58000.0,116.57160788876372,1620.6525237227947,132760.38558083586,311.0825114340404,8.602941022702822,52.30666312131372,1.627930682845034,6.2104938388200495,335.8292885566551,0.6804133638084957,45.43155101183043,474.81331385817856,37700.0,37700.0,18.00725026358661,vlsfo
SYNTHETIC_TEST_DATA,2026-03-01T23:55:00+00:00,VESSEL_HM_03,bulk_handymax,CLASS_HANDYMAX_50K,20.549592709325776,76.63241632176002,13.834298264906321,13.368928403245485,11.623970172607741,58000.0,116.12814225168376,1550.1849438313052,127472.76847811995,288.0706822739446,8.709385944412624,326.0094587119063,1.2639565317932346,7.0020925000693595,330.3374172436003,0.4818476113056462,123.28799393054055,255.58535608201802,37700.0,37700.0,17.224277153681168,vlsfo
SYNTHETIC_TEST_DATA,2026-03-02T00:00:00+00:00,VESSEL_HM_03,bulk_handymax,CLASS_HANDYMAX_50K,20.555714253370166,76.64669992453027,14.694230482046189,14.427220221638558,11.46521098051976,58000.0,119.9379927978988,1879.583577608086,149649.83672925868,344.65611197097536,8.855232360863878,254.7248975913379,1.3253154472401452,5.2058271429079515,199.39341363067163,0.21013108563079552,17.49235893356216,79.3736574727754,37700.0,37700.0,20.884261973423175,vlsfo
SYNTHETIC_TEST_DATA,2026-03-02T00:05:00+00:00,VESSEL_HM_03,bulk_handymax,CLASS_HANDYMAX_50K,20.561369645546513,76.65989583960841,13.575273738616522,12.532147733979066,11.448130044726657,58000.0,113.11573184232464,1258.5355980064696,106246.31510622302,243.4522406054148,5.73836672591416,78.99953352958494,1.2321239077080646,7.416142163904613,321.640146508281,0.573485169173563,47.61191466131677,722.5258036674899,37700.0,37700.0,13.98372886673855,vlsfo
SYNTHETIC_TEST_DATA,2026-03-02T00:10:00+00:00,VESSEL_HM_03,bulk_handymax,CLASS_HANDYMAX_50K,20.568116246400557,76.67563790826784,16.194624624244536,15.465678624590584,11.55948550013248,58000.0,123.6764430485261,2578.21338338575,199068.8254919434,470.36444824968606,7.621655695977696,136.3304441238384,1.8523872513025144,6.87126029239115,112.52859191111251,0.7592727594622044,125.44452779432866,495.5612392625842,37700.0,37700.0,28.646815370952776,vlsfo
SYNTHETIC_TEST_DATA,2026-03-02T00:15:00+00:00,VESSEL_HM_03,bulk_handymax,CLASS_HANDYMAX_50K,20.57260711419291,76.68611659978333,10.779934919477668,10.775583669367549,11.394750752708104,58000.0,106.79210120972317,1439.4412999230422,128714.1252461004,278.94042528727346,8.373642222824602,203.90388544262154,2.538090594880374,7.3702141855009735,75.09751750553508,0.4337597445207468,339.14077164838017,297.55939755717935,37700.0,37700.0,15.993792221367134,vlsfo
SYNTHETIC_TEST_DATA,2026-03-02T00:20:00+00:00,VESSEL_HM_03,bulk_handymax,CLASS_HANDYMAX_50K,20.578739653590628,76.70042585837801,14.720623864966294,14.141870534163456,11.392421838261322,58000.0,118.91073392298844,2036.0958506361048,163511.58985235338,379.3387297516524,7.832557301319159,52.971164000646525,1.9783236949226068,7.019895622248949,16.099021459345295,0.7407818524113261,133.7984876160006,169.00661621917328,37700.0,37700.0,22.623287229290053,vlsfo
SYNTHETIC_TEST_DATA,2026-03-02T00:25:00+00:00,VESSEL_HM_03,bulk_handymax,CLASS_HANDYMAX_50K,20.583448064451815,76.71141215038745,11.30212800835331,11.427222554757542,11.451063631862676,58000.0,109.13800119712715,890.9881117176731,77959.1859813432,180.25145393500594,3.78148415386692,262.9945948443544,0.6282781698155172,8.56814769955047,246.65739674496749,0.5780949286624429,328.11238168985665,240.35206866247893,37700.0,37700.0,9.899867907974146,vlsfo
SYNTHETIC_TEST_DATA,2026-03-02T00:30:00+00:00,VESSEL_HM_03,bulk_handymax,CLASS_HANDYMAX_50K,20.58854293214036,76.72330017499405,12.229783784637219,13.099498966514261,11.495223394549818,58000.0,115.15819627945135,1415.61201614103,117387.20671990832,271.5338549363472,10.367032579089397,236.56025991709748,1.2393191391591953,8.757880442890283,239.79410644377566,0.5101333080359156,276.25369529627886,751.3915459574357,37700.0,37700.0,15.729022401567,vlsfo
SYNTHETIC_TEST_DATA,2026-03-02T00:35:00+00:00,VESSEL_HM_03,bulk_handymax,CLASS_HANDYMAX_50K,20.59417623756526,76.73644455431882,13.522256425667956,14.18636402309647,11.470347385387846,58000.0,119.07091048314729,1939.003780810357,155505.00208874457,359.64594379346323,6.587648840667557,286.9752243490934,1.6553566008714555,6.756029765791213,11.581856514292621,0.6087452309577357,302.0378885255328,,37700.0,37700.0,21.54448645344841,vlsfo
SYNTHETIC_TEST_DATA,2026-03-02T00:40:00+00:00,VESSEL_HM_03,bulk_handymax,CLASS_HANDYMAX_50K,20.599460793920702,76.74877518581485,12.685114820560127,13.879770857033048,11.492111461811785,58000.0,117.96717508531897,1916.1404303850763,155109.1925021282,356.71213701416053,5.970987750138962,112.12921828475021,1.5073001167736075,5.880730031573165,60.656384217163534,0.6545229326153171,275.6524646455058,527.4357091655431,37700.0,37700.0,21.290449226500847,vlsfo
SYNTHETIC_TEST_DATA,2026-03-02T00:45:00+00:00,VESSEL_HM_03,bulk_handymax,CLASS_HANDYMAX_50K,20.60419093194657,76.75981217454188,11.354282164756592,11.328374396509187,11.489141200266795,58000.0,108.78214782743308,888.4324527709022,77989.86467120715,176.84690367972905,1.0,334.1699631202302,0.2,5.829438113955675,327.65989127058305,0.11544780616012262,321.4946838859206,517.103937670126,37700.0,37700.0,9.871471697454469,vlsfo
SYNTHETIC_TEST_DATA,2026-03-02T00:50:00+00:00,VESSEL_HM_03,bulk_handymax,CLASS_HANDYMAX_50K,20.609196926332967,76.77149282811014,12.016451204492297,13.242009875772792,11.5615626439678,58000.0,115.67123555278205,1500.8470425636033,123903.17670974576,292.0405951869445,7.153049618581337,198.88742403982573,1.963322962072502,7.566264580614167,232.4998365364573,0.6834341770463325,220.36245493793783,269.08336860752456,37700.0,37700.0,16.676078250706702,vlsfo
SYNTHETIC_TEST_DATA,2026-03-02T00:55:00+00:00,VESSEL_HM_03,bulk_handymax,CLASS_HANDYMAX_50K,20.614867374020857,76.78472387271522,13.61141317583281,12.337758092337593,11.446595177917079,58000.0,112.41592913241533,1237.1938474629487,105094.81240225621,238.87118974023468,6.283432157136872,318.1982963437395,1.754489317276153,6.219636522019264,225.9928811507889,0.6882861587619734,55.269324423673694,733.8166880110866,37700.0,37700.0,13.746598305143875,vlsfo
SYNTHETIC_TEST_DATA,2026-03-02T01:00:00+00:00,VESSEL_HM_03,bulk_handymax,CLASS_HANDYMAX_50K,20.620754601031994,76.7984607357412,14.131772960296471,15.409578579578445,11.533895278044461,58000.0,123.4744828864824,2391.898800515358,184985.19301072712,440.84962006742586,6.9304669657168825,285.0061231582685,1.9067474686347978,6.249308361538247,343.1500185210733,0.7512314987463554,216.16424015038572,68.67013528784524,37700.0,37700.0,26.57665333905953,vlsfo
SYNTHETIC_TEST_DATA,2026-03-02T01:05:00+00:00,VESSEL_HM_03,bulk_handymax,CLASS_HANDYMAX_50K,20.62651528456284,76.8119023306465,13.82801641587615,14.213025064910738,11.433031671185372,58000.0,119.16689023367866,1998.1846992455921,160122.14708560883,371.80379920894546,6.778513345784875,292.5887080942503,1.743802861824442,6.06543540582905,19.264042625859506,0.20537988547286945,242.56436842678846,432.7633601493737,37700.0,37700.0,22.202052213839913,vlsfo
SYNTHETIC_TEST_DATA,2026-03-02T01:10:00+00:00,VESSEL_HM_03,bulk_handymax,CLASS_HANDYMAX_50K,20.631951845167546,76.82458763872415,13.049987711574412,12.201693061622809,11.420025389970455,58000.0,111.92609502184212,1152.253383923858,98307.8101903178,209.03539762953505,6.918341267363342,239.6258416796983,0.8230028820027937,7.623669395240692,262.5531205418889,0.4753431363546429,96.91060340694575,214.43373686123806,37700.0,37700.0,12.802815376931756,vlsfo
SYNTHETIC_TEST_DATA,2026-03-02T01:15:00+00:00,VESSEL_HM_03,bulk_handymax,CLASS_HANDYMAX_50K,20.636784071582266,76.83586283369183,11.59933640343711,11.048556791355413,11.478826594789076,58000.0,107.77480444887948,1506.5144027079684,133483.45112173402,288.574521925805,10.21039005852716,99.69633897688821,2.7181973190173956,6.532278604627415,26.935132087416683,0.4280501563624798,116.38423405512431,595.5367524848087,37700.0,37700.0,16.739048918977428,vlsfo
SYNTHETIC_TEST_DATA,2026-03-02T01:20:00+00:00,VESSEL_HM_03,bulk_handymax,CLASS_HANDYMAX_50K,20.642584673757632,76.84939757210103,13.92383762681459,13.105221249897596,11.448306815866307,58000.0,115.17879649963135,1469.2662642489618,121814.6025726881,280.4797085750444,11.337458002848644,278.6843187685052,1.5535529324360966,6.229084612886478,333.5860149662169,0.4280746080432775,49.141527128708795,603.9103244734392,37700.0,37700.0,16.32518071387735,vlsfo
SYNTHETIC_TEST_DATA,2026-03-02T01:25:00+00:00,VESSEL_HM_03,bulk_handymax,CLASS_HANDYMAX_50K,20.648762004838186,76.86381134462232,14.82814237769942,15.653106724090513,11.458779831480687,58000.0,124.35118420672585,2484.055870743627,190758.02450970485,462.5833469030901,8.070128742563107,305.6606962129766,2.2304067803816032,6.039324480706195,333.48335522024666,0.7728565907404512,191.32127754739076,300.18619196524486,37700.0,37700.0,27.600620786040302,vlsfo
SYNTHETIC_TEST_DATA,2026-03-02T01:30:00+00:00,VESSEL_HM_03,bulk_handymax,CLASS_HANDYMAX_50K,20.65409378805344,76.87625217212458,12.798478762405672,13.826510091810889,11.428463137119973,58000.0,117.7754363305192,1741.0360235291719,141164.14995131962,341.9701980886548,3.8532235092310545,146.42629887851405,2.0463293778190064,6.332743058999,129.3965100030468,0.5777556773995237,219.9068901932715,181.62800724816128,37700.0,37700.0,19.344844705879687,vlsfo
SYNTHETIC_TEST_DATA,2026-03-02T01:35:00+00:00,VESSEL_HM_03,bulk_handymax,CLASS_HANDYMAX_50K,20.65959064604522,76.88907817410539,13.19472630966233,13.664150107298752,11.484228467638856,58000.0,117.19094038627551,1754.0135186135253,142925.68392259974,328.9812089042078,11.858325319978105,16.46519884744482,1.6393198801569082,5.282393262121077,168.31852650284017,0.34728046847441274,293.33100549119735,281.09396635304006,37700.0,37700.0,19.489039095705838,vlsfo
SYNTHETIC_TEST_DATA,2026-03-02T01:40:00+00:00,VESSEL_HM_03,bulk_handymax,CLASS_HANDYMAX_50K,20.665375398482922,76.90257592979337,13.88579171934058,13.429677163667899,11.493308238294873,58000.0,116.34683778920444,1618.6674975413985,132853.94172344534,301.44387281679604,10.522289880678926,52.22417217639986,1.6321692341890004,5.463344106895154,234.7612306208395,0.3405869696300641,102.89188726506057,122.87664049040158,37700.0,37700.0,17.98519441712665,vlsfo
SYNTHETIC_TEST_DATA,2026-03-02T01:45:00+00:00,VESSEL_HM_03,bulk_handymax,CLASS_HANDYMAX_50K,20.671994570251208,76.91802066391938,15.888742261453665,14.450735394541377,11.437624525696968,58000.0,120.02264742034896,1937.4430058176813,154147.72359825048,361.1525175586136,11.43296351689818,119.60429434653405,0.6036113305257789,4.87328492979093,40.12632413191583,0.8247424391116575,90.55049421596112,51.716145015623944,37700.0,37700.0,21.527144509085346,vlsfo
SYNTHETIC_TEST_DATA,2026-03-02T01:50:00+00:00,VESSEL_HM_03,bulk_handymax,CLASS_HANDYMAX_50K,20.678091474295055,76.93224677335502,14.63508431819901,15.441661009263406,11.540951504502953,58000.0,123.58997963334826,2554.052944267314,197341.31466214865,464.55437997398025,14.220280582157304,165.5874874061384,1.4368271985677197,8.597177732857222,40.916910594492236,0.6414368046548052,194.11918567093136,587.5037033294277,37700.0,37700.0,28.3783660474146,vlsfo
SYNTHETIC_TEST_DATA,2026-03-02T01:55:00+00:00,VESSEL_HM_03,bulk_handymax,CLASS_HANDYMAX_50K,20.683682711007695,76.94529299235117,13.421274165377506,13.55436818818169,11.555768275094623,58000.0,116.79572547745408,1599.9533859397088,130813.2583010025,309.8844671371768,7.3239410763422725,331.3624984526919,1.4422530261573323,8.671756115019441,259.41085082674016,0.0906693844406617,210.13282026900512,591.8049687851883,37700.0,37700.0,17.777259843774544,vlsfo
SYNTHETIC_TEST_DATA,2026-03-02T02:00:00+00:00,VESSEL_HM_03,bulk_handymax,CLASS_HANDYMAX_50K,20.68917317704273,76.95810407976626,13.179382977174697,12.914004691114387,11.473060033367538,58000.0,114.4904168880118,1566.407807433425,130649.29916079542,300.6674768276803,11.328225444791483,166.24396944668217,1.4299846770231153,7.490106023486286,65.28684909611171,0.5632212900848772,349.705351275648,60.18971999795269,37700.0,37700.0,17.404531193704724,vlsfo
SYNTHETIC_TEST_DATA,2026-03-02T02:05:00+00:00,VESSEL_HM_03,bulk_handymax,CLASS_HANDYMAX_50K,20.694855925820654,76.97136382691475,13.640940865390405,12.217294575708848,11.472125563947822,58000.0,111.98226047255186,1226.3646557200573,104578.34812445792,228.11431234177562,9.3983293281686,216.59559149150726,2.0752923884965133,7.479155767522705,248.31664091730622,0.7229944071213091,66.60282821731484,65.87175370450868,37700.0,37700.0,13.62627395244508,vlsfo
SYNTHETIC_TEST_DATA,2026-03-02T02:10:00+00:00,VESSEL_HM_03,bulk_handymax,CLASS_HANDYMAX_50K,20.70062726885148,76.98483029398669,13.853603612252364,14.15404114624164,11.531023117982295,58000.0,118.95454812646992,1774.8815035548294,142481.89874646842,346.86607152881237,12.779614838701416,58.927559745418165,1.4669891474331298,5.68075791610157,260.2348395824507,0.3351861660800227,191.54915749159116,205.452201799559,37700.0,37700.0,19.720905595053658,vlsfo
SYNTHETIC_TEST_DATA,2026-03-02T02:15:00+00:00,VESSEL_HM_03,bulk_handymax,CLASS_HANDYMAX_50K,20.705661443043834,76.99657670043551,12.084094361288109,13.252785665547801,11.493034744892213,58000.0,115.71002839597209,1500.2698575785955,123814.00321930222,281.7919952437094,2.322441228003477,181.79721396666093,0.9332978499835748,6.111997468032144,98.6787675734013,0.7294684845482722,283.28105429267777,753.2861690295274,37700.0,37700.0,16.669665084206617,vlsfo
SYNTHETIC_TEST_DATA,2026-03-02T02:20:00+00:00,VESSEL_HM_03,bulk_handymax,CLASS_HANDYMAX_50K,20.71171915828852,77.01071136933977,14.541015037141918,14.123021497423347,11.439319181628038,58000.0,118.84287739072406,1852.476518887529,148850.71857017957,346.3676016907186,7.841229985014314,68.82679354835213,1.7976317557208652,5.721223918652215,344.6399047303398,0.5357323965393577,131.19138697030994,714.169253042776,37700.0,37700.0,20.583072432083654,vlsfo
SYNTHETIC_TEST_DATA,2026-03-02T02:25:00+00:00,VESSEL_HM_03,bulk_handymax,CLASS_HANDYMAX_50K,20.71715394028597,77.02339252733383,13.045718320596702,14.070387447454547,11.44971283820525,58000.0,118.65339481083637,1868.042378717791,150341.17428434148,350.70835581753556,8.301452982710714,81.14561526364521,1.845518701389163,7.042602598567965,192.68625812564656,0.7401107997814595,289.28397304517586,578.476891719875,37700.0,37700.0,20.75602643019768,vlsfo
SYNTHETIC_TEST_DATA,2026-03-02T02:30:00+00:00,VESSEL_HM_03,bulk_handymax,CLASS_HANDYMAX_50K,20.72275828240842,77.03646932561955,13.452732554134029,13.208231455694767,11.393496367812073,58000.0,115.54963324050115,1490.145516803443,123149.17058985535,279.23805514401283,7.954081153820877,89.39259284410721,1.0169087168809259,8.268794851583035,30.886250864688726,0.3078987850908951,2.001270733037588,125.24464614369653,37700.0,37700.0,16.557172408927144,vlsfo
SYNTHETIC_TEST_DATA,2026-03-02T02:35:00+00:00,VESSEL_HM_03,bulk_handymax,CLASS_HANDYMAX_50K,20.72832319887793,77.04945413071508,13.358094726319358,13.847232749539279,11.506678445727907,58000.0,117.85003789834141,1667.9379250757522,135151.7081947318,310.1859018001371,5.542755701033424,275.0070385763642,1.9057468709866605,6.845872937318758,179.4039851659556,0.4898025641444808,303.7886637058955,664.4774992038476,37700.0,37700.0,18.532643611952803,vlsfo
SYNTHETIC_TEST_DATA,2026-03-02T02:40:00+00:00,VESSEL_HM_03,bulk_handymax,CLASS_HANDYMAX_50K,20.73258360781756,77.05939508490754,10.226738622263511,11.009589283683379,11.467690931954486,58000.0,107.63452142126016,1248.2922746455652,110748.04810384495,235.81180040964676,5.419877558981781,218.37200928611207,2.1714963262153137,7.599597386745077,101.91637292295664,0.7822811612958842,186.22234595573713,243.15191987103955,37700.0,37700.0,13.869914162728502,vlsfo
SYNTHETIC_TEST_DATA,2026-03-02T02:45:00+00:00,VESSEL_HM_03,bulk_handymax,CLASS_HANDYMAX_50K,20.73932634044475,77.07512812770432,16.185339284384046,15.67239525571769,11.44699175641035,58000.0,124.4206229205837,2428.102339781362,186357.12342761562,445.0381008094598,7.8177943934112,339.3222121802292,1.452192976724787,5.7423737424716474,162.50698965695653,0.5493206283965073,127.96585691997461,404.84500935840055,37700.0,37700.0,26.978914886459577,vlsfo
SYNTHETIC_TEST_DATA,2026-03-02T02:50:00+00:00,VESSEL_HM_03,bulk_handymax,CLASS_HANDYMAX_50K,20.744832237186625,77.08797522010202,13.216423037839945,13.705787008115433,11.483603258360613,58000.0,117.34083322921556,1731.3100393775708,140895.48022211864,331.59965416858296,6.978004483942698,152.80390739508894,2.472735974057297,7.672890880074903,158.70467079224812,0.7437287178037912,314.31742102758517,289.3100063700484,37700.0,37700.0,19.23677821530634,vlsfo
SYNTHETIC_TEST_DATA,2026-03-02T02:55:00+00:00,VESSEL_HM_03,bulk_handymax,CLASS_HANDYMAX_50K,20.750677610423473,77.10161442432134,14.031306639788351,12.788564724864392,11.426887054594939,58000.0,114.03883300951182,1357.761741644508,113695.2143516377,260.6763367705187,5.176312444843703,221.68505169903895,1.1281205128225151,5.91503945407574,149.3001942975308,0.6091380686242026,60.360721105280874,494.1559920746528,37700.0,37700.0,15.086241573827866,vlsfo
SYNTHETIC_TEST_DATA,2026-03-02T03:00:00+00:00,VESSEL_HM_03,bulk_handymax,CLASS_HANDYMAX_50K,20.75733833569207,77.11715611661472,15.98848780055997,15.410255562985936,11.418105326661944,58000.0,123.47692002674937,2292.777222194486,177315.80682853403,428.58239071384554,3.577333140404037,221.28001236267258,1.9861062521099944,6.486145979904355,307.60014109210704,0.31532362516763124,87.19663944101528,155.45627701062537,37700.0,37700.0,25.47530246882762,vlsfo
SYNTHETIC_TEST_DATA,2026-03-02T03:05:00+00:00,VESSEL_HM_03,bulk_handymax,CLASS_HANDYMAX_50K,20.762795974300836,77.12989060670185,13.100583614755804,13.036356048312742,11.538505869600653,58000.0,114.93088177392588,1463.5324698470733,121600.96051981878,272.1977377118367,5.595471543600869,107.38905225103815,1.5091533364656897,6.469035363759995,1.0944130851441036,0.3778643724909134,336.75314883897,741.5858927946362,37700.0,37700.0,16.261471887189703,vlsfo
SYNTHETIC_TEST_DATA,2026-03-02T03:10:00+00:00,VESSEL_HM_03,bulk_handymax,CLASS_HANDYMAX_50K,20.769035174545674,77.14444874060648,14.976653889359982,16.086345117947456,11.529468997483317,58000.0,125.91084242461085,2691.8435411056994,204154.08110075048,499.3097802777785,7.228394564887125,30.569977399165186,0.9861473981517261,6.806530732355152,3.772495401978291,0.7310159944397108,281.4144732041494,387.70931429877794,37700.0,37700.0,29.909372678952217,vlsfo
SYNTHETIC_TEST_DATA,2026-03-02T03:15:00+00:00,VESSEL_HM_03,bulk_handymax,CLASS_HANDYMAX_50K,20.776127914332058,77.16099846677471,17.025500823737808,16.289764751515097,11.465946482761652,58000.0,126.64315310545436,2811.482898701424,211994.75365591975,510.4111949807154,9.276087947461487,314.81987444230117,2.108670640703596,6.196663868166992,304.551519523161,0.4050260567386549,39.97876014239098,108.92854174997802,37700.0,37700.0,31.238698874460262,vlsfo
SYNTHETIC_TEST_DATA,2026-03-02T03:20:00+00:00,VESSEL_HM_03,bulk_handymax,CLASS_HANDYMAX_50K,20.781455928233605,77.17343049921166,12.789430854884746,11.807594176702292,11.611090195232139,58000.0,110.50733903612826,1128.5430453149343,97521.05464875861,214.39971517873556,12.375570749618324,151.26363990918986,1.8966132407779488,7.24727141822332,234.77458636668018,0.5684530849543963,93.1900353084125,209.18815652642442,37700.0,37700.0,12.539367170165935,vlsfo
SYNTHETIC_TEST_DATA,2026-03-02T03:25:00+00:00,VESSEL_HM_03,bulk_handymax,CLASS_HANDYMAX_50K,20.787304379824995,77.18707688625824,14.038695960332065,13.130773481473245,11.529191715406434,58000.0,115.27078453330368,1379.5864096169298,114288.1072954775,267.45626510013903,3.000086334213872,277.385837519296,0.6974109263954724,6.110987552285379,168.0868172526566,0.4859568069453135,85.85301317485354,387.83277851647284,37700.0,37700.0,15.328737884632554,vlsfo
SYNTHETIC_TEST_DATA,2026-03-02T03:30:00+00:00,VESSEL_HM_03,bulk_handymax,CLASS_HANDYMAX_50K,20.792950515065762,77.20025120182002,13.553053275284721,13.973485069855393,11.481977517341985,58000.0,118.30454625147942,1792.0978961417104,144654.40984959912,338.0362284864625,11.952076371903548,324.7659804065925,1.7112587681489626,5.4823692403600255,298.95730007344724,0.381128544326503,188.01084068359506,736.4990379691177,37700.0,37700.0,19.912198846019006,vlsfo
SYNTHETIC_TEST_DATA,2026-03-02T03:35:00+00:00,VESSEL_HM_03,bulk_handymax,CLASS_HANDYMAX_50K,20.798764657653358,77.21381753452442,13.95634020079045,13.945083053733866,11.43191738902478,58000.0,118.20229899344191,1703.6702710220768,137635.67071411174,317.0704930767226,7.03382480845387,175.2353892388206,1.0679560130109085,6.399169571380732,158.93265845100575,0.8909799183295257,154.7847471001007,592.1704011872388,37700.0,37700.0,18.929669678023075,vlsfo
SYNTHETIC_TEST_DATA,2026-03-02T03:40:00+00:00,VESSEL_HM_03,bulk_handymax,CLASS_HANDYMAX_50K,20.80385342836637,77.22569133285478,12.215148528712314,11.572673172251413,11.51227691923866,58000.0,109.66162342010509,1083.974429234207,94392.1218110714,210.68062381133166,9.165170475777641,84.585792544105,1.6922421666650587,5.950912746819558,315.6621094540974,0.48786195981368374,19.864024044380642,307.7609159875591,37700.0,37700.0,12.044160324824523,vlsfo
SYNTHETIC_TEST_DATA,2026-03-02T03:45:00+00:00,VESSEL_HM_03,bulk_handymax,CLASS_HANDYMAX_50K,20.809166590288065,77.23808871067207,12.753779977677056,13.165149158923882,11.445019985606004,58000.0,115.39453697212598,1503.9187710476447,124454.47386061537,282.3250471362226,9.00397189952934,302.8752452911661,2.0078280312739696,5.6897864596862116,256.22392559860043,0.20938836073006217,269.88613640710145,59.44196307547426,37700.0,37700.0,16.71020856719605,vlsfo
SYNTHETIC_TEST_DATA,2026-03-02T03:50:00+00:00,VESSEL_HM_03,bulk_handymax,CLASS_HANDYMAX_50K,20.814351513015172,77.25018686370198,12.445953019567417,12.438456650818392,11.523702083372319,58000.0,112.77844394294621,1280.3125389018571,108407.98763202473,247.17431587981906,5.977079471145695,310.0652218742265,1.8571396188467313,7.132988229168294,310.1112278854465,0.11907024289921109,170.69886975912522,303.5904960417501,37700.0,37700.0,14.2256948766873,vlsfo
SYNTHETIC_TEST_DATA,2026-03-02T03:55:00+00:00,VESSEL_HM_03,bulk_handymax,CLASS_HANDYMAX_50K,20.819833141575447,77.26297733034262,13.158169392809578,13.85972126452074,11.449092503249853,58000.0,117.89499655227466,1722.1500909135486,139491.26310556388,323.0077496674009,11.071077866849576,37.01060751218245,1.0170477541874472,7.981829086087349,308.52828233194737,0.5660952159286524,290.414286827931,368.2876909549561,37700.0,37700.0,19.13500101015054,vlsfo
SYNTHETIC_TEST_DATA,2026-03-02T04:00:00+00:00,VESSEL_HM_03,bulk_handymax,CLASS_HANDYMAX_50K,20.825985809916386,77.27733355647148,14.76894163069165,14.417160145837821,11.487030574276563,58000.0,119.90177652501615,1832.8770104061273,145975.20307371,350.78909461787566,7.064812586563349,156.77956761949736,1.6222297996339827,7.615889789521757,293.2870078584167,0.46018568240450697,136.89321014261603,724.9952667204894,37700.0,37700.0,20.365300115623636,vlsfo
SYNTHETIC_TEST_DATA,2026-03-02T04:05:00+00:00,VESSEL_HM_03,bulk_handymax,CLASS_HANDYMAX_50K,20.83116457517538,77.2894173420758,12.431172556503647,13.342787478535932,11.454920326390233,58000.0,116.03403492272935,1475.0218284419818,121390.42582875914,275.6484361351394,7.629612221650092,167.84528425015105,1.2813923165694525,5.863689212731737,254.72094775996658,0.5655480066570484,211.60899256258955,683.002984733061,37700.0,37700.0,16.38913142713313,vlsfo
SYNTHETIC_TEST_DATA,2026-03-02T04:10:00+00:00,VESSEL_HM_03,bulk_handymax,CLASS_HANDYMAX_50K,20.83696054640086,77.30294127493525,13.912721437096645,13.414003133715811,11.52393218323309,58000.0,116.29041128137692,1509.6319828305343,123964.85127346466,288.08557718013515,6.377761332791672,146.74153565606363,0.6606377926606849,7.460960711013357,140.99704851218596,0.28722102004542494,36.10758042928193,297.3365208150782,37700.0,37700.0,16.77368869811705,vlsfo
SYNTHETIC_TEST_DATA,2026-03-02T04:15:00+00:00,VESSEL_HM_03,bulk_handymax,CLASS_HANDYMAX_50K,20.84220330718942,77.31517438344189,12.584788221835927,13.253004774623069,11.563752305910292,58000.0,115.71081718864305,1549.5990423766855,127884.16160054038,298.8254227194122,6.9793529172305435,203.14768395113936,2.0824559027125216,8.697508201382934,304.73822221052023,0.876415946443146,313.0652110524334,262.40592644777786,37700.0,37700.0,17.217767137518727,vlsfo
SYNTHETIC_TEST_DATA,2026-03-02T04:20:00+00:00,VESSEL_HM_03,bulk_handymax,CLASS_HANDYMAX_50K,20.847529947574134,77.32760321100622,12.786133847994243,11.983243148922284,11.48370800015618,58000.0,111.13967533612023,1142.6355297681207,98177.05090375766,217.03528824012554,6.884208931733448,298.15991421755666,1.7749869783135879,8.206835909403146,181.1000279518298,0.6367235033101868,17.726937599670002,514.9047683274052,37700.0,37700.0,12.695950330756897,vlsfo
SYNTHETIC_TEST_DATA,2026-03-02T04:25:00+00:00,VESSEL_HM_03,bulk_handymax,CLASS_HANDYMAX_50K,20.8535849157886,77.3417314701733,14.534421031619303,14.522532500438537,11.510534285673453,58000.0,120.28111700157874,2000.003926972751,158783.28325305,377.3463963725367,7.539773212415712,32.50808883749314,1.5013385637549457,4.900080823355861,257.61192385197876,0.008058230322463444,196.77363693647465,151.51762794592764,37700.0,37700.0,22.22226585525279,vlsfo
SYNTHETIC_TEST_DATA,2026-03-02T04:30:00+00:00,VESSEL_HM_03,bulk_handymax,CLASS_HANDYMAX_50K,20.858757818939733,77.35380157752596,12.41710107987208,13.19494293929062,11.582633910810921,58000.0,115.50179458144623,1616.6951050440184,133662.86733776465,301.58778781706684,7.242742071710073,76.58654754297505,1.291429200692371,7.50513042868624,115.38877426701217,0.5746304946904824,206.49019189191847,206.95875149895025,37700.0,37700.0,17.96327894493354,vlsfo
SYNTHETIC_TEST_DATA,2026-03-02T04:35:00+00:00,VESSEL_HM_03,bulk_handymax,CLASS_HANDYMAX_50K,20.864552760292387,77.36732310734881,13.910249317547436,13.401339847056052,11.613993578787479,58000.0,116.24482344940179,1579.1161828834765,129721.46480055792,306.62253679764723,4.791615104743401,234.6126846598509,1.3862544101232468,4.408901903904113,8.80898741685571,0.2676869733524616,85.66977445695034,792.654996340097,37700.0,37700.0,17.54573536537196,vlsfo
SYNTHETIC_TEST_DATA,2026-03-02T04:40:00+00:00,VESSEL_HM_03,bulk_handymax,CLASS_HANDYMAX_50K,20.870578857319966,77.38138400041316,14.465118275440648,13.749690571769152,11.514767519831052,58000.0,117.49888605836895,1761.7031885738559,143176.04879232575,323.889008626123,5.213209536621678,158.9561685666111,1.1841884400290246,6.4624521576995715,23.54868966523807,0.4115146386137061,98.26057146215183,470.511797398762,37700.0,37700.0,19.574479873042844,vlsfo
SYNTHETIC_TEST_DATA,2026-03-02T04:45:00+00:00,VESSEL_HM_03,bulk_handymax,CLASS_HANDYMAX_50K,20.87634308966173,77.39483387587728,13.836535025758321,14.35320590296371,11.472156573737644,58000.0,119.67154125066935,1858.9298047574798,148334.9495775045,346.4096548195347,6.171817045118797,21.076399267252604,1.6715953778956791,5.966589862408987,151.4886022331446,0.5973895520993616,180.27237369305152,465.9929065114092,37700.0,37700.0,20.654775608416443,vlsfo
SYNTHETIC_TEST_DATA,2026-03-02T04:50:00+00:00,VESSEL_HM_03,bulk_handymax,CLASS_HANDYMAX_50K,20.882307208532474,77.40875015324235,14.316345136700182,13.793460555585797,11.548529423342485,58000.0,117.65645800010887,1885.7096844766393,153048.98139315282,349.2649990490787,3.377146813039392,342.28596555352726,1.9792970403886727,7.619282245209642,130.0586878252433,0.36575283778049605,112.13573550818649,202.89096781652256,37700.0,37700.0,20.952329827518216,vlsfo
SYNTHETIC_TEST_DATA,2026-03-02T04:55:00+00:00,VESSEL_HM_03,bulk_handymax,CLASS_HANDYMAX_50K,20.888846538055844,77.42400858879688,15.697087943444837,15.409520646796956,11.464506533627329,58000.0,123.47427432846905,2327.650478592297,180016.64628828596,431.6914112517595,7.352688443344348,52.95385833603763,1.383868120980568,7.568266476328281,127.35064515341865,0.3745325157765096,131.97572150816038,122.36519142002486,37700.0,37700.0,25.862783095469965,vlsfo
SYNTHETIC_TEST_DATA,2026-03-02T05:00:00+00:00,VESSEL_HM_03,bulk_handymax,CLASS_HANDYMAX_50K,20.895252142748173,77.43895499974565,15.376093195342836,14.467295869536741,11.467879229305414,58000.0,120.08226513033227,1914.290136244235,152230.0086684673,362.87310424189803,4.524447264614395,20.000220917635513,1.7417996576302606,6.5197681459632975,137.4226117255759,0.5374728482102531,96.71802380571428,649.7587966071987,37700.0,37700.0,21.269890402713724,vlsfo
SYNTHETIC_TEST_DATA,2026-03-02T05:05:00+00:00,VESSEL_HM_03,bulk_handymax,CLASS_HANDYMAX_50K,20.900824402611082,77.45195693942577,13.375721899194136,12.85756943607488,11.46357772939293,58000.0,114.28724996986956,1362.7663544726818,113866.24578900797,256.9035726128304,6.088602908920011,294.99305393177053,1.70455509956502,8.50956812646154,166.95039428855884,0.2365569720806493,63.44597123892881,490.8266342241949,37700.0,37700.0,15.141848383029796,vlsfo
SYNTHETIC_TEST_DATA,2026-03-02T05:10:00+00:00,VESSEL_HM_03,bulk_handymax,CLASS_HANDYMAX_50K,20.90581120295416,77.46359280689295,11.970377584104664,13.486527787096048,11.569567269899323,58000.0,116.55150003354578,1656.4742434962557,135718.23471047086,310.6747323566839,13.697836436813338,35.32881379581372,0.8599749127241222,8.301231947592342,54.13745969573291,0.8179732343649817,224.8388029965733,693.3082559563189,37700.0,37700.0,18.40526937218062,vlsfo
SYNTHETIC_TEST_DATA,2026-03-02T05:15:00+00:00,VESSEL_HM_03,bulk_handymax,CLASS_HANDYMAX_50K,20.910920653851164,77.47551485898596,12.264789499654377,12.408214289712534,11.482106094437789,58000.0,112.66957144296512,1431.4892985815775,121325.71106888683,272.3283812938724,13.233763308314659,243.0583515606471,1.499697025112571,7.024835181095633,86.11003511685269,0.5131224554434377,162.64799833127012,180.09901830849674,37700.0,37700.0,15.905436650906415,vlsfo
SYNTHETIC_TEST_DATA,2026-03-02T05:20:00+00:00,VESSEL_HM_03,bulk_handymax,CLASS_HANDYMAX_50K,20.91627062866261,77.487998133546,12.842146096223974,13.77266392451853,11.49453803293765,58000.0,117.58159012826671,1708.5159943146004,138755.78594409418,321.59676471707706,6.896735793291821,112.7961645481337,1.8521415101997516,6.9882270138334786,195.13063504238767,0.5645244859031849,277.7411932895855,69.63202876221625,37700.0,37700.0,18.983511047940006,vlsfo
SYNTHETIC_TEST_DATA,2026-03-02T05:25:00+00:00,VESSEL_HM_03,bulk_handymax,CLASS_HANDYMAX_50K,20.922715403992655,77.50303594264945,15.470118881440591,14.417880666321913,11.516611266450791,58000.0,119.90437039875889,1924.361764613552,153257.97689445654,356.0558000765709,9.166096812880264,217.38969675080435,1.914037996274085,9.140628205480896,263.76811235517715,0.6658086130043775,32.50600009346312,263.67643025388344,37700.0,37700.0,21.38179738459502,vlsfo
SYNTHETIC_TEST_DATA,2026-03-02T05:30:00+00:00,VESSEL_HM_03,bulk_handymax,CLASS_HANDYMAX_50K,20.928801599495102,77.51723706548849,14.609379402195833,14.37555119030223,11.511814609929834,58000.0,119.75198428508803,1945.4530739801246,155134.86901735576,365.3878595886825,9.549726928322535,25.52557092875011,1.0335548017911282,6.935014162932957,55.31027975741295,0.13294364051277746,67.03335968580839,409.8324752224848,37700.0,37700.0,21.61614526644583,vlsfo
SYNTHETIC_TEST_DATA,2026-03-02T05:35:00+00:00,VESSEL_HM_03,bulk_handymax,CLASS_HANDYMAX_50K,20.934641568158966,77.5308636590375,14.018333435557361,13.65259867354204,11.546599769666924,58000.0,117.14935522475133,1643.532967596775,133970.72246399496,315.9175855112827,11.122408215411145,9.724318440898525,1.2700761411768215,6.721406518389351,131.39735294460507,0.29022041874043064,114.66774590126629,710.3125561547588,37700.0,37700.0,18.261477417741943,vlsfo
SYNTHETIC_TEST_DATA,2026-03-02T05:40:00+00:00,VESSEL_HM_03,bulk_handymax,CLASS_HANDYMAX_50K,20.9395245234525,77.54225722138908,11.721106635257886,12.383707937991485,11.550614786658459,58000.0,112.58134857676934,1245.9863941533417,105686.188429086,235.69851762206196,5.670267610134633,44.5565522949061,1.266154786713511,9.098264652555653,351.53428739462527,0.543291408690727,293.3971390093622,630.5985729109059,37700.0,37700.0,13.844293268370464,vlsfo
SYNTHETIC_TEST_DATA,2026-03-02T05:45:00+00:00,VESSEL_HM_03,bulk_handymax,CLASS_HANDYMAX_50K,20.9458550197775,77.55702837948074,15.195802135989716,13.841611278358078,11.41322312433206,58000.0,117.82980060208908,1635.90888520831,132579.18669052134,311.49840892782566,6.9101128753993235,324.1362187219852,0.8440354693933102,8.593341857359734,261.0209835858489,0.7371604085698652,39.368188071000525,655.3611679300558,37700.0,37700.0,18.176765391203446,vlsfo
SYNTHETIC_TEST_DATA,2026-03-02T05:50:00+00:00,VESSEL_HM_03,bulk_handymax,CLASS_HANDYMAX_50K,20.9520356381385,77.57144982232307,14.836033206574854,15.639320094048438,11.369162519752212,58000.0,124.30155233857437,2394.7002879914335,183969.57120179755,435.89472636661463,5.626114659525907,229.77696443853463,2.314687586401316,6.020883830489524,143.55548295833842,0.45491353013332336,215.25237922309068,452.73578231165976,37700.0,37700.0,26.607780977682594,vlsfo
SYNTHETIC_TEST_DATA,2026-03-02T05:55:00+00:00,VESSEL_HM_03,bulk_handymax,CLASS_HANDYMAX_50K,20.957727551713027,77.58473095399697,13.662940157169146,13.724609280738257,11.482120168583512,58000.0,117.40859341065772,1599.5539594740949,130097.93167460244,306.56649947988853,4.710864997100547,117.69467774014022,0.9601030472355703,5.546679291688082,261.00199600995353,0.3805425208209869,333.2888863307704,241.89662609610625,37700.0,37700.0,17.77282177193439,vlsfo
SYNTHETIC_TEST_DATA,2026-03-02T06:00:00+00:00,VESSEL_HM_03,bulk_handymax,CLASS_HANDYMAX_50K,20.964552265661887,77.60065528654431,16.382128268839832,14.760836068079033,11.434388419020372,58000.0,121.13900984508453,1940.476049578394,152966.26031702713,358.72684302721706,4.4348847552859905,5.532163210007979,0.9238149119975956,6.940760069878216,203.64286019977027,0.8465855516470446,73.76916967395363,,37700.0,37700.0,21.560844995315488,vlsfo
SYNTHETIC_TEST_DATA,2026-03-02T06:05:00+00:00,VESSEL_HM_03,bulk_handymax,CLASS_HANDYMAX_50K,20.970305471554546,77.61407943362718,13.810067000149035,13.01330035088262,11.517076219808043,58000.0,114.84788126317744,1370.0500219077448,113916.02398137846,265.7487305744065,8.754396183509188,166.00562000092748,1.3869874924603869,5.022000831155957,152.71568310319876,0.4289708610309858,58.24210069571455,344.6452218021253,37700.0,37700.0,15.222778021197165,vlsfo
SYNTHETIC_TEST_DATA,2026-03-02T06:10:00+00:00,VESSEL_HM_03,bulk_handymax,CLASS_HANDYMAX_50K,20.975890138271662,77.62711032263378,13.405503466382923,13.566798484211361,11.496092749909462,58000.0,116.8404745431609,1948.5939001321321,159257.32200112683,367.98252614451826,10.931360710243116,171.85831687465617,2.0624090131529202,6.604781128916062,104.48434205676368,0.36131245877644746,318.19148038133403,265.89715601328055,37700.0,37700.0,21.651043334801468,vlsfo
SYNTHETIC_TEST_DATA,2026-03-02T06:15:00+00:00,VESSEL_HM_03,bulk_handymax,CLASS_HANDYMAX_50K,20.981810953067978,77.64092555715851,14.212397497699014,14.003129596080312,11.520641315357821,58000.0,118.41126654588912,1759.3731321393368,141884.9433290351,332.90665318944804,5.868957689009078,265.99358153282594,1.4969036527450315,5.5397576879274855,338.9172653148566,0.6922716324626655,343.18850012393784,671.2425124111651,37700.0,37700.0,19.54859035710374,vlsfo
SYNTHETIC_TEST_DATA,2026-03-02T06:20:00+00:00,VESSEL_HM_03,bulk_handymax,CLASS_HANDYMAX_50K,20.987335849906916,77.65381698311604,13.262031107218649,11.814693401127142,11.525323357729246,58000.0,110.53289624405771,1243.3656550329276,107418.40490576376,239.33085071871588,11.635250258959033,44.59181909940454,1.1048764270278808,5.765294050621549,77.44977783534888,0.8129629223743322,92.0958243346368,665.4013631091312,37700.0,37700.0,13.815173944810308,vlsfo
SYNTHETIC_TEST_DATA,2026-03-02T06:25:00+00:00,VESSEL_HM_03,bulk_handymax,CLASS_HANDYMAX_50K,20.992746724412374,77.66644235696211,12.988330479377856,13.373190139472149,11.402030409787203,58000.0,116.14348450209974,1729.3711719409243,142188.58938232364,315.5850733016895,7.33575652839889,59.32987936364429,1.757828023053403,6.7408466781587695,105.3515239369115,0.2828043233376918,200.64143729800574,151.0425994661474,37700.0,37700.0,19.215235243788047,vlsfo
SYNTHETIC_TEST_DATA,2026-03-02T06:30:00+00:00,VESSEL_HM_03,bulk_handymax,CLASS_HANDYMAX_50K,20.998619147302907,77.68014467704002,14.096236965017281,14.936777681144669,11.50143490545397,58000.0,121.77239965212081,2144.8746375567066,168199.3958506879,403.6316246772507,11.133845328143375,50.63638968728515,0.9069418091355822,7.8437916950335955,269.29570441395174,0.6716868911592966,298.4468838388133,452.55472341764636,37700.0,37700.0,23.83194041729674,vlsfo
SYNTHETIC_TEST_DATA,2026-03-02T06:35:00+00:00,VESSEL_HM_03,bulk_handymax,CLASS_HANDYMAX_50K,21.004015814714307,77.69273690099995,12.954227594052728,13.732074581233976,11.551391579421615,58000.0,117.43546849244231,1688.8334873937622,137327.94752471536,313.1795499210214,5.363238743401099,12.970135765042405,1.5795557782764873,6.8423270733082395,316.9483153137721,0.5390099960390157,284.84188357523783,329.9748726184851,37700.0,37700.0,18.764816526597357,vlsfo
SYNTHETIC_TEST_DATA,2026-03-02T06:40:00+00:00,VESSEL_HM_03,bulk_handymax,CLASS_HANDYMAX_50K,21.009671276943024,77.70593297953361,13.575441893195457,12.406282124563857,11.587086191435008,58000.0,112.66261564842989,1245.227043951118,105545.591060112,231.849002645697,9.458328672549605,338.9463858187579,1.5482773731499166,5.910955963576104,221.61541264121226,0.7103444180390992,95.78898845352123,741.9594637073822,37700.0,37700.0,13.835856043901313,vlsfo
SYNTHETIC_TEST_DATA,2026-03-02T06:45:00+00:00,VESSEL_HM_03,bulk_handymax,CLASS_HANDYMAX_50K,21.015224564283535,77.7188906499948,13.330180020396078,13.672530801916464,11.390246011071335,58000.0,117.22111088689927,1727.1019032506415,140696.57063272916,322.3801610243564,5.232209310419037,75.55806680596363,2.252972061989491,7.2915636135770185,319.1816530489274,0.19230673099260254,279.826957585595,466.3912395350382,37700.0,37700.0,19.19002114722935,vlsfo
SYNTHETIC_TEST_DATA,2026-03-02T06:50:00+00:00,VESSEL_HM_03,bulk_handymax,CLASS_HANDYMAX_50K,21.021419863604006,77.73334634840924,14.871273564338336,13.966903789481524,11.510208150766191,58000.0,118.28085364213348,1941.8671927096636,156774.87253319952,362.5473460487082,7.724402188049302,15.571596725099583,1.803571233313842,6.453520622991223,20.898486630887643,0.4899235989032516,64.86637385413727,438.62213570372114,37700.0,37700.0,21.576302141218484,vlsfo
SYNTHETIC_TEST_DATA,2026-03-02T06:55:00+00:00,VESSEL_HM_03,bulk_handymax,CLASS_HANDYMAX_50K,21.026595253174552,77.74542225740718,12.423069511958493,12.966682830378545,11.542901362207456,58000.0,114.68005818936277,1682.490935148406,140099.3790536874,323.32417590571515,9.39491928671128,34.91330894609153,1.646901780379756,7.665404900972929,39.77504212255107,0.33627992571965265,211.1752481600822,502.12054593323643,37700.0,37700.0,18.694343723871178,vlsfo
SYNTHETIC_TEST_DATA,2026-03-02T07:00:00+00:00,VESSEL_HM_03,bulk_handymax,CLASS_HANDYMAX_50K,21.03225508881847,77.75862854057632,13.585939893454965,15.00357227386105,11.492848686510854,58000.0,122.01286018589978,2241.6457245138204,175441.6692668026,418.076744678299,7.923706442082408,149.00360203297288,1.6677313132148202,5.147183985849985,21.394883344701732,0.6998218300630723,242.20152776263166,491.0171092549724,37700.0,37700.0,24.907174716820226,vlsfo
SYNTHETIC_TEST_DATA,2026-03-02T07:05:00+00:00,VESSEL_HM_03,bulk_handymax,CLASS_HANDYMAX_50K,21.037737156340103,77.77142003146014,13.15922308111941,12.010257644937209,11.444090945231517,58000.0,111.23692752177395,1256.1114752446829,107832.72505644053,247.93816149782012,8.53105789549717,334.11897130113243,1.1642681197337947,5.941156814653398,63.509257618502126,0.630506034539805,39.35746415191167,324.81350605879686,37700.0,37700.0,13.956794169385365,vlsfo
SYNTHETIC_TEST_DATA,2026-03-02T07:10:00+00:00,VESSEL_HM_03,bulk_handymax,CLASS_HANDYMAX_50K,21.042537073616508,77.78261983843842,11.521781145866708,12.758674921470725,11.498065586645986,58000.0,113.93122971729461,1324.2097494673437,110990.39017194905,249.82200926961346,4.745550283562952,270.253706593617,1.4210925901411522,6.097789032027666,204.82624326033704,0.669570371298085,224.294501795048,374.41542467970544,37700.0,37700.0,14.713441660748265,vlsfo
SYNTHETIC_TEST_DATA,2026-03-02T07:15:00+00:00,VESSEL_HM_03,bulk_handymax,CLASS_HANDYMAX_50K,21.047880167194737,77.79508705678762,12.825628298405524,13.93541789594787,11.511711484572308,58000.0,118.16750442541233,1774.5964020570516,143407.84672764916,338.9632575549018,9.01359254782597,34.42370209860419,1.5709115875598032,7.42996652703511,343.29646005773657,0.6792657097485892,279.173657065794,749.2226078198221,37700.0,37700.0,19.717737800633905,vlsfo
SYNTHETIC_TEST_DATA,2026-03-02T07:20:00+00:00,VESSEL_HM_03,bulk_handymax,CLASS_HANDYMAX_50K,21.054375874945087,77.8102437082051,15.592377696789454,15.089981224385031,11.452478604203483,58000.0,122.32393240778612,2210.4964951211,172563.8329119508,409.245828693349,4.996580604143551,77.49297861740274,1.5115831781549138,6.392616099101682,194.74064637440134,0.6354799760718407,127.67157976244916,495.4522702575633,37700.0,37700.0,24.56107216801222,vlsfo
SYNTHETIC_TEST_DATA,2026-03-02T07:25:00+00:00,VESSEL_HM_03,bulk_handymax,CLASS_HANDYMAX_50K,21.060392737872597,77.82428305503596,14.442952626749605,13.377935372221396,11.387196556285687,58000.0,116.16056733999702,1487.2443971421233,122262.98621531899,289.05372111674234,4.6412891358788375,20.090444170095545,1.209686250366811,6.728989467192243,312.049708856361,0.738379968835769,21.86414158459268,663.9666313745334,37700.0,37700.0,16.52493774602359,vlsfo
SYNTHETIC_TEST_DATA,2026-03-02T07:30:00+00:00,VESSEL_HM_03,bulk_handymax,CLASS_HANDYMAX_50K,21.066301005486473,77.83806901280167,14.182279084873727,15.135177291608692,11.519992941488134,58000.0,122.4866382497913,2270.6802714077826,177026.6510076633,416.19491526520903,7.537017545575656,342.6360510506196,1.3818737676151003,5.432108960110522,1.0292474478032343,0.5455582600244423,270.6668793583921,482.37860092025807,37700.0,37700.0,25.229780793419803,vlsfo
SYNTHETIC_TEST_DATA,2026-03-02T07:35:00+00:00,VESSEL_HM_03,bulk_handymax,CLASS_HANDYMAX_50K,21.072972538558773,77.8536359233037,16.014430987032767,15.144670225685639,11.503350217090023,58000.0,122.52081281246831,2144.417010031624,167136.2894331748,394.96095325139765,6.038647167922448,288.36903979789645,0.6794793527821582,8.965296951045726,249.92711052404087,0.5000683778156547,36.30873415809849,42.150751904605734,37700.0,37700.0,23.826855667018044,vlsfo
SYNTHETIC_TEST_DATA,2026-03-02T07:40:00+00:00,VESSEL_HM_03,bulk_handymax,CLASS_HANDYMAX_50K,21.07816277696575,77.86574647958665,12.458712843667913,12.801694065657173,11.428829994767899,58000.0,114.08609863636582,1774.9340643085975,148566.49497532504,335.19865135684813,6.145909636280527,125.77251783432844,2.717266334424579,6.711979417819872,12.543859975318593,0.17218662442088667,239.96091333193044,463.15533208778555,37700.0,37700.0,19.72148960342886,vlsfo
SYNTHETIC_TEST_DATA,2026-03-02T07:45:00+00:00,VESSEL_HM_03,bulk_handymax,CLASS_HANDYMAX_50K,21.083754446398576,77.87879370826325,13.422312872297717,13.811476713864051,11.586526397755943,58000.0,117.72131616991058,2250.2042855474374,182531.66715934797,410.54099577894266,5.383009345382775,53.63058104148363,2.364576614343176,7.204720812660803,78.18035638420909,0.4295529762010682,183.7534807097299,194.37602787295137,37700.0,37700.0,25.00226983941597,vlsfo
SYNTHETIC_TEST_DATA,2026-03-02T07:50:00+00:00,VESSEL_HM_03,bulk_handymax,CLASS_HANDYMAX_50K,21.089698231832422,77.89266254094223,14.267536501808717,15.01562949213723,11.463462077852371,58000.0,122.05626617169403,2161.269450551999,169090.892519188,402.22896569950035,6.972300465801175,266.82508147657535,1.6162215470029846,6.704326725749246,146.46857892943402,0.6126948565944934,197.5732240709903,141.81553589661024,37700.0,37700.0,24.01410500613332,vlsfo
SYNTHETIC_TEST_DATA,2026-03-02T07:55:00+00:00,VESSEL_HM_03,bulk_handymax,CLASS_HANDYMAX_50K,21.09560181614141,77.90643757099653,14.17103722155945,13.637827245943459,11.419198429234699,58000.0,117.09617808539645,1626.380747466884,132632.78419902312,309.69654398844784,10.55071881146079,154.98944104895617,1.518568007688483,7.2540992818993795,259.3456529270398,0.4655397290423635,12.895895747576219,149.34456300596844,37700.0,37700.0,18.070897194076487,vlsfo
SYNTHETIC_TEST_DATA,2026-03-02T08:00:00+00:00,VESSEL_HM_03,bulk_handymax,CLASS_HANDYMAX_50K,21.10169125268133,77.92064625625635,14.617159228870202,13.489250524323497,11.557895661464256,58000.0,116.56130188756458,1754.6760214922367,143752.0126266386,332.0906253013903,4.570969714165276,272.73488200154503,1.7092184639545658,8.693343634196358,60.96644113775432,0.8767122526739891,114.71535350551123,556.7100991182546,37700.0,37700.0,19.49640023880263,vlsfo
SYNTHETIC_TEST_DATA,2026-03-02T08:05:00+00:00,VESSEL_HM_03,bulk_handymax,CLASS_HANDYMAX_50K,21.10681348796939,77.93259813859515,12.295477310986932,13.179197758344175,11.41254707883642,58000.0,115.44511193003903,1491.9071321176361,123406.38286416266,282.30740818869526,6.744759920780558,65.42796463152627,1.1767807194551414,6.291205176971223,325.55287814763955,0.43110494946351086,249.73150471693748,87.79609450552111,37700.0,37700.0,16.57674591241818,vlsfo
SYNTHETIC_TEST_DATA,2026-03-02T08:10:00+00:00,VESSEL_HM_03,bulk_handymax,CLASS_HANDYMAX_50K,21.11233523558664,77.94548221636873,13.254471676294408,13.366539451520797,11.533505204586858,58000.0,116.11954202547487,1781.9928887362473,146545.34724297788,337.6074029550033,5.094343565477759,5.5602559575629185,1.6046383503895634,6.371138527457961,59.44381533368754,0.057060748943049466,263.7602017216153,135.53747489289537,37700.0,37700.0,19.799920985958302,vlsfo
SYNTHETIC_TEST_DATA,2026-03-02T08:15:00+00:00,VESSEL_HM_03,bulk_handymax,CLASS_HANDYMAX_50K,21.118126123626407,77.95899428846153,13.900519694867825,13.96587287128701,11.506650329099404,58000.0,118.27714233663323,1791.5519619466145,144643.8482956858,337.9014680330174,5.800559049010586,30.935592754440794,1.019357793694028,5.594585732524321,91.85009414217178,0.575028885861422,157.79430535744265,52.80306838128854,37700.0,37700.0,19.906132910517936,vlsfo
SYNTHETIC_TEST_DATA,2026-03-02T08:20:00+00:00,VESSEL_HM_03,bulk_handymax,CLASS_HANDYMAX_50K,21.123422222589987,77.97135185270987,12.712821840736378,11.831211901835903,11.552564343258723,58000.0,110.59236284660926,1001.2507121799625,86454.79453517657,193.7847407299428,6.5940774135910525,297.9750726658794,0.42454771624804466,6.551669146129611,336.7105946493812,0.49062266014022027,36.17596241462094,782.3616746744161,37700.0,37700.0,11.125007913110695,vlsfo
SYNTHETIC_TEST_DATA,2026-03-02T08:25:00+00:00,VESSEL_HM_03,bulk_handymax,CLASS_HANDYMAX_50K,21.129050924891228,77.98448549141277,13.511207030365172,13.826813669709646,11.627925591655222,58000.0,117.77652921095472,1712.461487324357,138846.0225758564,315.43808167013015,5.521563993586459,35.99203631614823,1.777179952499484,5.334535233861255,217.57873937199273,0.42977485243498664,174.0157834847049,611.3643974151437,37700.0,37700.0,19.02734985915952,vlsfo
SYNTHETIC_TEST_DATA,2026-03-02T08:30:00+00:00,VESSEL_HM_03,bulk_handymax,CLASS_HANDYMAX_50K,21.133914301729288,77.99583337070158,11.674110267157314,12.42263550596163,11.472320000837533,58000.0,112.72148782146186,1250.3196718025015,105921.89300814908,235.6092746797276,4.632352407818852,357.3609701217806,1.9322595998369652,5.932546264736752,238.13234734050707,0.6007247440054628,194.1226832594678,302.8407140146385,37700.0,37700.0,13.892440797805572,vlsfo
SYNTHETIC_TEST_DATA,2026-03-02T08:35:00+00:00,VESSEL_HM_03,bulk_handymax,CLASS_HANDYMAX_50K,21.13974582925479,78.00944026826107,13.998071222021133,12.836863250734513,11.46660584251062,58000.0,114.21270770264425,1319.9101242617353,110357.36299688276,250.26213402392415,6.869189858521658,272.84068068441985,0.4352905466807895,5.600838734944126,199.65496686951792,0.7339628902838186,27.766595985902875,310.1859154147532,37700.0,37700.0,14.665668047352614,vlsfo
SYNTHETIC_TEST_DATA,2026-03-02T08:40:00+00:00,VESSEL_HM_03,bulk_handymax,CLASS_HANDYMAX_50K,21.145340524917827,78.0224945581415,13.429577072952075,12.446996049261454,11.551244875347107,58000.0,112.80918577734124,1560.6914131664828,132112.5144206544,294.76842103554975,6.320940825013036,22.860283409996633,1.9100668287556386,7.897629769219,95.5243496684688,0.6178661622995938,97.8742343280679,333.719556578498,37700.0,37700.0,17.34101570184981,vlsfo
SYNTHETIC_TEST_DATA,2026-03-02T08:45:00+00:00,VESSEL_HM_03,bulk_handymax,CLASS_HANDYMAX_50K,21.15074413666782,78.03510298555815,12.970896870807119,13.90535624956439,11.55095191400083,58000.0,118.0592824984318,1755.8835367189347,142025.7035864385,333.40863712136417,8.8297202980045,345.11640898664535,1.4716554262846142,8.444424240211593,170.33532315842217,0.5016993536276444,243.01425846393258,792.1062485077621,37700.0,37700.0,19.50981707465483,vlsfo
SYNTHETIC_TEST_DATA,2026-03-02T08:50:00+00:00,VESSEL_HM_03,bulk_handymax,CLASS_HANDYMAX_50K,21.156192604195578,78.04781607645624,13.07856923779609,12.85236505768141,11.531035786535988,58000.0,114.26851420765308,1334.1328286080818,111492.04269600681,249.11926399139784,2.5280698914626596,77.51412078209599,1.4223896062198946,6.742587428019839,211.25630813809863,0.2947919081907445,4.604135048275109,715.3048709335968,37700.0,37700.0,14.823698095645355,vlsfo
SYNTHETIC_TEST_DATA,2026-03-02T08:55:00+00:00,VESSEL_HM_03,bulk_handymax,CLASS_HANDYMAX_50K,21.16144849459972,78.06007982073258,12.616304714435662,12.659118503420846,11.446433520085314,58000.0,113.57282661231505,1273.964958790894,107116.02056514169,249.74087517055193,5.45399878032072,258.10016622454725,1.2129204519568135,7.206147538239545,247.25411710646088,0.5046967333364549,329.0718514563122,599.7489173531989,37700.0,37700.0,14.155166208787708,vlsfo
SYNTHETIC_TEST_DATA,2026-03-02T09:00:00+00:00,VESSEL_HM_03,bulk_handymax,CLASS_HANDYMAX_50K,21.167004279572055,78.07304331900136,13.33617536689625,12.308290800829495,11.471261539070856,58000.0,112.30984688298618,1257.5102783831683,106921.51170078694,248.81715936053632,5.6019206137251185,235.87833459134345,1.130594040096675,7.457320113531832,19.68637862241353,0.8098839907479556,117.05887972928767,358.3139919791214,37700.0,37700.0,13.972336426479648,vlsfo
SYNTHETIC_TEST_DATA,2026-03-02T09:05:00+00:00,VESSEL_HM_03,bulk_handymax,CLASS_HANDYMAX_50K,21.172291743480844,78.08538073478853,12.69209414779163,13.143010742160975,11.497178528540182,58000.0,115.31483867177951,1604.9898851355042,132910.25341094565,300.0317127738388,6.988297504055452,218.31916436455046,1.8590878113473697,6.792200557201071,114.82469884392445,0.22115366148995674,221.6095222173702,647.698419580647,37700.0,37700.0,17.833220945950046,vlsfo
SYNTHETIC_TEST_DATA,2026-03-02T09:10:00+00:00,VESSEL_HM_03,bulk_handymax,CLASS_HANDYMAX_50K,21.1787145495244,78.1003672822235,15.417383532835798,15.275611475446588,11.521270749230595,58000.0,122.99220131160772,2298.2360212159087,178438.44695891667,426.8229607777612,11.71705288640415,47.064372829576705,1.0046598239120805,5.456145156491989,9.928065830686714,0.4922561387045872,341.3989107206648,103.5229143310885,37700.0,37700.0,25.535955791287872,vlsfo
SYNTHETIC_TEST_DATA,2026-03-02T09:15:00+00:00,VESSEL_HM_03,bulk_handymax,CLASS_HANDYMAX_50K,21.184264831199577,78.11331793946559,13.322965183935167,12.751589340728883,11.487684313820889,58000.0,113.90572162662397,1881.1988551163263,157710.47799266808,354.2974281522477,2.676615696558354,339.32319742090493,2.2157313254776247,8.562391221689346,68.87691929981649,0.36410551427718624,93.60193714016735,617.1830201177463,37700.0,37700.0,20.902209501292514,vlsfo
SYNTHETIC_TEST_DATA,2026-03-01T15:45:00+00:00,VESSEL_HM_03,bulk_handymax,CLASS_HANDYMAX_50K,19.994663215430684,75.33758083600478,12.879976111466505,13.556466265084229,11.513909501468119,58000.0,116.80327855430323,1688.9659112855913,138082.05222758593,324.2303352422713,7.485699549570106,237.96643213444327,1.622405331560701,6.121172462782459,21.133222992120967,0.5662864208073098,198.90883902692923,634.0913166921405,37700.0,37700.0,18.766287903173236,vlsfo
SYNTHETIC_TEST_DATA,2026-03-02T04:15:00+00:00,VESSEL_HM_03,bulk_handymax,CLASS_HANDYMAX_50K,20.84220330718942,77.31517438344189,12.584788221835927,13.253004774623069,11.563752305910292,58000.0,115.71081718864305,1549.5990423766855,127884.16160054038,298.8254227194122,6.9793529172305435,203.14768395113936,2.0824559027125216,8.697508201382934,304.73822221052023,0.876415946443146,313.0652110524334,262.40592644777786,37700.0,37700.0,17.217767137518727,vlsfo
SYNTHETIC_TEST_DATA,2026-03-01T15:45:00+00:00,VESSEL_FE_02,container_feeder,CLASS_FEEDER_1000,20.088927771549653,75.55753146694919,14.499475683718481,13.50071162332485,8.09163965815115,15300.0,116.60256184396945,1301.1549046916837,106559.52915702885,275.01715666076433,3.794573752798696,256.6367484001897,1.3022781028430073,8.110359476763492,194.61584572802676,0.4985800476181715,63.665592518541125,705.7579779054917,9945.0,9945.0,8.674366031277891,vlsfo
