evaluation,fitness,physical_fitness,penalty,is_feasible,assigned_demands,speed_decisions,fuel_decisions,hard_violations
1,501000.0,1000.0,500000.0,False,"{'CPS_Poseidon': 'DEMAND-B', 'CPS_Triton': 'DEMAND-B', 'OSS_Ceto': 'DEMAND-B'}","{'CPS_Poseidon': 18.06, 'CPS_Triton': 7.92, 'OSS_Ceto': 7.0}","{'CPS_Poseidon': 'fossil_lng', 'CPS_Triton': 'green_ammonia', 'OSS_Ceto': 'liquid_hydrogen'}","CPS_Triton: Incompatible fuel green_ammonia for Coastal Princess Triton (authorized: ['vlsfo', 'bio_methanol']); OSS_Ceto: Incompatible fuel liquid_hydrogen for Ocean Supply Ship Ceto (authorized: ['vlsfo', 'mgo', 'bio_methanol', 'green_ammonia']); Mandatory demand DEMAND-A is unfulfilled.; Duplicate demand DEMAND-B assigned to 3 vessels (must be exactly 1).; Mandatory demand DEMAND-C is unfulfilled."
2,401000.0,1000.0,400000.0,False,"{'CPS_Poseidon': 'DEMAND-B', 'CPS_Triton': 'DEMAND-B', 'OSS_Ceto': 'UNASSIGNED'}","{'CPS_Poseidon': 14.75, 'CPS_Triton': 7.71, 'OSS_Ceto': 11.42}","{'CPS_Poseidon': 'bio_methanol', 'CPS_Triton': 'green_ammonia', 'OSS_Ceto': 'fossil_lng'}","CPS_Triton: Incompatible fuel green_ammonia for Coastal Princess Triton (authorized: ['vlsfo', 'bio_methanol']); OSS_Ceto: Incompatible fuel fossil_lng for Ocean Supply Ship Ceto (authorized: ['vlsfo', 'mgo', 'bio_methanol', 'green_ammonia']); Mandatory demand DEMAND-A is unfulfilled.; Duplicate demand DEMAND-B assigned to 2 vessels (must be exactly 1).; Mandatory demand DEMAND-C is unfulfilled."
3,151000.0,1000.0,150000.0,False,"{'CPS_Poseidon': 'DEMAND-B', 'CPS_Triton': 'DEMAND-A', 'OSS_Ceto': 'UNASSIGNED'}","{'CPS_Poseidon': 8.47, 'CPS_Triton': 13.57, 'OSS_Ceto': 7.68}","{'CPS_Poseidon': 'fossil_lng', 'CPS_Triton': 'vlsfo', 'OSS_Ceto': 'green_ammonia'}","CPS_Triton: Incompatible assignment: Demand DEMAND-A requires luxury passenger cruise vessel, but Coastal Princess Triton is passenger_cruise_small; Mandatory demand DEMAND-C is unfulfilled."
4,351000.0,1000.0,350000.0,False,"{'CPS_Poseidon': 'DEMAND-C', 'CPS_Triton': 'DEMAND-B', 'OSS_Ceto': 'DEMAND-B'}","{'CPS_Poseidon': 18.43, 'CPS_Triton': 16.92, 'OSS_Ceto': 9.28}","{'CPS_Poseidon': 'vlsfo', 'CPS_Triton': 'bio_methanol', 'OSS_Ceto': 'vlsfo'}","CPS_Poseidon: Incompatible assignment: Demand DEMAND-C requires offshore deck cargo capability, not supported by Crown Princess Poseidon; OSS_Ceto: Incompatible assignment: Demand DEMAND-B requires passenger vessel, but Ocean Supply Ship Ceto is offshore_supply; Mandatory demand DEMAND-A is unfulfilled.; Duplicate demand DEMAND-B assigned to 2 vessels (must be exactly 1)."
5,401000.0,1000.0,400000.0,False,"{'CPS_Poseidon': 'DEMAND-B', 'CPS_Triton': 'UNASSIGNED', 'OSS_Ceto': 'DEMAND-B'}","{'CPS_Poseidon': 20.36, 'CPS_Triton': 17.13, 'OSS_Ceto': 6.9}","{'CPS_Poseidon': 'green_ammonia', 'CPS_Triton': 'bio_methanol', 'OSS_Ceto': 'bio_methanol'}","CPS_Poseidon: Incompatible fuel green_ammonia for Crown Princess Poseidon (authorized: ['vlsfo', 'fossil_lng', 'bio_methanol']); OSS_Ceto: Incompatible assignment: Demand DEMAND-B requires passenger vessel, but Ocean Supply Ship Ceto is offshore_supply; Mandatory demand DEMAND-A is unfulfilled.; Duplicate demand DEMAND-B assigned to 2 vessels (must be exactly 1).; Mandatory demand DEMAND-C is unfulfilled."
6,351000.0,1000.0,350000.0,False,"{'CPS_Poseidon': 'DEMAND-B', 'CPS_Triton': 'DEMAND-B', 'OSS_Ceto': 'DEMAND-C'}","{'CPS_Poseidon': 13.89, 'CPS_Triton': 16.46, 'OSS_Ceto': 12.5}","{'CPS_Poseidon': 'vlsfo', 'CPS_Triton': 'green_ammonia', 'OSS_Ceto': 'fossil_lng'}","CPS_Triton: Incompatible fuel green_ammonia for Coastal Princess Triton (authorized: ['vlsfo', 'bio_methanol']); OSS_Ceto: Incompatible fuel fossil_lng for Ocean Supply Ship Ceto (authorized: ['vlsfo', 'mgo', 'bio_methanol', 'green_ammonia']); Mandatory demand DEMAND-A is unfulfilled.; Duplicate demand DEMAND-B assigned to 2 vessels (must be exactly 1)."
7,501000.0,1000.0,500000.0,False,"{'CPS_Poseidon': 'DEMAND-C', 'CPS_Triton': 'DEMAND-C', 'OSS_Ceto': 'UNASSIGNED'}","{'CPS_Poseidon': 8.63, 'CPS_Triton': 7.57, 'OSS_Ceto': 8.75}","{'CPS_Poseidon': 'green_ammonia', 'CPS_Triton': 'fossil_lng', 'OSS_Ceto': 'fossil_lng'}","CPS_Poseidon: Incompatible fuel green_ammonia for Crown Princess Poseidon (authorized: ['vlsfo', 'fossil_lng', 'bio_methanol']); CPS_Triton: Incompatible fuel fossil_lng for Coastal Princess Triton (authorized: ['vlsfo', 'bio_methanol']); OSS_Ceto: Incompatible fuel fossil_lng for Ocean Supply Ship Ceto (authorized: ['vlsfo', 'mgo', 'bio_methanol', 'green_ammonia']); Mandatory demand DEMAND-A is unfulfilled.; Mandatory demand DEMAND-B is unfulfilled.; Duplicate demand DEMAND-C assigned to 2 vessels (must be exactly 1)."
8,451000.0,1000.0,450000.0,False,"{'CPS_Poseidon': 'DEMAND-A', 'CPS_Triton': 'DEMAND-B', 'OSS_Ceto': 'DEMAND-B'}","{'CPS_Poseidon': 18.83, 'CPS_Triton': 6.48, 'OSS_Ceto': 6.94}","{'CPS_Poseidon': 'green_ammonia', 'CPS_Triton': 'green_ammonia', 'OSS_Ceto': 'fossil_lng'}","CPS_Poseidon: Incompatible fuel green_ammonia for Crown Princess Poseidon (authorized: ['vlsfo', 'fossil_lng', 'bio_methanol']); CPS_Triton: Incompatible fuel green_ammonia for Coastal Princess Triton (authorized: ['vlsfo', 'bio_methanol']); OSS_Ceto: Incompatible fuel fossil_lng for Ocean Supply Ship Ceto (authorized: ['vlsfo', 'mgo', 'bio_methanol', 'green_ammonia']); Duplicate demand DEMAND-B assigned to 2 vessels (must be exactly 1).; Mandatory demand DEMAND-C is unfulfilled."
9,251000.0,1000.0,250000.0,False,"{'CPS_Poseidon': 'DEMAND-A', 'CPS_Triton': 'DEMAND-C', 'OSS_Ceto': 'UNASSIGNED'}","{'CPS_Poseidon': 18.93, 'CPS_Triton': 8.95, 'OSS_Ceto': 10.76}","{'CPS_Poseidon': 'bio_methanol', 'CPS_Triton': 'vlsfo', 'OSS_Ceto': 'fossil_lng'}","CPS_Triton: Cargo demand (3200.0 t) exceeds Coastal Princess Triton deadweight capacity (1800.0 t); OSS_Ceto: Incompatible fuel fossil_lng for Ocean Supply Ship Ceto (authorized: ['vlsfo', 'mgo', 'bio_methanol', 'green_ammonia']); Mandatory demand DEMAND-B is unfulfilled."
10,201000.0,1000.0,200000.0,False,"{'CPS_Poseidon': 'DEMAND-B', 'CPS_Triton': 'DEMAND-A', 'OSS_Ceto': 'DEMAND-C'}","{'CPS_Poseidon': 15.09, 'CPS_Triton': 9.76, 'OSS_Ceto': 5.66}","{'CPS_Poseidon': 'liquid_hydrogen', 'CPS_Triton': 'vlsfo', 'OSS_Ceto': 'green_ammonia'}","CPS_Poseidon: Incompatible fuel liquid_hydrogen for Crown Princess Poseidon (authorized: ['vlsfo', 'fossil_lng', 'bio_methanol']); CPS_Triton: Incompatible assignment: Demand DEMAND-A requires luxury passenger cruise vessel, but Coastal Princess Triton is passenger_cruise_small"
11,451000.0,1000.0,450000.0,False,"{'CPS_Poseidon': 'DEMAND-C', 'CPS_Triton': 'DEMAND-B', 'OSS_Ceto': 'DEMAND-C'}","{'CPS_Poseidon': 13.36, 'CPS_Triton': 9.37, 'OSS_Ceto': 12.82}","{'CPS_Poseidon': 'bio_methanol', 'CPS_Triton': 'liquid_hydrogen', 'OSS_Ceto': 'liquid_hydrogen'}","CPS_Poseidon: Incompatible assignment: Demand DEMAND-C requires offshore deck cargo capability, not supported by Crown Princess Poseidon; CPS_Triton: Incompatible fuel liquid_hydrogen for Coastal Princess Triton (authorized: ['vlsfo', 'bio_methanol']); OSS_Ceto: Incompatible fuel liquid_hydrogen for Ocean Supply Ship Ceto (authorized: ['vlsfo', 'mgo', 'bio_methanol', 'green_ammonia']); Mandatory demand DEMAND-A is unfulfilled.; Duplicate demand DEMAND-C assigned to 2 vessels (must be exactly 1)."
12,251000.0,1000.0,250000.0,False,"{'CPS_Poseidon': 'DEMAND-B', 'CPS_Triton': 'UNASSIGNED', 'OSS_Ceto': 'DEMAND-C'}","{'CPS_Poseidon': 9.2, 'CPS_Triton': 9.92, 'OSS_Ceto': 14.65}","{'CPS_Poseidon': 'bio_methanol', 'CPS_Triton': 'fossil_lng', 'OSS_Ceto': 'fossil_lng'}","CPS_Triton: Incompatible fuel fossil_lng for Coastal Princess Triton (authorized: ['vlsfo', 'bio_methanol']); OSS_Ceto: Incompatible fuel fossil_lng for Ocean Supply Ship Ceto (authorized: ['vlsfo', 'mgo', 'bio_methanol', 'green_ammonia']); Mandatory demand DEMAND-A is unfulfilled."
13,501000.0,1000.0,500000.0,False,"{'CPS_Poseidon': 'DEMAND-A', 'CPS_Triton': 'DEMAND-A', 'OSS_Ceto': 'DEMAND-A'}","{'CPS_Poseidon': 13.19, 'CPS_Triton': 17.32, 'OSS_Ceto': 12.36}","{'CPS_Poseidon': 'fossil_lng', 'CPS_Triton': 'green_ammonia', 'OSS_Ceto': 'vlsfo'}","CPS_Triton: Incompatible fuel green_ammonia for Coastal Princess Triton (authorized: ['vlsfo', 'bio_methanol']); OSS_Ceto: Incompatible assignment: Demand DEMAND-A requires luxury passenger cruise vessel, but Ocean Supply Ship Ceto is offshore_supply; Duplicate demand DEMAND-A assigned to 3 vessels (must be exactly 1).; Mandatory demand DEMAND-B is unfulfilled.; Mandatory demand DEMAND-C is unfulfilled."
14,301000.0,1000.0,300000.0,False,"{'CPS_Poseidon': 'DEMAND-C', 'CPS_Triton': 'DEMAND-A', 'OSS_Ceto': 'DEMAND-B'}","{'CPS_Poseidon': 21.01, 'CPS_Triton': 9.65, 'OSS_Ceto': 14.62}","{'CPS_Poseidon': 'bio_methanol', 'CPS_Triton': 'green_ammonia', 'OSS_Ceto': 'fossil_lng'}","CPS_Poseidon: Incompatible assignment: Demand DEMAND-C requires offshore deck cargo capability, not supported by Crown Princess Poseidon; CPS_Triton: Incompatible fuel green_ammonia for Coastal Princess Triton (authorized: ['vlsfo', 'bio_methanol']); OSS_Ceto: Incompatible fuel fossil_lng for Ocean Supply Ship Ceto (authorized: ['vlsfo', 'mgo', 'bio_methanol', 'green_ammonia'])"
15,401000.0,1000.0,400000.0,False,"{'CPS_Poseidon': 'UNASSIGNED', 'CPS_Triton': 'DEMAND-B', 'OSS_Ceto': 'DEMAND-B'}","{'CPS_Poseidon': 11.94, 'CPS_Triton': 8.92, 'OSS_Ceto': 12.21}","{'CPS_Poseidon': 'vlsfo', 'CPS_Triton': 'green_ammonia', 'OSS_Ceto': 'bio_methanol'}","CPS_Triton: Incompatible fuel green_ammonia for Coastal Princess Triton (authorized: ['vlsfo', 'bio_methanol']); OSS_Ceto: Incompatible assignment: Demand DEMAND-B requires passenger vessel, but Ocean Supply Ship Ceto is offshore_supply; Mandatory demand DEMAND-A is unfulfilled.; Duplicate demand DEMAND-B assigned to 2 vessels (must be exactly 1).; Mandatory demand DEMAND-C is unfulfilled."
16,351000.0,1000.0,350000.0,False,"{'CPS_Poseidon': 'DEMAND-A', 'CPS_Triton': 'DEMAND-A', 'OSS_Ceto': 'DEMAND-B'}","{'CPS_Poseidon': 14.27, 'CPS_Triton': 9.41, 'OSS_Ceto': 9.01}","{'CPS_Poseidon': 'fossil_lng', 'CPS_Triton': 'bio_methanol', 'OSS_Ceto': 'fossil_lng'}","CPS_Triton: Incompatible assignment: Demand DEMAND-A requires luxury passenger cruise vessel, but Coastal Princess Triton is passenger_cruise_small; OSS_Ceto: Incompatible fuel fossil_lng for Ocean Supply Ship Ceto (authorized: ['vlsfo', 'mgo', 'bio_methanol', 'green_ammonia']); Duplicate demand DEMAND-A assigned to 2 vessels (must be exactly 1).; Mandatory demand DEMAND-C is unfulfilled."
17,351000.0,1000.0,350000.0,False,"{'CPS_Poseidon': 'DEMAND-A', 'CPS_Triton': 'DEMAND-B', 'OSS_Ceto': 'DEMAND-A'}","{'CPS_Poseidon': 13.23, 'CPS_Triton': 12.06, 'OSS_Ceto': 6.44}","{'CPS_Poseidon': 'fossil_lng', 'CPS_Triton': 'fossil_lng', 'OSS_Ceto': 'bio_methanol'}","CPS_Triton: Incompatible fuel fossil_lng for Coastal Princess Triton (authorized: ['vlsfo', 'bio_methanol']); OSS_Ceto: Incompatible assignment: Demand DEMAND-A requires luxury passenger cruise vessel, but Ocean Supply Ship Ceto is offshore_supply; Duplicate demand DEMAND-A assigned to 2 vessels (must be exactly 1).; Mandatory demand DEMAND-C is unfulfilled."
18,501000.0,1000.0,500000.0,False,"{'CPS_Poseidon': 'DEMAND-A', 'CPS_Triton': 'DEMAND-A', 'OSS_Ceto': 'DEMAND-A'}","{'CPS_Poseidon': 16.31, 'CPS_Triton': 16.25, 'OSS_Ceto': 7.1}","{'CPS_Poseidon': 'fossil_lng', 'CPS_Triton': 'green_ammonia', 'OSS_Ceto': 'liquid_hydrogen'}","CPS_Triton: Incompatible fuel green_ammonia for Coastal Princess Triton (authorized: ['vlsfo', 'bio_methanol']); OSS_Ceto: Incompatible fuel liquid_hydrogen for Ocean Supply Ship Ceto (authorized: ['vlsfo', 'mgo', 'bio_methanol', 'green_ammonia']); Duplicate demand DEMAND-A assigned to 3 vessels (must be exactly 1).; Mandatory demand DEMAND-B is unfulfilled.; Mandatory demand DEMAND-C is unfulfilled."
19,351000.0,1000.0,350000.0,False,"{'CPS_Poseidon': 'DEMAND-A', 'CPS_Triton': 'DEMAND-A', 'OSS_Ceto': 'DEMAND-B'}","{'CPS_Poseidon': 20.19, 'CPS_Triton': 13.9, 'OSS_Ceto': 6.78}","{'CPS_Poseidon': 'fossil_lng', 'CPS_Triton': 'green_ammonia', 'OSS_Ceto': 'fossil_lng'}","CPS_Triton: Incompatible fuel green_ammonia for Coastal Princess Triton (authorized: ['vlsfo', 'bio_methanol']); OSS_Ceto: Incompatible fuel fossil_lng for Ocean Supply Ship Ceto (authorized: ['vlsfo', 'mgo', 'bio_methanol', 'green_ammonia']); Duplicate demand DEMAND-A assigned to 2 vessels (must be exactly 1).; Mandatory demand DEMAND-C is unfulfilled."
20,351000.0,1000.0,350000.0,False,"{'CPS_Poseidon': 'DEMAND-B', 'CPS_Triton': 'DEMAND-A', 'OSS_Ceto': 'DEMAND-B'}","{'CPS_Poseidon': 13.45, 'CPS_Triton': 15.11, 'OSS_Ceto': 13.47}","{'CPS_Poseidon': 'fossil_lng', 'CPS_Triton': 'fossil_lng', 'OSS_Ceto': 'liquid_hydrogen'}","CPS_Triton: Incompatible fuel fossil_lng for Coastal Princess Triton (authorized: ['vlsfo', 'bio_methanol']); OSS_Ceto: Incompatible fuel liquid_hydrogen for Ocean Supply Ship Ceto (authorized: ['vlsfo', 'mgo', 'bio_methanol', 'green_ammonia']); Duplicate demand DEMAND-B assigned to 2 vessels (must be exactly 1).; Mandatory demand DEMAND-C is unfulfilled."
21,351000.0,1000.0,350000.0,False,"{'CPS_Poseidon': 'DEMAND-B', 'CPS_Triton': 'DEMAND-A', 'OSS_Ceto': 'DEMAND-A'}","{'CPS_Poseidon': 14.2, 'CPS_Triton': 17.08, 'OSS_Ceto': 12.63}","{'CPS_Poseidon': 'bio_methanol', 'CPS_Triton': 'vlsfo', 'OSS_Ceto': 'fossil_lng'}","CPS_Triton: Incompatible assignment: Demand DEMAND-A requires luxury passenger cruise vessel, but Coastal Princess Triton is passenger_cruise_small; OSS_Ceto: Incompatible fuel fossil_lng for Ocean Supply Ship Ceto (authorized: ['vlsfo', 'mgo', 'bio_methanol', 'green_ammonia']); Duplicate demand DEMAND-A assigned to 2 vessels (must be exactly 1).; Mandatory demand DEMAND-C is unfulfilled."
22,351000.0,1000.0,350000.0,False,"{'CPS_Poseidon': 'DEMAND-B', 'CPS_Triton': 'DEMAND-A', 'OSS_Ceto': 'DEMAND-A'}","{'CPS_Poseidon': 17.07, 'CPS_Triton': 16.69, 'OSS_Ceto': 7.04}","{'CPS_Poseidon': 'vlsfo', 'CPS_Triton': 'green_ammonia', 'OSS_Ceto': 'fossil_lng'}","CPS_Triton: Incompatible fuel green_ammonia for Coastal Princess Triton (authorized: ['vlsfo', 'bio_methanol']); OSS_Ceto: Incompatible fuel fossil_lng for Ocean Supply Ship Ceto (authorized: ['vlsfo', 'mgo', 'bio_methanol', 'green_ammonia']); Duplicate demand DEMAND-A assigned to 2 vessels (must be exactly 1).; Mandatory demand DEMAND-C is unfulfilled."
23,451000.0,1000.0,450000.0,False,"{'CPS_Poseidon': 'DEMAND-A', 'CPS_Triton': 'DEMAND-A', 'OSS_Ceto': 'DEMAND-B'}","{'CPS_Poseidon': 11.04, 'CPS_Triton': 12.92, 'OSS_Ceto': 6.3}","{'CPS_Poseidon': 'green_ammonia', 'CPS_Triton': 'fossil_lng', 'OSS_Ceto': 'liquid_hydrogen'}","CPS_Poseidon: Incompatible fuel green_ammonia for Crown Princess Poseidon (authorized: ['vlsfo', 'fossil_lng', 'bio_methanol']); CPS_Triton: Incompatible fuel fossil_lng for Coastal Princess Triton (authorized: ['vlsfo', 'bio_methanol']); OSS_Ceto: Incompatible fuel liquid_hydrogen for Ocean Supply Ship Ceto (authorized: ['vlsfo', 'mgo', 'bio_methanol', 'green_ammonia']); Duplicate demand DEMAND-A assigned to 2 vessels (must be exactly 1).; Mandatory demand DEMAND-C is unfulfilled."
24,101000.0,1000.0,100000.0,False,"{'CPS_Poseidon': 'DEMAND-B', 'CPS_Triton': 'DEMAND-A', 'OSS_Ceto': 'DEMAND-C'}","{'CPS_Poseidon': 12.33, 'CPS_Triton': 17.01, 'OSS_Ceto': 12.45}","{'CPS_Poseidon': 'fossil_lng', 'CPS_Triton': 'vlsfo', 'OSS_Ceto': 'green_ammonia'}","CPS_Triton: Incompatible assignment: Demand DEMAND-A requires luxury passenger cruise vessel, but Coastal Princess Triton is passenger_cruise_small"
25,601000.0,1000.0,600000.0,False,"{'CPS_Poseidon': 'DEMAND-C', 'CPS_Triton': 'DEMAND-C', 'OSS_Ceto': 'DEMAND-C'}","{'CPS_Poseidon': 19.44, 'CPS_Triton': 14.85, 'OSS_Ceto': 9.25}","{'CPS_Poseidon': 'vlsfo', 'CPS_Triton': 'bio_methanol', 'OSS_Ceto': 'liquid_hydrogen'}","CPS_Poseidon: Incompatible assignment: Demand DEMAND-C requires offshore deck cargo capability, not supported by Crown Princess Poseidon; CPS_Triton: Cargo demand (3200.0 t) exceeds Coastal Princess Triton deadweight capacity (1800.0 t); OSS_Ceto: Incompatible fuel liquid_hydrogen for Ocean Supply Ship Ceto (authorized: ['vlsfo', 'mgo', 'bio_methanol', 'green_ammonia']); Mandatory demand DEMAND-A is unfulfilled.; Mandatory demand DEMAND-B is unfulfilled.; Duplicate demand DEMAND-C assigned to 3 vessels (must be exactly 1)."
26,601000.0,1000.0,600000.0,False,"{'CPS_Poseidon': 'DEMAND-A', 'CPS_Triton': 'DEMAND-A', 'OSS_Ceto': 'DEMAND-A'}","{'CPS_Poseidon': 14.71, 'CPS_Triton': 9.13, 'OSS_Ceto': 9.16}","{'CPS_Poseidon': 'green_ammonia', 'CPS_Triton': 'bio_methanol', 'OSS_Ceto': 'green_ammonia'}","CPS_Poseidon: Incompatible fuel green_ammonia for Crown Princess Poseidon (authorized: ['vlsfo', 'fossil_lng', 'bio_methanol']); CPS_Triton: Incompatible assignment: Demand DEMAND-A requires luxury passenger cruise vessel, but Coastal Princess Triton is passenger_cruise_small; OSS_Ceto: Incompatible assignment: Demand DEMAND-A requires luxury passenger cruise vessel, but Ocean Supply Ship Ceto is offshore_supply; Duplicate demand DEMAND-A assigned to 3 vessels (must be exactly 1).; Mandatory demand DEMAND-B is unfulfilled.; Mandatory demand DEMAND-C is unfulfilled."
27,201000.0,1000.0,200000.0,False,"{'CPS_Poseidon': 'DEMAND-B', 'CPS_Triton': 'DEMAND-A', 'OSS_Ceto': 'DEMAND-C'}","{'CPS_Poseidon': 18.3, 'CPS_Triton': 9.38, 'OSS_Ceto': 7.2}","{'CPS_Poseidon': 'liquid_hydrogen', 'CPS_Triton': 'bio_methanol', 'OSS_Ceto': 'green_ammonia'}","CPS_Poseidon: Incompatible fuel liquid_hydrogen for Crown Princess Poseidon (authorized: ['vlsfo', 'fossil_lng', 'bio_methanol']); CPS_Triton: Incompatible assignment: Demand DEMAND-A requires luxury passenger cruise vessel, but Coastal Princess Triton is passenger_cruise_small"
28,251000.0,1000.0,250000.0,False,"{'CPS_Poseidon': 'DEMAND-B', 'CPS_Triton': 'UNASSIGNED', 'OSS_Ceto': 'DEMAND-A'}","{'CPS_Poseidon': 10.76, 'CPS_Triton': 12.09, 'OSS_Ceto': 9.81}","{'CPS_Poseidon': 'bio_methanol', 'CPS_Triton': 'fossil_lng', 'OSS_Ceto': 'fossil_lng'}","CPS_Triton: Incompatible fuel fossil_lng for Coastal Princess Triton (authorized: ['vlsfo', 'bio_methanol']); OSS_Ceto: Incompatible fuel fossil_lng for Ocean Supply Ship Ceto (authorized: ['vlsfo', 'mgo', 'bio_methanol', 'green_ammonia']); Mandatory demand DEMAND-C is unfulfilled."
29,451000.0,1000.0,450000.0,False,"{'CPS_Poseidon': 'DEMAND-C', 'CPS_Triton': 'DEMAND-A', 'OSS_Ceto': 'DEMAND-A'}","{'CPS_Poseidon': 9.14, 'CPS_Triton': 6.66, 'OSS_Ceto': 5.39}","{'CPS_Poseidon': 'fossil_lng', 'CPS_Triton': 'vlsfo', 'OSS_Ceto': 'fossil_lng'}","CPS_Poseidon: Incompatible assignment: Demand DEMAND-C requires offshore deck cargo capability, not supported by Crown Princess Poseidon; CPS_Triton: Incompatible assignment: Demand DEMAND-A requires luxury passenger cruise vessel, but Coastal Princess Triton is passenger_cruise_small; OSS_Ceto: Incompatible fuel fossil_lng for Ocean Supply Ship Ceto (authorized: ['vlsfo', 'mgo', 'bio_methanol', 'green_ammonia']); Duplicate demand DEMAND-A assigned to 2 vessels (must be exactly 1).; Mandatory demand DEMAND-B is unfulfilled."
30,101000.0,1000.0,100000.0,False,"{'CPS_Poseidon': 'DEMAND-B', 'CPS_Triton': 'DEMAND-A', 'OSS_Ceto': 'DEMAND-C'}","{'CPS_Poseidon': 12.15, 'CPS_Triton': 16.46, 'OSS_Ceto': 8.03}","{'CPS_Poseidon': 'bio_methanol', 'CPS_Triton': 'fossil_lng', 'OSS_Ceto': 'green_ammonia'}","CPS_Triton: Incompatible fuel fossil_lng for Coastal Princess Triton (authorized: ['vlsfo', 'bio_methanol'])"
31,301000.0,1000.0,300000.0,False,"{'CPS_Poseidon': 'UNASSIGNED', 'CPS_Triton': 'UNASSIGNED', 'OSS_Ceto': 'DEMAND-A'}","{'CPS_Poseidon': 9.8, 'CPS_Triton': 7.25, 'OSS_Ceto': 6.25}","{'CPS_Poseidon': 'green_ammonia', 'CPS_Triton': 'bio_methanol', 'OSS_Ceto': 'bio_methanol'}","CPS_Poseidon: Incompatible fuel green_ammonia for Crown Princess Poseidon (authorized: ['vlsfo', 'fossil_lng', 'bio_methanol']); OSS_Ceto: Incompatible assignment: Demand DEMAND-A requires luxury passenger cruise vessel, but Ocean Supply Ship Ceto is offshore_supply; Mandatory demand DEMAND-B is unfulfilled.; Mandatory demand DEMAND-C is unfulfilled."
32,351000.0,1000.0,350000.0,False,"{'CPS_Poseidon': 'UNASSIGNED', 'CPS_Triton': 'DEMAND-A', 'OSS_Ceto': 'DEMAND-B'}","{'CPS_Poseidon': 18.83, 'CPS_Triton': 17.95, 'OSS_Ceto': 11.92}","{'CPS_Poseidon': 'liquid_hydrogen', 'CPS_Triton': 'bio_methanol', 'OSS_Ceto': 'fossil_lng'}","CPS_Poseidon: Incompatible fuel liquid_hydrogen for Crown Princess Poseidon (authorized: ['vlsfo', 'fossil_lng', 'bio_methanol']); CPS_Triton: Incompatible assignment: Demand DEMAND-A requires luxury passenger cruise vessel, but Coastal Princess Triton is passenger_cruise_small; OSS_Ceto: Incompatible fuel fossil_lng for Ocean Supply Ship Ceto (authorized: ['vlsfo', 'mgo', 'bio_methanol', 'green_ammonia']); Mandatory demand DEMAND-C is unfulfilled."
33,451000.0,1000.0,450000.0,False,"{'CPS_Poseidon': 'DEMAND-B', 'CPS_Triton': 'DEMAND-A', 'OSS_Ceto': 'DEMAND-B'}","{'CPS_Poseidon': 15.76, 'CPS_Triton': 17.11, 'OSS_Ceto': 6.99}","{'CPS_Poseidon': 'green_ammonia', 'CPS_Triton': 'vlsfo', 'OSS_Ceto': 'liquid_hydrogen'}","CPS_Poseidon: Incompatible fuel green_ammonia for Crown Princess Poseidon (authorized: ['vlsfo', 'fossil_lng', 'bio_methanol']); CPS_Triton: Incompatible assignment: Demand DEMAND-A requires luxury passenger cruise vessel, but Coastal Princess Triton is passenger_cruise_small; OSS_Ceto: Incompatible fuel liquid_hydrogen for Ocean Supply Ship Ceto (authorized: ['vlsfo', 'mgo', 'bio_methanol', 'green_ammonia']); Duplicate demand DEMAND-B assigned to 2 vessels (must be exactly 1).; Mandatory demand DEMAND-C is unfulfilled."
34,451000.0,1000.0,450000.0,False,"{'CPS_Poseidon': 'DEMAND-A', 'CPS_Triton': 'DEMAND-A', 'OSS_Ceto': 'DEMAND-B'}","{'CPS_Poseidon': 8.15, 'CPS_Triton': 9.52, 'OSS_Ceto': 6.07}","{'CPS_Poseidon': 'liquid_hydrogen', 'CPS_Triton': 'vlsfo', 'OSS_Ceto': 'bio_methanol'}","CPS_Poseidon: Incompatible fuel liquid_hydrogen for Crown Princess Poseidon (authorized: ['vlsfo', 'fossil_lng', 'bio_methanol']); CPS_Triton: Incompatible assignment: Demand DEMAND-A requires luxury passenger cruise vessel, but Coastal Princess Triton is passenger_cruise_small; OSS_Ceto: Incompatible assignment: Demand DEMAND-B requires passenger vessel, but Ocean Supply Ship Ceto is offshore_supply; Duplicate demand DEMAND-A assigned to 2 vessels (must be exactly 1).; Mandatory demand DEMAND-C is unfulfilled."
35,251000.0,1000.0,250000.0,False,"{'CPS_Poseidon': 'UNASSIGNED', 'CPS_Triton': 'DEMAND-A', 'OSS_Ceto': 'DEMAND-C'}","{'CPS_Poseidon': 20.37, 'CPS_Triton': 8.15, 'OSS_Ceto': 11.63}","{'CPS_Poseidon': 'fossil_lng', 'CPS_Triton': 'liquid_hydrogen', 'OSS_Ceto': 'liquid_hydrogen'}","CPS_Triton: Incompatible fuel liquid_hydrogen for Coastal Princess Triton (authorized: ['vlsfo', 'bio_methanol']); OSS_Ceto: Incompatible fuel liquid_hydrogen for Ocean Supply Ship Ceto (authorized: ['vlsfo', 'mgo', 'bio_methanol', 'green_ammonia']); Mandatory demand DEMAND-B is unfulfilled."
36,451000.0,1000.0,450000.0,False,"{'CPS_Poseidon': 'DEMAND-C', 'CPS_Triton': 'DEMAND-C', 'OSS_Ceto': 'DEMAND-A'}","{'CPS_Poseidon': 18.29, 'CPS_Triton': 7.9, 'OSS_Ceto': 8.87}","{'CPS_Poseidon': 'green_ammonia', 'CPS_Triton': 'green_ammonia', 'OSS_Ceto': 'bio_methanol'}","CPS_Poseidon: Incompatible fuel green_ammonia for Crown Princess Poseidon (authorized: ['vlsfo', 'fossil_lng', 'bio_methanol']); CPS_Triton: Incompatible fuel green_ammonia for Coastal Princess Triton (authorized: ['vlsfo', 'bio_methanol']); OSS_Ceto: Incompatible assignment: Demand DEMAND-A requires luxury passenger cruise vessel, but Ocean Supply Ship Ceto is offshore_supply; Mandatory demand DEMAND-B is unfulfilled.; Duplicate demand DEMAND-C assigned to 2 vessels (must be exactly 1)."
37,451000.0,1000.0,450000.0,False,"{'CPS_Poseidon': 'DEMAND-B', 'CPS_Triton': 'DEMAND-A', 'OSS_Ceto': 'DEMAND-B'}","{'CPS_Poseidon': 9.84, 'CPS_Triton': 12.39, 'OSS_Ceto': 5.43}","{'CPS_Poseidon': 'green_ammonia', 'CPS_Triton': 'vlsfo', 'OSS_Ceto': 'liquid_hydrogen'}","CPS_Poseidon: Incompatible fuel green_ammonia for Crown Princess Poseidon (authorized: ['vlsfo', 'fossil_lng', 'bio_methanol']); CPS_Triton: Incompatible assignment: Demand DEMAND-A requires luxury passenger cruise vessel, but Coastal Princess Triton is passenger_cruise_small; OSS_Ceto: Incompatible fuel liquid_hydrogen for Ocean Supply Ship Ceto (authorized: ['vlsfo', 'mgo', 'bio_methanol', 'green_ammonia']); Duplicate demand DEMAND-B assigned to 2 vessels (must be exactly 1).; Mandatory demand DEMAND-C is unfulfilled."
38,501000.0,1000.0,500000.0,False,"{'CPS_Poseidon': 'DEMAND-B', 'CPS_Triton': 'DEMAND-B', 'OSS_Ceto': 'DEMAND-B'}","{'CPS_Poseidon': 21.39, 'CPS_Triton': 6.4, 'OSS_Ceto': 10.61}","{'CPS_Poseidon': 'fossil_lng', 'CPS_Triton': 'fossil_lng', 'OSS_Ceto': 'vlsfo'}","CPS_Triton: Incompatible fuel fossil_lng for Coastal Princess Triton (authorized: ['vlsfo', 'bio_methanol']); OSS_Ceto: Incompatible assignment: Demand DEMAND-B requires passenger vessel, but Ocean Supply Ship Ceto is offshore_supply; Mandatory demand DEMAND-A is unfulfilled.; Duplicate demand DEMAND-B assigned to 3 vessels (must be exactly 1).; Mandatory demand DEMAND-C is unfulfilled."
39,351000.0,1000.0,350000.0,False,"{'CPS_Poseidon': 'DEMAND-A', 'CPS_Triton': 'DEMAND-C', 'OSS_Ceto': 'DEMAND-C'}","{'CPS_Poseidon': 18.33, 'CPS_Triton': 9.32, 'OSS_Ceto': 4.88}","{'CPS_Poseidon': 'bio_methanol', 'CPS_Triton': 'bio_methanol', 'OSS_Ceto': 'liquid_hydrogen'}","CPS_Triton: Cargo demand (3200.0 t) exceeds Coastal Princess Triton deadweight capacity (1800.0 t); OSS_Ceto: Incompatible fuel liquid_hydrogen for Ocean Supply Ship Ceto (authorized: ['vlsfo', 'mgo', 'bio_methanol', 'green_ammonia']); Mandatory demand DEMAND-B is unfulfilled.; Duplicate demand DEMAND-C assigned to 2 vessels (must be exactly 1)."
40,301000.0,1000.0,300000.0,False,"{'CPS_Poseidon': 'UNASSIGNED', 'CPS_Triton': 'DEMAND-A', 'OSS_Ceto': 'UNASSIGNED'}","{'CPS_Poseidon': 9.22, 'CPS_Triton': 15.9, 'OSS_Ceto': 10.89}","{'CPS_Poseidon': 'green_ammonia', 'CPS_Triton': 'fossil_lng', 'OSS_Ceto': 'bio_methanol'}","CPS_Poseidon: Incompatible fuel green_ammonia for Crown Princess Poseidon (authorized: ['vlsfo', 'fossil_lng', 'bio_methanol']); CPS_Triton: Incompatible fuel fossil_lng for Coastal Princess Triton (authorized: ['vlsfo', 'bio_methanol']); Mandatory demand DEMAND-B is unfulfilled.; Mandatory demand DEMAND-C is unfulfilled."
41,451000.0,1000.0,450000.0,False,"{'CPS_Poseidon': 'DEMAND-C', 'CPS_Triton': 'DEMAND-C', 'OSS_Ceto': 'DEMAND-B'}","{'CPS_Poseidon': 21.33, 'CPS_Triton': 8.88, 'OSS_Ceto': 13.31}","{'CPS_Poseidon': 'green_ammonia', 'CPS_Triton': 'green_ammonia', 'OSS_Ceto': 'bio_methanol'}","CPS_Poseidon: Incompatible fuel green_ammonia for Crown Princess Poseidon (authorized: ['vlsfo', 'fossil_lng', 'bio_methanol']); CPS_Triton: Incompatible fuel green_ammonia for Coastal Princess Triton (authorized: ['vlsfo', 'bio_methanol']); OSS_Ceto: Incompatible assignment: Demand DEMAND-B requires passenger vessel, but Ocean Supply Ship Ceto is offshore_supply; Mandatory demand DEMAND-A is unfulfilled.; Duplicate demand DEMAND-C assigned to 2 vessels (must be exactly 1)."
42,401000.0,1000.0,400000.0,False,"{'CPS_Poseidon': 'DEMAND-B', 'CPS_Triton': 'UNASSIGNED', 'OSS_Ceto': 'DEMAND-B'}","{'CPS_Poseidon': 19.56, 'CPS_Triton': 13.26, 'OSS_Ceto': 13.12}","{'CPS_Poseidon': 'bio_methanol', 'CPS_Triton': 'fossil_lng', 'OSS_Ceto': 'green_ammonia'}","CPS_Triton: Incompatible fuel fossil_lng for Coastal Princess Triton (authorized: ['vlsfo', 'bio_methanol']); OSS_Ceto: Incompatible assignment: Demand DEMAND-B requires passenger vessel, but Ocean Supply Ship Ceto is offshore_supply; Mandatory demand DEMAND-A is unfulfilled.; Duplicate demand DEMAND-B assigned to 2 vessels (must be exactly 1).; Mandatory demand DEMAND-C is unfulfilled."
43,201000.0,1000.0,200000.0,False,"{'CPS_Poseidon': 'DEMAND-A', 'CPS_Triton': 'DEMAND-C', 'OSS_Ceto': 'DEMAND-B'}","{'CPS_Poseidon': 13.84, 'CPS_Triton': 15.85, 'OSS_Ceto': 13.11}","{'CPS_Poseidon': 'bio_methanol', 'CPS_Triton': 'green_ammonia', 'OSS_Ceto': 'liquid_hydrogen'}","CPS_Triton: Incompatible fuel green_ammonia for Coastal Princess Triton (authorized: ['vlsfo', 'bio_methanol']); OSS_Ceto: Incompatible fuel liquid_hydrogen for Ocean Supply Ship Ceto (authorized: ['vlsfo', 'mgo', 'bio_methanol', 'green_ammonia'])"
44,401000.0,1000.0,400000.0,False,"{'CPS_Poseidon': 'DEMAND-B', 'CPS_Triton': 'UNASSIGNED', 'OSS_Ceto': 'DEMAND-B'}","{'CPS_Poseidon': 17.32, 'CPS_Triton': 7.81, 'OSS_Ceto': 4.63}","{'CPS_Poseidon': 'fossil_lng', 'CPS_Triton': 'fossil_lng', 'OSS_Ceto': 'fossil_lng'}","CPS_Triton: Incompatible fuel fossil_lng for Coastal Princess Triton (authorized: ['vlsfo', 'bio_methanol']); OSS_Ceto: Incompatible fuel fossil_lng for Ocean Supply Ship Ceto (authorized: ['vlsfo', 'mgo', 'bio_methanol', 'green_ammonia']); Mandatory demand DEMAND-A is unfulfilled.; Duplicate demand DEMAND-B assigned to 2 vessels (must be exactly 1).; Mandatory demand DEMAND-C is unfulfilled."
45,351000.0,1000.0,350000.0,False,"{'CPS_Poseidon': 'DEMAND-B', 'CPS_Triton': 'DEMAND-A', 'OSS_Ceto': 'DEMAND-B'}","{'CPS_Poseidon': 13.67, 'CPS_Triton': 6.01, 'OSS_Ceto': 6.38}","{'CPS_Poseidon': 'bio_methanol', 'CPS_Triton': 'vlsfo', 'OSS_Ceto': 'bio_methanol'}","CPS_Triton: Incompatible assignment: Demand DEMAND-A requires luxury passenger cruise vessel, but Coastal Princess Triton is passenger_cruise_small; OSS_Ceto: Incompatible assignment: Demand DEMAND-B requires passenger vessel, but Ocean Supply Ship Ceto is offshore_supply; Duplicate demand DEMAND-B assigned to 2 vessels (must be exactly 1).; Mandatory demand DEMAND-C is unfulfilled."
46,101000.0,1000.0,100000.0,False,"{'CPS_Poseidon': 'DEMAND-B', 'CPS_Triton': 'DEMAND-A', 'OSS_Ceto': 'DEMAND-C'}","{'CPS_Poseidon': 11.45, 'CPS_Triton': 10.72, 'OSS_Ceto': 11.05}","{'CPS_Poseidon': 'fossil_lng', 'CPS_Triton': 'bio_methanol', 'OSS_Ceto': 'vlsfo'}","CPS_Triton: Incompatible assignment: Demand DEMAND-A requires luxury passenger cruise vessel, but Coastal Princess Triton is passenger_cruise_small"
47,451000.0,1000.0,450000.0,False,"{'CPS_Poseidon': 'DEMAND-C', 'CPS_Triton': 'DEMAND-C', 'OSS_Ceto': 'DEMAND-B'}","{'CPS_Poseidon': 20.08, 'CPS_Triton': 10.29, 'OSS_Ceto': 6.13}","{'CPS_Poseidon': 'green_ammonia', 'CPS_Triton': 'green_ammonia', 'OSS_Ceto': 'green_ammonia'}","CPS_Poseidon: Incompatible fuel green_ammonia for Crown Princess Poseidon (authorized: ['vlsfo', 'fossil_lng', 'bio_methanol']); CPS_Triton: Incompatible fuel green_ammonia for Coastal Princess Triton (authorized: ['vlsfo', 'bio_methanol']); OSS_Ceto: Incompatible assignment: Demand DEMAND-B requires passenger vessel, but Ocean Supply Ship Ceto is offshore_supply; Mandatory demand DEMAND-A is unfulfilled.; Duplicate demand DEMAND-C assigned to 2 vessels (must be exactly 1)."
48,301000.0,1000.0,300000.0,False,"{'CPS_Poseidon': 'UNASSIGNED', 'CPS_Triton': 'UNASSIGNED', 'OSS_Ceto': 'DEMAND-C'}","{'CPS_Poseidon': 9.9, 'CPS_Triton': 15.43, 'OSS_Ceto': 14.35}","{'CPS_Poseidon': 'green_ammonia', 'CPS_Triton': 'green_ammonia', 'OSS_Ceto': 'vlsfo'}","CPS_Poseidon: Incompatible fuel green_ammonia for Crown Princess Poseidon (authorized: ['vlsfo', 'fossil_lng', 'bio_methanol']); CPS_Triton: Incompatible fuel green_ammonia for Coastal Princess Triton (authorized: ['vlsfo', 'bio_methanol']); Mandatory demand DEMAND-A is unfulfilled.; Mandatory demand DEMAND-B is unfulfilled."
49,501000.0,1000.0,500000.0,False,"{'CPS_Poseidon': 'UNASSIGNED', 'CPS_Triton': 'DEMAND-A', 'OSS_Ceto': 'DEMAND-A'}","{'CPS_Poseidon': 15.64, 'CPS_Triton': 6.07, 'OSS_Ceto': 14.31}","{'CPS_Poseidon': 'green_ammonia', 'CPS_Triton': 'vlsfo', 'OSS_Ceto': 'green_ammonia'}","CPS_Poseidon: Incompatible fuel green_ammonia for Crown Princess Poseidon (authorized: ['vlsfo', 'fossil_lng', 'bio_methanol']); CPS_Triton: Incompatible assignment: Demand DEMAND-A requires luxury passenger cruise vessel, but Coastal Princess Triton is passenger_cruise_small; OSS_Ceto: Incompatible assignment: Demand DEMAND-A requires luxury passenger cruise vessel, but Ocean Supply Ship Ceto is offshore_supply; Duplicate demand DEMAND-A assigned to 2 vessels (must be exactly 1).; Mandatory demand DEMAND-B is unfulfilled.; Mandatory demand DEMAND-C is unfulfilled."
50,251000.0,1000.0,250000.0,False,"{'CPS_Poseidon': 'DEMAND-C', 'CPS_Triton': 'UNASSIGNED', 'OSS_Ceto': 'DEMAND-A'}","{'CPS_Poseidon': 20.72, 'CPS_Triton': 17.21, 'OSS_Ceto': 13.01}","{'CPS_Poseidon': 'liquid_hydrogen', 'CPS_Triton': 'bio_methanol', 'OSS_Ceto': 'fossil_lng'}","CPS_Poseidon: Incompatible fuel liquid_hydrogen for Crown Princess Poseidon (authorized: ['vlsfo', 'fossil_lng', 'bio_methanol']); OSS_Ceto: Incompatible fuel fossil_lng for Ocean Supply Ship Ceto (authorized: ['vlsfo', 'mgo', 'bio_methanol', 'green_ammonia']); Mandatory demand DEMAND-B is unfulfilled."
51,351000.0,1000.0,350000.0,False,"{'CPS_Poseidon': 'DEMAND-B', 'CPS_Triton': 'DEMAND-A', 'OSS_Ceto': 'DEMAND-B'}","{'CPS_Poseidon': 8.47, 'CPS_Triton': 8.23, 'OSS_Ceto': 10.84}","{'CPS_Poseidon': 'vlsfo', 'CPS_Triton': 'fossil_lng', 'OSS_Ceto': 'green_ammonia'}","CPS_Triton: Incompatible fuel fossil_lng for Coastal Princess Triton (authorized: ['vlsfo', 'bio_methanol']); OSS_Ceto: Incompatible assignment: Demand DEMAND-B requires passenger vessel, but Ocean Supply Ship Ceto is offshore_supply; Duplicate demand DEMAND-B assigned to 2 vessels (must be exactly 1).; Mandatory demand DEMAND-C is unfulfilled."
52,251000.0,1000.0,250000.0,False,"{'CPS_Poseidon': 'DEMAND-C', 'CPS_Triton': 'DEMAND-A', 'OSS_Ceto': 'UNASSIGNED'}","{'CPS_Poseidon': 14.27, 'CPS_Triton': 11.97, 'OSS_Ceto': 11.19}","{'CPS_Poseidon': 'fossil_lng', 'CPS_Triton': 'vlsfo', 'OSS_Ceto': 'vlsfo'}","CPS_Poseidon: Incompatible assignment: Demand DEMAND-C requires offshore deck cargo capability, not supported by Crown Princess Poseidon; CPS_Triton: Incompatible assignment: Demand DEMAND-A requires luxury passenger cruise vessel, but Coastal Princess Triton is passenger_cruise_small; Mandatory demand DEMAND-B is unfulfilled."
53,251000.0,1000.0,250000.0,False,"{'CPS_Poseidon': 'DEMAND-A', 'CPS_Triton': 'DEMAND-A', 'OSS_Ceto': 'DEMAND-C'}","{'CPS_Poseidon': 8.0, 'CPS_Triton': 16.15, 'OSS_Ceto': 9.07}","{'CPS_Poseidon': 'bio_methanol', 'CPS_Triton': 'vlsfo', 'OSS_Ceto': 'bio_methanol'}","CPS_Triton: Incompatible assignment: Demand DEMAND-A requires luxury passenger cruise vessel, but Coastal Princess Triton is passenger_cruise_small; Duplicate demand DEMAND-A assigned to 2 vessels (must be exactly 1).; Mandatory demand DEMAND-B is unfulfilled."
54,301000.0,1000.0,300000.0,False,"{'CPS_Poseidon': 'DEMAND-C', 'CPS_Triton': 'DEMAND-A', 'OSS_Ceto': 'DEMAND-B'}","{'CPS_Poseidon': 17.17, 'CPS_Triton': 18.0, 'OSS_Ceto': 9.84}","{'CPS_Poseidon': 'vlsfo', 'CPS_Triton': 'fossil_lng', 'OSS_Ceto': 'bio_methanol'}","CPS_Poseidon: Incompatible assignment: Demand DEMAND-C requires offshore deck cargo capability, not supported by Crown Princess Poseidon; CPS_Triton: Incompatible fuel fossil_lng for Coastal Princess Triton (authorized: ['vlsfo', 'bio_methanol']); OSS_Ceto: Incompatible assignment: Demand DEMAND-B requires passenger vessel, but Ocean Supply Ship Ceto is offshore_supply"
55,201000.0,1000.0,200000.0,False,"{'CPS_Poseidon': 'DEMAND-B', 'CPS_Triton': 'DEMAND-A', 'OSS_Ceto': 'DEMAND-C'}","{'CPS_Poseidon': 17.1, 'CPS_Triton': 18.0, 'OSS_Ceto': 9.11}","{'CPS_Poseidon': 'green_ammonia', 'CPS_Triton': 'bio_methanol', 'OSS_Ceto': 'green_ammonia'}","CPS_Poseidon: Incompatible fuel green_ammonia for Crown Princess Poseidon (authorized: ['vlsfo', 'fossil_lng', 'bio_methanol']); CPS_Triton: Incompatible assignment: Demand DEMAND-A requires luxury passenger cruise vessel, but Coastal Princess Triton is passenger_cruise_small"
56,351000.0,1000.0,350000.0,False,"{'CPS_Poseidon': 'DEMAND-C', 'CPS_Triton': 'DEMAND-B', 'OSS_Ceto': 'DEMAND-C'}","{'CPS_Poseidon': 12.89, 'CPS_Triton': 6.0, 'OSS_Ceto': 13.22}","{'CPS_Poseidon': 'vlsfo', 'CPS_Triton': 'fossil_lng', 'OSS_Ceto': 'green_ammonia'}","CPS_Poseidon: Incompatible assignment: Demand DEMAND-C requires offshore deck cargo capability, not supported by Crown Princess Poseidon; CPS_Triton: Incompatible fuel fossil_lng for Coastal Princess Triton (authorized: ['vlsfo', 'bio_methanol']); Mandatory demand DEMAND-A is unfulfilled.; Duplicate demand DEMAND-C assigned to 2 vessels (must be exactly 1)."
57,401000.0,1000.0,400000.0,False,"{'CPS_Poseidon': 'DEMAND-B', 'CPS_Triton': 'DEMAND-B', 'OSS_Ceto': 'DEMAND-B'}","{'CPS_Poseidon': 8.51, 'CPS_Triton': 7.61, 'OSS_Ceto': 10.27}","{'CPS_Poseidon': 'vlsfo', 'CPS_Triton': 'vlsfo', 'OSS_Ceto': 'vlsfo'}","OSS_Ceto: Incompatible assignment: Demand DEMAND-B requires passenger vessel, but Ocean Supply Ship Ceto is offshore_supply; Mandatory demand DEMAND-A is unfulfilled.; Duplicate demand DEMAND-B assigned to 3 vessels (must be exactly 1).; Mandatory demand DEMAND-C is unfulfilled."
58,351000.0,1000.0,350000.0,False,"{'CPS_Poseidon': 'DEMAND-A', 'CPS_Triton': 'DEMAND-A', 'OSS_Ceto': 'DEMAND-C'}","{'CPS_Poseidon': 8.0, 'CPS_Triton': 9.19, 'OSS_Ceto': 9.58}","{'CPS_Poseidon': 'green_ammonia', 'CPS_Triton': 'fossil_lng', 'OSS_Ceto': 'bio_methanol'}","CPS_Poseidon: Incompatible fuel green_ammonia for Crown Princess Poseidon (authorized: ['vlsfo', 'fossil_lng', 'bio_methanol']); CPS_Triton: Incompatible fuel fossil_lng for Coastal Princess Triton (authorized: ['vlsfo', 'bio_methanol']); Duplicate demand DEMAND-A assigned to 2 vessels (must be exactly 1).; Mandatory demand DEMAND-B is unfulfilled."
59,151000.0,1000.0,150000.0,False,"{'CPS_Poseidon': 'DEMAND-A', 'CPS_Triton': 'DEMAND-C', 'OSS_Ceto': 'UNASSIGNED'}","{'CPS_Poseidon': 18.28, 'CPS_Triton': 7.86, 'OSS_Ceto': 10.11}","{'CPS_Poseidon': 'fossil_lng', 'CPS_Triton': 'fossil_lng', 'OSS_Ceto': 'bio_methanol'}","CPS_Triton: Incompatible fuel fossil_lng for Coastal Princess Triton (authorized: ['vlsfo', 'bio_methanol']); Mandatory demand DEMAND-B is unfulfilled."
60,351000.0,1000.0,350000.0,False,"{'CPS_Poseidon': 'DEMAND-B', 'CPS_Triton': 'DEMAND-A', 'OSS_Ceto': 'DEMAND-B'}","{'CPS_Poseidon': 12.78, 'CPS_Triton': 16.42, 'OSS_Ceto': 11.88}","{'CPS_Poseidon': 'fossil_lng', 'CPS_Triton': 'fossil_lng', 'OSS_Ceto': 'bio_methanol'}","CPS_Triton: Incompatible fuel fossil_lng for Coastal Princess Triton (authorized: ['vlsfo', 'bio_methanol']); OSS_Ceto: Incompatible assignment: Demand DEMAND-B requires passenger vessel, but Ocean Supply Ship Ceto is offshore_supply; Duplicate demand DEMAND-B assigned to 2 vessels (must be exactly 1).; Mandatory demand DEMAND-C is unfulfilled."
61,201000.0,1000.0,200000.0,False,"{'CPS_Poseidon': 'UNASSIGNED', 'CPS_Triton': 'DEMAND-C', 'OSS_Ceto': 'UNASSIGNED'}","{'CPS_Poseidon': 13.63, 'CPS_Triton': 14.99, 'OSS_Ceto': 15.0}","{'CPS_Poseidon': 'fossil_lng', 'CPS_Triton': 'vlsfo', 'OSS_Ceto': 'green_ammonia'}",CPS_Triton: Cargo demand (3200.0 t) exceeds Coastal Princess Triton deadweight capacity (1800.0 t); Mandatory demand DEMAND-A is unfulfilled.; Mandatory demand DEMAND-B is unfulfilled.
62,401000.0,1000.0,400000.0,False,"{'CPS_Poseidon': 'DEMAND-C', 'CPS_Triton': 'UNASSIGNED', 'OSS_Ceto': 'DEMAND-C'}","{'CPS_Poseidon': 9.74, 'CPS_Triton': 18.0, 'OSS_Ceto': 13.1}","{'CPS_Poseidon': 'fossil_lng', 'CPS_Triton': 'vlsfo', 'OSS_Ceto': 'fossil_lng'}","CPS_Poseidon: Incompatible assignment: Demand DEMAND-C requires offshore deck cargo capability, not supported by Crown Princess Poseidon; OSS_Ceto: Incompatible fuel fossil_lng for Ocean Supply Ship Ceto (authorized: ['vlsfo', 'mgo', 'bio_methanol', 'green_ammonia']); Mandatory demand DEMAND-A is unfulfilled.; Mandatory demand DEMAND-B is unfulfilled.; Duplicate demand DEMAND-C assigned to 2 vessels (must be exactly 1)."
63,251000.0,1000.0,250000.0,False,"{'CPS_Poseidon': 'UNASSIGNED', 'CPS_Triton': 'DEMAND-A', 'OSS_Ceto': 'DEMAND-B'}","{'CPS_Poseidon': 12.28, 'CPS_Triton': 18.0, 'OSS_Ceto': 9.19}","{'CPS_Poseidon': 'vlsfo', 'CPS_Triton': 'liquid_hydrogen', 'OSS_Ceto': 'vlsfo'}","CPS_Triton: Incompatible fuel liquid_hydrogen for Coastal Princess Triton (authorized: ['vlsfo', 'bio_methanol']); OSS_Ceto: Incompatible assignment: Demand DEMAND-B requires passenger vessel, but Ocean Supply Ship Ceto is offshore_supply; Mandatory demand DEMAND-C is unfulfilled."
64,251000.0,1000.0,250000.0,False,"{'CPS_Poseidon': 'DEMAND-A', 'CPS_Triton': 'UNASSIGNED', 'OSS_Ceto': 'DEMAND-B'}","{'CPS_Poseidon': 21.56, 'CPS_Triton': 15.12, 'OSS_Ceto': 12.87}","{'CPS_Poseidon': 'bio_methanol', 'CPS_Triton': 'fossil_lng', 'OSS_Ceto': 'fossil_lng'}","CPS_Triton: Incompatible fuel fossil_lng for Coastal Princess Triton (authorized: ['vlsfo', 'bio_methanol']); OSS_Ceto: Incompatible fuel fossil_lng for Ocean Supply Ship Ceto (authorized: ['vlsfo', 'mgo', 'bio_methanol', 'green_ammonia']); Mandatory demand DEMAND-C is unfulfilled."
65,401000.0,1000.0,400000.0,False,"{'CPS_Poseidon': 'DEMAND-C', 'CPS_Triton': 'UNASSIGNED', 'OSS_Ceto': 'DEMAND-C'}","{'CPS_Poseidon': 8.0, 'CPS_Triton': 7.46, 'OSS_Ceto': 4.17}","{'CPS_Poseidon': 'fossil_lng', 'CPS_Triton': 'green_ammonia', 'OSS_Ceto': 'bio_methanol'}","CPS_Poseidon: Incompatible assignment: Demand DEMAND-C requires offshore deck cargo capability, not supported by Crown Princess Poseidon; CPS_Triton: Incompatible fuel green_ammonia for Coastal Princess Triton (authorized: ['vlsfo', 'bio_methanol']); Mandatory demand DEMAND-A is unfulfilled.; Mandatory demand DEMAND-B is unfulfilled.; Duplicate demand DEMAND-C assigned to 2 vessels (must be exactly 1)."
66,301000.0,1000.0,300000.0,False,"{'CPS_Poseidon': 'DEMAND-C', 'CPS_Triton': 'DEMAND-A', 'OSS_Ceto': 'DEMAND-B'}","{'CPS_Poseidon': 12.61, 'CPS_Triton': 14.21, 'OSS_Ceto': 12.14}","{'CPS_Poseidon': 'vlsfo', 'CPS_Triton': 'bio_methanol', 'OSS_Ceto': 'liquid_hydrogen'}","CPS_Poseidon: Incompatible assignment: Demand DEMAND-C requires offshore deck cargo capability, not supported by Crown Princess Poseidon; CPS_Triton: Incompatible assignment: Demand DEMAND-A requires luxury passenger cruise vessel, but Coastal Princess Triton is passenger_cruise_small; OSS_Ceto: Incompatible fuel liquid_hydrogen for Ocean Supply Ship Ceto (authorized: ['vlsfo', 'mgo', 'bio_methanol', 'green_ammonia'])"
67,351000.0,1000.0,350000.0,False,"{'CPS_Poseidon': 'DEMAND-A', 'CPS_Triton': 'DEMAND-A', 'OSS_Ceto': 'DEMAND-B'}","{'CPS_Poseidon': 12.73, 'CPS_Triton': 16.36, 'OSS_Ceto': 15.0}","{'CPS_Poseidon': 'fossil_lng', 'CPS_Triton': 'bio_methanol', 'OSS_Ceto': 'bio_methanol'}","CPS_Triton: Incompatible assignment: Demand DEMAND-A requires luxury passenger cruise vessel, but Coastal Princess Triton is passenger_cruise_small; OSS_Ceto: Incompatible assignment: Demand DEMAND-B requires passenger vessel, but Ocean Supply Ship Ceto is offshore_supply; Duplicate demand DEMAND-A assigned to 2 vessels (must be exactly 1).; Mandatory demand DEMAND-C is unfulfilled."
68,401000.0,1000.0,400000.0,False,"{'CPS_Poseidon': 'DEMAND-A', 'CPS_Triton': 'DEMAND-A', 'OSS_Ceto': 'UNASSIGNED'}","{'CPS_Poseidon': 16.29, 'CPS_Triton': 15.85, 'OSS_Ceto': 6.85}","{'CPS_Poseidon': 'vlsfo', 'CPS_Triton': 'liquid_hydrogen', 'OSS_Ceto': 'liquid_hydrogen'}","CPS_Triton: Incompatible fuel liquid_hydrogen for Coastal Princess Triton (authorized: ['vlsfo', 'bio_methanol']); OSS_Ceto: Incompatible fuel liquid_hydrogen for Ocean Supply Ship Ceto (authorized: ['vlsfo', 'mgo', 'bio_methanol', 'green_ammonia']); Duplicate demand DEMAND-A assigned to 2 vessels (must be exactly 1).; Mandatory demand DEMAND-B is unfulfilled.; Mandatory demand DEMAND-C is unfulfilled."
69,351000.0,1000.0,350000.0,False,"{'CPS_Poseidon': 'DEMAND-B', 'CPS_Triton': 'DEMAND-A', 'OSS_Ceto': 'DEMAND-B'}","{'CPS_Poseidon': 17.9, 'CPS_Triton': 12.79, 'OSS_Ceto': 15.0}","{'CPS_Poseidon': 'vlsfo', 'CPS_Triton': 'fossil_lng', 'OSS_Ceto': 'vlsfo'}","CPS_Triton: Incompatible fuel fossil_lng for Coastal Princess Triton (authorized: ['vlsfo', 'bio_methanol']); OSS_Ceto: Incompatible assignment: Demand DEMAND-B requires passenger vessel, but Ocean Supply Ship Ceto is offshore_supply; Duplicate demand DEMAND-B assigned to 2 vessels (must be exactly 1).; Mandatory demand DEMAND-C is unfulfilled."
70,351000.0,1000.0,350000.0,False,"{'CPS_Poseidon': 'DEMAND-B', 'CPS_Triton': 'DEMAND-A', 'OSS_Ceto': 'DEMAND-B'}","{'CPS_Poseidon': 9.41, 'CPS_Triton': 16.74, 'OSS_Ceto': 13.27}","{'CPS_Poseidon': 'fossil_lng', 'CPS_Triton': 'bio_methanol', 'OSS_Ceto': 'green_ammonia'}","CPS_Triton: Incompatible assignment: Demand DEMAND-A requires luxury passenger cruise vessel, but Coastal Princess Triton is passenger_cruise_small; OSS_Ceto: Incompatible assignment: Demand DEMAND-B requires passenger vessel, but Ocean Supply Ship Ceto is offshore_supply; Duplicate demand DEMAND-B assigned to 2 vessels (must be exactly 1).; Mandatory demand DEMAND-C is unfulfilled."
71,351000.0,1000.0,350000.0,False,"{'CPS_Poseidon': 'DEMAND-B', 'CPS_Triton': 'DEMAND-A', 'OSS_Ceto': 'DEMAND-A'}","{'CPS_Poseidon': 12.15, 'CPS_Triton': 18.0, 'OSS_Ceto': 12.22}","{'CPS_Poseidon': 'bio_methanol', 'CPS_Triton': 'fossil_lng', 'OSS_Ceto': 'vlsfo'}","CPS_Triton: Incompatible fuel fossil_lng for Coastal Princess Triton (authorized: ['vlsfo', 'bio_methanol']); OSS_Ceto: Incompatible assignment: Demand DEMAND-A requires luxury passenger cruise vessel, but Ocean Supply Ship Ceto is offshore_supply; Duplicate demand DEMAND-A assigned to 2 vessels (must be exactly 1).; Mandatory demand DEMAND-C is unfulfilled."
72,301000.0,1000.0,300000.0,False,"{'CPS_Poseidon': 'DEMAND-C', 'CPS_Triton': 'DEMAND-A', 'OSS_Ceto': 'DEMAND-B'}","{'CPS_Poseidon': 10.66, 'CPS_Triton': 17.43, 'OSS_Ceto': 14.16}","{'CPS_Poseidon': 'vlsfo', 'CPS_Triton': 'green_ammonia', 'OSS_Ceto': 'vlsfo'}","CPS_Poseidon: Incompatible assignment: Demand DEMAND-C requires offshore deck cargo capability, not supported by Crown Princess Poseidon; CPS_Triton: Incompatible fuel green_ammonia for Coastal Princess Triton (authorized: ['vlsfo', 'bio_methanol']); OSS_Ceto: Incompatible assignment: Demand DEMAND-B requires passenger vessel, but Ocean Supply Ship Ceto is offshore_supply"
73,451000.0,1000.0,450000.0,False,"{'CPS_Poseidon': 'DEMAND-C', 'CPS_Triton': 'DEMAND-C', 'OSS_Ceto': 'DEMAND-B'}","{'CPS_Poseidon': 13.58, 'CPS_Triton': 15.07, 'OSS_Ceto': 7.39}","{'CPS_Poseidon': 'green_ammonia', 'CPS_Triton': 'vlsfo', 'OSS_Ceto': 'bio_methanol'}","CPS_Poseidon: Incompatible fuel green_ammonia for Crown Princess Poseidon (authorized: ['vlsfo', 'fossil_lng', 'bio_methanol']); CPS_Triton: Cargo demand (3200.0 t) exceeds Coastal Princess Triton deadweight capacity (1800.0 t); OSS_Ceto: Incompatible assignment: Demand DEMAND-B requires passenger vessel, but Ocean Supply Ship Ceto is offshore_supply; Mandatory demand DEMAND-A is unfulfilled.; Duplicate demand DEMAND-C assigned to 2 vessels (must be exactly 1)."
74,501000.0,1000.0,500000.0,False,"{'CPS_Poseidon': 'DEMAND-C', 'CPS_Triton': 'UNASSIGNED', 'OSS_Ceto': 'DEMAND-C'}","{'CPS_Poseidon': 8.0, 'CPS_Triton': 18.0, 'OSS_Ceto': 6.64}","{'CPS_Poseidon': 'fossil_lng', 'CPS_Triton': 'fossil_lng', 'OSS_Ceto': 'liquid_hydrogen'}","CPS_Poseidon: Incompatible assignment: Demand DEMAND-C requires offshore deck cargo capability, not supported by Crown Princess Poseidon; CPS_Triton: Incompatible fuel fossil_lng for Coastal Princess Triton (authorized: ['vlsfo', 'bio_methanol']); OSS_Ceto: Incompatible fuel liquid_hydrogen for Ocean Supply Ship Ceto (authorized: ['vlsfo', 'mgo', 'bio_methanol', 'green_ammonia']); Mandatory demand DEMAND-A is unfulfilled.; Mandatory demand DEMAND-B is unfulfilled.; Duplicate demand DEMAND-C assigned to 2 vessels (must be exactly 1)."
75,501000.0,1000.0,500000.0,False,"{'CPS_Poseidon': 'DEMAND-C', 'CPS_Triton': 'DEMAND-C', 'OSS_Ceto': 'DEMAND-C'}","{'CPS_Poseidon': 12.07, 'CPS_Triton': 18.0, 'OSS_Ceto': 12.43}","{'CPS_Poseidon': 'fossil_lng', 'CPS_Triton': 'fossil_lng', 'OSS_Ceto': 'vlsfo'}","CPS_Poseidon: Incompatible assignment: Demand DEMAND-C requires offshore deck cargo capability, not supported by Crown Princess Poseidon; CPS_Triton: Incompatible fuel fossil_lng for Coastal Princess Triton (authorized: ['vlsfo', 'bio_methanol']); Mandatory demand DEMAND-A is unfulfilled.; Mandatory demand DEMAND-B is unfulfilled.; Duplicate demand DEMAND-C assigned to 3 vessels (must be exactly 1)."
76,251000.0,1000.0,250000.0,False,"{'CPS_Poseidon': 'DEMAND-A', 'CPS_Triton': 'DEMAND-B', 'OSS_Ceto': 'DEMAND-B'}","{'CPS_Poseidon': 13.59, 'CPS_Triton': 17.26, 'OSS_Ceto': 9.77}","{'CPS_Poseidon': 'vlsfo', 'CPS_Triton': 'vlsfo', 'OSS_Ceto': 'bio_methanol'}","OSS_Ceto: Incompatible assignment: Demand DEMAND-B requires passenger vessel, but Ocean Supply Ship Ceto is offshore_supply; Duplicate demand DEMAND-B assigned to 2 vessels (must be exactly 1).; Mandatory demand DEMAND-C is unfulfilled."
77,401000.0,1000.0,400000.0,False,"{'CPS_Poseidon': 'DEMAND-A', 'CPS_Triton': 'DEMAND-A', 'OSS_Ceto': 'UNASSIGNED'}","{'CPS_Poseidon': 13.55, 'CPS_Triton': 12.13, 'OSS_Ceto': 9.48}","{'CPS_Poseidon': 'liquid_hydrogen', 'CPS_Triton': 'bio_methanol', 'OSS_Ceto': 'green_ammonia'}","CPS_Poseidon: Incompatible fuel liquid_hydrogen for Crown Princess Poseidon (authorized: ['vlsfo', 'fossil_lng', 'bio_methanol']); CPS_Triton: Incompatible assignment: Demand DEMAND-A requires luxury passenger cruise vessel, but Coastal Princess Triton is passenger_cruise_small; Duplicate demand DEMAND-A assigned to 2 vessels (must be exactly 1).; Mandatory demand DEMAND-B is unfulfilled.; Mandatory demand DEMAND-C is unfulfilled."
78,351000.0,1000.0,350000.0,False,"{'CPS_Poseidon': 'DEMAND-B', 'CPS_Triton': 'DEMAND-C', 'OSS_Ceto': 'DEMAND-B'}","{'CPS_Poseidon': 12.03, 'CPS_Triton': 15.36, 'OSS_Ceto': 10.42}","{'CPS_Poseidon': 'bio_methanol', 'CPS_Triton': 'fossil_lng', 'OSS_Ceto': 'green_ammonia'}","CPS_Triton: Incompatible fuel fossil_lng for Coastal Princess Triton (authorized: ['vlsfo', 'bio_methanol']); OSS_Ceto: Incompatible assignment: Demand DEMAND-B requires passenger vessel, but Ocean Supply Ship Ceto is offshore_supply; Mandatory demand DEMAND-A is unfulfilled.; Duplicate demand DEMAND-B assigned to 2 vessels (must be exactly 1)."
79,451000.0,1000.0,450000.0,False,"{'CPS_Poseidon': 'DEMAND-C', 'CPS_Triton': 'DEMAND-A', 'OSS_Ceto': 'DEMAND-A'}","{'CPS_Poseidon': 8.0, 'CPS_Triton': 10.91, 'OSS_Ceto': 6.02}","{'CPS_Poseidon': 'fossil_lng', 'CPS_Triton': 'fossil_lng', 'OSS_Ceto': 'fossil_lng'}","CPS_Poseidon: Incompatible assignment: Demand DEMAND-C requires offshore deck cargo capability, not supported by Crown Princess Poseidon; CPS_Triton: Incompatible fuel fossil_lng for Coastal Princess Triton (authorized: ['vlsfo', 'bio_methanol']); OSS_Ceto: Incompatible fuel fossil_lng for Ocean Supply Ship Ceto (authorized: ['vlsfo', 'mgo', 'bio_methanol', 'green_ammonia']); Duplicate demand DEMAND-A assigned to 2 vessels (must be exactly 1).; Mandatory demand DEMAND-B is unfulfilled."
80,351000.0,1000.0,350000.0,False,"{'CPS_Poseidon': 'DEMAND-B', 'CPS_Triton': 'DEMAND-A', 'OSS_Ceto': 'DEMAND-A'}","{'CPS_Poseidon': 11.12, 'CPS_Triton': 18.0, 'OSS_Ceto': 13.78}","{'CPS_Poseidon': 'vlsfo', 'CPS_Triton': 'liquid_hydrogen', 'OSS_Ceto': 'bio_methanol'}","CPS_Triton: Incompatible fuel liquid_hydrogen for Coastal Princess Triton (authorized: ['vlsfo', 'bio_methanol']); OSS_Ceto: Incompatible assignment: Demand DEMAND-A requires luxury passenger cruise vessel, but Ocean Supply Ship Ceto is offshore_supply; Duplicate demand DEMAND-A assigned to 2 vessels (must be exactly 1).; Mandatory demand DEMAND-C is unfulfilled."
81,301000.0,1000.0,300000.0,False,"{'CPS_Poseidon': 'DEMAND-A', 'CPS_Triton': 'DEMAND-A', 'OSS_Ceto': 'UNASSIGNED'}","{'CPS_Poseidon': 8.0, 'CPS_Triton': 18.0, 'OSS_Ceto': 7.6}","{'CPS_Poseidon': 'bio_methanol', 'CPS_Triton': 'bio_methanol', 'OSS_Ceto': 'green_ammonia'}","CPS_Triton: Incompatible assignment: Demand DEMAND-A requires luxury passenger cruise vessel, but Coastal Princess Triton is passenger_cruise_small; Duplicate demand DEMAND-A assigned to 2 vessels (must be exactly 1).; Mandatory demand DEMAND-B is unfulfilled.; Mandatory demand DEMAND-C is unfulfilled."
82,301000.0,1000.0,300000.0,False,"{'CPS_Poseidon': 'UNASSIGNED', 'CPS_Triton': 'UNASSIGNED', 'OSS_Ceto': 'DEMAND-B'}","{'CPS_Poseidon': 8.0, 'CPS_Triton': 18.0, 'OSS_Ceto': 12.01}","{'CPS_Poseidon': 'bio_methanol', 'CPS_Triton': 'fossil_lng', 'OSS_Ceto': 'bio_methanol'}","CPS_Triton: Incompatible fuel fossil_lng for Coastal Princess Triton (authorized: ['vlsfo', 'bio_methanol']); OSS_Ceto: Incompatible assignment: Demand DEMAND-B requires passenger vessel, but Ocean Supply Ship Ceto is offshore_supply; Mandatory demand DEMAND-A is unfulfilled.; Mandatory demand DEMAND-C is unfulfilled."
83,201000.0,1000.0,200000.0,False,"{'CPS_Poseidon': 'DEMAND-B', 'CPS_Triton': 'DEMAND-A', 'OSS_Ceto': 'DEMAND-C'}","{'CPS_Poseidon': 14.25, 'CPS_Triton': 14.95, 'OSS_Ceto': 5.76}","{'CPS_Poseidon': 'bio_methanol', 'CPS_Triton': 'vlsfo', 'OSS_Ceto': 'fossil_lng'}","CPS_Triton: Incompatible assignment: Demand DEMAND-A requires luxury passenger cruise vessel, but Coastal Princess Triton is passenger_cruise_small; OSS_Ceto: Incompatible fuel fossil_lng for Ocean Supply Ship Ceto (authorized: ['vlsfo', 'mgo', 'bio_methanol', 'green_ammonia'])"
84,251000.0,1000.0,250000.0,False,"{'CPS_Poseidon': 'DEMAND-A', 'CPS_Triton': 'UNASSIGNED', 'OSS_Ceto': 'DEMAND-B'}","{'CPS_Poseidon': 8.0, 'CPS_Triton': 12.22, 'OSS_Ceto': 4.0}","{'CPS_Poseidon': 'liquid_hydrogen', 'CPS_Triton': 'vlsfo', 'OSS_Ceto': 'bio_methanol'}","CPS_Poseidon: Incompatible fuel liquid_hydrogen for Crown Princess Poseidon (authorized: ['vlsfo', 'fossil_lng', 'bio_methanol']); OSS_Ceto: Incompatible assignment: Demand DEMAND-B requires passenger vessel, but Ocean Supply Ship Ceto is offshore_supply; Mandatory demand DEMAND-C is unfulfilled."
85,301000.0,1000.0,300000.0,False,"{'CPS_Poseidon': 'UNASSIGNED', 'CPS_Triton': 'UNASSIGNED', 'OSS_Ceto': 'DEMAND-B'}","{'CPS_Poseidon': 22.0, 'CPS_Triton': 8.59, 'OSS_Ceto': 10.83}","{'CPS_Poseidon': 'bio_methanol', 'CPS_Triton': 'liquid_hydrogen', 'OSS_Ceto': 'liquid_hydrogen'}","CPS_Triton: Incompatible fuel liquid_hydrogen for Coastal Princess Triton (authorized: ['vlsfo', 'bio_methanol']); OSS_Ceto: Incompatible fuel liquid_hydrogen for Ocean Supply Ship Ceto (authorized: ['vlsfo', 'mgo', 'bio_methanol', 'green_ammonia']); Mandatory demand DEMAND-A is unfulfilled.; Mandatory demand DEMAND-C is unfulfilled."
86,151000.0,1000.0,150000.0,False,"{'CPS_Poseidon': 'DEMAND-B', 'CPS_Triton': 'DEMAND-A', 'OSS_Ceto': 'UNASSIGNED'}","{'CPS_Poseidon': 13.29, 'CPS_Triton': 12.06, 'OSS_Ceto': 11.47}","{'CPS_Poseidon': 'vlsfo', 'CPS_Triton': 'fossil_lng', 'OSS_Ceto': 'bio_methanol'}","CPS_Triton: Incompatible fuel fossil_lng for Coastal Princess Triton (authorized: ['vlsfo', 'bio_methanol']); Mandatory demand DEMAND-C is unfulfilled."
87,101000.0,1000.0,100000.0,False,"{'CPS_Poseidon': 'DEMAND-B', 'CPS_Triton': 'DEMAND-A', 'OSS_Ceto': 'DEMAND-C'}","{'CPS_Poseidon': 8.0, 'CPS_Triton': 13.4, 'OSS_Ceto': 10.37}","{'CPS_Poseidon': 'fossil_lng', 'CPS_Triton': 'liquid_hydrogen', 'OSS_Ceto': 'green_ammonia'}","CPS_Triton: Incompatible fuel liquid_hydrogen for Coastal Princess Triton (authorized: ['vlsfo', 'bio_methanol'])"
88,151000.0,1000.0,150000.0,False,"{'CPS_Poseidon': 'DEMAND-B', 'CPS_Triton': 'DEMAND-B', 'OSS_Ceto': 'DEMAND-C'}","{'CPS_Poseidon': 8.0, 'CPS_Triton': 10.43, 'OSS_Ceto': 12.49}","{'CPS_Poseidon': 'vlsfo', 'CPS_Triton': 'vlsfo', 'OSS_Ceto': 'green_ammonia'}",Mandatory demand DEMAND-A is unfulfilled.; Duplicate demand DEMAND-B assigned to 2 vessels (must be exactly 1).
89,351000.0,1000.0,350000.0,False,"{'CPS_Poseidon': 'DEMAND-A', 'CPS_Triton': 'DEMAND-A', 'OSS_Ceto': 'DEMAND-B'}","{'CPS_Poseidon': 8.0, 'CPS_Triton': 18.0, 'OSS_Ceto': 4.0}","{'CPS_Poseidon': 'fossil_lng', 'CPS_Triton': 'vlsfo', 'OSS_Ceto': 'liquid_hydrogen'}","CPS_Triton: Incompatible assignment: Demand DEMAND-A requires luxury passenger cruise vessel, but Coastal Princess Triton is passenger_cruise_small; OSS_Ceto: Incompatible fuel liquid_hydrogen for Ocean Supply Ship Ceto (authorized: ['vlsfo', 'mgo', 'bio_methanol', 'green_ammonia']); Duplicate demand DEMAND-A assigned to 2 vessels (must be exactly 1).; Mandatory demand DEMAND-C is unfulfilled."
90,201000.0,1000.0,200000.0,False,"{'CPS_Poseidon': 'UNASSIGNED', 'CPS_Triton': 'DEMAND-A', 'OSS_Ceto': 'UNASSIGNED'}","{'CPS_Poseidon': 8.0, 'CPS_Triton': 18.0, 'OSS_Ceto': 12.83}","{'CPS_Poseidon': 'fossil_lng', 'CPS_Triton': 'vlsfo', 'OSS_Ceto': 'bio_methanol'}","CPS_Triton: Incompatible assignment: Demand DEMAND-A requires luxury passenger cruise vessel, but Coastal Princess Triton is passenger_cruise_small; Mandatory demand DEMAND-B is unfulfilled.; Mandatory demand DEMAND-C is unfulfilled."
91,451000.0,1000.0,450000.0,False,"{'CPS_Poseidon': 'DEMAND-C', 'CPS_Triton': 'DEMAND-C', 'OSS_Ceto': 'DEMAND-B'}","{'CPS_Poseidon': 8.0, 'CPS_Triton': 8.92, 'OSS_Ceto': 11.06}","{'CPS_Poseidon': 'bio_methanol', 'CPS_Triton': 'fossil_lng', 'OSS_Ceto': 'fossil_lng'}","CPS_Poseidon: Incompatible assignment: Demand DEMAND-C requires offshore deck cargo capability, not supported by Crown Princess Poseidon; CPS_Triton: Incompatible fuel fossil_lng for Coastal Princess Triton (authorized: ['vlsfo', 'bio_methanol']); OSS_Ceto: Incompatible fuel fossil_lng for Ocean Supply Ship Ceto (authorized: ['vlsfo', 'mgo', 'bio_methanol', 'green_ammonia']); Mandatory demand DEMAND-A is unfulfilled.; Duplicate demand DEMAND-C assigned to 2 vessels (must be exactly 1)."
92,151000.0,1000.0,150000.0,False,"{'CPS_Poseidon': 'DEMAND-B', 'CPS_Triton': 'UNASSIGNED', 'OSS_Ceto': 'DEMAND-C'}","{'CPS_Poseidon': 22.0, 'CPS_Triton': 14.45, 'OSS_Ceto': 4.0}","{'CPS_Poseidon': 'fossil_lng', 'CPS_Triton': 'fossil_lng', 'OSS_Ceto': 'bio_methanol'}","CPS_Triton: Incompatible fuel fossil_lng for Coastal Princess Triton (authorized: ['vlsfo', 'bio_methanol']); Mandatory demand DEMAND-A is unfulfilled."
93,251000.0,1000.0,250000.0,False,"{'CPS_Poseidon': 'UNASSIGNED', 'CPS_Triton': 'DEMAND-A', 'OSS_Ceto': 'DEMAND-B'}","{'CPS_Poseidon': 17.83, 'CPS_Triton': 15.75, 'OSS_Ceto': 15.0}","{'CPS_Poseidon': 'bio_methanol', 'CPS_Triton': 'bio_methanol', 'OSS_Ceto': 'vlsfo'}","CPS_Triton: Incompatible assignment: Demand DEMAND-A requires luxury passenger cruise vessel, but Coastal Princess Triton is passenger_cruise_small; OSS_Ceto: Incompatible assignment: Demand DEMAND-B requires passenger vessel, but Ocean Supply Ship Ceto is offshore_supply; Mandatory demand DEMAND-C is unfulfilled."
94,351000.0,1000.0,350000.0,False,"{'CPS_Poseidon': 'DEMAND-B', 'CPS_Triton': 'DEMAND-A', 'OSS_Ceto': 'DEMAND-B'}","{'CPS_Poseidon': 18.82, 'CPS_Triton': 13.52, 'OSS_Ceto': 6.31}","{'CPS_Poseidon': 'fossil_lng', 'CPS_Triton': 'bio_methanol', 'OSS_Ceto': 'liquid_hydrogen'}","CPS_Triton: Incompatible assignment: Demand DEMAND-A requires luxury passenger cruise vessel, but Coastal Princess Triton is passenger_cruise_small; OSS_Ceto: Incompatible fuel liquid_hydrogen for Ocean Supply Ship Ceto (authorized: ['vlsfo', 'mgo', 'bio_methanol', 'green_ammonia']); Duplicate demand DEMAND-B assigned to 2 vessels (must be exactly 1).; Mandatory demand DEMAND-C is unfulfilled."
95,351000.0,1000.0,350000.0,False,"{'CPS_Poseidon': 'DEMAND-B', 'CPS_Triton': 'DEMAND-A', 'OSS_Ceto': 'DEMAND-B'}","{'CPS_Poseidon': 13.09, 'CPS_Triton': 16.36, 'OSS_Ceto': 8.06}","{'CPS_Poseidon': 'bio_methanol', 'CPS_Triton': 'fossil_lng', 'OSS_Ceto': 'bio_methanol'}","CPS_Triton: Incompatible fuel fossil_lng for Coastal Princess Triton (authorized: ['vlsfo', 'bio_methanol']); OSS_Ceto: Incompatible assignment: Demand DEMAND-B requires passenger vessel, but Ocean Supply Ship Ceto is offshore_supply; Duplicate demand DEMAND-B assigned to 2 vessels (must be exactly 1).; Mandatory demand DEMAND-C is unfulfilled."
96,251000.0,1000.0,250000.0,False,"{'CPS_Poseidon': 'DEMAND-A', 'CPS_Triton': 'DEMAND-A', 'OSS_Ceto': 'DEMAND-C'}","{'CPS_Poseidon': 8.0, 'CPS_Triton': 15.78, 'OSS_Ceto': 10.21}","{'CPS_Poseidon': 'vlsfo', 'CPS_Triton': 'fossil_lng', 'OSS_Ceto': 'vlsfo'}","CPS_Triton: Incompatible fuel fossil_lng for Coastal Princess Triton (authorized: ['vlsfo', 'bio_methanol']); Duplicate demand DEMAND-A assigned to 2 vessels (must be exactly 1).; Mandatory demand DEMAND-B is unfulfilled."
97,401000.0,1000.0,400000.0,False,"{'CPS_Poseidon': 'DEMAND-B', 'CPS_Triton': 'UNASSIGNED', 'OSS_Ceto': 'DEMAND-B'}","{'CPS_Poseidon': 22.0, 'CPS_Triton': 12.68, 'OSS_Ceto': 7.91}","{'CPS_Poseidon': 'green_ammonia', 'CPS_Triton': 'bio_methanol', 'OSS_Ceto': 'bio_methanol'}","CPS_Poseidon: Incompatible fuel green_ammonia for Crown Princess Poseidon (authorized: ['vlsfo', 'fossil_lng', 'bio_methanol']); OSS_Ceto: Incompatible assignment: Demand DEMAND-B requires passenger vessel, but Ocean Supply Ship Ceto is offshore_supply; Mandatory demand DEMAND-A is unfulfilled.; Duplicate demand DEMAND-B assigned to 2 vessels (must be exactly 1).; Mandatory demand DEMAND-C is unfulfilled."
98,401000.0,1000.0,400000.0,False,"{'CPS_Poseidon': 'DEMAND-C', 'CPS_Triton': 'UNASSIGNED', 'OSS_Ceto': 'UNASSIGNED'}","{'CPS_Poseidon': 10.07, 'CPS_Triton': 15.47, 'OSS_Ceto': 11.97}","{'CPS_Poseidon': 'green_ammonia', 'CPS_Triton': 'green_ammonia', 'OSS_Ceto': 'fossil_lng'}","CPS_Poseidon: Incompatible fuel green_ammonia for Crown Princess Poseidon (authorized: ['vlsfo', 'fossil_lng', 'bio_methanol']); CPS_Triton: Incompatible fuel green_ammonia for Coastal Princess Triton (authorized: ['vlsfo', 'bio_methanol']); OSS_Ceto: Incompatible fuel fossil_lng for Ocean Supply Ship Ceto (authorized: ['vlsfo', 'mgo', 'bio_methanol', 'green_ammonia']); Mandatory demand DEMAND-A is unfulfilled.; Mandatory demand DEMAND-B is unfulfilled."
99,351000.0,1000.0,350000.0,False,"{'CPS_Poseidon': 'DEMAND-A', 'CPS_Triton': 'DEMAND-B', 'OSS_Ceto': 'DEMAND-A'}","{'CPS_Poseidon': 15.93, 'CPS_Triton': 6.0, 'OSS_Ceto': 15.0}","{'CPS_Poseidon': 'liquid_hydrogen', 'CPS_Triton': 'vlsfo', 'OSS_Ceto': 'bio_methanol'}","CPS_Poseidon: Incompatible fuel liquid_hydrogen for Crown Princess Poseidon (authorized: ['vlsfo', 'fossil_lng', 'bio_methanol']); OSS_Ceto: Incompatible assignment: Demand DEMAND-A requires luxury passenger cruise vessel, but Ocean Supply Ship Ceto is offshore_supply; Duplicate demand DEMAND-A assigned to 2 vessels (must be exactly 1).; Mandatory demand DEMAND-C is unfulfilled."
100,351000.0,1000.0,350000.0,False,"{'CPS_Poseidon': 'DEMAND-C', 'CPS_Triton': 'UNASSIGNED', 'OSS_Ceto': 'DEMAND-A'}","{'CPS_Poseidon': 22.0, 'CPS_Triton': 11.36, 'OSS_Ceto': 12.4}","{'CPS_Poseidon': 'fossil_lng', 'CPS_Triton': 'fossil_lng', 'OSS_Ceto': 'liquid_hydrogen'}","CPS_Poseidon: Incompatible assignment: Demand DEMAND-C requires offshore deck cargo capability, not supported by Crown Princess Poseidon; CPS_Triton: Incompatible fuel fossil_lng for Coastal Princess Triton (authorized: ['vlsfo', 'bio_methanol']); OSS_Ceto: Incompatible fuel liquid_hydrogen for Ocean Supply Ship Ceto (authorized: ['vlsfo', 'mgo', 'bio_methanol', 'green_ammonia']); Mandatory demand DEMAND-B is unfulfilled."
101,351000.0,1000.0,350000.0,False,"{'CPS_Poseidon': 'DEMAND-B', 'CPS_Triton': 'DEMAND-A', 'OSS_Ceto': 'DEMAND-B'}","{'CPS_Poseidon': 8.0, 'CPS_Triton': 18.0, 'OSS_Ceto': 12.36}","{'CPS_Poseidon': 'vlsfo', 'CPS_Triton': 'fossil_lng', 'OSS_Ceto': 'bio_methanol'}","CPS_Triton: Incompatible fuel fossil_lng for Coastal Princess Triton (authorized: ['vlsfo', 'bio_methanol']); OSS_Ceto: Incompatible assignment: Demand DEMAND-B requires passenger vessel, but Ocean Supply Ship Ceto is offshore_supply; Duplicate demand DEMAND-B assigned to 2 vessels (must be exactly 1).; Mandatory demand DEMAND-C is unfulfilled."
102,451000.0,1000.0,450000.0,False,"{'CPS_Poseidon': 'DEMAND-B', 'CPS_Triton': 'DEMAND-A', 'OSS_Ceto': 'DEMAND-A'}","{'CPS_Poseidon': 14.52, 'CPS_Triton': 17.07, 'OSS_Ceto': 13.84}","{'CPS_Poseidon': 'liquid_hydrogen', 'CPS_Triton': 'bio_methanol', 'OSS_Ceto': 'bio_methanol'}","CPS_Poseidon: Incompatible fuel liquid_hydrogen for Crown Princess Poseidon (authorized: ['vlsfo', 'fossil_lng', 'bio_methanol']); CPS_Triton: Incompatible assignment: Demand DEMAND-A requires luxury passenger cruise vessel, but Coastal Princess Triton is passenger_cruise_small; OSS_Ceto: Incompatible assignment: Demand DEMAND-A requires luxury passenger cruise vessel, but Ocean Supply Ship Ceto is offshore_supply; Duplicate demand DEMAND-A assigned to 2 vessels (must be exactly 1).; Mandatory demand DEMAND-C is unfulfilled."
103,101000.0,1000.0,100000.0,False,"{'CPS_Poseidon': 'DEMAND-B', 'CPS_Triton': 'UNASSIGNED', 'OSS_Ceto': 'UNASSIGNED'}","{'CPS_Poseidon': 10.95, 'CPS_Triton': 18.0, 'OSS_Ceto': 11.71}","{'CPS_Poseidon': 'fossil_lng', 'CPS_Triton': 'vlsfo', 'OSS_Ceto': 'green_ammonia'}",Mandatory demand DEMAND-A is unfulfilled.; Mandatory demand DEMAND-C is unfulfilled.
104,351000.0,1000.0,350000.0,False,"{'CPS_Poseidon': 'DEMAND-B', 'CPS_Triton': 'DEMAND-A', 'OSS_Ceto': 'DEMAND-B'}","{'CPS_Poseidon': 15.59, 'CPS_Triton': 18.0, 'OSS_Ceto': 11.1}","{'CPS_Poseidon': 'vlsfo', 'CPS_Triton': 'fossil_lng', 'OSS_Ceto': 'green_ammonia'}","CPS_Triton: Incompatible fuel fossil_lng for Coastal Princess Triton (authorized: ['vlsfo', 'bio_methanol']); OSS_Ceto: Incompatible assignment: Demand DEMAND-B requires passenger vessel, but Ocean Supply Ship Ceto is offshore_supply; Duplicate demand DEMAND-B assigned to 2 vessels (must be exactly 1).; Mandatory demand DEMAND-C is unfulfilled."
105,101000.0,1000.0,100000.0,False,"{'CPS_Poseidon': 'DEMAND-B', 'CPS_Triton': 'DEMAND-A', 'OSS_Ceto': 'DEMAND-C'}","{'CPS_Poseidon': 13.82, 'CPS_Triton': 18.0, 'OSS_Ceto': 9.64}","{'CPS_Poseidon': 'bio_methanol', 'CPS_Triton': 'vlsfo', 'OSS_Ceto': 'green_ammonia'}","CPS_Triton: Incompatible assignment: Demand DEMAND-A requires luxury passenger cruise vessel, but Coastal Princess Triton is passenger_cruise_small"
106,51000.0,1000.0,50000.0,False,"{'CPS_Poseidon': 'DEMAND-B', 'CPS_Triton': 'UNASSIGNED', 'OSS_Ceto': 'DEMAND-C'}","{'CPS_Poseidon': 13.01, 'CPS_Triton': 9.99, 'OSS_Ceto': 10.1}","{'CPS_Poseidon': 'vlsfo', 'CPS_Triton': 'bio_methanol', 'OSS_Ceto': 'vlsfo'}",Mandatory demand DEMAND-A is unfulfilled.
107,351000.0,1000.0,350000.0,False,"{'CPS_Poseidon': 'DEMAND-B', 'CPS_Triton': 'DEMAND-A', 'OSS_Ceto': 'DEMAND-B'}","{'CPS_Poseidon': 9.77, 'CPS_Triton': 6.55, 'OSS_Ceto': 10.35}","{'CPS_Poseidon': 'bio_methanol', 'CPS_Triton': 'vlsfo', 'OSS_Ceto': 'vlsfo'}","CPS_Triton: Incompatible assignment: Demand DEMAND-A requires luxury passenger cruise vessel, but Coastal Princess Triton is passenger_cruise_small; OSS_Ceto: Incompatible assignment: Demand DEMAND-B requires passenger vessel, but Ocean Supply Ship Ceto is offshore_supply; Duplicate demand DEMAND-B assigned to 2 vessels (must be exactly 1).; Mandatory demand DEMAND-C is unfulfilled."
108,501000.0,1000.0,500000.0,False,"{'CPS_Poseidon': 'DEMAND-A', 'CPS_Triton': 'DEMAND-A', 'OSS_Ceto': 'DEMAND-A'}","{'CPS_Poseidon': 15.47, 'CPS_Triton': 7.83, 'OSS_Ceto': 10.1}","{'CPS_Poseidon': 'vlsfo', 'CPS_Triton': 'fossil_lng', 'OSS_Ceto': 'fossil_lng'}","CPS_Triton: Incompatible fuel fossil_lng for Coastal Princess Triton (authorized: ['vlsfo', 'bio_methanol']); OSS_Ceto: Incompatible fuel fossil_lng for Ocean Supply Ship Ceto (authorized: ['vlsfo', 'mgo', 'bio_methanol', 'green_ammonia']); Duplicate demand DEMAND-A assigned to 3 vessels (must be exactly 1).; Mandatory demand DEMAND-B is unfulfilled.; Mandatory demand DEMAND-C is unfulfilled."
109,401000.0,1000.0,400000.0,False,"{'CPS_Poseidon': 'DEMAND-B', 'CPS_Triton': 'DEMAND-B', 'OSS_Ceto': 'DEMAND-B'}","{'CPS_Poseidon': 12.62, 'CPS_Triton': 6.0, 'OSS_Ceto': 10.08}","{'CPS_Poseidon': 'fossil_lng', 'CPS_Triton': 'bio_methanol', 'OSS_Ceto': 'fossil_lng'}","OSS_Ceto: Incompatible fuel fossil_lng for Ocean Supply Ship Ceto (authorized: ['vlsfo', 'mgo', 'bio_methanol', 'green_ammonia']); Mandatory demand DEMAND-A is unfulfilled.; Duplicate demand DEMAND-B assigned to 3 vessels (must be exactly 1).; Mandatory demand DEMAND-C is unfulfilled."
110,151000.0,1000.0,150000.0,False,"{'CPS_Poseidon': 'DEMAND-A', 'CPS_Triton': 'UNASSIGNED', 'OSS_Ceto': 'DEMAND-C'}","{'CPS_Poseidon': 15.63, 'CPS_Triton': 11.96, 'OSS_Ceto': 13.15}","{'CPS_Poseidon': 'fossil_lng', 'CPS_Triton': 'vlsfo', 'OSS_Ceto': 'fossil_lng'}","OSS_Ceto: Incompatible fuel fossil_lng for Ocean Supply Ship Ceto (authorized: ['vlsfo', 'mgo', 'bio_methanol', 'green_ammonia']); Mandatory demand DEMAND-B is unfulfilled."
111,351000.0,1000.0,350000.0,False,"{'CPS_Poseidon': 'DEMAND-A', 'CPS_Triton': 'DEMAND-B', 'OSS_Ceto': 'DEMAND-A'}","{'CPS_Poseidon': 13.61, 'CPS_Triton': 11.89, 'OSS_Ceto': 12.64}","{'CPS_Poseidon': 'vlsfo', 'CPS_Triton': 'fossil_lng', 'OSS_Ceto': 'vlsfo'}","CPS_Triton: Incompatible fuel fossil_lng for Coastal Princess Triton (authorized: ['vlsfo', 'bio_methanol']); OSS_Ceto: Incompatible assignment: Demand DEMAND-A requires luxury passenger cruise vessel, but Ocean Supply Ship Ceto is offshore_supply; Duplicate demand DEMAND-A assigned to 2 vessels (must be exactly 1).; Mandatory demand DEMAND-C is unfulfilled."
112,151000.0,1000.0,150000.0,False,"{'CPS_Poseidon': 'DEMAND-A', 'CPS_Triton': 'UNASSIGNED', 'OSS_Ceto': 'DEMAND-C'}","{'CPS_Poseidon': 14.97, 'CPS_Triton': 15.24, 'OSS_Ceto': 14.31}","{'CPS_Poseidon': 'fossil_lng', 'CPS_Triton': 'green_ammonia', 'OSS_Ceto': 'vlsfo'}","CPS_Triton: Incompatible fuel green_ammonia for Coastal Princess Triton (authorized: ['vlsfo', 'bio_methanol']); Mandatory demand DEMAND-B is unfulfilled."
113,301000.0,1000.0,300000.0,False,"{'CPS_Poseidon': 'UNASSIGNED', 'CPS_Triton': 'UNASSIGNED', 'OSS_Ceto': 'DEMAND-B'}","{'CPS_Poseidon': 14.7, 'CPS_Triton': 18.0, 'OSS_Ceto': 9.65}","{'CPS_Poseidon': 'vlsfo', 'CPS_Triton': 'green_ammonia', 'OSS_Ceto': 'vlsfo'}","CPS_Triton: Incompatible fuel green_ammonia for Coastal Princess Triton (authorized: ['vlsfo', 'bio_methanol']); OSS_Ceto: Incompatible assignment: Demand DEMAND-B requires passenger vessel, but Ocean Supply Ship Ceto is offshore_supply; Mandatory demand DEMAND-A is unfulfilled.; Mandatory demand DEMAND-C is unfulfilled."
114,51000.0,1000.0,50000.0,False,"{'CPS_Poseidon': 'DEMAND-A', 'CPS_Triton': 'UNASSIGNED', 'OSS_Ceto': 'DEMAND-C'}","{'CPS_Poseidon': 8.74, 'CPS_Triton': 10.39, 'OSS_Ceto': 10.37}","{'CPS_Poseidon': 'vlsfo', 'CPS_Triton': 'vlsfo', 'OSS_Ceto': 'vlsfo'}",Mandatory demand DEMAND-B is unfulfilled.
115,201000.0,1000.0,200000.0,False,"{'CPS_Poseidon': 'UNASSIGNED', 'CPS_Triton': 'UNASSIGNED', 'OSS_Ceto': 'DEMAND-C'}","{'CPS_Poseidon': 11.73, 'CPS_Triton': 7.34, 'OSS_Ceto': 4.0}","{'CPS_Poseidon': 'vlsfo', 'CPS_Triton': 'bio_methanol', 'OSS_Ceto': 'fossil_lng'}","OSS_Ceto: Incompatible fuel fossil_lng for Ocean Supply Ship Ceto (authorized: ['vlsfo', 'mgo', 'bio_methanol', 'green_ammonia']); Mandatory demand DEMAND-A is unfulfilled.; Mandatory demand DEMAND-B is unfulfilled."
116,301000.0,1000.0,300000.0,False,"{'CPS_Poseidon': 'DEMAND-B', 'CPS_Triton': 'UNASSIGNED', 'OSS_Ceto': 'DEMAND-B'}","{'CPS_Poseidon': 11.85, 'CPS_Triton': 14.78, 'OSS_Ceto': 11.54}","{'CPS_Poseidon': 'vlsfo', 'CPS_Triton': 'bio_methanol', 'OSS_Ceto': 'liquid_hydrogen'}","OSS_Ceto: Incompatible fuel liquid_hydrogen for Ocean Supply Ship Ceto (authorized: ['vlsfo', 'mgo', 'bio_methanol', 'green_ammonia']); Mandatory demand DEMAND-A is unfulfilled.; Duplicate demand DEMAND-B assigned to 2 vessels (must be exactly 1).; Mandatory demand DEMAND-C is unfulfilled."
117,501000.0,1000.0,500000.0,False,"{'CPS_Poseidon': 'DEMAND-A', 'CPS_Triton': 'DEMAND-A', 'OSS_Ceto': 'DEMAND-A'}","{'CPS_Poseidon': 13.34, 'CPS_Triton': 14.14, 'OSS_Ceto': 15.0}","{'CPS_Poseidon': 'vlsfo', 'CPS_Triton': 'bio_methanol', 'OSS_Ceto': 'fossil_lng'}","CPS_Triton: Incompatible assignment: Demand DEMAND-A requires luxury passenger cruise vessel, but Coastal Princess Triton is passenger_cruise_small; OSS_Ceto: Incompatible fuel fossil_lng for Ocean Supply Ship Ceto (authorized: ['vlsfo', 'mgo', 'bio_methanol', 'green_ammonia']); Duplicate demand DEMAND-A assigned to 3 vessels (must be exactly 1).; Mandatory demand DEMAND-B is unfulfilled.; Mandatory demand DEMAND-C is unfulfilled."
118,351000.0,1000.0,350000.0,False,"{'CPS_Poseidon': 'DEMAND-A', 'CPS_Triton': 'UNASSIGNED', 'OSS_Ceto': 'DEMAND-B'}","{'CPS_Poseidon': 13.01, 'CPS_Triton': 7.81, 'OSS_Ceto': 8.51}","{'CPS_Poseidon': 'green_ammonia', 'CPS_Triton': 'liquid_hydrogen', 'OSS_Ceto': 'liquid_hydrogen'}","CPS_Poseidon: Incompatible fuel green_ammonia for Crown Princess Poseidon (authorized: ['vlsfo', 'fossil_lng', 'bio_methanol']); CPS_Triton: Incompatible fuel liquid_hydrogen for Coastal Princess Triton (authorized: ['vlsfo', 'bio_methanol']); OSS_Ceto: Incompatible fuel liquid_hydrogen for Ocean Supply Ship Ceto (authorized: ['vlsfo', 'mgo', 'bio_methanol', 'green_ammonia']); Mandatory demand DEMAND-C is unfulfilled."
119,351000.0,1000.0,350000.0,False,"{'CPS_Poseidon': 'DEMAND-A', 'CPS_Triton': 'DEMAND-A', 'OSS_Ceto': 'DEMAND-B'}","{'CPS_Poseidon': 22.0, 'CPS_Triton': 12.88, 'OSS_Ceto': 8.63}","{'CPS_Poseidon': 'vlsfo', 'CPS_Triton': 'bio_methanol', 'OSS_Ceto': 'vlsfo'}","CPS_Triton: Incompatible assignment: Demand DEMAND-A requires luxury passenger cruise vessel, but Coastal Princess Triton is passenger_cruise_small; OSS_Ceto: Incompatible assignment: Demand DEMAND-B requires passenger vessel, but Ocean Supply Ship Ceto is offshore_supply; Duplicate demand DEMAND-A assigned to 2 vessels (must be exactly 1).; Mandatory demand DEMAND-C is unfulfilled."
120,301000.0,1000.0,300000.0,False,"{'CPS_Poseidon': 'DEMAND-B', 'CPS_Triton': 'UNASSIGNED', 'OSS_Ceto': 'DEMAND-B'}","{'CPS_Poseidon': 18.62, 'CPS_Triton': 11.33, 'OSS_Ceto': 11.29}","{'CPS_Poseidon': 'fossil_lng', 'CPS_Triton': 'bio_methanol', 'OSS_Ceto': 'vlsfo'}","OSS_Ceto: Incompatible assignment: Demand DEMAND-B requires passenger vessel, but Ocean Supply Ship Ceto is offshore_supply; Mandatory demand DEMAND-A is unfulfilled.; Duplicate demand DEMAND-B assigned to 2 vessels (must be exactly 1).; Mandatory demand DEMAND-C is unfulfilled."
121,401000.0,1000.0,400000.0,False,"{'CPS_Poseidon': 'DEMAND-B', 'CPS_Triton': 'UNASSIGNED', 'OSS_Ceto': 'DEMAND-B'}","{'CPS_Poseidon': 15.63, 'CPS_Triton': 9.03, 'OSS_Ceto': 9.02}","{'CPS_Poseidon': 'fossil_lng', 'CPS_Triton': 'green_ammonia', 'OSS_Ceto': 'vlsfo'}","CPS_Triton: Incompatible fuel green_ammonia for Coastal Princess Triton (authorized: ['vlsfo', 'bio_methanol']); OSS_Ceto: Incompatible assignment: Demand DEMAND-B requires passenger vessel, but Ocean Supply Ship Ceto is offshore_supply; Mandatory demand DEMAND-A is unfulfilled.; Duplicate demand DEMAND-B assigned to 2 vessels (must be exactly 1).; Mandatory demand DEMAND-C is unfulfilled."
122,251000.0,1000.0,250000.0,False,"{'CPS_Poseidon': 'UNASSIGNED', 'CPS_Triton': 'DEMAND-A', 'OSS_Ceto': 'DEMAND-B'}","{'CPS_Poseidon': 12.9, 'CPS_Triton': 13.89, 'OSS_Ceto': 5.32}","{'CPS_Poseidon': 'vlsfo', 'CPS_Triton': 'green_ammonia', 'OSS_Ceto': 'vlsfo'}","CPS_Triton: Incompatible fuel green_ammonia for Coastal Princess Triton (authorized: ['vlsfo', 'bio_methanol']); OSS_Ceto: Incompatible assignment: Demand DEMAND-B requires passenger vessel, but Ocean Supply Ship Ceto is offshore_supply; Mandatory demand DEMAND-C is unfulfilled."
123,101000.0,1000.0,100000.0,False,"{'CPS_Poseidon': 'UNASSIGNED', 'CPS_Triton': 'UNASSIGNED', 'OSS_Ceto': 'DEMAND-C'}","{'CPS_Poseidon': 11.78, 'CPS_Triton': 13.12, 'OSS_Ceto': 9.13}","{'CPS_Poseidon': 'fossil_lng', 'CPS_Triton': 'vlsfo', 'OSS_Ceto': 'vlsfo'}",Mandatory demand DEMAND-A is unfulfilled.; Mandatory demand DEMAND-B is unfulfilled.
124,251000.0,1000.0,250000.0,False,"{'CPS_Poseidon': 'DEMAND-B', 'CPS_Triton': 'UNASSIGNED', 'OSS_Ceto': 'DEMAND-C'}","{'CPS_Poseidon': 8.0, 'CPS_Triton': 12.15, 'OSS_Ceto': 4.0}","{'CPS_Poseidon': 'fossil_lng', 'CPS_Triton': 'fossil_lng', 'OSS_Ceto': 'liquid_hydrogen'}","CPS_Triton: Incompatible fuel fossil_lng for Coastal Princess Triton (authorized: ['vlsfo', 'bio_methanol']); OSS_Ceto: Incompatible fuel liquid_hydrogen for Ocean Supply Ship Ceto (authorized: ['vlsfo', 'mgo', 'bio_methanol', 'green_ammonia']); Mandatory demand DEMAND-A is unfulfilled."
125,51000.0,1000.0,50000.0,False,"{'CPS_Poseidon': 'DEMAND-B', 'CPS_Triton': 'UNASSIGNED', 'OSS_Ceto': 'DEMAND-C'}","{'CPS_Poseidon': 14.78, 'CPS_Triton': 17.85, 'OSS_Ceto': 9.08}","{'CPS_Poseidon': 'vlsfo', 'CPS_Triton': 'bio_methanol', 'OSS_Ceto': 'vlsfo'}",Mandatory demand DEMAND-A is unfulfilled.
126,351000.0,1000.0,350000.0,False,"{'CPS_Poseidon': 'DEMAND-A', 'CPS_Triton': 'DEMAND-C', 'OSS_Ceto': 'DEMAND-A'}","{'CPS_Poseidon': 13.29, 'CPS_Triton': 17.76, 'OSS_Ceto': 10.17}","{'CPS_Poseidon': 'bio_methanol', 'CPS_Triton': 'vlsfo', 'OSS_Ceto': 'bio_methanol'}","CPS_Triton: Cargo demand (3200.0 t) exceeds Coastal Princess Triton deadweight capacity (1800.0 t); OSS_Ceto: Incompatible assignment: Demand DEMAND-A requires luxury passenger cruise vessel, but Ocean Supply Ship Ceto is offshore_supply; Duplicate demand DEMAND-A assigned to 2 vessels (must be exactly 1).; Mandatory demand DEMAND-B is unfulfilled."
127,301000.0,1000.0,300000.0,False,"{'CPS_Poseidon': 'DEMAND-C', 'CPS_Triton': 'DEMAND-A', 'OSS_Ceto': 'DEMAND-B'}","{'CPS_Poseidon': 14.73, 'CPS_Triton': 9.03, 'OSS_Ceto': 9.56}","{'CPS_Poseidon': 'bio_methanol', 'CPS_Triton': 'bio_methanol', 'OSS_Ceto': 'vlsfo'}","CPS_Poseidon: Incompatible assignment: Demand DEMAND-C requires offshore deck cargo capability, not supported by Crown Princess Poseidon; CPS_Triton: Incompatible assignment: Demand DEMAND-A requires luxury passenger cruise vessel, but Coastal Princess Triton is passenger_cruise_small; OSS_Ceto: Incompatible assignment: Demand DEMAND-B requires passenger vessel, but Ocean Supply Ship Ceto is offshore_supply"
128,151000.0,1000.0,150000.0,False,"{'CPS_Poseidon': 'DEMAND-B', 'CPS_Triton': 'UNASSIGNED', 'OSS_Ceto': 'DEMAND-C'}","{'CPS_Poseidon': 13.09, 'CPS_Triton': 7.57, 'OSS_Ceto': 9.92}","{'CPS_Poseidon': 'fossil_lng', 'CPS_Triton': 'green_ammonia', 'OSS_Ceto': 'vlsfo'}","CPS_Triton: Incompatible fuel green_ammonia for Coastal Princess Triton (authorized: ['vlsfo', 'bio_methanol']); Mandatory demand DEMAND-A is unfulfilled."
129,351000.0,1000.0,350000.0,False,"{'CPS_Poseidon': 'DEMAND-C', 'CPS_Triton': 'DEMAND-A', 'OSS_Ceto': 'DEMAND-C'}","{'CPS_Poseidon': 8.0, 'CPS_Triton': 10.95, 'OSS_Ceto': 14.09}","{'CPS_Poseidon': 'vlsfo', 'CPS_Triton': 'bio_methanol', 'OSS_Ceto': 'vlsfo'}","CPS_Poseidon: Incompatible assignment: Demand DEMAND-C requires offshore deck cargo capability, not supported by Crown Princess Poseidon; CPS_Triton: Incompatible assignment: Demand DEMAND-A requires luxury passenger cruise vessel, but Coastal Princess Triton is passenger_cruise_small; Mandatory demand DEMAND-B is unfulfilled.; Duplicate demand DEMAND-C assigned to 2 vessels (must be exactly 1)."
130,101000.0,1000.0,100000.0,False,"{'CPS_Poseidon': 'DEMAND-B', 'CPS_Triton': 'DEMAND-A', 'OSS_Ceto': 'DEMAND-C'}","{'CPS_Poseidon': 10.86, 'CPS_Triton': 6.71, 'OSS_Ceto': 5.81}","{'CPS_Poseidon': 'fossil_lng', 'CPS_Triton': 'fossil_lng', 'OSS_Ceto': 'bio_methanol'}","CPS_Triton: Incompatible fuel fossil_lng for Coastal Princess Triton (authorized: ['vlsfo', 'bio_methanol'])"
131,251000.0,1000.0,250000.0,False,"{'CPS_Poseidon': 'DEMAND-A', 'CPS_Triton': 'UNASSIGNED', 'OSS_Ceto': 'DEMAND-B'}","{'CPS_Poseidon': 8.0, 'CPS_Triton': 18.0, 'OSS_Ceto': 8.93}","{'CPS_Poseidon': 'fossil_lng', 'CPS_Triton': 'fossil_lng', 'OSS_Ceto': 'fossil_lng'}","CPS_Triton: Incompatible fuel fossil_lng for Coastal Princess Triton (authorized: ['vlsfo', 'bio_methanol']); OSS_Ceto: Incompatible fuel fossil_lng for Ocean Supply Ship Ceto (authorized: ['vlsfo', 'mgo', 'bio_methanol', 'green_ammonia']); Mandatory demand DEMAND-C is unfulfilled."
132,151000.0,1000.0,150000.0,False,"{'CPS_Poseidon': 'DEMAND-B', 'CPS_Triton': 'UNASSIGNED', 'OSS_Ceto': 'DEMAND-C'}","{'CPS_Poseidon': 14.25, 'CPS_Triton': 8.82, 'OSS_Ceto': 10.82}","{'CPS_Poseidon': 'vlsfo', 'CPS_Triton': 'bio_methanol', 'OSS_Ceto': 'fossil_lng'}","OSS_Ceto: Incompatible fuel fossil_lng for Ocean Supply Ship Ceto (authorized: ['vlsfo', 'mgo', 'bio_methanol', 'green_ammonia']); Mandatory demand DEMAND-A is unfulfilled."
133,251000.0,1000.0,250000.0,False,"{'CPS_Poseidon': 'DEMAND-B', 'CPS_Triton': 'UNASSIGNED', 'OSS_Ceto': 'DEMAND-C'}","{'CPS_Poseidon': 13.23, 'CPS_Triton': 16.6, 'OSS_Ceto': 12.37}","{'CPS_Poseidon': 'bio_methanol', 'CPS_Triton': 'liquid_hydrogen', 'OSS_Ceto': 'fossil_lng'}","CPS_Triton: Incompatible fuel liquid_hydrogen for Coastal Princess Triton (authorized: ['vlsfo', 'bio_methanol']); OSS_Ceto: Incompatible fuel fossil_lng for Ocean Supply Ship Ceto (authorized: ['vlsfo', 'mgo', 'bio_methanol', 'green_ammonia']); Mandatory demand DEMAND-A is unfulfilled."
134,151000.0,1000.0,150000.0,False,"{'CPS_Poseidon': 'UNASSIGNED', 'CPS_Triton': 'DEMAND-A', 'OSS_Ceto': 'DEMAND-C'}","{'CPS_Poseidon': 8.0, 'CPS_Triton': 12.06, 'OSS_Ceto': 4.0}","{'CPS_Poseidon': 'bio_methanol', 'CPS_Triton': 'vlsfo', 'OSS_Ceto': 'bio_methanol'}","CPS_Triton: Incompatible assignment: Demand DEMAND-A requires luxury passenger cruise vessel, but Coastal Princess Triton is passenger_cruise_small; Mandatory demand DEMAND-B is unfulfilled."
135,501000.0,1000.0,500000.0,False,"{'CPS_Poseidon': 'DEMAND-C', 'CPS_Triton': 'UNASSIGNED', 'OSS_Ceto': 'DEMAND-C'}","{'CPS_Poseidon': 8.0, 'CPS_Triton': 11.83, 'OSS_Ceto': 11.25}","{'CPS_Poseidon': 'vlsfo', 'CPS_Triton': 'liquid_hydrogen', 'OSS_Ceto': 'fossil_lng'}","CPS_Poseidon: Incompatible assignment: Demand DEMAND-C requires offshore deck cargo capability, not supported by Crown Princess Poseidon; CPS_Triton: Incompatible fuel liquid_hydrogen for Coastal Princess Triton (authorized: ['vlsfo', 'bio_methanol']); OSS_Ceto: Incompatible fuel fossil_lng for Ocean Supply Ship Ceto (authorized: ['vlsfo', 'mgo', 'bio_methanol', 'green_ammonia']); Mandatory demand DEMAND-A is unfulfilled.; Mandatory demand DEMAND-B is unfulfilled.; Duplicate demand DEMAND-C assigned to 2 vessels (must be exactly 1)."
136,151000.0,1000.0,150000.0,False,"{'CPS_Poseidon': 'DEMAND-B', 'CPS_Triton': 'DEMAND-A', 'OSS_Ceto': 'UNASSIGNED'}","{'CPS_Poseidon': 12.54, 'CPS_Triton': 12.03, 'OSS_Ceto': 8.61}","{'CPS_Poseidon': 'vlsfo', 'CPS_Triton': 'fossil_lng', 'OSS_Ceto': 'bio_methanol'}","CPS_Triton: Incompatible fuel fossil_lng for Coastal Princess Triton (authorized: ['vlsfo', 'bio_methanol']); Mandatory demand DEMAND-C is unfulfilled."
137,151000.0,1000.0,150000.0,False,"{'CPS_Poseidon': 'DEMAND-A', 'CPS_Triton': 'UNASSIGNED', 'OSS_Ceto': 'DEMAND-B'}","{'CPS_Poseidon': 12.82, 'CPS_Triton': 9.78, 'OSS_Ceto': 9.91}","{'CPS_Poseidon': 'vlsfo', 'CPS_Triton': 'vlsfo', 'OSS_Ceto': 'liquid_hydrogen'}","OSS_Ceto: Incompatible fuel liquid_hydrogen for Ocean Supply Ship Ceto (authorized: ['vlsfo', 'mgo', 'bio_methanol', 'green_ammonia']); Mandatory demand DEMAND-C is unfulfilled."
138,251000.0,1000.0,250000.0,False,"{'CPS_Poseidon': 'DEMAND-B', 'CPS_Triton': 'UNASSIGNED', 'OSS_Ceto': 'DEMAND-C'}","{'CPS_Poseidon': 8.0, 'CPS_Triton': 17.35, 'OSS_Ceto': 7.11}","{'CPS_Poseidon': 'vlsfo', 'CPS_Triton': 'liquid_hydrogen', 'OSS_Ceto': 'fossil_lng'}","CPS_Triton: Incompatible fuel liquid_hydrogen for Coastal Princess Triton (authorized: ['vlsfo', 'bio_methanol']); OSS_Ceto: Incompatible fuel fossil_lng for Ocean Supply Ship Ceto (authorized: ['vlsfo', 'mgo', 'bio_methanol', 'green_ammonia']); Mandatory demand DEMAND-A is unfulfilled."
139,351000.0,1000.0,350000.0,False,"{'CPS_Poseidon': 'DEMAND-B', 'CPS_Triton': 'DEMAND-B', 'OSS_Ceto': 'DEMAND-C'}","{'CPS_Poseidon': 17.79, 'CPS_Triton': 6.0, 'OSS_Ceto': 15.0}","{'CPS_Poseidon': 'fossil_lng', 'CPS_Triton': 'liquid_hydrogen', 'OSS_Ceto': 'fossil_lng'}","CPS_Triton: Incompatible fuel liquid_hydrogen for Coastal Princess Triton (authorized: ['vlsfo', 'bio_methanol']); OSS_Ceto: Incompatible fuel fossil_lng for Ocean Supply Ship Ceto (authorized: ['vlsfo', 'mgo', 'bio_methanol', 'green_ammonia']); Mandatory demand DEMAND-A is unfulfilled.; Duplicate demand DEMAND-B assigned to 2 vessels (must be exactly 1)."
140,351000.0,1000.0,350000.0,False,"{'CPS_Poseidon': 'DEMAND-A', 'CPS_Triton': 'DEMAND-A', 'OSS_Ceto': 'DEMAND-B'}","{'CPS_Poseidon': 10.13, 'CPS_Triton': 17.46, 'OSS_Ceto': 11.34}","{'CPS_Poseidon': 'vlsfo', 'CPS_Triton': 'vlsfo', 'OSS_Ceto': 'fossil_lng'}","CPS_Triton: Incompatible assignment: Demand DEMAND-A requires luxury passenger cruise vessel, but Coastal Princess Triton is passenger_cruise_small; OSS_Ceto: Incompatible fuel fossil_lng for Ocean Supply Ship Ceto (authorized: ['vlsfo', 'mgo', 'bio_methanol', 'green_ammonia']); Duplicate demand DEMAND-A assigned to 2 vessels (must be exactly 1).; Mandatory demand DEMAND-C is unfulfilled."
141,251000.0,1000.0,250000.0,False,"{'CPS_Poseidon': 'DEMAND-C', 'CPS_Triton': 'UNASSIGNED', 'OSS_Ceto': 'DEMAND-B'}","{'CPS_Poseidon': 12.75, 'CPS_Triton': 7.09, 'OSS_Ceto': 11.51}","{'CPS_Poseidon': 'bio_methanol', 'CPS_Triton': 'bio_methanol', 'OSS_Ceto': 'fossil_lng'}","CPS_Poseidon: Incompatible assignment: Demand DEMAND-C requires offshore deck cargo capability, not supported by Crown Princess Poseidon; OSS_Ceto: Incompatible fuel fossil_lng for Ocean Supply Ship Ceto (authorized: ['vlsfo', 'mgo', 'bio_methanol', 'green_ammonia']); Mandatory demand DEMAND-A is unfulfilled."
142,201000.0,1000.0,200000.0,False,"{'CPS_Poseidon': 'DEMAND-B', 'CPS_Triton': 'DEMAND-A', 'OSS_Ceto': 'DEMAND-C'}","{'CPS_Poseidon': 14.22, 'CPS_Triton': 13.84, 'OSS_Ceto': 5.53}","{'CPS_Poseidon': 'bio_methanol', 'CPS_Triton': 'bio_methanol', 'OSS_Ceto': 'fossil_lng'}","CPS_Triton: Incompatible assignment: Demand DEMAND-A requires luxury passenger cruise vessel, but Coastal Princess Triton is passenger_cruise_small; OSS_Ceto: Incompatible fuel fossil_lng for Ocean Supply Ship Ceto (authorized: ['vlsfo', 'mgo', 'bio_methanol', 'green_ammonia'])"
143,301000.0,1000.0,300000.0,False,"{'CPS_Poseidon': 'DEMAND-C', 'CPS_Triton': 'DEMAND-A', 'OSS_Ceto': 'DEMAND-B'}","{'CPS_Poseidon': 14.49, 'CPS_Triton': 8.51, 'OSS_Ceto': 6.88}","{'CPS_Poseidon': 'vlsfo', 'CPS_Triton': 'green_ammonia', 'OSS_Ceto': 'fossil_lng'}","CPS_Poseidon: Incompatible assignment: Demand DEMAND-C requires offshore deck cargo capability, not supported by Crown Princess Poseidon; CPS_Triton: Incompatible fuel green_ammonia for Coastal Princess Triton (authorized: ['vlsfo', 'bio_methanol']); OSS_Ceto: Incompatible fuel fossil_lng for Ocean Supply Ship Ceto (authorized: ['vlsfo', 'mgo', 'bio_methanol', 'green_ammonia'])"
144,401000.0,1000.0,400000.0,False,"{'CPS_Poseidon': 'DEMAND-C', 'CPS_Triton': 'UNASSIGNED', 'OSS_Ceto': 'DEMAND-C'}","{'CPS_Poseidon': 8.0, 'CPS_Triton': 10.4, 'OSS_Ceto': 6.58}","{'CPS_Poseidon': 'vlsfo', 'CPS_Triton': 'bio_methanol', 'OSS_Ceto': 'liquid_hydrogen'}","CPS_Poseidon: Incompatible assignment: Demand DEMAND-C requires offshore deck cargo capability, not supported by Crown Princess Poseidon; OSS_Ceto: Incompatible fuel liquid_hydrogen for Ocean Supply Ship Ceto (authorized: ['vlsfo', 'mgo', 'bio_methanol', 'green_ammonia']); Mandatory demand DEMAND-A is unfulfilled.; Mandatory demand DEMAND-B is unfulfilled.; Duplicate demand DEMAND-C assigned to 2 vessels (must be exactly 1)."
145,101000.0,1000.0,100000.0,False,"{'CPS_Poseidon': 'DEMAND-B', 'CPS_Triton': 'DEMAND-A', 'OSS_Ceto': 'DEMAND-C'}","{'CPS_Poseidon': 13.34, 'CPS_Triton': 8.68, 'OSS_Ceto': 9.52}","{'CPS_Poseidon': 'fossil_lng', 'CPS_Triton': 'vlsfo', 'OSS_Ceto': 'vlsfo'}","CPS_Triton: Incompatible assignment: Demand DEMAND-A requires luxury passenger cruise vessel, but Coastal Princess Triton is passenger_cruise_small"
146,151000.0,1000.0,150000.0,False,"{'CPS_Poseidon': 'DEMAND-B', 'CPS_Triton': 'UNASSIGNED', 'OSS_Ceto': 'DEMAND-C'}","{'CPS_Poseidon': 15.47, 'CPS_Triton': 7.24, 'OSS_Ceto': 10.95}","{'CPS_Poseidon': 'vlsfo', 'CPS_Triton': 'fossil_lng', 'OSS_Ceto': 'green_ammonia'}","CPS_Triton: Incompatible fuel fossil_lng for Coastal Princess Triton (authorized: ['vlsfo', 'bio_methanol']); Mandatory demand DEMAND-A is unfulfilled."
147,251000.0,1000.0,250000.0,False,"{'CPS_Poseidon': 'DEMAND-B', 'CPS_Triton': 'UNASSIGNED', 'OSS_Ceto': 'DEMAND-A'}","{'CPS_Poseidon': 8.0, 'CPS_Triton': 11.33, 'OSS_Ceto': 4.28}","{'CPS_Poseidon': 'vlsfo', 'CPS_Triton': 'fossil_lng', 'OSS_Ceto': 'fossil_lng'}","CPS_Triton: Incompatible fuel fossil_lng for Coastal Princess Triton (authorized: ['vlsfo', 'bio_methanol']); OSS_Ceto: Incompatible fuel fossil_lng for Ocean Supply Ship Ceto (authorized: ['vlsfo', 'mgo', 'bio_methanol', 'green_ammonia']); Mandatory demand DEMAND-C is unfulfilled."
148,251000.0,1000.0,250000.0,False,"{'CPS_Poseidon': 'UNASSIGNED', 'CPS_Triton': 'DEMAND-A', 'OSS_Ceto': 'DEMAND-C'}","{'CPS_Poseidon': 10.91, 'CPS_Triton': 6.0, 'OSS_Ceto': 13.9}","{'CPS_Poseidon': 'fossil_lng', 'CPS_Triton': 'green_ammonia', 'OSS_Ceto': 'fossil_lng'}","CPS_Triton: Incompatible fuel green_ammonia for Coastal Princess Triton (authorized: ['vlsfo', 'bio_methanol']); OSS_Ceto: Incompatible fuel fossil_lng for Ocean Supply Ship Ceto (authorized: ['vlsfo', 'mgo', 'bio_methanol', 'green_ammonia']); Mandatory demand DEMAND-B is unfulfilled."
149,351000.0,1000.0,350000.0,False,"{'CPS_Poseidon': 'DEMAND-A', 'CPS_Triton': 'DEMAND-A', 'OSS_Ceto': 'DEMAND-B'}","{'CPS_Poseidon': 14.22, 'CPS_Triton': 16.34, 'OSS_Ceto': 10.02}","{'CPS_Poseidon': 'vlsfo', 'CPS_Triton': 'vlsfo', 'OSS_Ceto': 'fossil_lng'}","CPS_Triton: Incompatible assignment: Demand DEMAND-A requires luxury passenger cruise vessel, but Coastal Princess Triton is passenger_cruise_small; OSS_Ceto: Incompatible fuel fossil_lng for Ocean Supply Ship Ceto (authorized: ['vlsfo', 'mgo', 'bio_methanol', 'green_ammonia']); Duplicate demand DEMAND-A assigned to 2 vessels (must be exactly 1).; Mandatory demand DEMAND-C is unfulfilled."
150,301000.0,1000.0,300000.0,False,"{'CPS_Poseidon': 'UNASSIGNED', 'CPS_Triton': 'UNASSIGNED', 'OSS_Ceto': 'DEMAND-A'}","{'CPS_Poseidon': 22.0, 'CPS_Triton': 12.38, 'OSS_Ceto': 11.31}","{'CPS_Poseidon': 'green_ammonia', 'CPS_Triton': 'bio_methanol', 'OSS_Ceto': 'vlsfo'}","CPS_Poseidon: Incompatible fuel green_ammonia for Crown Princess Poseidon (authorized: ['vlsfo', 'fossil_lng', 'bio_methanol']); OSS_Ceto: Incompatible assignment: Demand DEMAND-A requires luxury passenger cruise vessel, but Ocean Supply Ship Ceto is offshore_supply; Mandatory demand DEMAND-B is unfulfilled.; Mandatory demand DEMAND-C is unfulfilled."
151,351000.0,1000.0,350000.0,False,"{'CPS_Poseidon': 'DEMAND-C', 'CPS_Triton': 'DEMAND-B', 'OSS_Ceto': 'DEMAND-B'}","{'CPS_Poseidon': 9.32, 'CPS_Triton': 18.0, 'OSS_Ceto': 7.52}","{'CPS_Poseidon': 'fossil_lng', 'CPS_Triton': 'bio_methanol', 'OSS_Ceto': 'fossil_lng'}","CPS_Poseidon: Incompatible assignment: Demand DEMAND-C requires offshore deck cargo capability, not supported by Crown Princess Poseidon; OSS_Ceto: Incompatible fuel fossil_lng for Ocean Supply Ship Ceto (authorized: ['vlsfo', 'mgo', 'bio_methanol', 'green_ammonia']); Mandatory demand DEMAND-A is unfulfilled.; Duplicate demand DEMAND-B assigned to 2 vessels (must be exactly 1)."
152,251000.0,1000.0,250000.0,False,"{'CPS_Poseidon': 'DEMAND-C', 'CPS_Triton': 'UNASSIGNED', 'OSS_Ceto': 'DEMAND-B'}","{'CPS_Poseidon': 14.13, 'CPS_Triton': 8.26, 'OSS_Ceto': 11.53}","{'CPS_Poseidon': 'liquid_hydrogen', 'CPS_Triton': 'bio_methanol', 'OSS_Ceto': 'vlsfo'}","CPS_Poseidon: Incompatible fuel liquid_hydrogen for Crown Princess Poseidon (authorized: ['vlsfo', 'fossil_lng', 'bio_methanol']); OSS_Ceto: Incompatible assignment: Demand DEMAND-B requires passenger vessel, but Ocean Supply Ship Ceto is offshore_supply; Mandatory demand DEMAND-A is unfulfilled."
153,151000.0,1000.0,150000.0,False,"{'CPS_Poseidon': 'DEMAND-A', 'CPS_Triton': 'UNASSIGNED', 'OSS_Ceto': 'DEMAND-C'}","{'CPS_Poseidon': 10.34, 'CPS_Triton': 17.64, 'OSS_Ceto': 11.5}","{'CPS_Poseidon': 'vlsfo', 'CPS_Triton': 'fossil_lng', 'OSS_Ceto': 'vlsfo'}","CPS_Triton: Incompatible fuel fossil_lng for Coastal Princess Triton (authorized: ['vlsfo', 'bio_methanol']); Mandatory demand DEMAND-B is unfulfilled."
154,351000.0,1000.0,350000.0,False,"{'CPS_Poseidon': 'DEMAND-C', 'CPS_Triton': 'DEMAND-B', 'OSS_Ceto': 'DEMAND-C'}","{'CPS_Poseidon': 10.96, 'CPS_Triton': 12.03, 'OSS_Ceto': 7.35}","{'CPS_Poseidon': 'vlsfo', 'CPS_Triton': 'bio_methanol', 'OSS_Ceto': 'fossil_lng'}","CPS_Poseidon: Incompatible assignment: Demand DEMAND-C requires offshore deck cargo capability, not supported by Crown Princess Poseidon; OSS_Ceto: Incompatible fuel fossil_lng for Ocean Supply Ship Ceto (authorized: ['vlsfo', 'mgo', 'bio_methanol', 'green_ammonia']); Mandatory demand DEMAND-A is unfulfilled.; Duplicate demand DEMAND-C assigned to 2 vessels (must be exactly 1)."
155,151000.0,1000.0,150000.0,False,"{'CPS_Poseidon': 'DEMAND-B', 'CPS_Triton': 'UNASSIGNED', 'OSS_Ceto': 'DEMAND-C'}","{'CPS_Poseidon': 13.42, 'CPS_Triton': 8.07, 'OSS_Ceto': 9.69}","{'CPS_Poseidon': 'vlsfo', 'CPS_Triton': 'fossil_lng', 'OSS_Ceto': 'vlsfo'}","CPS_Triton: Incompatible fuel fossil_lng for Coastal Princess Triton (authorized: ['vlsfo', 'bio_methanol']); Mandatory demand DEMAND-A is unfulfilled."
156,351000.0,1000.0,350000.0,False,"{'CPS_Poseidon': 'DEMAND-B', 'CPS_Triton': 'DEMAND-A', 'OSS_Ceto': 'DEMAND-B'}","{'CPS_Poseidon': 13.16, 'CPS_Triton': 10.03, 'OSS_Ceto': 10.17}","{'CPS_Poseidon': 'vlsfo', 'CPS_Triton': 'bio_methanol', 'OSS_Ceto': 'fossil_lng'}","CPS_Triton: Incompatible assignment: Demand DEMAND-A requires luxury passenger cruise vessel, but Coastal Princess Triton is passenger_cruise_small; OSS_Ceto: Incompatible fuel fossil_lng for Ocean Supply Ship Ceto (authorized: ['vlsfo', 'mgo', 'bio_methanol', 'green_ammonia']); Duplicate demand DEMAND-B assigned to 2 vessels (must be exactly 1).; Mandatory demand DEMAND-C is unfulfilled."
157,401000.0,1000.0,400000.0,False,"{'CPS_Poseidon': 'DEMAND-B', 'CPS_Triton': 'UNASSIGNED', 'OSS_Ceto': 'DEMAND-B'}","{'CPS_Poseidon': 17.5, 'CPS_Triton': 10.95, 'OSS_Ceto': 11.14}","{'CPS_Poseidon': 'fossil_lng', 'CPS_Triton': 'green_ammonia', 'OSS_Ceto': 'vlsfo'}","CPS_Triton: Incompatible fuel green_ammonia for Coastal Princess Triton (authorized: ['vlsfo', 'bio_methanol']); OSS_Ceto: Incompatible assignment: Demand DEMAND-B requires passenger vessel, but Ocean Supply Ship Ceto is offshore_supply; Mandatory demand DEMAND-A is unfulfilled.; Duplicate demand DEMAND-B assigned to 2 vessels (must be exactly 1).; Mandatory demand DEMAND-C is unfulfilled."
158,151000.0,1000.0,150000.0,False,"{'CPS_Poseidon': 'DEMAND-B', 'CPS_Triton': 'UNASSIGNED', 'OSS_Ceto': 'DEMAND-C'}","{'CPS_Poseidon': 8.58, 'CPS_Triton': 7.2, 'OSS_Ceto': 9.68}","{'CPS_Poseidon': 'vlsfo', 'CPS_Triton': 'fossil_lng', 'OSS_Ceto': 'vlsfo'}","CPS_Triton: Incompatible fuel fossil_lng for Coastal Princess Triton (authorized: ['vlsfo', 'bio_methanol']); Mandatory demand DEMAND-A is unfulfilled."
159,351000.0,1000.0,350000.0,False,"{'CPS_Poseidon': 'DEMAND-B', 'CPS_Triton': 'DEMAND-B', 'OSS_Ceto': 'DEMAND-A'}","{'CPS_Poseidon': 16.22, 'CPS_Triton': 6.0, 'OSS_Ceto': 9.8}","{'CPS_Poseidon': 'vlsfo', 'CPS_Triton': 'fossil_lng', 'OSS_Ceto': 'vlsfo'}","CPS_Triton: Incompatible fuel fossil_lng for Coastal Princess Triton (authorized: ['vlsfo', 'bio_methanol']); OSS_Ceto: Incompatible assignment: Demand DEMAND-A requires luxury passenger cruise vessel, but Ocean Supply Ship Ceto is offshore_supply; Duplicate demand DEMAND-B assigned to 2 vessels (must be exactly 1).; Mandatory demand DEMAND-C is unfulfilled."
160,401000.0,1000.0,400000.0,False,"{'CPS_Poseidon': 'DEMAND-B', 'CPS_Triton': 'UNASSIGNED', 'OSS_Ceto': 'DEMAND-B'}","{'CPS_Poseidon': 13.65, 'CPS_Triton': 12.94, 'OSS_Ceto': 10.04}","{'CPS_Poseidon': 'vlsfo', 'CPS_Triton': 'fossil_lng', 'OSS_Ceto': 'fossil_lng'}","CPS_Triton: Incompatible fuel fossil_lng for Coastal Princess Triton (authorized: ['vlsfo', 'bio_methanol']); OSS_Ceto: Incompatible fuel fossil_lng for Ocean Supply Ship Ceto (authorized: ['vlsfo', 'mgo', 'bio_methanol', 'green_ammonia']); Mandatory demand DEMAND-A is unfulfilled.; Duplicate demand DEMAND-B assigned to 2 vessels (must be exactly 1).; Mandatory demand DEMAND-C is unfulfilled."
161,401000.0,1000.0,400000.0,False,"{'CPS_Poseidon': 'UNASSIGNED', 'CPS_Triton': 'DEMAND-A', 'OSS_Ceto': 'DEMAND-A'}","{'CPS_Poseidon': 13.32, 'CPS_Triton': 8.73, 'OSS_Ceto': 14.54}","{'CPS_Poseidon': 'vlsfo', 'CPS_Triton': 'fossil_lng', 'OSS_Ceto': 'vlsfo'}","CPS_Triton: Incompatible fuel fossil_lng for Coastal Princess Triton (authorized: ['vlsfo', 'bio_methanol']); OSS_Ceto: Incompatible assignment: Demand DEMAND-A requires luxury passenger cruise vessel, but Ocean Supply Ship Ceto is offshore_supply; Duplicate demand DEMAND-A assigned to 2 vessels (must be exactly 1).; Mandatory demand DEMAND-B is unfulfilled.; Mandatory demand DEMAND-C is unfulfilled."
162,151000.0,1000.0,150000.0,False,"{'CPS_Poseidon': 'DEMAND-A', 'CPS_Triton': 'UNASSIGNED', 'OSS_Ceto': 'DEMAND-C'}","{'CPS_Poseidon': 14.35, 'CPS_Triton': 11.25, 'OSS_Ceto': 4.8}","{'CPS_Poseidon': 'vlsfo', 'CPS_Triton': 'liquid_hydrogen', 'OSS_Ceto': 'bio_methanol'}","CPS_Triton: Incompatible fuel liquid_hydrogen for Coastal Princess Triton (authorized: ['vlsfo', 'bio_methanol']); Mandatory demand DEMAND-B is unfulfilled."
163,401000.0,1000.0,400000.0,False,"{'CPS_Poseidon': 'DEMAND-C', 'CPS_Triton': 'UNASSIGNED', 'OSS_Ceto': 'DEMAND-C'}","{'CPS_Poseidon': 12.04, 'CPS_Triton': 18.0, 'OSS_Ceto': 10.05}","{'CPS_Poseidon': 'vlsfo', 'CPS_Triton': 'green_ammonia', 'OSS_Ceto': 'vlsfo'}","CPS_Poseidon: Incompatible assignment: Demand DEMAND-C requires offshore deck cargo capability, not supported by Crown Princess Poseidon; CPS_Triton: Incompatible fuel green_ammonia for Coastal Princess Triton (authorized: ['vlsfo', 'bio_methanol']); Mandatory demand DEMAND-A is unfulfilled.; Mandatory demand DEMAND-B is unfulfilled.; Duplicate demand DEMAND-C assigned to 2 vessels (must be exactly 1)."
164,101000.0,1000.0,100000.0,False,"{'CPS_Poseidon': 'DEMAND-A', 'CPS_Triton': 'UNASSIGNED', 'OSS_Ceto': 'UNASSIGNED'}","{'CPS_Poseidon': 12.96, 'CPS_Triton': 9.96, 'OSS_Ceto': 9.64}","{'CPS_Poseidon': 'fossil_lng', 'CPS_Triton': 'vlsfo', 'OSS_Ceto': 'vlsfo'}",Mandatory demand DEMAND-B is unfulfilled.; Mandatory demand DEMAND-C is unfulfilled.
165,251000.0,1000.0,250000.0,False,"{'CPS_Poseidon': 'DEMAND-A', 'CPS_Triton': 'DEMAND-A', 'OSS_Ceto': 'DEMAND-C'}","{'CPS_Poseidon': 8.0, 'CPS_Triton': 13.09, 'OSS_Ceto': 15.0}","{'CPS_Poseidon': 'vlsfo', 'CPS_Triton': 'bio_methanol', 'OSS_Ceto': 'vlsfo'}","CPS_Triton: Incompatible assignment: Demand DEMAND-A requires luxury passenger cruise vessel, but Coastal Princess Triton is passenger_cruise_small; Duplicate demand DEMAND-A assigned to 2 vessels (must be exactly 1).; Mandatory demand DEMAND-B is unfulfilled."
166,401000.0,1000.0,400000.0,False,"{'CPS_Poseidon': 'DEMAND-B', 'CPS_Triton': 'DEMAND-B', 'OSS_Ceto': 'DEMAND-B'}","{'CPS_Poseidon': 17.74, 'CPS_Triton': 10.51, 'OSS_Ceto': 10.84}","{'CPS_Poseidon': 'vlsfo', 'CPS_Triton': 'bio_methanol', 'OSS_Ceto': 'fossil_lng'}","OSS_Ceto: Incompatible fuel fossil_lng for Ocean Supply Ship Ceto (authorized: ['vlsfo', 'mgo', 'bio_methanol', 'green_ammonia']); Mandatory demand DEMAND-A is unfulfilled.; Duplicate demand DEMAND-B assigned to 3 vessels (must be exactly 1).; Mandatory demand DEMAND-C is unfulfilled."
167,351000.0,1000.0,350000.0,False,"{'CPS_Poseidon': 'DEMAND-A', 'CPS_Triton': 'DEMAND-A', 'OSS_Ceto': 'DEMAND-B'}","{'CPS_Poseidon': 13.13, 'CPS_Triton': 11.12, 'OSS_Ceto': 4.0}","{'CPS_Poseidon': 'fossil_lng', 'CPS_Triton': 'fossil_lng', 'OSS_Ceto': 'green_ammonia'}","CPS_Triton: Incompatible fuel fossil_lng for Coastal Princess Triton (authorized: ['vlsfo', 'bio_methanol']); OSS_Ceto: Incompatible assignment: Demand DEMAND-B requires passenger vessel, but Ocean Supply Ship Ceto is offshore_supply; Duplicate demand DEMAND-A assigned to 2 vessels (must be exactly 1).; Mandatory demand DEMAND-C is unfulfilled."
168,151000.0,1000.0,150000.0,False,"{'CPS_Poseidon': 'DEMAND-A', 'CPS_Triton': 'UNASSIGNED', 'OSS_Ceto': 'DEMAND-B'}","{'CPS_Poseidon': 13.21, 'CPS_Triton': 13.83, 'OSS_Ceto': 8.81}","{'CPS_Poseidon': 'bio_methanol', 'CPS_Triton': 'vlsfo', 'OSS_Ceto': 'liquid_hydrogen'}","OSS_Ceto: Incompatible fuel liquid_hydrogen for Ocean Supply Ship Ceto (authorized: ['vlsfo', 'mgo', 'bio_methanol', 'green_ammonia']); Mandatory demand DEMAND-C is unfulfilled."
169,51000.0,1000.0,50000.0,False,"{'CPS_Poseidon': 'DEMAND-B', 'CPS_Triton': 'UNASSIGNED', 'OSS_Ceto': 'DEMAND-C'}","{'CPS_Poseidon': 16.28, 'CPS_Triton': 11.8, 'OSS_Ceto': 9.07}","{'CPS_Poseidon': 'vlsfo', 'CPS_Triton': 'bio_methanol', 'OSS_Ceto': 'green_ammonia'}",Mandatory demand DEMAND-A is unfulfilled.
170,351000.0,1000.0,350000.0,False,"{'CPS_Poseidon': 'DEMAND-B', 'CPS_Triton': 'DEMAND-A', 'OSS_Ceto': 'DEMAND-A'}","{'CPS_Poseidon': 17.43, 'CPS_Triton': 10.38, 'OSS_Ceto': 8.88}","{'CPS_Poseidon': 'fossil_lng', 'CPS_Triton': 'bio_methanol', 'OSS_Ceto': 'vlsfo'}","CPS_Triton: Incompatible assignment: Demand DEMAND-A requires luxury passenger cruise vessel, but Coastal Princess Triton is passenger_cruise_small; OSS_Ceto: Incompatible assignment: Demand DEMAND-A requires luxury passenger cruise vessel, but Ocean Supply Ship Ceto is offshore_supply; Duplicate demand DEMAND-A assigned to 2 vessels (must be exactly 1).; Mandatory demand DEMAND-C is unfulfilled."
171,251000.0,1000.0,250000.0,False,"{'CPS_Poseidon': 'DEMAND-C', 'CPS_Triton': 'UNASSIGNED', 'OSS_Ceto': 'DEMAND-B'}","{'CPS_Poseidon': 15.0, 'CPS_Triton': 18.0, 'OSS_Ceto': 9.74}","{'CPS_Poseidon': 'fossil_lng', 'CPS_Triton': 'vlsfo', 'OSS_Ceto': 'vlsfo'}","CPS_Poseidon: Incompatible assignment: Demand DEMAND-C requires offshore deck cargo capability, not supported by Crown Princess Poseidon; OSS_Ceto: Incompatible assignment: Demand DEMAND-B requires passenger vessel, but Ocean Supply Ship Ceto is offshore_supply; Mandatory demand DEMAND-A is unfulfilled."
172,451000.0,1000.0,450000.0,False,"{'CPS_Poseidon': 'DEMAND-A', 'CPS_Triton': 'DEMAND-A', 'OSS_Ceto': 'DEMAND-B'}","{'CPS_Poseidon': 13.47, 'CPS_Triton': 11.41, 'OSS_Ceto': 10.66}","{'CPS_Poseidon': 'liquid_hydrogen', 'CPS_Triton': 'liquid_hydrogen', 'OSS_Ceto': 'vlsfo'}","CPS_Poseidon: Incompatible fuel liquid_hydrogen for Crown Princess Poseidon (authorized: ['vlsfo', 'fossil_lng', 'bio_methanol']); CPS_Triton: Incompatible fuel liquid_hydrogen for Coastal Princess Triton (authorized: ['vlsfo', 'bio_methanol']); OSS_Ceto: Incompatible assignment: Demand DEMAND-B requires passenger vessel, but Ocean Supply Ship Ceto is offshore_supply; Duplicate demand DEMAND-A assigned to 2 vessels (must be exactly 1).; Mandatory demand DEMAND-C is unfulfilled."
173,401000.0,1000.0,400000.0,False,"{'CPS_Poseidon': 'DEMAND-C', 'CPS_Triton': 'UNASSIGNED', 'OSS_Ceto': 'DEMAND-C'}","{'CPS_Poseidon': 15.27, 'CPS_Triton': 11.12, 'OSS_Ceto': 9.61}","{'CPS_Poseidon': 'vlsfo', 'CPS_Triton': 'vlsfo', 'OSS_Ceto': 'fossil_lng'}","CPS_Poseidon: Incompatible assignment: Demand DEMAND-C requires offshore deck cargo capability, not supported by Crown Princess Poseidon; OSS_Ceto: Incompatible fuel fossil_lng for Ocean Supply Ship Ceto (authorized: ['vlsfo', 'mgo', 'bio_methanol', 'green_ammonia']); Mandatory demand DEMAND-A is unfulfilled.; Mandatory demand DEMAND-B is unfulfilled.; Duplicate demand DEMAND-C assigned to 2 vessels (must be exactly 1)."
174,501000.0,1000.0,500000.0,False,"{'CPS_Poseidon': 'DEMAND-C', 'CPS_Triton': 'UNASSIGNED', 'OSS_Ceto': 'DEMAND-C'}","{'CPS_Poseidon': 8.0, 'CPS_Triton': 9.93, 'OSS_Ceto': 9.14}","{'CPS_Poseidon': 'fossil_lng', 'CPS_Triton': 'fossil_lng', 'OSS_Ceto': 'fossil_lng'}","CPS_Poseidon: Incompatible assignment: Demand DEMAND-C requires offshore deck cargo capability, not supported by Crown Princess Poseidon; CPS_Triton: Incompatible fuel fossil_lng for Coastal Princess Triton (authorized: ['vlsfo', 'bio_methanol']); OSS_Ceto: Incompatible fuel fossil_lng for Ocean Supply Ship Ceto (authorized: ['vlsfo', 'mgo', 'bio_methanol', 'green_ammonia']); Mandatory demand DEMAND-A is unfulfilled.; Mandatory demand DEMAND-B is unfulfilled.; Duplicate demand DEMAND-C assigned to 2 vessels (must be exactly 1)."
175,151000.0,1000.0,150000.0,False,"{'CPS_Poseidon': 'DEMAND-B', 'CPS_Triton': 'UNASSIGNED', 'OSS_Ceto': 'DEMAND-C'}","{'CPS_Poseidon': 16.29, 'CPS_Triton': 6.0, 'OSS_Ceto': 10.58}","{'CPS_Poseidon': 'fossil_lng', 'CPS_Triton': 'bio_methanol', 'OSS_Ceto': 'fossil_lng'}","OSS_Ceto: Incompatible fuel fossil_lng for Ocean Supply Ship Ceto (authorized: ['vlsfo', 'mgo', 'bio_methanol', 'green_ammonia']); Mandatory demand DEMAND-A is unfulfilled."
176,151000.0,1000.0,150000.0,False,"{'CPS_Poseidon': 'DEMAND-B', 'CPS_Triton': 'UNASSIGNED', 'OSS_Ceto': 'DEMAND-C'}","{'CPS_Poseidon': 13.52, 'CPS_Triton': 15.99, 'OSS_Ceto': 10.17}","{'CPS_Poseidon': 'vlsfo', 'CPS_Triton': 'bio_methanol', 'OSS_Ceto': 'fossil_lng'}","OSS_Ceto: Incompatible fuel fossil_lng for Ocean Supply Ship Ceto (authorized: ['vlsfo', 'mgo', 'bio_methanol', 'green_ammonia']); Mandatory demand DEMAND-A is unfulfilled."
177,151000.0,1000.0,150000.0,False,"{'CPS_Poseidon': 'DEMAND-B', 'CPS_Triton': 'UNASSIGNED', 'OSS_Ceto': 'DEMAND-C'}","{'CPS_Poseidon': 12.46, 'CPS_Triton': 10.74, 'OSS_Ceto': 7.87}","{'CPS_Poseidon': 'green_ammonia', 'CPS_Triton': 'vlsfo', 'OSS_Ceto': 'vlsfo'}","CPS_Poseidon: Incompatible fuel green_ammonia for Crown Princess Poseidon (authorized: ['vlsfo', 'fossil_lng', 'bio_methanol']); Mandatory demand DEMAND-A is unfulfilled."
178,151000.0,1000.0,150000.0,False,"{'CPS_Poseidon': 'DEMAND-B', 'CPS_Triton': 'UNASSIGNED', 'OSS_Ceto': 'DEMAND-C'}","{'CPS_Poseidon': 13.82, 'CPS_Triton': 12.96, 'OSS_Ceto': 10.08}","{'CPS_Poseidon': 'vlsfo', 'CPS_Triton': 'green_ammonia', 'OSS_Ceto': 'vlsfo'}","CPS_Triton: Incompatible fuel green_ammonia for Coastal Princess Triton (authorized: ['vlsfo', 'bio_methanol']); Mandatory demand DEMAND-A is unfulfilled."
179,251000.0,1000.0,250000.0,False,"{'CPS_Poseidon': 'UNASSIGNED', 'CPS_Triton': 'DEMAND-A', 'OSS_Ceto': 'DEMAND-C'}","{'CPS_Poseidon': 22.0, 'CPS_Triton': 12.41, 'OSS_Ceto': 4.0}","{'CPS_Poseidon': 'vlsfo', 'CPS_Triton': 'bio_methanol', 'OSS_Ceto': 'fossil_lng'}","CPS_Triton: Incompatible assignment: Demand DEMAND-A requires luxury passenger cruise vessel, but Coastal Princess Triton is passenger_cruise_small; OSS_Ceto: Incompatible fuel fossil_lng for Ocean Supply Ship Ceto (authorized: ['vlsfo', 'mgo', 'bio_methanol', 'green_ammonia']); Mandatory demand DEMAND-B is unfulfilled."
180,151000.0,1000.0,150000.0,False,"{'CPS_Poseidon': 'DEMAND-B', 'CPS_Triton': 'UNASSIGNED', 'OSS_Ceto': 'DEMAND-C'}","{'CPS_Poseidon': 15.56, 'CPS_Triton': 7.99, 'OSS_Ceto': 9.52}","{'CPS_Poseidon': 'fossil_lng', 'CPS_Triton': 'bio_methanol', 'OSS_Ceto': 'fossil_lng'}","OSS_Ceto: Incompatible fuel fossil_lng for Ocean Supply Ship Ceto (authorized: ['vlsfo', 'mgo', 'bio_methanol', 'green_ammonia']); Mandatory demand DEMAND-A is unfulfilled."
181,201000.0,1000.0,200000.0,False,"{'CPS_Poseidon': 'DEMAND-B', 'CPS_Triton': 'DEMAND-A', 'OSS_Ceto': 'DEMAND-C'}","{'CPS_Poseidon': 8.0, 'CPS_Triton': 6.0, 'OSS_Ceto': 8.36}","{'CPS_Poseidon': 'fossil_lng', 'CPS_Triton': 'fossil_lng', 'OSS_Ceto': 'fossil_lng'}","CPS_Triton: Incompatible fuel fossil_lng for Coastal Princess Triton (authorized: ['vlsfo', 'bio_methanol']); OSS_Ceto: Incompatible fuel fossil_lng for Ocean Supply Ship Ceto (authorized: ['vlsfo', 'mgo', 'bio_methanol', 'green_ammonia'])"
182,301000.0,1000.0,300000.0,False,"{'CPS_Poseidon': 'DEMAND-B', 'CPS_Triton': 'UNASSIGNED', 'OSS_Ceto': 'DEMAND-B'}","{'CPS_Poseidon': 14.37, 'CPS_Triton': 12.74, 'OSS_Ceto': 6.73}","{'CPS_Poseidon': 'bio_methanol', 'CPS_Triton': 'bio_methanol', 'OSS_Ceto': 'fossil_lng'}","OSS_Ceto: Incompatible fuel fossil_lng for Ocean Supply Ship Ceto (authorized: ['vlsfo', 'mgo', 'bio_methanol', 'green_ammonia']); Mandatory demand DEMAND-A is unfulfilled.; Duplicate demand DEMAND-B assigned to 2 vessels (must be exactly 1).; Mandatory demand DEMAND-C is unfulfilled."
183,401000.0,1000.0,400000.0,False,"{'CPS_Poseidon': 'DEMAND-B', 'CPS_Triton': 'UNASSIGNED', 'OSS_Ceto': 'DEMAND-B'}","{'CPS_Poseidon': 13.78, 'CPS_Triton': 15.08, 'OSS_Ceto': 4.0}","{'CPS_Poseidon': 'bio_methanol', 'CPS_Triton': 'fossil_lng', 'OSS_Ceto': 'vlsfo'}","CPS_Triton: Incompatible fuel fossil_lng for Coastal Princess Triton (authorized: ['vlsfo', 'bio_methanol']); OSS_Ceto: Incompatible assignment: Demand DEMAND-B requires passenger vessel, but Ocean Supply Ship Ceto is offshore_supply; Mandatory demand DEMAND-A is unfulfilled.; Duplicate demand DEMAND-B assigned to 2 vessels (must be exactly 1).; Mandatory demand DEMAND-C is unfulfilled."
184,401000.0,1000.0,400000.0,False,"{'CPS_Poseidon': 'UNASSIGNED', 'CPS_Triton': 'DEMAND-A', 'OSS_Ceto': 'DEMAND-A'}","{'CPS_Poseidon': 13.86, 'CPS_Triton': 10.66, 'OSS_Ceto': 15.0}","{'CPS_Poseidon': 'fossil_lng', 'CPS_Triton': 'vlsfo', 'OSS_Ceto': 'fossil_lng'}","CPS_Triton: Incompatible assignment: Demand DEMAND-A requires luxury passenger cruise vessel, but Coastal Princess Triton is passenger_cruise_small; OSS_Ceto: Incompatible fuel fossil_lng for Ocean Supply Ship Ceto (authorized: ['vlsfo', 'mgo', 'bio_methanol', 'green_ammonia']); Duplicate demand DEMAND-A assigned to 2 vessels (must be exactly 1).; Mandatory demand DEMAND-B is unfulfilled.; Mandatory demand DEMAND-C is unfulfilled."
185,201000.0,1000.0,200000.0,False,"{'CPS_Poseidon': 'UNASSIGNED', 'CPS_Triton': 'UNASSIGNED', 'OSS_Ceto': 'DEMAND-C'}","{'CPS_Poseidon': 18.83, 'CPS_Triton': 8.61, 'OSS_Ceto': 10.01}","{'CPS_Poseidon': 'vlsfo', 'CPS_Triton': 'green_ammonia', 'OSS_Ceto': 'green_ammonia'}","CPS_Triton: Incompatible fuel green_ammonia for Coastal Princess Triton (authorized: ['vlsfo', 'bio_methanol']); Mandatory demand DEMAND-A is unfulfilled.; Mandatory demand DEMAND-B is unfulfilled."
186,351000.0,1000.0,350000.0,False,"{'CPS_Poseidon': 'DEMAND-A', 'CPS_Triton': 'DEMAND-A', 'OSS_Ceto': 'DEMAND-B'}","{'CPS_Poseidon': 12.49, 'CPS_Triton': 10.1, 'OSS_Ceto': 9.78}","{'CPS_Poseidon': 'vlsfo', 'CPS_Triton': 'bio_methanol', 'OSS_Ceto': 'fossil_lng'}","CPS_Triton: Incompatible assignment: Demand DEMAND-A requires luxury passenger cruise vessel, but Coastal Princess Triton is passenger_cruise_small; OSS_Ceto: Incompatible fuel fossil_lng for Ocean Supply Ship Ceto (authorized: ['vlsfo', 'mgo', 'bio_methanol', 'green_ammonia']); Duplicate demand DEMAND-A assigned to 2 vessels (must be exactly 1).; Mandatory demand DEMAND-C is unfulfilled."
187,101000.0,1000.0,100000.0,False,"{'CPS_Poseidon': 'DEMAND-B', 'CPS_Triton': 'DEMAND-A', 'OSS_Ceto': 'DEMAND-C'}","{'CPS_Poseidon': 12.25, 'CPS_Triton': 17.57, 'OSS_Ceto': 10.24}","{'CPS_Poseidon': 'vlsfo', 'CPS_Triton': 'bio_methanol', 'OSS_Ceto': 'vlsfo'}","CPS_Triton: Incompatible assignment: Demand DEMAND-A requires luxury passenger cruise vessel, but Coastal Princess Triton is passenger_cruise_small"
188,301000.0,1000.0,300000.0,False,"{'CPS_Poseidon': 'DEMAND-B', 'CPS_Triton': 'UNASSIGNED', 'OSS_Ceto': 'DEMAND-B'}","{'CPS_Poseidon': 18.92, 'CPS_Triton': 7.81, 'OSS_Ceto': 11.96}","{'CPS_Poseidon': 'vlsfo', 'CPS_Triton': 'vlsfo', 'OSS_Ceto': 'bio_methanol'}","OSS_Ceto: Incompatible assignment: Demand DEMAND-B requires passenger vessel, but Ocean Supply Ship Ceto is offshore_supply; Mandatory demand DEMAND-A is unfulfilled.; Duplicate demand DEMAND-B assigned to 2 vessels (must be exactly 1).; Mandatory demand DEMAND-C is unfulfilled."
189,51000.0,1000.0,50000.0,False,"{'CPS_Poseidon': 'DEMAND-B', 'CPS_Triton': 'UNASSIGNED', 'OSS_Ceto': 'DEMAND-C'}","{'CPS_Poseidon': 16.35, 'CPS_Triton': 10.5, 'OSS_Ceto': 8.55}","{'CPS_Poseidon': 'vlsfo', 'CPS_Triton': 'bio_methanol', 'OSS_Ceto': 'bio_methanol'}",Mandatory demand DEMAND-A is unfulfilled.
190,301000.0,1000.0,300000.0,False,"{'CPS_Poseidon': 'DEMAND-A', 'CPS_Triton': 'UNASSIGNED', 'OSS_Ceto': 'UNASSIGNED'}","{'CPS_Poseidon': 8.0, 'CPS_Triton': 16.34, 'OSS_Ceto': 10.8}","{'CPS_Poseidon': 'fossil_lng', 'CPS_Triton': 'green_ammonia', 'OSS_Ceto': 'liquid_hydrogen'}","CPS_Triton: Incompatible fuel green_ammonia for Coastal Princess Triton (authorized: ['vlsfo', 'bio_methanol']); OSS_Ceto: Incompatible fuel liquid_hydrogen for Ocean Supply Ship Ceto (authorized: ['vlsfo', 'mgo', 'bio_methanol', 'green_ammonia']); Mandatory demand DEMAND-B is unfulfilled.; Mandatory demand DEMAND-C is unfulfilled."
191,351000.0,1000.0,350000.0,False,"{'CPS_Poseidon': 'DEMAND-C', 'CPS_Triton': 'UNASSIGNED', 'OSS_Ceto': 'DEMAND-B'}","{'CPS_Poseidon': 12.65, 'CPS_Triton': 6.0, 'OSS_Ceto': 10.05}","{'CPS_Poseidon': 'bio_methanol', 'CPS_Triton': 'liquid_hydrogen', 'OSS_Ceto': 'vlsfo'}","CPS_Poseidon: Incompatible assignment: Demand DEMAND-C requires offshore deck cargo capability, not supported by Crown Princess Poseidon; CPS_Triton: Incompatible fuel liquid_hydrogen for Coastal Princess Triton (authorized: ['vlsfo', 'bio_methanol']); OSS_Ceto: Incompatible assignment: Demand DEMAND-B requires passenger vessel, but Ocean Supply Ship Ceto is offshore_supply; Mandatory demand DEMAND-A is unfulfilled."
192,151000.0,1000.0,150000.0,False,"{'CPS_Poseidon': 'DEMAND-B', 'CPS_Triton': 'UNASSIGNED', 'OSS_Ceto': 'DEMAND-C'}","{'CPS_Poseidon': 20.53, 'CPS_Triton': 15.31, 'OSS_Ceto': 8.28}","{'CPS_Poseidon': 'vlsfo', 'CPS_Triton': 'green_ammonia', 'OSS_Ceto': 'bio_methanol'}","CPS_Triton: Incompatible fuel green_ammonia for Coastal Princess Triton (authorized: ['vlsfo', 'bio_methanol']); Mandatory demand DEMAND-A is unfulfilled."
193,351000.0,1000.0,350000.0,False,"{'CPS_Poseidon': 'DEMAND-C', 'CPS_Triton': 'DEMAND-A', 'OSS_Ceto': 'DEMAND-C'}","{'CPS_Poseidon': 14.19, 'CPS_Triton': 13.31, 'OSS_Ceto': 13.53}","{'CPS_Poseidon': 'green_ammonia', 'CPS_Triton': 'green_ammonia', 'OSS_Ceto': 'green_ammonia'}","CPS_Poseidon: Incompatible fuel green_ammonia for Crown Princess Poseidon (authorized: ['vlsfo', 'fossil_lng', 'bio_methanol']); CPS_Triton: Incompatible fuel green_ammonia for Coastal Princess Triton (authorized: ['vlsfo', 'bio_methanol']); Mandatory demand DEMAND-B is unfulfilled.; Duplicate demand DEMAND-C assigned to 2 vessels (must be exactly 1)."
194,51000.0,1000.0,50000.0,False,"{'CPS_Poseidon': 'DEMAND-B', 'CPS_Triton': 'UNASSIGNED', 'OSS_Ceto': 'DEMAND-C'}","{'CPS_Poseidon': 10.27, 'CPS_Triton': 10.52, 'OSS_Ceto': 8.48}","{'CPS_Poseidon': 'bio_methanol', 'CPS_Triton': 'bio_methanol', 'OSS_Ceto': 'vlsfo'}",Mandatory demand DEMAND-A is unfulfilled.
195,101000.0,1000.0,100000.0,False,"{'CPS_Poseidon': 'DEMAND-B', 'CPS_Triton': 'DEMAND-A', 'OSS_Ceto': 'DEMAND-C'}","{'CPS_Poseidon': 13.19, 'CPS_Triton': 8.78, 'OSS_Ceto': 9.96}","{'CPS_Poseidon': 'fossil_lng', 'CPS_Triton': 'vlsfo', 'OSS_Ceto': 'vlsfo'}","CPS_Triton: Incompatible assignment: Demand DEMAND-A requires luxury passenger cruise vessel, but Coastal Princess Triton is passenger_cruise_small"
196,201000.0,1000.0,200000.0,False,"{'CPS_Poseidon': 'DEMAND-B', 'CPS_Triton': 'DEMAND-A', 'OSS_Ceto': 'DEMAND-C'}","{'CPS_Poseidon': 15.63, 'CPS_Triton': 18.0, 'OSS_Ceto': 10.19}","{'CPS_Poseidon': 'fossil_lng', 'CPS_Triton': 'bio_methanol', 'OSS_Ceto': 'fossil_lng'}","CPS_Triton: Incompatible assignment: Demand DEMAND-A requires luxury passenger cruise vessel, but Coastal Princess Triton is passenger_cruise_small; OSS_Ceto: Incompatible fuel fossil_lng for Ocean Supply Ship Ceto (authorized: ['vlsfo', 'mgo', 'bio_methanol', 'green_ammonia'])"
197,301000.0,1000.0,300000.0,False,"{'CPS_Poseidon': 'DEMAND-B', 'CPS_Triton': 'UNASSIGNED', 'OSS_Ceto': 'UNASSIGNED'}","{'CPS_Poseidon': 8.96, 'CPS_Triton': 10.11, 'OSS_Ceto': 12.92}","{'CPS_Poseidon': 'fossil_lng', 'CPS_Triton': 'green_ammonia', 'OSS_Ceto': 'fossil_lng'}","CPS_Triton: Incompatible fuel green_ammonia for Coastal Princess Triton (authorized: ['vlsfo', 'bio_methanol']); OSS_Ceto: Incompatible fuel fossil_lng for Ocean Supply Ship Ceto (authorized: ['vlsfo', 'mgo', 'bio_methanol', 'green_ammonia']); Mandatory demand DEMAND-A is unfulfilled.; Mandatory demand DEMAND-C is unfulfilled."
198,301000.0,1000.0,300000.0,False,"{'CPS_Poseidon': 'UNASSIGNED', 'CPS_Triton': 'UNASSIGNED', 'OSS_Ceto': 'DEMAND-B'}","{'CPS_Poseidon': 12.46, 'CPS_Triton': 6.0, 'OSS_Ceto': 14.56}","{'CPS_Poseidon': 'fossil_lng', 'CPS_Triton': 'liquid_hydrogen', 'OSS_Ceto': 'vlsfo'}","CPS_Triton: Incompatible fuel liquid_hydrogen for Coastal Princess Triton (authorized: ['vlsfo', 'bio_methanol']); OSS_Ceto: Incompatible assignment: Demand DEMAND-B requires passenger vessel, but Ocean Supply Ship Ceto is offshore_supply; Mandatory demand DEMAND-A is unfulfilled.; Mandatory demand DEMAND-C is unfulfilled."
199,351000.0,1000.0,350000.0,False,"{'CPS_Poseidon': 'DEMAND-B', 'CPS_Triton': 'DEMAND-A', 'OSS_Ceto': 'DEMAND-B'}","{'CPS_Poseidon': 15.64, 'CPS_Triton': 11.95, 'OSS_Ceto': 14.96}","{'CPS_Poseidon': 'bio_methanol', 'CPS_Triton': 'bio_methanol', 'OSS_Ceto': 'bio_methanol'}","CPS_Triton: Incompatible assignment: Demand DEMAND-A requires luxury passenger cruise vessel, but Coastal Princess Triton is passenger_cruise_small; OSS_Ceto: Incompatible assignment: Demand DEMAND-B requires passenger vessel, but Ocean Supply Ship Ceto is offshore_supply; Duplicate demand DEMAND-B assigned to 2 vessels (must be exactly 1).; Mandatory demand DEMAND-C is unfulfilled."
200,501000.0,1000.0,500000.0,False,"{'CPS_Poseidon': 'DEMAND-B', 'CPS_Triton': 'DEMAND-B', 'OSS_Ceto': 'DEMAND-B'}","{'CPS_Poseidon': 8.0, 'CPS_Triton': 11.58, 'OSS_Ceto': 12.05}","{'CPS_Poseidon': 'bio_methanol', 'CPS_Triton': 'fossil_lng', 'OSS_Ceto': 'green_ammonia'}","CPS_Triton: Incompatible fuel fossil_lng for Coastal Princess Triton (authorized: ['vlsfo', 'bio_methanol']); OSS_Ceto: Incompatible assignment: Demand DEMAND-B requires passenger vessel, but Ocean Supply Ship Ceto is offshore_supply; Mandatory demand DEMAND-A is unfulfilled.; Duplicate demand DEMAND-B assigned to 3 vessels (must be exactly 1).; Mandatory demand DEMAND-C is unfulfilled."
201,401000.0,1000.0,400000.0,False,"{'CPS_Poseidon': 'DEMAND-B', 'CPS_Triton': 'DEMAND-B', 'OSS_Ceto': 'DEMAND-B'}","{'CPS_Poseidon': 22.0, 'CPS_Triton': 9.03, 'OSS_Ceto': 9.36}","{'CPS_Poseidon': 'fossil_lng', 'CPS_Triton': 'bio_methanol', 'OSS_Ceto': 'bio_methanol'}","OSS_Ceto: Incompatible assignment: Demand DEMAND-B requires passenger vessel, but Ocean Supply Ship Ceto is offshore_supply; Mandatory demand DEMAND-A is unfulfilled.; Duplicate demand DEMAND-B assigned to 3 vessels (must be exactly 1).; Mandatory demand DEMAND-C is unfulfilled."
202,351000.0,1000.0,350000.0,False,"{'CPS_Poseidon': 'DEMAND-B', 'CPS_Triton': 'DEMAND-A', 'OSS_Ceto': 'DEMAND-B'}","{'CPS_Poseidon': 13.52, 'CPS_Triton': 18.0, 'OSS_Ceto': 9.85}","{'CPS_Poseidon': 'fossil_lng', 'CPS_Triton': 'fossil_lng', 'OSS_Ceto': 'fossil_lng'}","CPS_Triton: Incompatible fuel fossil_lng for Coastal Princess Triton (authorized: ['vlsfo', 'bio_methanol']); OSS_Ceto: Incompatible fuel fossil_lng for Ocean Supply Ship Ceto (authorized: ['vlsfo', 'mgo', 'bio_methanol', 'green_ammonia']); Duplicate demand DEMAND-B assigned to 2 vessels (must be exactly 1).; Mandatory demand DEMAND-C is unfulfilled."
203,251000.0,1000.0,250000.0,False,"{'CPS_Poseidon': 'DEMAND-B', 'CPS_Triton': 'UNASSIGNED', 'OSS_Ceto': 'DEMAND-A'}","{'CPS_Poseidon': 9.12, 'CPS_Triton': 14.8, 'OSS_Ceto': 13.22}","{'CPS_Poseidon': 'fossil_lng', 'CPS_Triton': 'fossil_lng', 'OSS_Ceto': 'fossil_lng'}","CPS_Triton: Incompatible fuel fossil_lng for Coastal Princess Triton (authorized: ['vlsfo', 'bio_methanol']); OSS_Ceto: Incompatible fuel fossil_lng for Ocean Supply Ship Ceto (authorized: ['vlsfo', 'mgo', 'bio_methanol', 'green_ammonia']); Mandatory demand DEMAND-C is unfulfilled."
204,251000.0,1000.0,250000.0,False,"{'CPS_Poseidon': 'DEMAND-B', 'CPS_Triton': 'UNASSIGNED', 'OSS_Ceto': 'DEMAND-A'}","{'CPS_Poseidon': 18.07, 'CPS_Triton': 11.57, 'OSS_Ceto': 9.79}","{'CPS_Poseidon': 'bio_methanol', 'CPS_Triton': 'fossil_lng', 'OSS_Ceto': 'fossil_lng'}","CPS_Triton: Incompatible fuel fossil_lng for Coastal Princess Triton (authorized: ['vlsfo', 'bio_methanol']); OSS_Ceto: Incompatible fuel fossil_lng for Ocean Supply Ship Ceto (authorized: ['vlsfo', 'mgo', 'bio_methanol', 'green_ammonia']); Mandatory demand DEMAND-C is unfulfilled."
205,451000.0,1000.0,450000.0,False,"{'CPS_Poseidon': 'DEMAND-C', 'CPS_Triton': 'DEMAND-A', 'OSS_Ceto': 'DEMAND-C'}","{'CPS_Poseidon': 13.56, 'CPS_Triton': 18.0, 'OSS_Ceto': 9.7}","{'CPS_Poseidon': 'bio_methanol', 'CPS_Triton': 'bio_methanol', 'OSS_Ceto': 'liquid_hydrogen'}","CPS_Poseidon: Incompatible assignment: Demand DEMAND-C requires offshore deck cargo capability, not supported by Crown Princess Poseidon; CPS_Triton: Incompatible assignment: Demand DEMAND-A requires luxury passenger cruise vessel, but Coastal Princess Triton is passenger_cruise_small; OSS_Ceto: Incompatible fuel liquid_hydrogen for Ocean Supply Ship Ceto (authorized: ['vlsfo', 'mgo', 'bio_methanol', 'green_ammonia']); Mandatory demand DEMAND-B is unfulfilled.; Duplicate demand DEMAND-C assigned to 2 vessels (must be exactly 1)."
206,151000.0,1000.0,150000.0,False,"{'CPS_Poseidon': 'DEMAND-B', 'CPS_Triton': 'UNASSIGNED', 'OSS_Ceto': 'DEMAND-C'}","{'CPS_Poseidon': 12.91, 'CPS_Triton': 10.01, 'OSS_Ceto': 10.23}","{'CPS_Poseidon': 'bio_methanol', 'CPS_Triton': 'liquid_hydrogen', 'OSS_Ceto': 'bio_methanol'}","CPS_Triton: Incompatible fuel liquid_hydrogen for Coastal Princess Triton (authorized: ['vlsfo', 'bio_methanol']); Mandatory demand DEMAND-A is unfulfilled."
207,151000.0,1000.0,150000.0,False,"{'CPS_Poseidon': 'DEMAND-B', 'CPS_Triton': 'DEMAND-B', 'OSS_Ceto': 'DEMAND-C'}","{'CPS_Poseidon': 9.81, 'CPS_Triton': 6.9, 'OSS_Ceto': 10.36}","{'CPS_Poseidon': 'fossil_lng', 'CPS_Triton': 'vlsfo', 'OSS_Ceto': 'vlsfo'}",Mandatory demand DEMAND-A is unfulfilled.; Duplicate demand DEMAND-B assigned to 2 vessels (must be exactly 1).
208,151000.0,1000.0,150000.0,False,"{'CPS_Poseidon': 'DEMAND-B', 'CPS_Triton': 'UNASSIGNED', 'OSS_Ceto': 'DEMAND-A'}","{'CPS_Poseidon': 10.65, 'CPS_Triton': 8.13, 'OSS_Ceto': 9.88}","{'CPS_Poseidon': 'fossil_lng', 'CPS_Triton': 'bio_methanol', 'OSS_Ceto': 'fossil_lng'}","OSS_Ceto: Incompatible fuel fossil_lng for Ocean Supply Ship Ceto (authorized: ['vlsfo', 'mgo', 'bio_methanol', 'green_ammonia']); Mandatory demand DEMAND-C is unfulfilled."
209,301000.0,1000.0,300000.0,False,"{'CPS_Poseidon': 'DEMAND-A', 'CPS_Triton': 'UNASSIGNED', 'OSS_Ceto': 'DEMAND-A'}","{'CPS_Poseidon': 12.23, 'CPS_Triton': 6.0, 'OSS_Ceto': 10.18}","{'CPS_Poseidon': 'vlsfo', 'CPS_Triton': 'bio_methanol', 'OSS_Ceto': 'vlsfo'}","OSS_Ceto: Incompatible assignment: Demand DEMAND-A requires luxury passenger cruise vessel, but Ocean Supply Ship Ceto is offshore_supply; Duplicate demand DEMAND-A assigned to 2 vessels (must be exactly 1).; Mandatory demand DEMAND-B is unfulfilled.; Mandatory demand DEMAND-C is unfulfilled."
210,351000.0,1000.0,350000.0,False,"{'CPS_Poseidon': 'DEMAND-A', 'CPS_Triton': 'DEMAND-A', 'OSS_Ceto': 'DEMAND-C'}","{'CPS_Poseidon': 14.13, 'CPS_Triton': 12.16, 'OSS_Ceto': 10.26}","{'CPS_Poseidon': 'fossil_lng', 'CPS_Triton': 'bio_methanol', 'OSS_Ceto': 'fossil_lng'}","CPS_Triton: Incompatible assignment: Demand DEMAND-A requires luxury passenger cruise vessel, but Coastal Princess Triton is passenger_cruise_small; OSS_Ceto: Incompatible fuel fossil_lng for Ocean Supply Ship Ceto (authorized: ['vlsfo', 'mgo', 'bio_methanol', 'green_ammonia']); Duplicate demand DEMAND-A assigned to 2 vessels (must be exactly 1).; Mandatory demand DEMAND-B is unfulfilled."
211,401000.0,1000.0,400000.0,False,"{'CPS_Poseidon': 'DEMAND-A', 'CPS_Triton': 'DEMAND-A', 'OSS_Ceto': 'UNASSIGNED'}","{'CPS_Poseidon': 13.01, 'CPS_Triton': 11.73, 'OSS_Ceto': 15.0}","{'CPS_Poseidon': 'vlsfo', 'CPS_Triton': 'bio_methanol', 'OSS_Ceto': 'liquid_hydrogen'}","CPS_Triton: Incompatible assignment: Demand DEMAND-A requires luxury passenger cruise vessel, but Coastal Princess Triton is passenger_cruise_small; OSS_Ceto: Incompatible fuel liquid_hydrogen for Ocean Supply Ship Ceto (authorized: ['vlsfo', 'mgo', 'bio_methanol', 'green_ammonia']); Duplicate demand DEMAND-A assigned to 2 vessels (must be exactly 1).; Mandatory demand DEMAND-B is unfulfilled.; Mandatory demand DEMAND-C is unfulfilled."
212,151000.0,1000.0,150000.0,False,"{'CPS_Poseidon': 'DEMAND-A', 'CPS_Triton': 'UNASSIGNED', 'OSS_Ceto': 'DEMAND-C'}","{'CPS_Poseidon': 17.6, 'CPS_Triton': 17.69, 'OSS_Ceto': 4.0}","{'CPS_Poseidon': 'fossil_lng', 'CPS_Triton': 'liquid_hydrogen', 'OSS_Ceto': 'vlsfo'}","CPS_Triton: Incompatible fuel liquid_hydrogen for Coastal Princess Triton (authorized: ['vlsfo', 'bio_methanol']); Mandatory demand DEMAND-B is unfulfilled."
213,251000.0,1000.0,250000.0,False,"{'CPS_Poseidon': 'UNASSIGNED', 'CPS_Triton': 'DEMAND-A', 'OSS_Ceto': 'DEMAND-B'}","{'CPS_Poseidon': 12.13, 'CPS_Triton': 7.87, 'OSS_Ceto': 9.29}","{'CPS_Poseidon': 'vlsfo', 'CPS_Triton': 'green_ammonia', 'OSS_Ceto': 'vlsfo'}","CPS_Triton: Incompatible fuel green_ammonia for Coastal Princess Triton (authorized: ['vlsfo', 'bio_methanol']); OSS_Ceto: Incompatible assignment: Demand DEMAND-B requires passenger vessel, but Ocean Supply Ship Ceto is offshore_supply; Mandatory demand DEMAND-C is unfulfilled."
214,51000.0,1000.0,50000.0,False,"{'CPS_Poseidon': 'DEMAND-A', 'CPS_Triton': 'UNASSIGNED', 'OSS_Ceto': 'DEMAND-C'}","{'CPS_Poseidon': 9.34, 'CPS_Triton': 10.3, 'OSS_Ceto': 10.12}","{'CPS_Poseidon': 'vlsfo', 'CPS_Triton': 'bio_methanol', 'OSS_Ceto': 'vlsfo'}",Mandatory demand DEMAND-B is unfulfilled.
215,201000.0,1000.0,200000.0,False,"{'CPS_Poseidon': 'UNASSIGNED', 'CPS_Triton': 'UNASSIGNED', 'OSS_Ceto': 'DEMAND-B'}","{'CPS_Poseidon': 12.65, 'CPS_Triton': 8.16, 'OSS_Ceto': 4.0}","{'CPS_Poseidon': 'vlsfo', 'CPS_Triton': 'bio_methanol', 'OSS_Ceto': 'vlsfo'}","OSS_Ceto: Incompatible assignment: Demand DEMAND-B requires passenger vessel, but Ocean Supply Ship Ceto is offshore_supply; Mandatory demand DEMAND-A is unfulfilled.; Mandatory demand DEMAND-C is unfulfilled."
216,351000.0,1000.0,350000.0,False,"{'CPS_Poseidon': 'DEMAND-B', 'CPS_Triton': 'DEMAND-A', 'OSS_Ceto': 'DEMAND-B'}","{'CPS_Poseidon': 8.0, 'CPS_Triton': 15.21, 'OSS_Ceto': 9.74}","{'CPS_Poseidon': 'fossil_lng', 'CPS_Triton': 'fossil_lng', 'OSS_Ceto': 'vlsfo'}","CPS_Triton: Incompatible fuel fossil_lng for Coastal Princess Triton (authorized: ['vlsfo', 'bio_methanol']); OSS_Ceto: Incompatible assignment: Demand DEMAND-B requires passenger vessel, but Ocean Supply Ship Ceto is offshore_supply; Duplicate demand DEMAND-B assigned to 2 vessels (must be exactly 1).; Mandatory demand DEMAND-C is unfulfilled."
217,351000.0,1000.0,350000.0,False,"{'CPS_Poseidon': 'DEMAND-A', 'CPS_Triton': 'DEMAND-A', 'OSS_Ceto': 'DEMAND-B'}","{'CPS_Poseidon': 13.0, 'CPS_Triton': 13.09, 'OSS_Ceto': 4.0}","{'CPS_Poseidon': 'fossil_lng', 'CPS_Triton': 'bio_methanol', 'OSS_Ceto': 'vlsfo'}","CPS_Triton: Incompatible assignment: Demand DEMAND-A requires luxury passenger cruise vessel, but Coastal Princess Triton is passenger_cruise_small; OSS_Ceto: Incompatible assignment: Demand DEMAND-B requires passenger vessel, but Ocean Supply Ship Ceto is offshore_supply; Duplicate demand DEMAND-A assigned to 2 vessels (must be exactly 1).; Mandatory demand DEMAND-C is unfulfilled."
218,51000.0,1000.0,50000.0,False,"{'CPS_Poseidon': 'DEMAND-A', 'CPS_Triton': 'UNASSIGNED', 'OSS_Ceto': 'DEMAND-C'}","{'CPS_Poseidon': 13.02, 'CPS_Triton': 11.47, 'OSS_Ceto': 9.66}","{'CPS_Poseidon': 'bio_methanol', 'CPS_Triton': 'vlsfo', 'OSS_Ceto': 'vlsfo'}",Mandatory demand DEMAND-B is unfulfilled.
219,301000.0,1000.0,300000.0,False,"{'CPS_Poseidon': 'DEMAND-B', 'CPS_Triton': 'DEMAND-A', 'OSS_Ceto': 'DEMAND-C'}","{'CPS_Poseidon': 16.67, 'CPS_Triton': 9.11, 'OSS_Ceto': 9.92}","{'CPS_Poseidon': 'green_ammonia', 'CPS_Triton': 'bio_methanol', 'OSS_Ceto': 'liquid_hydrogen'}","CPS_Poseidon: Incompatible fuel green_ammonia for Crown Princess Poseidon (authorized: ['vlsfo', 'fossil_lng', 'bio_methanol']); CPS_Triton: Incompatible assignment: Demand DEMAND-A requires luxury passenger cruise vessel, but Coastal Princess Triton is passenger_cruise_small; OSS_Ceto: Incompatible fuel liquid_hydrogen for Ocean Supply Ship Ceto (authorized: ['vlsfo', 'mgo', 'bio_methanol', 'green_ammonia'])"
220,351000.0,1000.0,350000.0,False,"{'CPS_Poseidon': 'DEMAND-B', 'CPS_Triton': 'DEMAND-A', 'OSS_Ceto': 'DEMAND-A'}","{'CPS_Poseidon': 16.05, 'CPS_Triton': 12.35, 'OSS_Ceto': 12.2}","{'CPS_Poseidon': 'fossil_lng', 'CPS_Triton': 'vlsfo', 'OSS_Ceto': 'vlsfo'}","CPS_Triton: Incompatible assignment: Demand DEMAND-A requires luxury passenger cruise vessel, but Coastal Princess Triton is passenger_cruise_small; OSS_Ceto: Incompatible assignment: Demand DEMAND-A requires luxury passenger cruise vessel, but Ocean Supply Ship Ceto is offshore_supply; Duplicate demand DEMAND-A assigned to 2 vessels (must be exactly 1).; Mandatory demand DEMAND-C is unfulfilled."
221,251000.0,1000.0,250000.0,False,"{'CPS_Poseidon': 'DEMAND-C', 'CPS_Triton': 'UNASSIGNED', 'OSS_Ceto': 'DEMAND-A'}","{'CPS_Poseidon': 14.67, 'CPS_Triton': 12.09, 'OSS_Ceto': 10.04}","{'CPS_Poseidon': 'vlsfo', 'CPS_Triton': 'vlsfo', 'OSS_Ceto': 'vlsfo'}","CPS_Poseidon: Incompatible assignment: Demand DEMAND-C requires offshore deck cargo capability, not supported by Crown Princess Poseidon; OSS_Ceto: Incompatible assignment: Demand DEMAND-A requires luxury passenger cruise vessel, but Ocean Supply Ship Ceto is offshore_supply; Mandatory demand DEMAND-B is unfulfilled."
222,401000.0,1000.0,400000.0,False,"{'CPS_Poseidon': 'DEMAND-B', 'CPS_Triton': 'UNASSIGNED', 'OSS_Ceto': 'DEMAND-B'}","{'CPS_Poseidon': 12.74, 'CPS_Triton': 12.31, 'OSS_Ceto': 8.76}","{'CPS_Poseidon': 'fossil_lng', 'CPS_Triton': 'liquid_hydrogen', 'OSS_Ceto': 'fossil_lng'}","CPS_Triton: Incompatible fuel liquid_hydrogen for Coastal Princess Triton (authorized: ['vlsfo', 'bio_methanol']); OSS_Ceto: Incompatible fuel fossil_lng for Ocean Supply Ship Ceto (authorized: ['vlsfo', 'mgo', 'bio_methanol', 'green_ammonia']); Mandatory demand DEMAND-A is unfulfilled.; Duplicate demand DEMAND-B assigned to 2 vessels (must be exactly 1).; Mandatory demand DEMAND-C is unfulfilled."
223,301000.0,1000.0,300000.0,False,"{'CPS_Poseidon': 'UNASSIGNED', 'CPS_Triton': 'DEMAND-A', 'OSS_Ceto': 'UNASSIGNED'}","{'CPS_Poseidon': 8.0, 'CPS_Triton': 11.98, 'OSS_Ceto': 8.83}","{'CPS_Poseidon': 'green_ammonia', 'CPS_Triton': 'fossil_lng', 'OSS_Ceto': 'vlsfo'}","CPS_Poseidon: Incompatible fuel green_ammonia for Crown Princess Poseidon (authorized: ['vlsfo', 'fossil_lng', 'bio_methanol']); CPS_Triton: Incompatible fuel fossil_lng for Coastal Princess Triton (authorized: ['vlsfo', 'bio_methanol']); Mandatory demand DEMAND-B is unfulfilled.; Mandatory demand DEMAND-C is unfulfilled."
224,401000.0,1000.0,400000.0,False,"{'CPS_Poseidon': 'DEMAND-C', 'CPS_Triton': 'UNASSIGNED', 'OSS_Ceto': 'DEMAND-C'}","{'CPS_Poseidon': 22.0, 'CPS_Triton': 13.18, 'OSS_Ceto': 10.22}","{'CPS_Poseidon': 'vlsfo', 'CPS_Triton': 'fossil_lng', 'OSS_Ceto': 'bio_methanol'}","CPS_Poseidon: Incompatible assignment: Demand DEMAND-C requires offshore deck cargo capability, not supported by Crown Princess Poseidon; CPS_Triton: Incompatible fuel fossil_lng for Coastal Princess Triton (authorized: ['vlsfo', 'bio_methanol']); Mandatory demand DEMAND-A is unfulfilled.; Mandatory demand DEMAND-B is unfulfilled.; Duplicate demand DEMAND-C assigned to 2 vessels (must be exactly 1)."
225,101000.0,1000.0,100000.0,False,"{'CPS_Poseidon': 'DEMAND-B', 'CPS_Triton': 'DEMAND-A', 'OSS_Ceto': 'DEMAND-C'}","{'CPS_Poseidon': 17.15, 'CPS_Triton': 14.49, 'OSS_Ceto': 9.06}","{'CPS_Poseidon': 'vlsfo', 'CPS_Triton': 'green_ammonia', 'OSS_Ceto': 'vlsfo'}","CPS_Triton: Incompatible fuel green_ammonia for Coastal Princess Triton (authorized: ['vlsfo', 'bio_methanol'])"
226,151000.0,1000.0,150000.0,False,"{'CPS_Poseidon': 'DEMAND-B', 'CPS_Triton': 'UNASSIGNED', 'OSS_Ceto': 'DEMAND-A'}","{'CPS_Poseidon': 13.66, 'CPS_Triton': 15.94, 'OSS_Ceto': 10.71}","{'CPS_Poseidon': 'vlsfo', 'CPS_Triton': 'bio_methanol', 'OSS_Ceto': 'vlsfo'}","OSS_Ceto: Incompatible assignment: Demand DEMAND-A requires luxury passenger cruise vessel, but Ocean Supply Ship Ceto is offshore_supply; Mandatory demand DEMAND-C is unfulfilled."
227,351000.0,1000.0,350000.0,False,"{'CPS_Poseidon': 'DEMAND-C', 'CPS_Triton': 'DEMAND-A', 'OSS_Ceto': 'DEMAND-C'}","{'CPS_Poseidon': 12.45, 'CPS_Triton': 12.39, 'OSS_Ceto': 9.28}","{'CPS_Poseidon': 'vlsfo', 'CPS_Triton': 'fossil_lng', 'OSS_Ceto': 'vlsfo'}","CPS_Poseidon: Incompatible assignment: Demand DEMAND-C requires offshore deck cargo capability, not supported by Crown Princess Poseidon; CPS_Triton: Incompatible fuel fossil_lng for Coastal Princess Triton (authorized: ['vlsfo', 'bio_methanol']); Mandatory demand DEMAND-B is unfulfilled.; Duplicate demand DEMAND-C assigned to 2 vessels (must be exactly 1)."
228,51000.0,1000.0,50000.0,False,"{'CPS_Poseidon': 'DEMAND-B', 'CPS_Triton': 'UNASSIGNED', 'OSS_Ceto': 'DEMAND-C'}","{'CPS_Poseidon': 13.9, 'CPS_Triton': 8.47, 'OSS_Ceto': 10.53}","{'CPS_Poseidon': 'bio_methanol', 'CPS_Triton': 'vlsfo', 'OSS_Ceto': 'vlsfo'}",Mandatory demand DEMAND-A is unfulfilled.
229,151000.0,1000.0,150000.0,False,"{'CPS_Poseidon': 'DEMAND-A', 'CPS_Triton': 'UNASSIGNED', 'OSS_Ceto': 'DEMAND-C'}","{'CPS_Poseidon': 8.0, 'CPS_Triton': 11.15, 'OSS_Ceto': 4.0}","{'CPS_Poseidon': 'vlsfo', 'CPS_Triton': 'green_ammonia', 'OSS_Ceto': 'vlsfo'}","CPS_Triton: Incompatible fuel green_ammonia for Coastal Princess Triton (authorized: ['vlsfo', 'bio_methanol']); Mandatory demand DEMAND-B is unfulfilled."
230,151000.0,1000.0,150000.0,False,"{'CPS_Poseidon': 'DEMAND-B', 'CPS_Triton': 'UNASSIGNED', 'OSS_Ceto': 'DEMAND-C'}","{'CPS_Poseidon': 11.19, 'CPS_Triton': 18.0, 'OSS_Ceto': 8.66}","{'CPS_Poseidon': 'fossil_lng', 'CPS_Triton': 'fossil_lng', 'OSS_Ceto': 'green_ammonia'}","CPS_Triton: Incompatible fuel fossil_lng for Coastal Princess Triton (authorized: ['vlsfo', 'bio_methanol']); Mandatory demand DEMAND-A is unfulfilled."
231,101000.0,1000.0,100000.0,False,"{'CPS_Poseidon': 'DEMAND-B', 'CPS_Triton': 'DEMAND-A', 'OSS_Ceto': 'DEMAND-C'}","{'CPS_Poseidon': 8.08, 'CPS_Triton': 11.65, 'OSS_Ceto': 9.42}","{'CPS_Poseidon': 'vlsfo', 'CPS_Triton': 'fossil_lng', 'OSS_Ceto': 'vlsfo'}","CPS_Triton: Incompatible fuel fossil_lng for Coastal Princess Triton (authorized: ['vlsfo', 'bio_methanol'])"
232,51000.0,1000.0,50000.0,False,"{'CPS_Poseidon': 'DEMAND-B', 'CPS_Triton': 'UNASSIGNED', 'OSS_Ceto': 'DEMAND-C'}","{'CPS_Poseidon': 12.25, 'CPS_Triton': 7.24, 'OSS_Ceto': 4.0}","{'CPS_Poseidon': 'vlsfo', 'CPS_Triton': 'bio_methanol', 'OSS_Ceto': 'vlsfo'}",Mandatory demand DEMAND-A is unfulfilled.
233,51000.0,1000.0,50000.0,False,"{'CPS_Poseidon': 'DEMAND-B', 'CPS_Triton': 'UNASSIGNED', 'OSS_Ceto': 'DEMAND-C'}","{'CPS_Poseidon': 12.88, 'CPS_Triton': 18.0, 'OSS_Ceto': 4.0}","{'CPS_Poseidon': 'vlsfo', 'CPS_Triton': 'vlsfo', 'OSS_Ceto': 'vlsfo'}",Mandatory demand DEMAND-A is unfulfilled.
234,251000.0,1000.0,250000.0,False,"{'CPS_Poseidon': 'DEMAND-C', 'CPS_Triton': 'UNASSIGNED', 'OSS_Ceto': 'DEMAND-B'}","{'CPS_Poseidon': 9.56, 'CPS_Triton': 9.58, 'OSS_Ceto': 12.73}","{'CPS_Poseidon': 'fossil_lng', 'CPS_Triton': 'vlsfo', 'OSS_Ceto': 'bio_methanol'}","CPS_Poseidon: Incompatible assignment: Demand DEMAND-C requires offshore deck cargo capability, not supported by Crown Princess Poseidon; OSS_Ceto: Incompatible assignment: Demand DEMAND-B requires passenger vessel, but Ocean Supply Ship Ceto is offshore_supply; Mandatory demand DEMAND-A is unfulfilled."
235,151000.0,1000.0,150000.0,False,"{'CPS_Poseidon': 'DEMAND-A', 'CPS_Triton': 'UNASSIGNED', 'OSS_Ceto': 'DEMAND-C'}","{'CPS_Poseidon': 16.47, 'CPS_Triton': 8.27, 'OSS_Ceto': 10.15}","{'CPS_Poseidon': 'vlsfo', 'CPS_Triton': 'green_ammonia', 'OSS_Ceto': 'vlsfo'}","CPS_Triton: Incompatible fuel green_ammonia for Coastal Princess Triton (authorized: ['vlsfo', 'bio_methanol']); Mandatory demand DEMAND-B is unfulfilled."
236,351000.0,1000.0,350000.0,False,"{'CPS_Poseidon': 'DEMAND-B', 'CPS_Triton': 'DEMAND-A', 'OSS_Ceto': 'DEMAND-A'}","{'CPS_Poseidon': 12.75, 'CPS_Triton': 9.87, 'OSS_Ceto': 10.99}","{'CPS_Poseidon': 'vlsfo', 'CPS_Triton': 'fossil_lng', 'OSS_Ceto': 'liquid_hydrogen'}","CPS_Triton: Incompatible fuel fossil_lng for Coastal Princess Triton (authorized: ['vlsfo', 'bio_methanol']); OSS_Ceto: Incompatible fuel liquid_hydrogen for Ocean Supply Ship Ceto (authorized: ['vlsfo', 'mgo', 'bio_methanol', 'green_ammonia']); Duplicate demand DEMAND-A assigned to 2 vessels (must be exactly 1).; Mandatory demand DEMAND-C is unfulfilled."
237,351000.0,1000.0,350000.0,False,"{'CPS_Poseidon': 'DEMAND-C', 'CPS_Triton': 'DEMAND-A', 'OSS_Ceto': 'DEMAND-C'}","{'CPS_Poseidon': 11.43, 'CPS_Triton': 7.47, 'OSS_Ceto': 9.97}","{'CPS_Poseidon': 'vlsfo', 'CPS_Triton': 'bio_methanol', 'OSS_Ceto': 'vlsfo'}","CPS_Poseidon: Incompatible assignment: Demand DEMAND-C requires offshore deck cargo capability, not supported by Crown Princess Poseidon; CPS_Triton: Incompatible assignment: Demand DEMAND-A requires luxury passenger cruise vessel, but Coastal Princess Triton is passenger_cruise_small; Mandatory demand DEMAND-B is unfulfilled.; Duplicate demand DEMAND-C assigned to 2 vessels (must be exactly 1)."
238,151000.0,1000.0,150000.0,False,"{'CPS_Poseidon': 'DEMAND-B', 'CPS_Triton': 'UNASSIGNED', 'OSS_Ceto': 'DEMAND-C'}","{'CPS_Poseidon': 11.0, 'CPS_Triton': 14.7, 'OSS_Ceto': 11.91}","{'CPS_Poseidon': 'vlsfo', 'CPS_Triton': 'vlsfo', 'OSS_Ceto': 'fossil_lng'}","OSS_Ceto: Incompatible fuel fossil_lng for Ocean Supply Ship Ceto (authorized: ['vlsfo', 'mgo', 'bio_methanol', 'green_ammonia']); Mandatory demand DEMAND-A is unfulfilled."
239,301000.0,1000.0,300000.0,False,"{'CPS_Poseidon': 'DEMAND-B', 'CPS_Triton': 'UNASSIGNED', 'OSS_Ceto': 'DEMAND-B'}","{'CPS_Poseidon': 18.44, 'CPS_Triton': 10.94, 'OSS_Ceto': 11.0}","{'CPS_Poseidon': 'vlsfo', 'CPS_Triton': 'bio_methanol', 'OSS_Ceto': 'vlsfo'}","OSS_Ceto: Incompatible assignment: Demand DEMAND-B requires passenger vessel, but Ocean Supply Ship Ceto is offshore_supply; Mandatory demand DEMAND-A is unfulfilled.; Duplicate demand DEMAND-B assigned to 2 vessels (must be exactly 1).; Mandatory demand DEMAND-C is unfulfilled."
240,251000.0,1000.0,250000.0,False,"{'CPS_Poseidon': 'UNASSIGNED', 'CPS_Triton': 'DEMAND-A', 'OSS_Ceto': 'DEMAND-C'}","{'CPS_Poseidon': 21.52, 'CPS_Triton': 11.88, 'OSS_Ceto': 12.36}","{'CPS_Poseidon': 'vlsfo', 'CPS_Triton': 'fossil_lng', 'OSS_Ceto': 'liquid_hydrogen'}","CPS_Triton: Incompatible fuel fossil_lng for Coastal Princess Triton (authorized: ['vlsfo', 'bio_methanol']); OSS_Ceto: Incompatible fuel liquid_hydrogen for Ocean Supply Ship Ceto (authorized: ['vlsfo', 'mgo', 'bio_methanol', 'green_ammonia']); Mandatory demand DEMAND-B is unfulfilled."
241,251000.0,1000.0,250000.0,False,"{'CPS_Poseidon': 'DEMAND-C', 'CPS_Triton': 'UNASSIGNED', 'OSS_Ceto': 'DEMAND-B'}","{'CPS_Poseidon': 13.04, 'CPS_Triton': 9.8, 'OSS_Ceto': 9.91}","{'CPS_Poseidon': 'fossil_lng', 'CPS_Triton': 'vlsfo', 'OSS_Ceto': 'vlsfo'}","CPS_Poseidon: Incompatible assignment: Demand DEMAND-C requires offshore deck cargo capability, not supported by Crown Princess Poseidon; OSS_Ceto: Incompatible assignment: Demand DEMAND-B requires passenger vessel, but Ocean Supply Ship Ceto is offshore_supply; Mandatory demand DEMAND-A is unfulfilled."
242,501000.0,1000.0,500000.0,False,"{'CPS_Poseidon': 'DEMAND-B', 'CPS_Triton': 'DEMAND-B', 'OSS_Ceto': 'DEMAND-B'}","{'CPS_Poseidon': 14.11, 'CPS_Triton': 10.96, 'OSS_Ceto': 10.35}","{'CPS_Poseidon': 'vlsfo', 'CPS_Triton': 'fossil_lng', 'OSS_Ceto': 'fossil_lng'}","CPS_Triton: Incompatible fuel fossil_lng for Coastal Princess Triton (authorized: ['vlsfo', 'bio_methanol']); OSS_Ceto: Incompatible fuel fossil_lng for Ocean Supply Ship Ceto (authorized: ['vlsfo', 'mgo', 'bio_methanol', 'green_ammonia']); Mandatory demand DEMAND-A is unfulfilled.; Duplicate demand DEMAND-B assigned to 3 vessels (must be exactly 1).; Mandatory demand DEMAND-C is unfulfilled."
243,401000.0,1000.0,400000.0,False,"{'CPS_Poseidon': 'UNASSIGNED', 'CPS_Triton': 'DEMAND-B', 'OSS_Ceto': 'DEMAND-B'}","{'CPS_Poseidon': 14.32, 'CPS_Triton': 11.21, 'OSS_Ceto': 15.0}","{'CPS_Poseidon': 'bio_methanol', 'CPS_Triton': 'green_ammonia', 'OSS_Ceto': 'bio_methanol'}","CPS_Triton: Incompatible fuel green_ammonia for Coastal Princess Triton (authorized: ['vlsfo', 'bio_methanol']); OSS_Ceto: Incompatible assignment: Demand DEMAND-B requires passenger vessel, but Ocean Supply Ship Ceto is offshore_supply; Mandatory demand DEMAND-A is unfulfilled.; Duplicate demand DEMAND-B assigned to 2 vessels (must be exactly 1).; Mandatory demand DEMAND-C is unfulfilled."
244,251000.0,1000.0,250000.0,False,"{'CPS_Poseidon': 'DEMAND-B', 'CPS_Triton': 'UNASSIGNED', 'OSS_Ceto': 'DEMAND-C'}","{'CPS_Poseidon': 14.81, 'CPS_Triton': 11.14, 'OSS_Ceto': 8.74}","{'CPS_Poseidon': 'green_ammonia', 'CPS_Triton': 'fossil_lng', 'OSS_Ceto': 'vlsfo'}","CPS_Poseidon: Incompatible fuel green_ammonia for Crown Princess Poseidon (authorized: ['vlsfo', 'fossil_lng', 'bio_methanol']); CPS_Triton: Incompatible fuel fossil_lng for Coastal Princess Triton (authorized: ['vlsfo', 'bio_methanol']); Mandatory demand DEMAND-A is unfulfilled."
245,251000.0,1000.0,250000.0,False,"{'CPS_Poseidon': 'DEMAND-A', 'CPS_Triton': 'DEMAND-A', 'OSS_Ceto': 'DEMAND-C'}","{'CPS_Poseidon': 13.13, 'CPS_Triton': 10.86, 'OSS_Ceto': 9.49}","{'CPS_Poseidon': 'vlsfo', 'CPS_Triton': 'fossil_lng', 'OSS_Ceto': 'vlsfo'}","CPS_Triton: Incompatible fuel fossil_lng for Coastal Princess Triton (authorized: ['vlsfo', 'bio_methanol']); Duplicate demand DEMAND-A assigned to 2 vessels (must be exactly 1).; Mandatory demand DEMAND-B is unfulfilled."
246,251000.0,1000.0,250000.0,False,"{'CPS_Poseidon': 'DEMAND-C', 'CPS_Triton': 'UNASSIGNED', 'OSS_Ceto': 'DEMAND-A'}","{'CPS_Poseidon': 12.78, 'CPS_Triton': 12.53, 'OSS_Ceto': 11.27}","{'CPS_Poseidon': 'fossil_lng', 'CPS_Triton': 'bio_methanol', 'OSS_Ceto': 'vlsfo'}","CPS_Poseidon: Incompatible assignment: Demand DEMAND-C requires offshore deck cargo capability, not supported by Crown Princess Poseidon; OSS_Ceto: Incompatible assignment: Demand DEMAND-A requires luxury passenger cruise vessel, but Ocean Supply Ship Ceto is offshore_supply; Mandatory demand DEMAND-B is unfulfilled."
247,151000.0,1000.0,150000.0,False,"{'CPS_Poseidon': 'DEMAND-B', 'CPS_Triton': 'DEMAND-B', 'OSS_Ceto': 'DEMAND-C'}","{'CPS_Poseidon': 8.0, 'CPS_Triton': 9.78, 'OSS_Ceto': 11.01}","{'CPS_Poseidon': 'vlsfo', 'CPS_Triton': 'vlsfo', 'OSS_Ceto': 'vlsfo'}",Mandatory demand DEMAND-A is unfulfilled.; Duplicate demand DEMAND-B assigned to 2 vessels (must be exactly 1).
248,351000.0,1000.0,350000.0,False,"{'CPS_Poseidon': 'DEMAND-A', 'CPS_Triton': 'DEMAND-A', 'OSS_Ceto': 'DEMAND-C'}","{'CPS_Poseidon': 13.56, 'CPS_Triton': 11.98, 'OSS_Ceto': 8.99}","{'CPS_Poseidon': 'vlsfo', 'CPS_Triton': 'liquid_hydrogen', 'OSS_Ceto': 'liquid_hydrogen'}","CPS_Triton: Incompatible fuel liquid_hydrogen for Coastal Princess Triton (authorized: ['vlsfo', 'bio_methanol']); OSS_Ceto: Incompatible fuel liquid_hydrogen for Ocean Supply Ship Ceto (authorized: ['vlsfo', 'mgo', 'bio_methanol', 'green_ammonia']); Duplicate demand DEMAND-A assigned to 2 vessels (must be exactly 1).; Mandatory demand DEMAND-B is unfulfilled."
249,451000.0,1000.0,450000.0,False,"{'CPS_Poseidon': 'DEMAND-B', 'CPS_Triton': 'DEMAND-A', 'OSS_Ceto': 'DEMAND-B'}","{'CPS_Poseidon': 14.09, 'CPS_Triton': 7.92, 'OSS_Ceto': 14.27}","{'CPS_Poseidon': 'liquid_hydrogen', 'CPS_Triton': 'bio_methanol', 'OSS_Ceto': 'bio_methanol'}","CPS_Poseidon: Incompatible fuel liquid_hydrogen for Crown Princess Poseidon (authorized: ['vlsfo', 'fossil_lng', 'bio_methanol']); CPS_Triton: Incompatible assignment: Demand DEMAND-A requires luxury passenger cruise vessel, but Coastal Princess Triton is passenger_cruise_small; OSS_Ceto: Incompatible assignment: Demand DEMAND-B requires passenger vessel, but Ocean Supply Ship Ceto is offshore_supply; Duplicate demand DEMAND-B assigned to 2 vessels (must be exactly 1).; Mandatory demand DEMAND-C is unfulfilled."
250,501000.0,1000.0,500000.0,False,"{'CPS_Poseidon': 'DEMAND-B', 'CPS_Triton': 'DEMAND-B', 'OSS_Ceto': 'DEMAND-B'}","{'CPS_Poseidon': 13.69, 'CPS_Triton': 13.95, 'OSS_Ceto': 15.0}","{'CPS_Poseidon': 'liquid_hydrogen', 'CPS_Triton': 'bio_methanol', 'OSS_Ceto': 'vlsfo'}","CPS_Poseidon: Incompatible fuel liquid_hydrogen for Crown Princess Poseidon (authorized: ['vlsfo', 'fossil_lng', 'bio_methanol']); OSS_Ceto: Incompatible assignment: Demand DEMAND-B requires passenger vessel, but Ocean Supply Ship Ceto is offshore_supply; Mandatory demand DEMAND-A is unfulfilled.; Duplicate demand DEMAND-B assigned to 3 vessels (must be exactly 1).; Mandatory demand DEMAND-C is unfulfilled."
251,351000.0,1000.0,350000.0,False,"{'CPS_Poseidon': 'DEMAND-C', 'CPS_Triton': 'UNASSIGNED', 'OSS_Ceto': 'DEMAND-B'}","{'CPS_Poseidon': 8.0, 'CPS_Triton': 9.69, 'OSS_Ceto': 9.76}","{'CPS_Poseidon': 'vlsfo', 'CPS_Triton': 'green_ammonia', 'OSS_Ceto': 'bio_methanol'}","CPS_Poseidon: Incompatible assignment: Demand DEMAND-C requires offshore deck cargo capability, not supported by Crown Princess Poseidon; CPS_Triton: Incompatible fuel green_ammonia for Coastal Princess Triton (authorized: ['vlsfo', 'bio_methanol']); OSS_Ceto: Incompatible assignment: Demand DEMAND-B requires passenger vessel, but Ocean Supply Ship Ceto is offshore_supply; Mandatory demand DEMAND-A is unfulfilled."
252,351000.0,1000.0,350000.0,False,"{'CPS_Poseidon': 'DEMAND-B', 'CPS_Triton': 'UNASSIGNED', 'OSS_Ceto': 'DEMAND-A'}","{'CPS_Poseidon': 13.54, 'CPS_Triton': 13.28, 'OSS_Ceto': 10.84}","{'CPS_Poseidon': 'green_ammonia', 'CPS_Triton': 'fossil_lng', 'OSS_Ceto': 'fossil_lng'}","CPS_Poseidon: Incompatible fuel green_ammonia for Crown Princess Poseidon (authorized: ['vlsfo', 'fossil_lng', 'bio_methanol']); CPS_Triton: Incompatible fuel fossil_lng for Coastal Princess Triton (authorized: ['vlsfo', 'bio_methanol']); OSS_Ceto: Incompatible fuel fossil_lng for Ocean Supply Ship Ceto (authorized: ['vlsfo', 'mgo', 'bio_methanol', 'green_ammonia']); Mandatory demand DEMAND-C is unfulfilled."
253,351000.0,1000.0,350000.0,False,"{'CPS_Poseidon': 'DEMAND-B', 'CPS_Triton': 'DEMAND-A', 'OSS_Ceto': 'DEMAND-A'}","{'CPS_Poseidon': 13.98, 'CPS_Triton': 18.0, 'OSS_Ceto': 9.97}","{'CPS_Poseidon': 'vlsfo', 'CPS_Triton': 'bio_methanol', 'OSS_Ceto': 'vlsfo'}","CPS_Triton: Incompatible assignment: Demand DEMAND-A requires luxury passenger cruise vessel, but Coastal Princess Triton is passenger_cruise_small; OSS_Ceto: Incompatible assignment: Demand DEMAND-A requires luxury passenger cruise vessel, but Ocean Supply Ship Ceto is offshore_supply; Duplicate demand DEMAND-A assigned to 2 vessels (must be exactly 1).; Mandatory demand DEMAND-C is unfulfilled."
254,451000.0,1000.0,450000.0,False,"{'CPS_Poseidon': 'DEMAND-B', 'CPS_Triton': 'DEMAND-A', 'OSS_Ceto': 'DEMAND-B'}","{'CPS_Poseidon': 17.67, 'CPS_Triton': 10.52, 'OSS_Ceto': 10.12}","{'CPS_Poseidon': 'green_ammonia', 'CPS_Triton': 'fossil_lng', 'OSS_Ceto': 'vlsfo'}","CPS_Poseidon: Incompatible fuel green_ammonia for Crown Princess Poseidon (authorized: ['vlsfo', 'fossil_lng', 'bio_methanol']); CPS_Triton: Incompatible fuel fossil_lng for Coastal Princess Triton (authorized: ['vlsfo', 'bio_methanol']); OSS_Ceto: Incompatible assignment: Demand DEMAND-B requires passenger vessel, but Ocean Supply Ship Ceto is offshore_supply; Duplicate demand DEMAND-B assigned to 2 vessels (must be exactly 1).; Mandatory demand DEMAND-C is unfulfilled."
255,501000.0,1000.0,500000.0,False,"{'CPS_Poseidon': 'DEMAND-C', 'CPS_Triton': 'UNASSIGNED', 'OSS_Ceto': 'DEMAND-C'}","{'CPS_Poseidon': 13.23, 'CPS_Triton': 14.85, 'OSS_Ceto': 10.0}","{'CPS_Poseidon': 'fossil_lng', 'CPS_Triton': 'fossil_lng', 'OSS_Ceto': 'liquid_hydrogen'}","CPS_Poseidon: Incompatible assignment: Demand DEMAND-C requires offshore deck cargo capability, not supported by Crown Princess Poseidon; CPS_Triton: Incompatible fuel fossil_lng for Coastal Princess Triton (authorized: ['vlsfo', 'bio_methanol']); OSS_Ceto: Incompatible fuel liquid_hydrogen for Ocean Supply Ship Ceto (authorized: ['vlsfo', 'mgo', 'bio_methanol', 'green_ammonia']); Mandatory demand DEMAND-A is unfulfilled.; Mandatory demand DEMAND-B is unfulfilled.; Duplicate demand DEMAND-C assigned to 2 vessels (must be exactly 1)."
256,251000.0,1000.0,250000.0,False,"{'CPS_Poseidon': 'DEMAND-B', 'CPS_Triton': 'UNASSIGNED', 'OSS_Ceto': 'DEMAND-C'}","{'CPS_Poseidon': 13.03, 'CPS_Triton': 17.29, 'OSS_Ceto': 8.67}","{'CPS_Poseidon': 'green_ammonia', 'CPS_Triton': 'liquid_hydrogen', 'OSS_Ceto': 'vlsfo'}","CPS_Poseidon: Incompatible fuel green_ammonia for Crown Princess Poseidon (authorized: ['vlsfo', 'fossil_lng', 'bio_methanol']); CPS_Triton: Incompatible fuel liquid_hydrogen for Coastal Princess Triton (authorized: ['vlsfo', 'bio_methanol']); Mandatory demand DEMAND-A is unfulfilled."
257,151000.0,1000.0,150000.0,False,"{'CPS_Poseidon': 'DEMAND-B', 'CPS_Triton': 'UNASSIGNED', 'OSS_Ceto': 'DEMAND-A'}","{'CPS_Poseidon': 13.61, 'CPS_Triton': 6.0, 'OSS_Ceto': 10.05}","{'CPS_Poseidon': 'vlsfo', 'CPS_Triton': 'vlsfo', 'OSS_Ceto': 'green_ammonia'}","OSS_Ceto: Incompatible assignment: Demand DEMAND-A requires luxury passenger cruise vessel, but Ocean Supply Ship Ceto is offshore_supply; Mandatory demand DEMAND-C is unfulfilled."
258,51000.0,1000.0,50000.0,False,"{'CPS_Poseidon': 'DEMAND-B', 'CPS_Triton': 'UNASSIGNED', 'OSS_Ceto': 'DEMAND-C'}","{'CPS_Poseidon': 14.53, 'CPS_Triton': 11.43, 'OSS_Ceto': 10.12}","{'CPS_Poseidon': 'vlsfo', 'CPS_Triton': 'bio_methanol', 'OSS_Ceto': 'vlsfo'}",Mandatory demand DEMAND-A is unfulfilled.
259,501000.0,1000.0,500000.0,False,"{'CPS_Poseidon': 'DEMAND-A', 'CPS_Triton': 'DEMAND-A', 'OSS_Ceto': 'DEMAND-A'}","{'CPS_Poseidon': 13.58, 'CPS_Triton': 14.53, 'OSS_Ceto': 9.66}","{'CPS_Poseidon': 'fossil_lng', 'CPS_Triton': 'vlsfo', 'OSS_Ceto': 'bio_methanol'}","CPS_Triton: Incompatible assignment: Demand DEMAND-A requires luxury passenger cruise vessel, but Coastal Princess Triton is passenger_cruise_small; OSS_Ceto: Incompatible assignment: Demand DEMAND-A requires luxury passenger cruise vessel, but Ocean Supply Ship Ceto is offshore_supply; Duplicate demand DEMAND-A assigned to 3 vessels (must be exactly 1).; Mandatory demand DEMAND-B is unfulfilled.; Mandatory demand DEMAND-C is unfulfilled."
260,251000.0,1000.0,250000.0,False,"{'CPS_Poseidon': 'DEMAND-B', 'CPS_Triton': 'UNASSIGNED', 'OSS_Ceto': 'DEMAND-C'}","{'CPS_Poseidon': 14.96, 'CPS_Triton': 10.28, 'OSS_Ceto': 10.96}","{'CPS_Poseidon': 'vlsfo', 'CPS_Triton': 'fossil_lng', 'OSS_Ceto': 'fossil_lng'}","CPS_Triton: Incompatible fuel fossil_lng for Coastal Princess Triton (authorized: ['vlsfo', 'bio_methanol']); OSS_Ceto: Incompatible fuel fossil_lng for Ocean Supply Ship Ceto (authorized: ['vlsfo', 'mgo', 'bio_methanol', 'green_ammonia']); Mandatory demand DEMAND-A is unfulfilled."
261,101000.0,1000.0,100000.0,False,"{'CPS_Poseidon': 'UNASSIGNED', 'CPS_Triton': 'DEMAND-B', 'OSS_Ceto': 'UNASSIGNED'}","{'CPS_Poseidon': 13.19, 'CPS_Triton': 10.97, 'OSS_Ceto': 15.0}","{'CPS_Poseidon': 'vlsfo', 'CPS_Triton': 'bio_methanol', 'OSS_Ceto': 'vlsfo'}",Mandatory demand DEMAND-A is unfulfilled.; Mandatory demand DEMAND-C is unfulfilled.
262,51000.0,1000.0,50000.0,False,"{'CPS_Poseidon': 'DEMAND-B', 'CPS_Triton': 'UNASSIGNED', 'OSS_Ceto': 'DEMAND-C'}","{'CPS_Poseidon': 20.76, 'CPS_Triton': 18.0, 'OSS_Ceto': 15.0}","{'CPS_Poseidon': 'vlsfo', 'CPS_Triton': 'bio_methanol', 'OSS_Ceto': 'vlsfo'}",Mandatory demand DEMAND-A is unfulfilled.
263,401000.0,1000.0,400000.0,False,"{'CPS_Poseidon': 'DEMAND-B', 'CPS_Triton': 'UNASSIGNED', 'OSS_Ceto': 'DEMAND-B'}","{'CPS_Poseidon': 10.7, 'CPS_Triton': 15.42, 'OSS_Ceto': 10.03}","{'CPS_Poseidon': 'vlsfo', 'CPS_Triton': 'green_ammonia', 'OSS_Ceto': 'vlsfo'}","CPS_Triton: Incompatible fuel green_ammonia for Coastal Princess Triton (authorized: ['vlsfo', 'bio_methanol']); OSS_Ceto: Incompatible assignment: Demand DEMAND-B requires passenger vessel, but Ocean Supply Ship Ceto is offshore_supply; Mandatory demand DEMAND-A is unfulfilled.; Duplicate demand DEMAND-B assigned to 2 vessels (must be exactly 1).; Mandatory demand DEMAND-C is unfulfilled."
264,51000.0,1000.0,50000.0,False,"{'CPS_Poseidon': 'DEMAND-A', 'CPS_Triton': 'UNASSIGNED', 'OSS_Ceto': 'DEMAND-C'}","{'CPS_Poseidon': 22.0, 'CPS_Triton': 7.17, 'OSS_Ceto': 10.09}","{'CPS_Poseidon': 'fossil_lng', 'CPS_Triton': 'vlsfo', 'OSS_Ceto': 'vlsfo'}",Mandatory demand DEMAND-B is unfulfilled.
265,301000.0,1000.0,300000.0,False,"{'CPS_Poseidon': 'UNASSIGNED', 'CPS_Triton': 'UNASSIGNED', 'OSS_Ceto': 'DEMAND-C'}","{'CPS_Poseidon': 12.81, 'CPS_Triton': 6.0, 'OSS_Ceto': 14.8}","{'CPS_Poseidon': 'vlsfo', 'CPS_Triton': 'liquid_hydrogen', 'OSS_Ceto': 'fossil_lng'}","CPS_Triton: Incompatible fuel liquid_hydrogen for Coastal Princess Triton (authorized: ['vlsfo', 'bio_methanol']); OSS_Ceto: Incompatible fuel fossil_lng for Ocean Supply Ship Ceto (authorized: ['vlsfo', 'mgo', 'bio_methanol', 'green_ammonia']); Mandatory demand DEMAND-A is unfulfilled.; Mandatory demand DEMAND-B is unfulfilled."
266,51000.0,1000.0,50000.0,False,"{'CPS_Poseidon': 'DEMAND-B', 'CPS_Triton': 'UNASSIGNED', 'OSS_Ceto': 'DEMAND-C'}","{'CPS_Poseidon': 8.67, 'CPS_Triton': 8.94, 'OSS_Ceto': 10.49}","{'CPS_Poseidon': 'vlsfo', 'CPS_Triton': 'bio_methanol', 'OSS_Ceto': 'vlsfo'}",Mandatory demand DEMAND-A is unfulfilled.
267,351000.0,1000.0,350000.0,False,"{'CPS_Poseidon': 'DEMAND-A', 'CPS_Triton': 'DEMAND-A', 'OSS_Ceto': 'DEMAND-B'}","{'CPS_Poseidon': 13.2, 'CPS_Triton': 13.77, 'OSS_Ceto': 12.68}","{'CPS_Poseidon': 'vlsfo', 'CPS_Triton': 'bio_methanol', 'OSS_Ceto': 'bio_methanol'}","CPS_Triton: Incompatible assignment: Demand DEMAND-A requires luxury passenger cruise vessel, but Coastal Princess Triton is passenger_cruise_small; OSS_Ceto: Incompatible assignment: Demand DEMAND-B requires passenger vessel, but Ocean Supply Ship Ceto is offshore_supply; Duplicate demand DEMAND-A assigned to 2 vessels (must be exactly 1).; Mandatory demand DEMAND-C is unfulfilled."
268,101000.0,1000.0,100000.0,False,"{'CPS_Poseidon': 'DEMAND-B', 'CPS_Triton': 'DEMAND-A', 'OSS_Ceto': 'DEMAND-C'}","{'CPS_Poseidon': 13.17, 'CPS_Triton': 11.17, 'OSS_Ceto': 9.75}","{'CPS_Poseidon': 'vlsfo', 'CPS_Triton': 'vlsfo', 'OSS_Ceto': 'vlsfo'}","CPS_Triton: Incompatible assignment: Demand DEMAND-A requires luxury passenger cruise vessel, but Coastal Princess Triton is passenger_cruise_small"
269,151000.0,1000.0,150000.0,False,"{'CPS_Poseidon': 'DEMAND-B', 'CPS_Triton': 'UNASSIGNED', 'OSS_Ceto': 'DEMAND-C'}","{'CPS_Poseidon': 12.78, 'CPS_Triton': 11.93, 'OSS_Ceto': 9.19}","{'CPS_Poseidon': 'vlsfo', 'CPS_Triton': 'green_ammonia', 'OSS_Ceto': 'green_ammonia'}","CPS_Triton: Incompatible fuel green_ammonia for Coastal Princess Triton (authorized: ['vlsfo', 'bio_methanol']); Mandatory demand DEMAND-A is unfulfilled."
270,151000.0,1000.0,150000.0,False,"{'CPS_Poseidon': 'DEMAND-B', 'CPS_Triton': 'UNASSIGNED', 'OSS_Ceto': 'DEMAND-C'}","{'CPS_Poseidon': 12.5, 'CPS_Triton': 11.05, 'OSS_Ceto': 9.09}","{'CPS_Poseidon': 'fossil_lng', 'CPS_Triton': 'fossil_lng', 'OSS_Ceto': 'vlsfo'}","CPS_Triton: Incompatible fuel fossil_lng for Coastal Princess Triton (authorized: ['vlsfo', 'bio_methanol']); Mandatory demand DEMAND-A is unfulfilled."
271,401000.0,1000.0,400000.0,False,"{'CPS_Poseidon': 'DEMAND-B', 'CPS_Triton': 'UNASSIGNED', 'OSS_Ceto': 'DEMAND-B'}","{'CPS_Poseidon': 15.89, 'CPS_Triton': 12.66, 'OSS_Ceto': 9.75}","{'CPS_Poseidon': 'bio_methanol', 'CPS_Triton': 'fossil_lng', 'OSS_Ceto': 'vlsfo'}","CPS_Triton: Incompatible fuel fossil_lng for Coastal Princess Triton (authorized: ['vlsfo', 'bio_methanol']); OSS_Ceto: Incompatible assignment: Demand DEMAND-B requires passenger vessel, but Ocean Supply Ship Ceto is offshore_supply; Mandatory demand DEMAND-A is unfulfilled.; Duplicate demand DEMAND-B assigned to 2 vessels (must be exactly 1).; Mandatory demand DEMAND-C is unfulfilled."
272,351000.0,1000.0,350000.0,False,"{'CPS_Poseidon': 'DEMAND-A', 'CPS_Triton': 'DEMAND-A', 'OSS_Ceto': 'DEMAND-B'}","{'CPS_Poseidon': 12.92, 'CPS_Triton': 11.19, 'OSS_Ceto': 9.31}","{'CPS_Poseidon': 'vlsfo', 'CPS_Triton': 'vlsfo', 'OSS_Ceto': 'vlsfo'}","CPS_Triton: Incompatible assignment: Demand DEMAND-A requires luxury passenger cruise vessel, but Coastal Princess Triton is passenger_cruise_small; OSS_Ceto: Incompatible assignment: Demand DEMAND-B requires passenger vessel, but Ocean Supply Ship Ceto is offshore_supply; Duplicate demand DEMAND-A assigned to 2 vessels (must be exactly 1).; Mandatory demand DEMAND-C is unfulfilled."
273,301000.0,1000.0,300000.0,False,"{'CPS_Poseidon': 'DEMAND-C', 'CPS_Triton': 'UNASSIGNED', 'OSS_Ceto': 'DEMAND-C'}","{'CPS_Poseidon': 11.57, 'CPS_Triton': 12.56, 'OSS_Ceto': 10.07}","{'CPS_Poseidon': 'fossil_lng', 'CPS_Triton': 'bio_methanol', 'OSS_Ceto': 'vlsfo'}","CPS_Poseidon: Incompatible assignment: Demand DEMAND-C requires offshore deck cargo capability, not supported by Crown Princess Poseidon; Mandatory demand DEMAND-A is unfulfilled.; Mandatory demand DEMAND-B is unfulfilled.; Duplicate demand DEMAND-C assigned to 2 vessels (must be exactly 1)."
274,151000.0,1000.0,150000.0,False,"{'CPS_Poseidon': 'DEMAND-B', 'CPS_Triton': 'UNASSIGNED', 'OSS_Ceto': 'DEMAND-C'}","{'CPS_Poseidon': 11.57, 'CPS_Triton': 9.79, 'OSS_Ceto': 12.3}","{'CPS_Poseidon': 'vlsfo', 'CPS_Triton': 'fossil_lng', 'OSS_Ceto': 'bio_methanol'}","CPS_Triton: Incompatible fuel fossil_lng for Coastal Princess Triton (authorized: ['vlsfo', 'bio_methanol']); Mandatory demand DEMAND-A is unfulfilled."
275,51000.0,1000.0,50000.0,False,"{'CPS_Poseidon': 'DEMAND-B', 'CPS_Triton': 'UNASSIGNED', 'OSS_Ceto': 'DEMAND-C'}","{'CPS_Poseidon': 15.7, 'CPS_Triton': 9.11, 'OSS_Ceto': 9.25}","{'CPS_Poseidon': 'vlsfo', 'CPS_Triton': 'vlsfo', 'OSS_Ceto': 'vlsfo'}",Mandatory demand DEMAND-A is unfulfilled.
276,251000.0,1000.0,250000.0,False,"{'CPS_Poseidon': 'DEMAND-B', 'CPS_Triton': 'UNASSIGNED', 'OSS_Ceto': 'DEMAND-A'}","{'CPS_Poseidon': 13.11, 'CPS_Triton': 8.35, 'OSS_Ceto': 11.4}","{'CPS_Poseidon': 'vlsfo', 'CPS_Triton': 'fossil_lng', 'OSS_Ceto': 'green_ammonia'}","CPS_Triton: Incompatible fuel fossil_lng for Coastal Princess Triton (authorized: ['vlsfo', 'bio_methanol']); OSS_Ceto: Incompatible assignment: Demand DEMAND-A requires luxury passenger cruise vessel, but Ocean Supply Ship Ceto is offshore_supply; Mandatory demand DEMAND-C is unfulfilled."
277,51000.0,1000.0,50000.0,False,"{'CPS_Poseidon': 'DEMAND-B', 'CPS_Triton': 'UNASSIGNED', 'OSS_Ceto': 'DEMAND-C'}","{'CPS_Poseidon': 12.45, 'CPS_Triton': 10.52, 'OSS_Ceto': 10.43}","{'CPS_Poseidon': 'fossil_lng', 'CPS_Triton': 'bio_methanol', 'OSS_Ceto': 'vlsfo'}",Mandatory demand DEMAND-A is unfulfilled.
278,151000.0,1000.0,150000.0,False,"{'CPS_Poseidon': 'DEMAND-B', 'CPS_Triton': 'UNASSIGNED', 'OSS_Ceto': 'DEMAND-C'}","{'CPS_Poseidon': 15.23, 'CPS_Triton': 7.22, 'OSS_Ceto': 10.35}","{'CPS_Poseidon': 'vlsfo', 'CPS_Triton': 'fossil_lng', 'OSS_Ceto': 'vlsfo'}","CPS_Triton: Incompatible fuel fossil_lng for Coastal Princess Triton (authorized: ['vlsfo', 'bio_methanol']); Mandatory demand DEMAND-A is unfulfilled."
279,301000.0,1000.0,300000.0,False,"{'CPS_Poseidon': 'DEMAND-A', 'CPS_Triton': 'UNASSIGNED', 'OSS_Ceto': 'DEMAND-A'}","{'CPS_Poseidon': 16.7, 'CPS_Triton': 11.08, 'OSS_Ceto': 15.0}","{'CPS_Poseidon': 'vlsfo', 'CPS_Triton': 'bio_methanol', 'OSS_Ceto': 'vlsfo'}","OSS_Ceto: Incompatible assignment: Demand DEMAND-A requires luxury passenger cruise vessel, but Ocean Supply Ship Ceto is offshore_supply; Duplicate demand DEMAND-A assigned to 2 vessels (must be exactly 1).; Mandatory demand DEMAND-B is unfulfilled.; Mandatory demand DEMAND-C is unfulfilled."
280,151000.0,1000.0,150000.0,False,"{'CPS_Poseidon': 'DEMAND-B', 'CPS_Triton': 'UNASSIGNED', 'OSS_Ceto': 'DEMAND-C'}","{'CPS_Poseidon': 13.78, 'CPS_Triton': 10.35, 'OSS_Ceto': 4.0}","{'CPS_Poseidon': 'liquid_hydrogen', 'CPS_Triton': 'bio_methanol', 'OSS_Ceto': 'bio_methanol'}","CPS_Poseidon: Incompatible fuel liquid_hydrogen for Crown Princess Poseidon (authorized: ['vlsfo', 'fossil_lng', 'bio_methanol']); Mandatory demand DEMAND-A is unfulfilled."
281,151000.0,1000.0,150000.0,False,"{'CPS_Poseidon': 'DEMAND-B', 'CPS_Triton': 'UNASSIGNED', 'OSS_Ceto': 'DEMAND-C'}","{'CPS_Poseidon': 10.25, 'CPS_Triton': 7.91, 'OSS_Ceto': 10.2}","{'CPS_Poseidon': 'vlsfo', 'CPS_Triton': 'fossil_lng', 'OSS_Ceto': 'vlsfo'}","CPS_Triton: Incompatible fuel fossil_lng for Coastal Princess Triton (authorized: ['vlsfo', 'bio_methanol']); Mandatory demand DEMAND-A is unfulfilled."
282,101000.0,1000.0,100000.0,False,"{'CPS_Poseidon': 'DEMAND-B', 'CPS_Triton': 'DEMAND-A', 'OSS_Ceto': 'DEMAND-C'}","{'CPS_Poseidon': 12.25, 'CPS_Triton': 14.97, 'OSS_Ceto': 12.97}","{'CPS_Poseidon': 'vlsfo', 'CPS_Triton': 'bio_methanol', 'OSS_Ceto': 'vlsfo'}","CPS_Triton: Incompatible assignment: Demand DEMAND-A requires luxury passenger cruise vessel, but Coastal Princess Triton is passenger_cruise_small"
283,301000.0,1000.0,300000.0,False,"{'CPS_Poseidon': 'DEMAND-C', 'CPS_Triton': 'UNASSIGNED', 'OSS_Ceto': 'DEMAND-C'}","{'CPS_Poseidon': 12.98, 'CPS_Triton': 12.86, 'OSS_Ceto': 4.38}","{'CPS_Poseidon': 'vlsfo', 'CPS_Triton': 'vlsfo', 'OSS_Ceto': 'vlsfo'}","CPS_Poseidon: Incompatible assignment: Demand DEMAND-C requires offshore deck cargo capability, not supported by Crown Princess Poseidon; Mandatory demand DEMAND-A is unfulfilled.; Mandatory demand DEMAND-B is unfulfilled.; Duplicate demand DEMAND-C assigned to 2 vessels (must be exactly 1)."
284,201000.0,1000.0,200000.0,False,"{'CPS_Poseidon': 'UNASSIGNED', 'CPS_Triton': 'UNASSIGNED', 'OSS_Ceto': 'DEMAND-C'}","{'CPS_Poseidon': 12.96, 'CPS_Triton': 7.68, 'OSS_Ceto': 12.74}","{'CPS_Poseidon': 'fossil_lng', 'CPS_Triton': 'vlsfo', 'OSS_Ceto': 'fossil_lng'}","OSS_Ceto: Incompatible fuel fossil_lng for Ocean Supply Ship Ceto (authorized: ['vlsfo', 'mgo', 'bio_methanol', 'green_ammonia']); Mandatory demand DEMAND-A is unfulfilled.; Mandatory demand DEMAND-B is unfulfilled."
285,201000.0,1000.0,200000.0,False,"{'CPS_Poseidon': 'UNASSIGNED', 'CPS_Triton': 'UNASSIGNED', 'OSS_Ceto': 'DEMAND-C'}","{'CPS_Poseidon': 14.04, 'CPS_Triton': 7.37, 'OSS_Ceto': 9.44}","{'CPS_Poseidon': 'vlsfo', 'CPS_Triton': 'fossil_lng', 'OSS_Ceto': 'vlsfo'}","CPS_Triton: Incompatible fuel fossil_lng for Coastal Princess Triton (authorized: ['vlsfo', 'bio_methanol']); Mandatory demand DEMAND-A is unfulfilled.; Mandatory demand DEMAND-B is unfulfilled."
286,151000.0,1000.0,150000.0,False,"{'CPS_Poseidon': 'DEMAND-B', 'CPS_Triton': 'UNASSIGNED', 'OSS_Ceto': 'DEMAND-C'}","{'CPS_Poseidon': 12.96, 'CPS_Triton': 11.7, 'OSS_Ceto': 9.84}","{'CPS_Poseidon': 'vlsfo', 'CPS_Triton': 'fossil_lng', 'OSS_Ceto': 'green_ammonia'}","CPS_Triton: Incompatible fuel fossil_lng for Coastal Princess Triton (authorized: ['vlsfo', 'bio_methanol']); Mandatory demand DEMAND-A is unfulfilled."
287,251000.0,1000.0,250000.0,False,"{'CPS_Poseidon': 'UNASSIGNED', 'CPS_Triton': 'DEMAND-A', 'OSS_Ceto': 'DEMAND-B'}","{'CPS_Poseidon': 8.0, 'CPS_Triton': 18.0, 'OSS_Ceto': 10.32}","{'CPS_Poseidon': 'bio_methanol', 'CPS_Triton': 'green_ammonia', 'OSS_Ceto': 'green_ammonia'}","CPS_Triton: Incompatible fuel green_ammonia for Coastal Princess Triton (authorized: ['vlsfo', 'bio_methanol']); OSS_Ceto: Incompatible assignment: Demand DEMAND-B requires passenger vessel, but Ocean Supply Ship Ceto is offshore_supply; Mandatory demand DEMAND-C is unfulfilled."
288,401000.0,1000.0,400000.0,False,"{'CPS_Poseidon': 'DEMAND-B', 'CPS_Triton': 'DEMAND-B', 'OSS_Ceto': 'DEMAND-B'}","{'CPS_Poseidon': 10.07, 'CPS_Triton': 9.14, 'OSS_Ceto': 11.93}","{'CPS_Poseidon': 'vlsfo', 'CPS_Triton': 'vlsfo', 'OSS_Ceto': 'green_ammonia'}","OSS_Ceto: Incompatible assignment: Demand DEMAND-B requires passenger vessel, but Ocean Supply Ship Ceto is offshore_supply; Mandatory demand DEMAND-A is unfulfilled.; Duplicate demand DEMAND-B assigned to 3 vessels (must be exactly 1).; Mandatory demand DEMAND-C is unfulfilled."
289,151000.0,1000.0,150000.0,False,"{'CPS_Poseidon': 'DEMAND-B', 'CPS_Triton': 'UNASSIGNED', 'OSS_Ceto': 'DEMAND-C'}","{'CPS_Poseidon': 18.73, 'CPS_Triton': 9.0, 'OSS_Ceto': 9.63}","{'CPS_Poseidon': 'fossil_lng', 'CPS_Triton': 'green_ammonia', 'OSS_Ceto': 'bio_methanol'}","CPS_Triton: Incompatible fuel green_ammonia for Coastal Princess Triton (authorized: ['vlsfo', 'bio_methanol']); Mandatory demand DEMAND-A is unfulfilled."
290,101000.0,1000.0,100000.0,False,"{'CPS_Poseidon': 'UNASSIGNED', 'CPS_Triton': 'DEMAND-B', 'OSS_Ceto': 'UNASSIGNED'}","{'CPS_Poseidon': 15.31, 'CPS_Triton': 15.07, 'OSS_Ceto': 11.95}","{'CPS_Poseidon': 'fossil_lng', 'CPS_Triton': 'vlsfo', 'OSS_Ceto': 'vlsfo'}",Mandatory demand DEMAND-A is unfulfilled.; Mandatory demand DEMAND-C is unfulfilled.
291,351000.0,1000.0,350000.0,False,"{'CPS_Poseidon': 'DEMAND-C', 'CPS_Triton': 'UNASSIGNED', 'OSS_Ceto': 'DEMAND-B'}","{'CPS_Poseidon': 13.29, 'CPS_Triton': 10.16, 'OSS_Ceto': 10.28}","{'CPS_Poseidon': 'fossil_lng', 'CPS_Triton': 'green_ammonia', 'OSS_Ceto': 'fossil_lng'}","CPS_Poseidon: Incompatible assignment: Demand DEMAND-C requires offshore deck cargo capability, not supported by Crown Princess Poseidon; CPS_Triton: Incompatible fuel green_ammonia for Coastal Princess Triton (authorized: ['vlsfo', 'bio_methanol']); OSS_Ceto: Incompatible fuel fossil_lng for Ocean Supply Ship Ceto (authorized: ['vlsfo', 'mgo', 'bio_methanol', 'green_ammonia']); Mandatory demand DEMAND-A is unfulfilled."
292,501000.0,1000.0,500000.0,False,"{'CPS_Poseidon': 'DEMAND-C', 'CPS_Triton': 'UNASSIGNED', 'OSS_Ceto': 'DEMAND-C'}","{'CPS_Poseidon': 20.04, 'CPS_Triton': 10.39, 'OSS_Ceto': 6.39}","{'CPS_Poseidon': 'vlsfo', 'CPS_Triton': 'fossil_lng', 'OSS_Ceto': 'fossil_lng'}","CPS_Poseidon: Incompatible assignment: Demand DEMAND-C requires offshore deck cargo capability, not supported by Crown Princess Poseidon; CPS_Triton: Incompatible fuel fossil_lng for Coastal Princess Triton (authorized: ['vlsfo', 'bio_methanol']); OSS_Ceto: Incompatible fuel fossil_lng for Ocean Supply Ship Ceto (authorized: ['vlsfo', 'mgo', 'bio_methanol', 'green_ammonia']); Mandatory demand DEMAND-A is unfulfilled.; Mandatory demand DEMAND-B is unfulfilled.; Duplicate demand DEMAND-C assigned to 2 vessels (must be exactly 1)."
293,151000.0,1000.0,150000.0,False,"{'CPS_Poseidon': 'DEMAND-A', 'CPS_Triton': 'UNASSIGNED', 'OSS_Ceto': 'DEMAND-C'}","{'CPS_Poseidon': 13.21, 'CPS_Triton': 13.75, 'OSS_Ceto': 12.69}","{'CPS_Poseidon': 'fossil_lng', 'CPS_Triton': 'liquid_hydrogen', 'OSS_Ceto': 'vlsfo'}","CPS_Triton: Incompatible fuel liquid_hydrogen for Coastal Princess Triton (authorized: ['vlsfo', 'bio_methanol']); Mandatory demand DEMAND-B is unfulfilled."
294,51000.0,1000.0,50000.0,False,"{'CPS_Poseidon': 'DEMAND-B', 'CPS_Triton': 'UNASSIGNED', 'OSS_Ceto': 'DEMAND-C'}","{'CPS_Poseidon': 13.41, 'CPS_Triton': 10.13, 'OSS_Ceto': 9.63}","{'CPS_Poseidon': 'bio_methanol', 'CPS_Triton': 'bio_methanol', 'OSS_Ceto': 'vlsfo'}",Mandatory demand DEMAND-A is unfulfilled.
295,251000.0,1000.0,250000.0,False,"{'CPS_Poseidon': 'DEMAND-B', 'CPS_Triton': 'UNASSIGNED', 'OSS_Ceto': 'DEMAND-C'}","{'CPS_Poseidon': 12.7, 'CPS_Triton': 10.1, 'OSS_Ceto': 9.95}","{'CPS_Poseidon': 'fossil_lng', 'CPS_Triton': 'fossil_lng', 'OSS_Ceto': 'liquid_hydrogen'}","CPS_Triton: Incompatible fuel fossil_lng for Coastal Princess Triton (authorized: ['vlsfo', 'bio_methanol']); OSS_Ceto: Incompatible fuel liquid_hydrogen for Ocean Supply Ship Ceto (authorized: ['vlsfo', 'mgo', 'bio_methanol', 'green_ammonia']); Mandatory demand DEMAND-A is unfulfilled."
296,401000.0,1000.0,400000.0,False,"{'CPS_Poseidon': 'DEMAND-C', 'CPS_Triton': 'UNASSIGNED', 'OSS_Ceto': 'DEMAND-C'}","{'CPS_Poseidon': 12.18, 'CPS_Triton': 10.0, 'OSS_Ceto': 10.32}","{'CPS_Poseidon': 'vlsfo', 'CPS_Triton': 'fossil_lng', 'OSS_Ceto': 'vlsfo'}","CPS_Poseidon: Incompatible assignment: Demand DEMAND-C requires offshore deck cargo capability, not supported by Crown Princess Poseidon; CPS_Triton: Incompatible fuel fossil_lng for Coastal Princess Triton (authorized: ['vlsfo', 'bio_methanol']); Mandatory demand DEMAND-A is unfulfilled.; Mandatory demand DEMAND-B is unfulfilled.; Duplicate demand DEMAND-C assigned to 2 vessels (must be exactly 1)."
297,151000.0,1000.0,150000.0,False,"{'CPS_Poseidon': 'DEMAND-B', 'CPS_Triton': 'UNASSIGNED', 'OSS_Ceto': 'DEMAND-C'}","{'CPS_Poseidon': 8.0, 'CPS_Triton': 13.19, 'OSS_Ceto': 8.54}","{'CPS_Poseidon': 'vlsfo', 'CPS_Triton': 'vlsfo', 'OSS_Ceto': 'fossil_lng'}","OSS_Ceto: Incompatible fuel fossil_lng for Ocean Supply Ship Ceto (authorized: ['vlsfo', 'mgo', 'bio_methanol', 'green_ammonia']); Mandatory demand DEMAND-A is unfulfilled."
298,151000.0,1000.0,150000.0,False,"{'CPS_Poseidon': 'DEMAND-A', 'CPS_Triton': 'UNASSIGNED', 'OSS_Ceto': 'DEMAND-C'}","{'CPS_Poseidon': 10.24, 'CPS_Triton': 6.22, 'OSS_Ceto': 11.63}","{'CPS_Poseidon': 'vlsfo', 'CPS_Triton': 'liquid_hydrogen', 'OSS_Ceto': 'vlsfo'}","CPS_Triton: Incompatible fuel liquid_hydrogen for Coastal Princess Triton (authorized: ['vlsfo', 'bio_methanol']); Mandatory demand DEMAND-B is unfulfilled."
299,351000.0,1000.0,350000.0,False,"{'CPS_Poseidon': 'DEMAND-A', 'CPS_Triton': 'DEMAND-A', 'OSS_Ceto': 'DEMAND-C'}","{'CPS_Poseidon': 15.79, 'CPS_Triton': 10.42, 'OSS_Ceto': 4.57}","{'CPS_Poseidon': 'fossil_lng', 'CPS_Triton': 'fossil_lng', 'OSS_Ceto': 'fossil_lng'}","CPS_Triton: Incompatible fuel fossil_lng for Coastal Princess Triton (authorized: ['vlsfo', 'bio_methanol']); OSS_Ceto: Incompatible fuel fossil_lng for Ocean Supply Ship Ceto (authorized: ['vlsfo', 'mgo', 'bio_methanol', 'green_ammonia']); Duplicate demand DEMAND-A assigned to 2 vessels (must be exactly 1).; Mandatory demand DEMAND-B is unfulfilled."
300,151000.0,1000.0,150000.0,False,"{'CPS_Poseidon': 'DEMAND-B', 'CPS_Triton': 'UNASSIGNED', 'OSS_Ceto': 'DEMAND-C'}","{'CPS_Poseidon': 20.01, 'CPS_Triton': 16.37, 'OSS_Ceto': 4.0}","{'CPS_Poseidon': 'bio_methanol', 'CPS_Triton': 'green_ammonia', 'OSS_Ceto': 'vlsfo'}","CPS_Triton: Incompatible fuel green_ammonia for Coastal Princess Triton (authorized: ['vlsfo', 'bio_methanol']); Mandatory demand DEMAND-A is unfulfilled."
301,351000.0,1000.0,350000.0,False,"{'CPS_Poseidon': 'DEMAND-B', 'CPS_Triton': 'DEMAND-A', 'OSS_Ceto': 'DEMAND-B'}","{'CPS_Poseidon': 20.28, 'CPS_Triton': 8.03, 'OSS_Ceto': 10.13}","{'CPS_Poseidon': 'vlsfo', 'CPS_Triton': 'bio_methanol', 'OSS_Ceto': 'green_ammonia'}","CPS_Triton: Incompatible assignment: Demand DEMAND-A requires luxury passenger cruise vessel, but Coastal Princess Triton is passenger_cruise_small; OSS_Ceto: Incompatible assignment: Demand DEMAND-B requires passenger vessel, but Ocean Supply Ship Ceto is offshore_supply; Duplicate demand DEMAND-B assigned to 2 vessels (must be exactly 1).; Mandatory demand DEMAND-C is unfulfilled."
302,201000.0,1000.0,200000.0,False,"{'CPS_Poseidon': 'DEMAND-B', 'CPS_Triton': 'UNASSIGNED', 'OSS_Ceto': 'UNASSIGNED'}","{'CPS_Poseidon': 15.57, 'CPS_Triton': 10.1, 'OSS_Ceto': 10.08}","{'CPS_Poseidon': 'vlsfo', 'CPS_Triton': 'fossil_lng', 'OSS_Ceto': 'vlsfo'}","CPS_Triton: Incompatible fuel fossil_lng for Coastal Princess Triton (authorized: ['vlsfo', 'bio_methanol']); Mandatory demand DEMAND-A is unfulfilled.; Mandatory demand DEMAND-C is unfulfilled."
303,201000.0,1000.0,200000.0,False,"{'CPS_Poseidon': 'DEMAND-C', 'CPS_Triton': 'UNASSIGNED', 'OSS_Ceto': 'UNASSIGNED'}","{'CPS_Poseidon': 12.46, 'CPS_Triton': 10.57, 'OSS_Ceto': 10.8}","{'CPS_Poseidon': 'fossil_lng', 'CPS_Triton': 'bio_methanol', 'OSS_Ceto': 'green_ammonia'}","CPS_Poseidon: Incompatible assignment: Demand DEMAND-C requires offshore deck cargo capability, not supported by Crown Princess Poseidon; Mandatory demand DEMAND-A is unfulfilled.; Mandatory demand DEMAND-B is unfulfilled."
304,151000.0,1000.0,150000.0,False,"{'CPS_Poseidon': 'DEMAND-B', 'CPS_Triton': 'UNASSIGNED', 'OSS_Ceto': 'DEMAND-C'}","{'CPS_Poseidon': 20.3, 'CPS_Triton': 11.16, 'OSS_Ceto': 10.32}","{'CPS_Poseidon': 'liquid_hydrogen', 'CPS_Triton': 'bio_methanol', 'OSS_Ceto': 'vlsfo'}","CPS_Poseidon: Incompatible fuel liquid_hydrogen for Crown Princess Poseidon (authorized: ['vlsfo', 'fossil_lng', 'bio_methanol']); Mandatory demand DEMAND-A is unfulfilled."
305,301000.0,1000.0,300000.0,False,"{'CPS_Poseidon': 'DEMAND-C', 'CPS_Triton': 'UNASSIGNED', 'OSS_Ceto': 'DEMAND-C'}","{'CPS_Poseidon': 13.11, 'CPS_Triton': 15.0, 'OSS_Ceto': 9.79}","{'CPS_Poseidon': 'bio_methanol', 'CPS_Triton': 'vlsfo', 'OSS_Ceto': 'vlsfo'}","CPS_Poseidon: Incompatible assignment: Demand DEMAND-C requires offshore deck cargo capability, not supported by Crown Princess Poseidon; Mandatory demand DEMAND-A is unfulfilled.; Mandatory demand DEMAND-B is unfulfilled.; Duplicate demand DEMAND-C assigned to 2 vessels (must be exactly 1)."
306,301000.0,1000.0,300000.0,False,"{'CPS_Poseidon': 'DEMAND-B', 'CPS_Triton': 'DEMAND-A', 'OSS_Ceto': 'DEMAND-C'}","{'CPS_Poseidon': 13.0, 'CPS_Triton': 13.12, 'OSS_Ceto': 11.88}","{'CPS_Poseidon': 'liquid_hydrogen', 'CPS_Triton': 'green_ammonia', 'OSS_Ceto': 'fossil_lng'}","CPS_Poseidon: Incompatible fuel liquid_hydrogen for Crown Princess Poseidon (authorized: ['vlsfo', 'fossil_lng', 'bio_methanol']); CPS_Triton: Incompatible fuel green_ammonia for Coastal Princess Triton (authorized: ['vlsfo', 'bio_methanol']); OSS_Ceto: Incompatible fuel fossil_lng for Ocean Supply Ship Ceto (authorized: ['vlsfo', 'mgo', 'bio_methanol', 'green_ammonia'])"
307,101000.0,1000.0,100000.0,False,"{'CPS_Poseidon': 'DEMAND-B', 'CPS_Triton': 'DEMAND-A', 'OSS_Ceto': 'DEMAND-C'}","{'CPS_Poseidon': 11.64, 'CPS_Triton': 10.25, 'OSS_Ceto': 10.12}","{'CPS_Poseidon': 'bio_methanol', 'CPS_Triton': 'vlsfo', 'OSS_Ceto': 'vlsfo'}","CPS_Triton: Incompatible assignment: Demand DEMAND-A requires luxury passenger cruise vessel, but Coastal Princess Triton is passenger_cruise_small"
308,51000.0,1000.0,50000.0,False,"{'CPS_Poseidon': 'DEMAND-B', 'CPS_Triton': 'UNASSIGNED', 'OSS_Ceto': 'DEMAND-C'}","{'CPS_Poseidon': 14.19, 'CPS_Triton': 12.36, 'OSS_Ceto': 10.29}","{'CPS_Poseidon': 'fossil_lng', 'CPS_Triton': 'bio_methanol', 'OSS_Ceto': 'vlsfo'}",Mandatory demand DEMAND-A is unfulfilled.
309,109292.1243,4.8137,109287.31,True,"{'CPS_Poseidon': 'DEMAND-A', 'CPS_Triton': 'DEMAND-B', 'OSS_Ceto': 'DEMAND-C'}","{'CPS_Poseidon': 11.61, 'CPS_Triton': 8.81, 'OSS_Ceto': 10.14}","{'CPS_Poseidon': 'fossil_lng', 'CPS_Triton': 'bio_methanol', 'OSS_Ceto': 'vlsfo'}",NONE
310,151000.0,1000.0,150000.0,False,"{'CPS_Poseidon': 'DEMAND-B', 'CPS_Triton': 'UNASSIGNED', 'OSS_Ceto': 'DEMAND-C'}","{'CPS_Poseidon': 8.0, 'CPS_Triton': 10.2, 'OSS_Ceto': 12.71}","{'CPS_Poseidon': 'vlsfo', 'CPS_Triton': 'vlsfo', 'OSS_Ceto': 'fossil_lng'}","OSS_Ceto: Incompatible fuel fossil_lng for Ocean Supply Ship Ceto (authorized: ['vlsfo', 'mgo', 'bio_methanol', 'green_ammonia']); Mandatory demand DEMAND-A is unfulfilled."
311,201000.0,1000.0,200000.0,False,"{'CPS_Poseidon': 'UNASSIGNED', 'CPS_Triton': 'UNASSIGNED', 'OSS_Ceto': 'DEMAND-B'}","{'CPS_Poseidon': 12.89, 'CPS_Triton': 8.2, 'OSS_Ceto': 13.23}","{'CPS_Poseidon': 'fossil_lng', 'CPS_Triton': 'bio_methanol', 'OSS_Ceto': 'bio_methanol'}","OSS_Ceto: Incompatible assignment: Demand DEMAND-B requires passenger vessel, but Ocean Supply Ship Ceto is offshore_supply; Mandatory demand DEMAND-A is unfulfilled.; Mandatory demand DEMAND-C is unfulfilled."
312,151000.0,1000.0,150000.0,False,"{'CPS_Poseidon': 'DEMAND-B', 'CPS_Triton': 'UNASSIGNED', 'OSS_Ceto': 'DEMAND-C'}","{'CPS_Poseidon': 13.29, 'CPS_Triton': 18.0, 'OSS_Ceto': 15.0}","{'CPS_Poseidon': 'vlsfo', 'CPS_Triton': 'bio_methanol', 'OSS_Ceto': 'fossil_lng'}","OSS_Ceto: Incompatible fuel fossil_lng for Ocean Supply Ship Ceto (authorized: ['vlsfo', 'mgo', 'bio_methanol', 'green_ammonia']); Mandatory demand DEMAND-A is unfulfilled."
313,251000.0,1000.0,250000.0,False,"{'CPS_Poseidon': 'DEMAND-A', 'CPS_Triton': 'UNASSIGNED', 'OSS_Ceto': 'DEMAND-B'}","{'CPS_Poseidon': 16.0, 'CPS_Triton': 7.77, 'OSS_Ceto': 9.05}","{'CPS_Poseidon': 'fossil_lng', 'CPS_Triton': 'fossil_lng', 'OSS_Ceto': 'vlsfo'}","CPS_Triton: Incompatible fuel fossil_lng for Coastal Princess Triton (authorized: ['vlsfo', 'bio_methanol']); OSS_Ceto: Incompatible assignment: Demand DEMAND-B requires passenger vessel, but Ocean Supply Ship Ceto is offshore_supply; Mandatory demand DEMAND-C is unfulfilled."
314,151000.0,1000.0,150000.0,False,"{'CPS_Poseidon': 'DEMAND-B', 'CPS_Triton': 'UNASSIGNED', 'OSS_Ceto': 'DEMAND-C'}","{'CPS_Poseidon': 8.0, 'CPS_Triton': 18.0, 'OSS_Ceto': 9.05}","{'CPS_Poseidon': 'vlsfo', 'CPS_Triton': 'fossil_lng', 'OSS_Ceto': 'bio_methanol'}","CPS_Triton: Incompatible fuel fossil_lng for Coastal Princess Triton (authorized: ['vlsfo', 'bio_methanol']); Mandatory demand DEMAND-A is unfulfilled."
315,201000.0,1000.0,200000.0,False,"{'CPS_Poseidon': 'UNASSIGNED', 'CPS_Triton': 'UNASSIGNED', 'OSS_Ceto': 'DEMAND-B'}","{'CPS_Poseidon': 11.64, 'CPS_Triton': 18.0, 'OSS_Ceto': 4.0}","{'CPS_Poseidon': 'vlsfo', 'CPS_Triton': 'bio_methanol', 'OSS_Ceto': 'fossil_lng'}","OSS_Ceto: Incompatible fuel fossil_lng for Ocean Supply Ship Ceto (authorized: ['vlsfo', 'mgo', 'bio_methanol', 'green_ammonia']); Mandatory demand DEMAND-A is unfulfilled.; Mandatory demand DEMAND-C is unfulfilled."
316,101000.0,1000.0,100000.0,False,"{'CPS_Poseidon': 'DEMAND-B', 'CPS_Triton': 'DEMAND-A', 'OSS_Ceto': 'DEMAND-C'}","{'CPS_Poseidon': 8.0, 'CPS_Triton': 6.0, 'OSS_Ceto': 10.08}","{'CPS_Poseidon': 'fossil_lng', 'CPS_Triton': 'fossil_lng', 'OSS_Ceto': 'green_ammonia'}","CPS_Triton: Incompatible fuel fossil_lng for Coastal Princess Triton (authorized: ['vlsfo', 'bio_methanol'])"
317,501000.0,1000.0,500000.0,False,"{'CPS_Poseidon': 'DEMAND-A', 'CPS_Triton': 'DEMAND-A', 'OSS_Ceto': 'DEMAND-A'}","{'CPS_Poseidon': 13.22, 'CPS_Triton': 11.35, 'OSS_Ceto': 5.47}","{'CPS_Poseidon': 'fossil_lng', 'CPS_Triton': 'fossil_lng', 'OSS_Ceto': 'fossil_lng'}","CPS_Triton: Incompatible fuel fossil_lng for Coastal Princess Triton (authorized: ['vlsfo', 'bio_methanol']); OSS_Ceto: Incompatible fuel fossil_lng for Ocean Supply Ship Ceto (authorized: ['vlsfo', 'mgo', 'bio_methanol', 'green_ammonia']); Duplicate demand DEMAND-A assigned to 3 vessels (must be exactly 1).; Mandatory demand DEMAND-B is unfulfilled.; Mandatory demand DEMAND-C is unfulfilled."
318,301000.0,1000.0,300000.0,False,"{'CPS_Poseidon': 'DEMAND-A', 'CPS_Triton': 'UNASSIGNED', 'OSS_Ceto': 'UNASSIGNED'}","{'CPS_Poseidon': 13.56, 'CPS_Triton': 11.37, 'OSS_Ceto': 10.31}","{'CPS_Poseidon': 'green_ammonia', 'CPS_Triton': 'vlsfo', 'OSS_Ceto': 'fossil_lng'}","CPS_Poseidon: Incompatible fuel green_ammonia for Crown Princess Poseidon (authorized: ['vlsfo', 'fossil_lng', 'bio_methanol']); OSS_Ceto: Incompatible fuel fossil_lng for Ocean Supply Ship Ceto (authorized: ['vlsfo', 'mgo', 'bio_methanol', 'green_ammonia']); Mandatory demand DEMAND-B is unfulfilled.; Mandatory demand DEMAND-C is unfulfilled."
319,251000.0,1000.0,250000.0,False,"{'CPS_Poseidon': 'DEMAND-B', 'CPS_Triton': 'UNASSIGNED', 'OSS_Ceto': 'DEMAND-A'}","{'CPS_Poseidon': 14.08, 'CPS_Triton': 10.12, 'OSS_Ceto': 10.1}","{'CPS_Poseidon': 'fossil_lng', 'CPS_Triton': 'liquid_hydrogen', 'OSS_Ceto': 'fossil_lng'}","CPS_Triton: Incompatible fuel liquid_hydrogen for Coastal Princess Triton (authorized: ['vlsfo', 'bio_methanol']); OSS_Ceto: Incompatible fuel fossil_lng for Ocean Supply Ship Ceto (authorized: ['vlsfo', 'mgo', 'bio_methanol', 'green_ammonia']); Mandatory demand DEMAND-C is unfulfilled."
320,251000.0,1000.0,250000.0,False,"{'CPS_Poseidon': 'DEMAND-B', 'CPS_Triton': 'UNASSIGNED', 'OSS_Ceto': 'DEMAND-C'}","{'CPS_Poseidon': 13.08, 'CPS_Triton': 10.04, 'OSS_Ceto': 9.5}","{'CPS_Poseidon': 'bio_methanol', 'CPS_Triton': 'fossil_lng', 'OSS_Ceto': 'fossil_lng'}","CPS_Triton: Incompatible fuel fossil_lng for Coastal Princess Triton (authorized: ['vlsfo', 'bio_methanol']); OSS_Ceto: Incompatible fuel fossil_lng for Ocean Supply Ship Ceto (authorized: ['vlsfo', 'mgo', 'bio_methanol', 'green_ammonia']); Mandatory demand DEMAND-A is unfulfilled."
321,401000.0,1000.0,400000.0,False,"{'CPS_Poseidon': 'DEMAND-B', 'CPS_Triton': 'UNASSIGNED', 'OSS_Ceto': 'DEMAND-B'}","{'CPS_Poseidon': 13.32, 'CPS_Triton': 16.5, 'OSS_Ceto': 10.32}","{'CPS_Poseidon': 'bio_methanol', 'CPS_Triton': 'fossil_lng', 'OSS_Ceto': 'green_ammonia'}","CPS_Triton: Incompatible fuel fossil_lng for Coastal Princess Triton (authorized: ['vlsfo', 'bio_methanol']); OSS_Ceto: Incompatible assignment: Demand DEMAND-B requires passenger vessel, but Ocean Supply Ship Ceto is offshore_supply; Mandatory demand DEMAND-A is unfulfilled.; Duplicate demand DEMAND-B assigned to 2 vessels (must be exactly 1).; Mandatory demand DEMAND-C is unfulfilled."
322,151000.0,1000.0,150000.0,False,"{'CPS_Poseidon': 'DEMAND-A', 'CPS_Triton': 'UNASSIGNED', 'OSS_Ceto': 'DEMAND-C'}","{'CPS_Poseidon': 12.86, 'CPS_Triton': 11.72, 'OSS_Ceto': 9.48}","{'CPS_Poseidon': 'vlsfo', 'CPS_Triton': 'green_ammonia', 'OSS_Ceto': 'vlsfo'}","CPS_Triton: Incompatible fuel green_ammonia for Coastal Princess Triton (authorized: ['vlsfo', 'bio_methanol']); Mandatory demand DEMAND-B is unfulfilled."
323,151000.0,1000.0,150000.0,False,"{'CPS_Poseidon': 'DEMAND-A', 'CPS_Triton': 'UNASSIGNED', 'OSS_Ceto': 'DEMAND-C'}","{'CPS_Poseidon': 9.95, 'CPS_Triton': 11.39, 'OSS_Ceto': 11.88}","{'CPS_Poseidon': 'fossil_lng', 'CPS_Triton': 'vlsfo', 'OSS_Ceto': 'fossil_lng'}","OSS_Ceto: Incompatible fuel fossil_lng for Ocean Supply Ship Ceto (authorized: ['vlsfo', 'mgo', 'bio_methanol', 'green_ammonia']); Mandatory demand DEMAND-B is unfulfilled."
324,151000.0,1000.0,150000.0,False,"{'CPS_Poseidon': 'DEMAND-A', 'CPS_Triton': 'UNASSIGNED', 'OSS_Ceto': 'DEMAND-C'}","{'CPS_Poseidon': 12.62, 'CPS_Triton': 10.59, 'OSS_Ceto': 4.0}","{'CPS_Poseidon': 'vlsfo', 'CPS_Triton': 'vlsfo', 'OSS_Ceto': 'fossil_lng'}","OSS_Ceto: Incompatible fuel fossil_lng for Ocean Supply Ship Ceto (authorized: ['vlsfo', 'mgo', 'bio_methanol', 'green_ammonia']); Mandatory demand DEMAND-B is unfulfilled."
325,401000.0,1000.0,400000.0,False,"{'CPS_Poseidon': 'DEMAND-B', 'CPS_Triton': 'UNASSIGNED', 'OSS_Ceto': 'DEMAND-B'}","{'CPS_Poseidon': 17.9, 'CPS_Triton': 13.14, 'OSS_Ceto': 8.76}","{'CPS_Poseidon': 'green_ammonia', 'CPS_Triton': 'bio_methanol', 'OSS_Ceto': 'vlsfo'}","CPS_Poseidon: Incompatible fuel green_ammonia for Crown Princess Poseidon (authorized: ['vlsfo', 'fossil_lng', 'bio_methanol']); OSS_Ceto: Incompatible assignment: Demand DEMAND-B requires passenger vessel, but Ocean Supply Ship Ceto is offshore_supply; Mandatory demand DEMAND-A is unfulfilled.; Duplicate demand DEMAND-B assigned to 2 vessels (must be exactly 1).; Mandatory demand DEMAND-C is unfulfilled."
326,51000.0,1000.0,50000.0,False,"{'CPS_Poseidon': 'DEMAND-A', 'CPS_Triton': 'UNASSIGNED', 'OSS_Ceto': 'DEMAND-C'}","{'CPS_Poseidon': 13.05, 'CPS_Triton': 18.0, 'OSS_Ceto': 10.63}","{'CPS_Poseidon': 'vlsfo', 'CPS_Triton': 'bio_methanol', 'OSS_Ceto': 'vlsfo'}",Mandatory demand DEMAND-B is unfulfilled.
327,51000.0,1000.0,50000.0,False,"{'CPS_Poseidon': 'DEMAND-B', 'CPS_Triton': 'UNASSIGNED', 'OSS_Ceto': 'DEMAND-C'}","{'CPS_Poseidon': 12.8, 'CPS_Triton': 10.96, 'OSS_Ceto': 11.08}","{'CPS_Poseidon': 'vlsfo', 'CPS_Triton': 'bio_methanol', 'OSS_Ceto': 'vlsfo'}",Mandatory demand DEMAND-A is unfulfilled.
328,301000.0,1000.0,300000.0,False,"{'CPS_Poseidon': 'UNASSIGNED', 'CPS_Triton': 'UNASSIGNED', 'OSS_Ceto': 'DEMAND-B'}","{'CPS_Poseidon': 20.67, 'CPS_Triton': 6.0, 'OSS_Ceto': 10.04}","{'CPS_Poseidon': 'vlsfo', 'CPS_Triton': 'fossil_lng', 'OSS_Ceto': 'vlsfo'}","CPS_Triton: Incompatible fuel fossil_lng for Coastal Princess Triton (authorized: ['vlsfo', 'bio_methanol']); OSS_Ceto: Incompatible assignment: Demand DEMAND-B requires passenger vessel, but Ocean Supply Ship Ceto is offshore_supply; Mandatory demand DEMAND-A is unfulfilled.; Mandatory demand DEMAND-C is unfulfilled."
329,151000.0,1000.0,150000.0,False,"{'CPS_Poseidon': 'DEMAND-B', 'CPS_Triton': 'UNASSIGNED', 'OSS_Ceto': 'DEMAND-C'}","{'CPS_Poseidon': 8.0, 'CPS_Triton': 10.8, 'OSS_Ceto': 5.89}","{'CPS_Poseidon': 'vlsfo', 'CPS_Triton': 'green_ammonia', 'OSS_Ceto': 'vlsfo'}","CPS_Triton: Incompatible fuel green_ammonia for Coastal Princess Triton (authorized: ['vlsfo', 'bio_methanol']); Mandatory demand DEMAND-A is unfulfilled."
330,51000.0,1000.0,50000.0,False,"{'CPS_Poseidon': 'DEMAND-B', 'CPS_Triton': 'UNASSIGNED', 'OSS_Ceto': 'DEMAND-C'}","{'CPS_Poseidon': 10.39, 'CPS_Triton': 11.23, 'OSS_Ceto': 7.06}","{'CPS_Poseidon': 'fossil_lng', 'CPS_Triton': 'vlsfo', 'OSS_Ceto': 'bio_methanol'}",Mandatory demand DEMAND-A is unfulfilled.
331,151000.0,1000.0,150000.0,False,"{'CPS_Poseidon': 'DEMAND-B', 'CPS_Triton': 'UNASSIGNED', 'OSS_Ceto': 'DEMAND-C'}","{'CPS_Poseidon': 8.0, 'CPS_Triton': 10.59, 'OSS_Ceto': 9.45}","{'CPS_Poseidon': 'vlsfo', 'CPS_Triton': 'bio_methanol', 'OSS_Ceto': 'fossil_lng'}","OSS_Ceto: Incompatible fuel fossil_lng for Ocean Supply Ship Ceto (authorized: ['vlsfo', 'mgo', 'bio_methanol', 'green_ammonia']); Mandatory demand DEMAND-A is unfulfilled."
332,51000.0,1000.0,50000.0,False,"{'CPS_Poseidon': 'DEMAND-A', 'CPS_Triton': 'UNASSIGNED', 'OSS_Ceto': 'DEMAND-C'}","{'CPS_Poseidon': 12.59, 'CPS_Triton': 8.36, 'OSS_Ceto': 5.31}","{'CPS_Poseidon': 'vlsfo', 'CPS_Triton': 'bio_methanol', 'OSS_Ceto': 'vlsfo'}",Mandatory demand DEMAND-B is unfulfilled.
333,401000.0,1000.0,400000.0,False,"{'CPS_Poseidon': 'DEMAND-C', 'CPS_Triton': 'UNASSIGNED', 'OSS_Ceto': 'DEMAND-C'}","{'CPS_Poseidon': 12.95, 'CPS_Triton': 16.08, 'OSS_Ceto': 4.0}","{'CPS_Poseidon': 'vlsfo', 'CPS_Triton': 'liquid_hydrogen', 'OSS_Ceto': 'vlsfo'}","CPS_Poseidon: Incompatible assignment: Demand DEMAND-C requires offshore deck cargo capability, not supported by Crown Princess Poseidon; CPS_Triton: Incompatible fuel liquid_hydrogen for Coastal Princess Triton (authorized: ['vlsfo', 'bio_methanol']); Mandatory demand DEMAND-A is unfulfilled.; Mandatory demand DEMAND-B is unfulfilled.; Duplicate demand DEMAND-C assigned to 2 vessels (must be exactly 1)."
334,251000.0,1000.0,250000.0,False,"{'CPS_Poseidon': 'DEMAND-A', 'CPS_Triton': 'UNASSIGNED', 'OSS_Ceto': 'DEMAND-C'}","{'CPS_Poseidon': 11.25, 'CPS_Triton': 8.42, 'OSS_Ceto': 13.67}","{'CPS_Poseidon': 'fossil_lng', 'CPS_Triton': 'fossil_lng', 'OSS_Ceto': 'fossil_lng'}","CPS_Triton: Incompatible fuel fossil_lng for Coastal Princess Triton (authorized: ['vlsfo', 'bio_methanol']); OSS_Ceto: Incompatible fuel fossil_lng for Ocean Supply Ship Ceto (authorized: ['vlsfo', 'mgo', 'bio_methanol', 'green_ammonia']); Mandatory demand DEMAND-B is unfulfilled."
335,51000.0,1000.0,50000.0,False,"{'CPS_Poseidon': 'DEMAND-A', 'CPS_Triton': 'UNASSIGNED', 'OSS_Ceto': 'DEMAND-C'}","{'CPS_Poseidon': 10.99, 'CPS_Triton': 8.38, 'OSS_Ceto': 10.22}","{'CPS_Poseidon': 'fossil_lng', 'CPS_Triton': 'bio_methanol', 'OSS_Ceto': 'vlsfo'}",Mandatory demand DEMAND-B is unfulfilled.
336,201000.0,1000.0,200000.0,False,"{'CPS_Poseidon': 'DEMAND-B', 'CPS_Triton': 'UNASSIGNED', 'OSS_Ceto': 'UNASSIGNED'}","{'CPS_Poseidon': 13.15, 'CPS_Triton': 10.48, 'OSS_Ceto': 10.81}","{'CPS_Poseidon': 'vlsfo', 'CPS_Triton': 'fossil_lng', 'OSS_Ceto': 'green_ammonia'}","CPS_Triton: Incompatible fuel fossil_lng for Coastal Princess Triton (authorized: ['vlsfo', 'bio_methanol']); Mandatory demand DEMAND-A is unfulfilled.; Mandatory demand DEMAND-C is unfulfilled."
337,201000.0,1000.0,200000.0,False,"{'CPS_Poseidon': 'UNASSIGNED', 'CPS_Triton': 'UNASSIGNED', 'OSS_Ceto': 'DEMAND-C'}","{'CPS_Poseidon': 16.04, 'CPS_Triton': 7.71, 'OSS_Ceto': 11.91}","{'CPS_Poseidon': 'vlsfo', 'CPS_Triton': 'bio_methanol', 'OSS_Ceto': 'liquid_hydrogen'}","OSS_Ceto: Incompatible fuel liquid_hydrogen for Ocean Supply Ship Ceto (authorized: ['vlsfo', 'mgo', 'bio_methanol', 'green_ammonia']); Mandatory demand DEMAND-A is unfulfilled.; Mandatory demand DEMAND-B is unfulfilled."
338,51000.0,1000.0,50000.0,False,"{'CPS_Poseidon': 'DEMAND-B', 'CPS_Triton': 'UNASSIGNED', 'OSS_Ceto': 'DEMAND-C'}","{'CPS_Poseidon': 10.65, 'CPS_Triton': 6.0, 'OSS_Ceto': 13.85}","{'CPS_Poseidon': 'fossil_lng', 'CPS_Triton': 'bio_methanol', 'OSS_Ceto': 'vlsfo'}",Mandatory demand DEMAND-A is unfulfilled.
339,51000.0,1000.0,50000.0,False,"{'CPS_Poseidon': 'DEMAND-B', 'CPS_Triton': 'UNASSIGNED', 'OSS_Ceto': 'DEMAND-C'}","{'CPS_Poseidon': 21.06, 'CPS_Triton': 9.34, 'OSS_Ceto': 9.59}","{'CPS_Poseidon': 'vlsfo', 'CPS_Triton': 'vlsfo', 'OSS_Ceto': 'vlsfo'}",Mandatory demand DEMAND-A is unfulfilled.
340,251000.0,1000.0,250000.0,False,"{'CPS_Poseidon': 'DEMAND-C', 'CPS_Triton': 'DEMAND-A', 'OSS_Ceto': 'UNASSIGNED'}","{'CPS_Poseidon': 15.11, 'CPS_Triton': 6.23, 'OSS_Ceto': 14.52}","{'CPS_Poseidon': 'vlsfo', 'CPS_Triton': 'bio_methanol', 'OSS_Ceto': 'vlsfo'}","CPS_Poseidon: Incompatible assignment: Demand DEMAND-C requires offshore deck cargo capability, not supported by Crown Princess Poseidon; CPS_Triton: Incompatible assignment: Demand DEMAND-A requires luxury passenger cruise vessel, but Coastal Princess Triton is passenger_cruise_small; Mandatory demand DEMAND-B is unfulfilled."
341,101000.0,1000.0,100000.0,False,"{'CPS_Poseidon': 'UNASSIGNED', 'CPS_Triton': 'UNASSIGNED', 'OSS_Ceto': 'DEMAND-C'}","{'CPS_Poseidon': 12.55, 'CPS_Triton': 7.29, 'OSS_Ceto': 11.43}","{'CPS_Poseidon': 'fossil_lng', 'CPS_Triton': 'bio_methanol', 'OSS_Ceto': 'vlsfo'}",Mandatory demand DEMAND-A is unfulfilled.; Mandatory demand DEMAND-B is unfulfilled.
342,101000.0,1000.0,100000.0,False,"{'CPS_Poseidon': 'UNASSIGNED', 'CPS_Triton': 'UNASSIGNED', 'OSS_Ceto': 'DEMAND-C'}","{'CPS_Poseidon': 18.22, 'CPS_Triton': 10.82, 'OSS_Ceto': 5.96}","{'CPS_Poseidon': 'vlsfo', 'CPS_Triton': 'bio_methanol', 'OSS_Ceto': 'vlsfo'}",Mandatory demand DEMAND-A is unfulfilled.; Mandatory demand DEMAND-B is unfulfilled.
343,151000.0,1000.0,150000.0,False,"{'CPS_Poseidon': 'DEMAND-B', 'CPS_Triton': 'UNASSIGNED', 'OSS_Ceto': 'DEMAND-C'}","{'CPS_Poseidon': 13.15, 'CPS_Triton': 14.12, 'OSS_Ceto': 10.34}","{'CPS_Poseidon': 'fossil_lng', 'CPS_Triton': 'liquid_hydrogen', 'OSS_Ceto': 'vlsfo'}","CPS_Triton: Incompatible fuel liquid_hydrogen for Coastal Princess Triton (authorized: ['vlsfo', 'bio_methanol']); Mandatory demand DEMAND-A is unfulfilled."
344,251000.0,1000.0,250000.0,False,"{'CPS_Poseidon': 'DEMAND-B', 'CPS_Triton': 'UNASSIGNED', 'OSS_Ceto': 'DEMAND-C'}","{'CPS_Poseidon': 10.95, 'CPS_Triton': 10.02, 'OSS_Ceto': 8.76}","{'CPS_Poseidon': 'vlsfo', 'CPS_Triton': 'green_ammonia', 'OSS_Ceto': 'fossil_lng'}","CPS_Triton: Incompatible fuel green_ammonia for Coastal Princess Triton (authorized: ['vlsfo', 'bio_methanol']); OSS_Ceto: Incompatible fuel fossil_lng for Ocean Supply Ship Ceto (authorized: ['vlsfo', 'mgo', 'bio_methanol', 'green_ammonia']); Mandatory demand DEMAND-A is unfulfilled."
345,351000.0,1000.0,350000.0,False,"{'CPS_Poseidon': 'DEMAND-B', 'CPS_Triton': 'DEMAND-A', 'OSS_Ceto': 'DEMAND-B'}","{'CPS_Poseidon': 13.45, 'CPS_Triton': 6.0, 'OSS_Ceto': 10.03}","{'CPS_Poseidon': 'fossil_lng', 'CPS_Triton': 'bio_methanol', 'OSS_Ceto': 'vlsfo'}","CPS_Triton: Incompatible assignment: Demand DEMAND-A requires luxury passenger cruise vessel, but Coastal Princess Triton is passenger_cruise_small; OSS_Ceto: Incompatible assignment: Demand DEMAND-B requires passenger vessel, but Ocean Supply Ship Ceto is offshore_supply; Duplicate demand DEMAND-B assigned to 2 vessels (must be exactly 1).; Mandatory demand DEMAND-C is unfulfilled."
346,151000.0,1000.0,150000.0,False,"{'CPS_Poseidon': 'DEMAND-A', 'CPS_Triton': 'UNASSIGNED', 'OSS_Ceto': 'DEMAND-C'}","{'CPS_Poseidon': 14.54, 'CPS_Triton': 11.35, 'OSS_Ceto': 10.24}","{'CPS_Poseidon': 'vlsfo', 'CPS_Triton': 'bio_methanol', 'OSS_Ceto': 'fossil_lng'}","OSS_Ceto: Incompatible fuel fossil_lng for Ocean Supply Ship Ceto (authorized: ['vlsfo', 'mgo', 'bio_methanol', 'green_ammonia']); Mandatory demand DEMAND-B is unfulfilled."
347,501000.0,1000.0,500000.0,False,"{'CPS_Poseidon': 'DEMAND-C', 'CPS_Triton': 'DEMAND-C', 'OSS_Ceto': 'DEMAND-C'}","{'CPS_Poseidon': 8.0, 'CPS_Triton': 11.51, 'OSS_Ceto': 10.94}","{'CPS_Poseidon': 'vlsfo', 'CPS_Triton': 'fossil_lng', 'OSS_Ceto': 'vlsfo'}","CPS_Poseidon: Incompatible assignment: Demand DEMAND-C requires offshore deck cargo capability, not supported by Crown Princess Poseidon; CPS_Triton: Incompatible fuel fossil_lng for Coastal Princess Triton (authorized: ['vlsfo', 'bio_methanol']); Mandatory demand DEMAND-A is unfulfilled.; Mandatory demand DEMAND-B is unfulfilled.; Duplicate demand DEMAND-C assigned to 3 vessels (must be exactly 1)."
348,151000.0,1000.0,150000.0,False,"{'CPS_Poseidon': 'DEMAND-B', 'CPS_Triton': 'UNASSIGNED', 'OSS_Ceto': 'DEMAND-C'}","{'CPS_Poseidon': 12.05, 'CPS_Triton': 15.14, 'OSS_Ceto': 8.4}","{'CPS_Poseidon': 'fossil_lng', 'CPS_Triton': 'bio_methanol', 'OSS_Ceto': 'fossil_lng'}","OSS_Ceto: Incompatible fuel fossil_lng for Ocean Supply Ship Ceto (authorized: ['vlsfo', 'mgo', 'bio_methanol', 'green_ammonia']); Mandatory demand DEMAND-A is unfulfilled."
349,251000.0,1000.0,250000.0,False,"{'CPS_Poseidon': 'DEMAND-B', 'CPS_Triton': 'DEMAND-A', 'OSS_Ceto': 'UNASSIGNED'}","{'CPS_Poseidon': 18.76, 'CPS_Triton': 8.31, 'OSS_Ceto': 12.39}","{'CPS_Poseidon': 'liquid_hydrogen', 'CPS_Triton': 'fossil_lng', 'OSS_Ceto': 'vlsfo'}","CPS_Poseidon: Incompatible fuel liquid_hydrogen for Crown Princess Poseidon (authorized: ['vlsfo', 'fossil_lng', 'bio_methanol']); CPS_Triton: Incompatible fuel fossil_lng for Coastal Princess Triton (authorized: ['vlsfo', 'bio_methanol']); Mandatory demand DEMAND-C is unfulfilled."
350,151000.0,1000.0,150000.0,False,"{'CPS_Poseidon': 'DEMAND-A', 'CPS_Triton': 'UNASSIGNED', 'OSS_Ceto': 'DEMAND-B'}","{'CPS_Poseidon': 11.32, 'CPS_Triton': 6.0, 'OSS_Ceto': 4.0}","{'CPS_Poseidon': 'fossil_lng', 'CPS_Triton': 'vlsfo', 'OSS_Ceto': 'green_ammonia'}","OSS_Ceto: Incompatible assignment: Demand DEMAND-B requires passenger vessel, but Ocean Supply Ship Ceto is offshore_supply; Mandatory demand DEMAND-C is unfulfilled."
400,151000.0,1000.0,150000.0,False,"{'CPS_Poseidon': 'DEMAND-B', 'CPS_Triton': 'UNASSIGNED', 'OSS_Ceto': 'DEMAND-C'}","{'CPS_Poseidon': 12.74, 'CPS_Triton': 8.91, 'OSS_Ceto': 15.0}","{'CPS_Poseidon': 'vlsfo', 'CPS_Triton': 'liquid_hydrogen', 'OSS_Ceto': 'vlsfo'}","CPS_Triton: Incompatible fuel liquid_hydrogen for Coastal Princess Triton (authorized: ['vlsfo', 'bio_methanol']); Mandatory demand DEMAND-A is unfulfilled."
450,151000.0,1000.0,150000.0,False,"{'CPS_Poseidon': 'DEMAND-B', 'CPS_Triton': 'UNASSIGNED', 'OSS_Ceto': 'DEMAND-C'}","{'CPS_Poseidon': 16.41, 'CPS_Triton': 15.68, 'OSS_Ceto': 4.0}","{'CPS_Poseidon': 'vlsfo', 'CPS_Triton': 'vlsfo', 'OSS_Ceto': 'fossil_lng'}","OSS_Ceto: Incompatible fuel fossil_lng for Ocean Supply Ship Ceto (authorized: ['vlsfo', 'mgo', 'bio_methanol', 'green_ammonia']); Mandatory demand DEMAND-A is unfulfilled."
500,101000.0,1000.0,100000.0,False,"{'CPS_Poseidon': 'DEMAND-B', 'CPS_Triton': 'DEMAND-A', 'OSS_Ceto': 'DEMAND-C'}","{'CPS_Poseidon': 16.22, 'CPS_Triton': 18.0, 'OSS_Ceto': 15.0}","{'CPS_Poseidon': 'fossil_lng', 'CPS_Triton': 'liquid_hydrogen', 'OSS_Ceto': 'vlsfo'}","CPS_Triton: Incompatible fuel liquid_hydrogen for Coastal Princess Triton (authorized: ['vlsfo', 'bio_methanol'])"
550,151000.0,1000.0,150000.0,False,"{'CPS_Poseidon': 'DEMAND-A', 'CPS_Triton': 'UNASSIGNED', 'OSS_Ceto': 'DEMAND-C'}","{'CPS_Poseidon': 11.27, 'CPS_Triton': 7.23, 'OSS_Ceto': 15.0}","{'CPS_Poseidon': 'fossil_lng', 'CPS_Triton': 'green_ammonia', 'OSS_Ceto': 'vlsfo'}","CPS_Triton: Incompatible fuel green_ammonia for Coastal Princess Triton (authorized: ['vlsfo', 'bio_methanol']); Mandatory demand DEMAND-B is unfulfilled."
600,151000.0,1000.0,150000.0,False,"{'CPS_Poseidon': 'DEMAND-B', 'CPS_Triton': 'UNASSIGNED', 'OSS_Ceto': 'DEMAND-C'}","{'CPS_Poseidon': 14.08, 'CPS_Triton': 13.36, 'OSS_Ceto': 12.54}","{'CPS_Poseidon': 'fossil_lng', 'CPS_Triton': 'liquid_hydrogen', 'OSS_Ceto': 'bio_methanol'}","CPS_Triton: Incompatible fuel liquid_hydrogen for Coastal Princess Triton (authorized: ['vlsfo', 'bio_methanol']); Mandatory demand DEMAND-A is unfulfilled."
650,151000.0,1000.0,150000.0,False,"{'CPS_Poseidon': 'DEMAND-B', 'CPS_Triton': 'UNASSIGNED', 'OSS_Ceto': 'DEMAND-C'}","{'CPS_Poseidon': 13.9, 'CPS_Triton': 11.81, 'OSS_Ceto': 10.27}","{'CPS_Poseidon': 'vlsfo', 'CPS_Triton': 'liquid_hydrogen', 'OSS_Ceto': 'vlsfo'}","CPS_Triton: Incompatible fuel liquid_hydrogen for Coastal Princess Triton (authorized: ['vlsfo', 'bio_methanol']); Mandatory demand DEMAND-A is unfulfilled."
700,151000.0,1000.0,150000.0,False,"{'CPS_Poseidon': 'DEMAND-B', 'CPS_Triton': 'DEMAND-B', 'OSS_Ceto': 'DEMAND-C'}","{'CPS_Poseidon': 15.22, 'CPS_Triton': 16.14, 'OSS_Ceto': 11.78}","{'CPS_Poseidon': 'vlsfo', 'CPS_Triton': 'vlsfo', 'OSS_Ceto': 'vlsfo'}",Mandatory demand DEMAND-A is unfulfilled.; Duplicate demand DEMAND-B assigned to 2 vessels (must be exactly 1).
750,151000.0,1000.0,150000.0,False,"{'CPS_Poseidon': 'DEMAND-B', 'CPS_Triton': 'UNASSIGNED', 'OSS_Ceto': 'DEMAND-C'}","{'CPS_Poseidon': 13.06, 'CPS_Triton': 12.67, 'OSS_Ceto': 13.09}","{'CPS_Poseidon': 'vlsfo', 'CPS_Triton': 'liquid_hydrogen', 'OSS_Ceto': 'vlsfo'}","CPS_Triton: Incompatible fuel liquid_hydrogen for Coastal Princess Triton (authorized: ['vlsfo', 'bio_methanol']); Mandatory demand DEMAND-A is unfulfilled."
800,101000.0,1000.0,100000.0,False,"{'CPS_Poseidon': 'DEMAND-B', 'CPS_Triton': 'DEMAND-A', 'OSS_Ceto': 'DEMAND-C'}","{'CPS_Poseidon': 13.13, 'CPS_Triton': 13.8, 'OSS_Ceto': 11.34}","{'CPS_Poseidon': 'vlsfo', 'CPS_Triton': 'liquid_hydrogen', 'OSS_Ceto': 'vlsfo'}","CPS_Triton: Incompatible fuel liquid_hydrogen for Coastal Princess Triton (authorized: ['vlsfo', 'bio_methanol'])"
850,101000.0,1000.0,100000.0,False,"{'CPS_Poseidon': 'DEMAND-B', 'CPS_Triton': 'DEMAND-A', 'OSS_Ceto': 'DEMAND-C'}","{'CPS_Poseidon': 13.77, 'CPS_Triton': 9.9, 'OSS_Ceto': 10.87}","{'CPS_Poseidon': 'fossil_lng', 'CPS_Triton': 'vlsfo', 'OSS_Ceto': 'vlsfo'}","CPS_Triton: Incompatible assignment: Demand DEMAND-A requires luxury passenger cruise vessel, but Coastal Princess Triton is passenger_cruise_small"
900,251000.0,1000.0,250000.0,False,"{'CPS_Poseidon': 'DEMAND-B', 'CPS_Triton': 'DEMAND-B', 'OSS_Ceto': 'DEMAND-C'}","{'CPS_Poseidon': 15.26, 'CPS_Triton': 14.98, 'OSS_Ceto': 11.93}","{'CPS_Poseidon': 'vlsfo', 'CPS_Triton': 'green_ammonia', 'OSS_Ceto': 'vlsfo'}","CPS_Triton: Incompatible fuel green_ammonia for Coastal Princess Triton (authorized: ['vlsfo', 'bio_methanol']); Mandatory demand DEMAND-A is unfulfilled.; Duplicate demand DEMAND-B assigned to 2 vessels (must be exactly 1)."
950,101000.0,1000.0,100000.0,False,"{'CPS_Poseidon': 'DEMAND-B', 'CPS_Triton': 'DEMAND-A', 'OSS_Ceto': 'DEMAND-C'}","{'CPS_Poseidon': 17.98, 'CPS_Triton': 18.0, 'OSS_Ceto': 12.83}","{'CPS_Poseidon': 'fossil_lng', 'CPS_Triton': 'liquid_hydrogen', 'OSS_Ceto': 'vlsfo'}","CPS_Triton: Incompatible fuel liquid_hydrogen for Coastal Princess Triton (authorized: ['vlsfo', 'bio_methanol'])"
1000,251000.0,1000.0,250000.0,False,"{'CPS_Poseidon': 'DEMAND-B', 'CPS_Triton': 'DEMAND-C', 'OSS_Ceto': 'DEMAND-C'}","{'CPS_Poseidon': 22.0, 'CPS_Triton': 8.12, 'OSS_Ceto': 13.34}","{'CPS_Poseidon': 'vlsfo', 'CPS_Triton': 'green_ammonia', 'OSS_Ceto': 'vlsfo'}","CPS_Triton: Incompatible fuel green_ammonia for Coastal Princess Triton (authorized: ['vlsfo', 'bio_methanol']); Mandatory demand DEMAND-A is unfulfilled.; Duplicate demand DEMAND-C assigned to 2 vessels (must be exactly 1)."
1050,101000.0,1000.0,100000.0,False,"{'CPS_Poseidon': 'DEMAND-B', 'CPS_Triton': 'DEMAND-A', 'OSS_Ceto': 'DEMAND-C'}","{'CPS_Poseidon': 9.26, 'CPS_Triton': 9.17, 'OSS_Ceto': 5.35}","{'CPS_Poseidon': 'vlsfo', 'CPS_Triton': 'liquid_hydrogen', 'OSS_Ceto': 'vlsfo'}","CPS_Triton: Incompatible fuel liquid_hydrogen for Coastal Princess Triton (authorized: ['vlsfo', 'bio_methanol'])"
1100,151000.0,1000.0,150000.0,False,"{'CPS_Poseidon': 'DEMAND-B', 'CPS_Triton': 'UNASSIGNED', 'OSS_Ceto': 'DEMAND-C'}","{'CPS_Poseidon': 8.07, 'CPS_Triton': 10.82, 'OSS_Ceto': 12.11}","{'CPS_Poseidon': 'vlsfo', 'CPS_Triton': 'liquid_hydrogen', 'OSS_Ceto': 'vlsfo'}","CPS_Triton: Incompatible fuel liquid_hydrogen for Coastal Princess Triton (authorized: ['vlsfo', 'bio_methanol']); Mandatory demand DEMAND-A is unfulfilled."
1150,101000.0,1000.0,100000.0,False,"{'CPS_Poseidon': 'DEMAND-B', 'CPS_Triton': 'DEMAND-A', 'OSS_Ceto': 'DEMAND-C'}","{'CPS_Poseidon': 14.27, 'CPS_Triton': 12.36, 'OSS_Ceto': 14.03}","{'CPS_Poseidon': 'fossil_lng', 'CPS_Triton': 'fossil_lng', 'OSS_Ceto': 'vlsfo'}","CPS_Triton: Incompatible fuel fossil_lng for Coastal Princess Triton (authorized: ['vlsfo', 'bio_methanol'])"
1200,251000.0,1000.0,250000.0,False,"{'CPS_Poseidon': 'DEMAND-B', 'CPS_Triton': 'DEMAND-B', 'OSS_Ceto': 'DEMAND-C'}","{'CPS_Poseidon': 17.69, 'CPS_Triton': 11.1, 'OSS_Ceto': 15.0}","{'CPS_Poseidon': 'fossil_lng', 'CPS_Triton': 'liquid_hydrogen', 'OSS_Ceto': 'vlsfo'}","CPS_Triton: Incompatible fuel liquid_hydrogen for Coastal Princess Triton (authorized: ['vlsfo', 'bio_methanol']); Mandatory demand DEMAND-A is unfulfilled.; Duplicate demand DEMAND-B assigned to 2 vessels (must be exactly 1)."
1250,51000.0,1000.0,50000.0,False,"{'CPS_Poseidon': 'DEMAND-B', 'CPS_Triton': 'UNASSIGNED', 'OSS_Ceto': 'DEMAND-C'}","{'CPS_Poseidon': 15.88, 'CPS_Triton': 12.58, 'OSS_Ceto': 10.45}","{'CPS_Poseidon': 'vlsfo', 'CPS_Triton': 'bio_methanol', 'OSS_Ceto': 'vlsfo'}",Mandatory demand DEMAND-A is unfulfilled.
1300,151000.0,1000.0,150000.0,False,"{'CPS_Poseidon': 'DEMAND-B', 'CPS_Triton': 'UNASSIGNED', 'OSS_Ceto': 'DEMAND-C'}","{'CPS_Poseidon': 15.61, 'CPS_Triton': 11.41, 'OSS_Ceto': 10.13}","{'CPS_Poseidon': 'vlsfo', 'CPS_Triton': 'bio_methanol', 'OSS_Ceto': 'fossil_lng'}","OSS_Ceto: Incompatible fuel fossil_lng for Ocean Supply Ship Ceto (authorized: ['vlsfo', 'mgo', 'bio_methanol', 'green_ammonia']); Mandatory demand DEMAND-A is unfulfilled."
1350,51000.0,1000.0,50000.0,False,"{'CPS_Poseidon': 'DEMAND-B', 'CPS_Triton': 'UNASSIGNED', 'OSS_Ceto': 'DEMAND-C'}","{'CPS_Poseidon': 14.53, 'CPS_Triton': 12.29, 'OSS_Ceto': 10.49}","{'CPS_Poseidon': 'vlsfo', 'CPS_Triton': 'bio_methanol', 'OSS_Ceto': 'vlsfo'}",Mandatory demand DEMAND-A is unfulfilled.
1400,51000.0,1000.0,50000.0,False,"{'CPS_Poseidon': 'DEMAND-A', 'CPS_Triton': 'UNASSIGNED', 'OSS_Ceto': 'DEMAND-C'}","{'CPS_Poseidon': 13.03, 'CPS_Triton': 10.91, 'OSS_Ceto': 10.06}","{'CPS_Poseidon': 'vlsfo', 'CPS_Triton': 'bio_methanol', 'OSS_Ceto': 'vlsfo'}",Mandatory demand DEMAND-B is unfulfilled.
1450,51000.0,1000.0,50000.0,False,"{'CPS_Poseidon': 'DEMAND-B', 'CPS_Triton': 'UNASSIGNED', 'OSS_Ceto': 'DEMAND-C'}","{'CPS_Poseidon': 13.92, 'CPS_Triton': 11.74, 'OSS_Ceto': 10.37}","{'CPS_Poseidon': 'vlsfo', 'CPS_Triton': 'bio_methanol', 'OSS_Ceto': 'vlsfo'}",Mandatory demand DEMAND-A is unfulfilled.
1500,51000.0,1000.0,50000.0,False,"{'CPS_Poseidon': 'DEMAND-B', 'CPS_Triton': 'UNASSIGNED', 'OSS_Ceto': 'DEMAND-C'}","{'CPS_Poseidon': 13.57, 'CPS_Triton': 12.32, 'OSS_Ceto': 10.24}","{'CPS_Poseidon': 'vlsfo', 'CPS_Triton': 'bio_methanol', 'OSS_Ceto': 'vlsfo'}",Mandatory demand DEMAND-A is unfulfilled.
1550,51000.0,1000.0,50000.0,False,"{'CPS_Poseidon': 'DEMAND-B', 'CPS_Triton': 'UNASSIGNED', 'OSS_Ceto': 'DEMAND-C'}","{'CPS_Poseidon': 16.66, 'CPS_Triton': 10.05, 'OSS_Ceto': 10.22}","{'CPS_Poseidon': 'vlsfo', 'CPS_Triton': 'bio_methanol', 'OSS_Ceto': 'vlsfo'}",Mandatory demand DEMAND-A is unfulfilled.
1600,151000.0,1000.0,150000.0,False,"{'CPS_Poseidon': 'DEMAND-B', 'CPS_Triton': 'UNASSIGNED', 'OSS_Ceto': 'DEMAND-C'}","{'CPS_Poseidon': 14.66, 'CPS_Triton': 10.25, 'OSS_Ceto': 10.37}","{'CPS_Poseidon': 'vlsfo', 'CPS_Triton': 'green_ammonia', 'OSS_Ceto': 'vlsfo'}","CPS_Triton: Incompatible fuel green_ammonia for Coastal Princess Triton (authorized: ['vlsfo', 'bio_methanol']); Mandatory demand DEMAND-A is unfulfilled."
1650,151000.0,1000.0,150000.0,False,"{'CPS_Poseidon': 'DEMAND-B', 'CPS_Triton': 'UNASSIGNED', 'OSS_Ceto': 'DEMAND-C'}","{'CPS_Poseidon': 17.2, 'CPS_Triton': 11.65, 'OSS_Ceto': 10.46}","{'CPS_Poseidon': 'vlsfo', 'CPS_Triton': 'fossil_lng', 'OSS_Ceto': 'vlsfo'}","CPS_Triton: Incompatible fuel fossil_lng for Coastal Princess Triton (authorized: ['vlsfo', 'bio_methanol']); Mandatory demand DEMAND-A is unfulfilled."
1700,151000.0,1000.0,150000.0,False,"{'CPS_Poseidon': 'DEMAND-B', 'CPS_Triton': 'UNASSIGNED', 'OSS_Ceto': 'DEMAND-C'}","{'CPS_Poseidon': 18.66, 'CPS_Triton': 10.97, 'OSS_Ceto': 10.58}","{'CPS_Poseidon': 'vlsfo', 'CPS_Triton': 'liquid_hydrogen', 'OSS_Ceto': 'vlsfo'}","CPS_Triton: Incompatible fuel liquid_hydrogen for Coastal Princess Triton (authorized: ['vlsfo', 'bio_methanol']); Mandatory demand DEMAND-A is unfulfilled."
1750,151000.0,1000.0,150000.0,False,"{'CPS_Poseidon': 'DEMAND-B', 'CPS_Triton': 'UNASSIGNED', 'OSS_Ceto': 'DEMAND-C'}","{'CPS_Poseidon': 15.66, 'CPS_Triton': 13.12, 'OSS_Ceto': 10.23}","{'CPS_Poseidon': 'vlsfo', 'CPS_Triton': 'bio_methanol', 'OSS_Ceto': 'fossil_lng'}","OSS_Ceto: Incompatible fuel fossil_lng for Ocean Supply Ship Ceto (authorized: ['vlsfo', 'mgo', 'bio_methanol', 'green_ammonia']); Mandatory demand DEMAND-A is unfulfilled."
1800,51000.0,1000.0,50000.0,False,"{'CPS_Poseidon': 'DEMAND-B', 'CPS_Triton': 'UNASSIGNED', 'OSS_Ceto': 'DEMAND-C'}","{'CPS_Poseidon': 14.93, 'CPS_Triton': 9.34, 'OSS_Ceto': 10.15}","{'CPS_Poseidon': 'vlsfo', 'CPS_Triton': 'bio_methanol', 'OSS_Ceto': 'vlsfo'}",Mandatory demand DEMAND-A is unfulfilled.
1850,51000.0,1000.0,50000.0,False,"{'CPS_Poseidon': 'DEMAND-B', 'CPS_Triton': 'UNASSIGNED', 'OSS_Ceto': 'DEMAND-C'}","{'CPS_Poseidon': 15.98, 'CPS_Triton': 10.0, 'OSS_Ceto': 10.24}","{'CPS_Poseidon': 'vlsfo', 'CPS_Triton': 'bio_methanol', 'OSS_Ceto': 'vlsfo'}",Mandatory demand DEMAND-A is unfulfilled.
1900,151000.0,1000.0,150000.0,False,"{'CPS_Poseidon': 'DEMAND-B', 'CPS_Triton': 'UNASSIGNED', 'OSS_Ceto': 'DEMAND-C'}","{'CPS_Poseidon': 16.22, 'CPS_Triton': 12.17, 'OSS_Ceto': 10.17}","{'CPS_Poseidon': 'vlsfo', 'CPS_Triton': 'fossil_lng', 'OSS_Ceto': 'vlsfo'}","CPS_Triton: Incompatible fuel fossil_lng for Coastal Princess Triton (authorized: ['vlsfo', 'bio_methanol']); Mandatory demand DEMAND-A is unfulfilled."
1950,51000.0,1000.0,50000.0,False,"{'CPS_Poseidon': 'DEMAND-B', 'CPS_Triton': 'UNASSIGNED', 'OSS_Ceto': 'DEMAND-C'}","{'CPS_Poseidon': 15.83, 'CPS_Triton': 11.34, 'OSS_Ceto': 10.12}","{'CPS_Poseidon': 'vlsfo', 'CPS_Triton': 'bio_methanol', 'OSS_Ceto': 'vlsfo'}",Mandatory demand DEMAND-A is unfulfilled.
2000,51000.0,1000.0,50000.0,False,"{'CPS_Poseidon': 'DEMAND-B', 'CPS_Triton': 'UNASSIGNED', 'OSS_Ceto': 'DEMAND-C'}","{'CPS_Poseidon': 13.14, 'CPS_Triton': 12.01, 'OSS_Ceto': 10.33}","{'CPS_Poseidon': 'vlsfo', 'CPS_Triton': 'bio_methanol', 'OSS_Ceto': 'vlsfo'}",Mandatory demand DEMAND-A is unfulfilled.
2050,51000.0,1000.0,50000.0,False,"{'CPS_Poseidon': 'DEMAND-B', 'CPS_Triton': 'UNASSIGNED', 'OSS_Ceto': 'DEMAND-C'}","{'CPS_Poseidon': 13.39, 'CPS_Triton': 12.28, 'OSS_Ceto': 10.22}","{'CPS_Poseidon': 'vlsfo', 'CPS_Triton': 'bio_methanol', 'OSS_Ceto': 'vlsfo'}",Mandatory demand DEMAND-A is unfulfilled.
2100,51000.0,1000.0,50000.0,False,"{'CPS_Poseidon': 'DEMAND-B', 'CPS_Triton': 'UNASSIGNED', 'OSS_Ceto': 'DEMAND-C'}","{'CPS_Poseidon': 15.32, 'CPS_Triton': 10.14, 'OSS_Ceto': 10.29}","{'CPS_Poseidon': 'vlsfo', 'CPS_Triton': 'bio_methanol', 'OSS_Ceto': 'vlsfo'}",Mandatory demand DEMAND-A is unfulfilled.
2150,151000.0,1000.0,150000.0,False,"{'CPS_Poseidon': 'DEMAND-B', 'CPS_Triton': 'UNASSIGNED', 'OSS_Ceto': 'DEMAND-C'}","{'CPS_Poseidon': 14.64, 'CPS_Triton': 11.05, 'OSS_Ceto': 10.35}","{'CPS_Poseidon': 'vlsfo', 'CPS_Triton': 'fossil_lng', 'OSS_Ceto': 'vlsfo'}","CPS_Triton: Incompatible fuel fossil_lng for Coastal Princess Triton (authorized: ['vlsfo', 'bio_methanol']); Mandatory demand DEMAND-A is unfulfilled."
2200,51000.0,1000.0,50000.0,False,"{'CPS_Poseidon': 'DEMAND-B', 'CPS_Triton': 'UNASSIGNED', 'OSS_Ceto': 'DEMAND-C'}","{'CPS_Poseidon': 14.8, 'CPS_Triton': 11.97, 'OSS_Ceto': 10.17}","{'CPS_Poseidon': 'vlsfo', 'CPS_Triton': 'bio_methanol', 'OSS_Ceto': 'vlsfo'}",Mandatory demand DEMAND-A is unfulfilled.
2250,51000.0,1000.0,50000.0,False,"{'CPS_Poseidon': 'DEMAND-B', 'CPS_Triton': 'UNASSIGNED', 'OSS_Ceto': 'DEMAND-C'}","{'CPS_Poseidon': 10.15, 'CPS_Triton': 12.14, 'OSS_Ceto': 10.11}","{'CPS_Poseidon': 'vlsfo', 'CPS_Triton': 'bio_methanol', 'OSS_Ceto': 'vlsfo'}",Mandatory demand DEMAND-A is unfulfilled.
2300,151000.0,1000.0,150000.0,False,"{'CPS_Poseidon': 'DEMAND-B', 'CPS_Triton': 'UNASSIGNED', 'OSS_Ceto': 'DEMAND-C'}","{'CPS_Poseidon': 14.83, 'CPS_Triton': 11.51, 'OSS_Ceto': 10.26}","{'CPS_Poseidon': 'vlsfo', 'CPS_Triton': 'fossil_lng', 'OSS_Ceto': 'vlsfo'}","CPS_Triton: Incompatible fuel fossil_lng for Coastal Princess Triton (authorized: ['vlsfo', 'bio_methanol']); Mandatory demand DEMAND-A is unfulfilled."
2350,51000.0,1000.0,50000.0,False,"{'CPS_Poseidon': 'DEMAND-B', 'CPS_Triton': 'UNASSIGNED', 'OSS_Ceto': 'DEMAND-C'}","{'CPS_Poseidon': 14.12, 'CPS_Triton': 11.07, 'OSS_Ceto': 10.42}","{'CPS_Poseidon': 'vlsfo', 'CPS_Triton': 'bio_methanol', 'OSS_Ceto': 'vlsfo'}",Mandatory demand DEMAND-A is unfulfilled.
2400,151000.0,1000.0,150000.0,False,"{'CPS_Poseidon': 'DEMAND-B', 'CPS_Triton': 'UNASSIGNED', 'OSS_Ceto': 'DEMAND-C'}","{'CPS_Poseidon': 13.74, 'CPS_Triton': 10.76, 'OSS_Ceto': 10.36}","{'CPS_Poseidon': 'vlsfo', 'CPS_Triton': 'liquid_hydrogen', 'OSS_Ceto': 'vlsfo'}","CPS_Triton: Incompatible fuel liquid_hydrogen for Coastal Princess Triton (authorized: ['vlsfo', 'bio_methanol']); Mandatory demand DEMAND-A is unfulfilled."
2450,51000.0,1000.0,50000.0,False,"{'CPS_Poseidon': 'DEMAND-B', 'CPS_Triton': 'UNASSIGNED', 'OSS_Ceto': 'DEMAND-C'}","{'CPS_Poseidon': 13.78, 'CPS_Triton': 12.45, 'OSS_Ceto': 10.27}","{'CPS_Poseidon': 'vlsfo', 'CPS_Triton': 'bio_methanol', 'OSS_Ceto': 'vlsfo'}",Mandatory demand DEMAND-A is unfulfilled.
2500,51000.0,1000.0,50000.0,False,"{'CPS_Poseidon': 'DEMAND-B', 'CPS_Triton': 'UNASSIGNED', 'OSS_Ceto': 'DEMAND-C'}","{'CPS_Poseidon': 13.7, 'CPS_Triton': 10.19, 'OSS_Ceto': 10.34}","{'CPS_Poseidon': 'vlsfo', 'CPS_Triton': 'bio_methanol', 'OSS_Ceto': 'vlsfo'}",Mandatory demand DEMAND-A is unfulfilled.
