tree
version=v4
num_class=1
num_tree_per_iteration=1
label_index=0
max_feature_idx=13
objective=regression
feature_names=stw_kn sog_kn draft_m displacement_t wind_speed_ms wind_direction_deg wave_height_m wave_period_s wave_direction_deg current_speed_ms current_direction_deg water_depth_m vessel_type fuel_type
feature_infos=[0:21.179951067474363] [0:21.079950575195312] [2.6725511074066164:7.8314468860626221] [6000:42000] [0:22] [0:359.91666666666669] [0.02:5.7000000000000002] [1.5:16.699999999999999] [0:359] [0:1.9099999999999999] [0:353] [5:342.84183738607629] -1:1:0:2 -1:1:0
tree_sizes=2885 2903 2919 2920 2909 2931 2923 2903 2903 2920 2899 2910 2962 2919 2927 2932 2922 2915 2935 2951 2931 2921 2925 2948 2970 2925 2939 2924 2923 2943 2928 2918 2932 2934 2913 2918 2929 2934 2929 2958 2963 2934 2926 2936 2921 2937 2954 2952 2932 2917 2942 2923 2974 2914 2926 2923 2911 2928 2917 2925 2947 2896 2966 2944 2918 2930 2929 2951 2938 2958 2921 2954 2945 2962 2943 2964 2942 2952 2950 2953 2931 2967 2928 2936 2975 2920 2950 2953 2950 2970 2930 2941 2975 2966 2947 2927 2981 2943 2950 2959 2959 2964 2925 2924 2983 2949 2946 2957 2921 2926 2974 2893 2960 2934 3012 2944 2934 2925 2929 2922 2881 2955 2923 2916 2954 2907 2947 2919 2917 2933 2928 2939 2868 2822 2945 2925 2853 2849 2919 2855 2892 2944 2817 2943 2867 2939 2832 2877 2888 2882

Tree=0
num_leaves=31
num_cat=0
split_feature=3 0 0 1 2 1 11 6 11 0 11 0 0 5 0 10 4 4 0 1 1 4 1 1 0 3 6 0 1 11
split_gain=6.47175e+10 3.04894e+10 8.98771e+09 3.71068e+09 7.71267e+08 7.77991e+08 3.2633e+08 8.77957e+08 6.35991e+08 2.74578e+08 2.51663e+08 2.42385e+08 1.92706e+08 1.76566e+08 9.24861e+07 1.44454e+08 8.78856e+07 8.16868e+07 7.65994e+07 8.4466e+07 7.26214e+07 7.80287e+07 7.23972e+07 5.72199e+07 5.53225e+07 4.82205e+07 4.69756e+07 4.65577e+07 3.83758e+07 3.55258e+07
threshold=25250.000000000004 14.379966810630801 18.379957119216922 0.99999769051669152 5.5858000000000017 6.1199858496971142 20.876902363572629 0.76060606060606073 20.682779021084816 16.039962506454472 32.539182051599006 19.019955969009406 12.780964191841049 246.77205882352942 0.44520146530287003 215.14174382716052 8.0758333333333354 10.145833333333334 17.999958659530645 18.579956991500861 18.579956991500861 2.4046568627450986 1.0000000180025095e-35 0.019999953988310573 8.9482511799928321 7250.0000000000009 1.6008333333333338 9.9403491686412639 13.359963216895524 55.257111901761021
decision_type=2 2 2 2 10 2 2 2 2 2 2 2 2 2 2 2 2 2 2 2 2 2 2 2 2 2 2 2 2 2
left_child=4 3 9 6 22 10 7 -2 -9 16 23 20 -5 24 17 -16 -3 -8 -11 -20 -4 -22 -1 -6 -7 -26 -13 -15 -24 -12
right_child=1 2 11 12 5 13 14 8 -10 18 29 26 -14 27 15 -17 -18 -19 19 -21 21 -23 28 -25 25 -27 -28 -29 -30 -31
leaf_value=1230.4639724282697 1291.6590921193674 1340.8896263092893 1399.2072748935423 1312.7981030903816 1234.7453283914483 1267.7944195939863 1284.5197517934159 1286.641809904261 1440.8800577005939 1355.2458904315342 1252.1339956634458 1422.649850367706 1324.8192771556382 1255.1905972278951 1287.6402262056536 1327.2901300018641 1354.2427717401749 1346.0932667526631 1390.4767177306885 1302.9052222173441 1334.0515685975404 1409.7241640577497 1242.426055643527 1246.259947028376 1286.8999043352349 1238.1691280700397 1407.6824206122101 1271.1057171261068 1235.7451193125191 1246.5838953030302
leaf_weight=5633 1434 7271 725 6486 5625 760 23993 103 189 7056 5115 5344 6879 2032 766 327 1504 53 266 31 101 52 2956 1369 1215 52 673 600 8844 6930
leaf_count=5633 1434 7271 725 6486 5625 760 23993 103 189 7056 5115 5344 6879 2032 766 327 1504 53 266 31 101 52 2956 1369 1215 52 673 600 8844 6930
internal_value=1291.97 1323.72 1369.61 1297.46 1243.15 1249.03 1286.75 1307.77 1386.64 1349.17 1244.55 1417.38 1318.99 1267.35 1285.3 1299.52 1343.19 1284.66 1356.31 1381.4 1392.52 1360.37 1235.17 1236.99 1278.45 1284.86 1421 1258.81 1237.41 1248.94
internal_weight=104384 63253 23023 40230 41131 23698 26865 1726 292 16128 19039 6895 13365 4659 25139 1093 8775 24046 7353 297 878 153 17433 6994 2027 1267 6017 2632 11800 12045
internal_count=104384 63253 23023 40230 41131 23698 26865 1726 292 16128 19039 6895 13365 4659 25139 1093 8775 24046 7353 297 878 153 17433 6994 2027 1267 6017 2632 11800 12045
is_linear=0
shrinkage=1


Tree=1
num_leaves=31
num_cat=0
split_feature=3 0 0 0 2 0 0 0 0 8 6 0 5 6 4 8 4 8 0 4 8 9 0 2 6 0 8 0 6 6
split_gain=5.84098e+10 2.75186e+10 8.26696e+09 3.07069e+09 6.96045e+08 7.02706e+08 2.70568e+08 2.18534e+08 2.01437e+08 1.60968e+08 1.27467e+08 1.04591e+08 1.95157e+08 2.79759e+08 8.6118e+07 7.74127e+07 7.23826e+07 7.18415e+07 6.61592e+07 6.91843e+07 6.03279e+07 5.58775e+07 5.19419e+07 7.24592e+07 4.98724e+07 4.38208e+07 4.08229e+07 3.80192e+07 2.79369e+07 2.7578e+07
threshold=25250.000000000004 14.280871504984122 18.379957119216922 0.49999881609046465 5.5858000000000017 6.1068796667851233 16.159962429824834 19.019955969009406 12.579970740760805 182.04166666666669 0.31933333333333336 0.16203430980392161 272.37009803921575 0.84083333333333343 8.1879166666666681 254.04166666666671 10.145833333333334 318.04166666666669 17.999958659530645 1.8926136363636366 294.36274509803928 0.27753787878787889 9.6964800574538454 7.334843802452089 0.43339506172839515 14.940017863342616 192.12500000000003 2.0571301421804313 2.2208333333333337 3.101666666666667
decision_type=2 2 2 2 10 2 2 2 2 2 2 2 2 2 2 2 2 2 2 2 2 2 2 10 2 2 2 2 2 2
left_child=4 3 6 11 27 10 14 15 -5 22 -6 16 24 -14 25 -4 26 -11 -8 -20 -9 -17 -7 -24 -13 -3 -2 -1 -22 -16
right_child=1 2 7 8 5 9 18 20 -10 17 -12 12 13 -15 29 21 -18 -19 19 -21 28 -23 23 -25 -26 -27 -28 -29 -30 -31
leaf_value=-57.116813514855977 -3.9319012923077068 41.198205700006959 103.60701065555696 17.921797480399142 -53.303424813005371 -17.415189538314902 60.604169684182743 125.03615388663138 30.26069984039054 -32.742915892661607 -43.032199109113073 -7.6021280409182737 3.4712418698805267 63.922719656220572 57.14758432466131 94.811178480784108 52.989693053002455 -13.707131762276763 31.194818913386424 95.955716604626616 115.1620968823004 40.940856803227398 -18.96012007822889 17.039222594330276 3.2973319657003977 49.096496435507802 -8.4147091503180818 -52.182383264508751 91.738963029744241 81.254875398523666
leaf_weight=6298 8364 2651 681 6238 3800 761 6446 4917 7057 2773 15180 2473 596 281 1494 95 50 606 51 246 922 102 234 344 1822 5514 12940 11135 178 135
leaf_count=6298 8364 2651 681 6238 3800 761 6446 4917 7057 2773 15180 2473 596 281 1494 95 50 606 51 246 922 102 234 344 1822 5514 12940 11135 178 135
internal_value=0.000275673 30.1607 73.152 4.86197 -46.3813 -40.7981 53.9696 119.145 24.4731 -23.5212 -45.0913 -4.9678 1.41154 22.8913 48.6484 95.539 -6.51288 -29.334 61.6901 84.9772 122.573 67.2666 -8.8414 2.45751 -2.97873 46.5375 -6.65502 -53.9682 111.459 59.1941
internal_weight=104384 63253 23432 39821 41131 23698 16537 6895 13295 4718 18980 26526 5172 877 9794 878 21354 3379 6743 297 6017 197 1339 578 4295 8165 21304 17433 1100 1629
internal_count=104384 63253 23432 39821 41131 23698 16537 6895 13295 4718 18980 26526 5172 877 9794 878 21354 3379 6743 297 6017 197 1339 578 4295 8165 21304 17433 1100 1629
is_linear=0
shrinkage=0.05


Tree=2
num_leaves=31
num_cat=0
split_feature=3 0 0 1 2 0 11 6 8 0 11 0 0 5 4 0 10 8 4 1 0 1 8 1 5 0 1 0 2 6
split_gain=5.27166e+10 2.48422e+10 7.3202e+09 3.03758e+09 6.28178e+08 6.3566e+08 2.84549e+08 7.70094e+08 6.50573e+08 2.24594e+08 2.20744e+08 1.97055e+08 1.63479e+08 1.58375e+08 7.36729e+07 7.0441e+07 1.45209e+08 6.97509e+07 6.73422e+07 6.08523e+07 5.98188e+07 7.08604e+07 5.43702e+07 5.10283e+07 4.39208e+07 3.96511e+07 3.53546e+07 3.36174e+07 5.02298e+07 3.24036e+07
threshold=25250.000000000004 14.379966810630801 18.379957119216922 0.73999829899484537 5.5858000000000017 7.0572628705318561 20.876902363572629 0.76060606060606073 274.03921568627453 16.159962429824834 32.539182051599006 19.019955969009406 12.860829924512387 234.04166666666671 7.8620833333333335 0.44520146530287003 215.14174382716052 254.04166666666671 10.145833333333334 1.0000000180025095e-35 17.999958659530645 18.579956991500861 294.36274509803928 0.019999953988310573 150.62500000000003 9.9403491686412639 13.359963216895524 9.2999783966751099 7.334843802452089 2.5020833333333337
decision_type=2 2 2 2 10 2 2 2 2 2 2 2 2 2 2 2 2 2 2 2 2 2 2 2 2 2 2 2 10 2
left_child=4 3 9 6 19 10 7 -2 -9 14 23 17 -5 27 -3 18 -17 -4 -8 -1 -11 -22 -13 -6 -19 -15 -21 -7 -29 -14
right_child=1 2 11 12 5 13 15 8 -10 20 -12 22 29 25 -16 16 -18 24 -20 26 21 -23 -24 -25 -26 -27 -28 28 -30 -31
leaf_value=-55.579078842016841 -0.32003918858648067 44.531860480788033 98.434255196579741 18.868093415423463 -51.911611664328262 -17.307476741929261 -6.8591721252593487 -3.3305164294467016 148.98905224730069 57.574428340823822 -38.632594263079284 118.78561844027205 29.443154469375703 -33.047270446944935 56.155372214726043 -5.0566817929943939 36.981553518232545 43.381910431960534 49.047698443377463 -44.407003351597922 89.059420748935665 8.8914026296138768 105.89504514716735 -41.125495672000348 91.895520482810142 -18.495668396317072 -50.808270937025249 -20.49413939303691 4.2942815083531061 59.172754055591341
leaf_weight=5633 1427 7706 681 6916 5625 908 23909 116 176 6446 12223 4917 6521 2002 1679 735 284 115 53 2956 266 31 1100 1394 82 617 8844 302 627 93
leaf_count=5633 1427 7706 681 6916 5625 908 23909 116 176 6446 12223 4917 6521 2002 1679 735 284 115 53 2956 266 31 1100 1394 82 617 8844 302 627 93
internal_value=0.000677763 28.6536 70.0731 4.94865 -44.0626 -38.7586 -4.83172 14.8397 88.6737 51.6333 -42.6997 113.192 24.2481 -21.7342 46.6171 -6.1859 6.68433 90.7757 -6.73347 -51.2701 58.607 80.7496 116.447 -49.7756 63.9375 -29.6275 -49.2086 -10.4708 -3.77732 29.8701
internal_weight=104384 63253 23023 40230 41131 23698 26700 1719 292 16128 19242 6895 13530 4456 9385 24981 1019 878 23962 17433 6743 297 6017 7019 197 2619 11800 1837 929 6614
internal_count=104384 63253 23023 40230 41131 23698 26700 1719 292 16128 19242 6895 13530 4456 9385 24981 1019 878 23962 17433 6743 297 6017 7019 197 2619 11800 1837 929 6614
is_linear=0
shrinkage=0.05


Tree=3
num_leaves=31
num_cat=0
split_feature=3 0 0 1 2 1 11 7 0 11 0 8 0 7 8 8 0 9 0 1 1 1 8 9 0 2 1 0 0 11
split_gain=4.75785e+10 2.24317e+10 6.8903e+09 2.44374e+09 5.66928e+08 5.74024e+08 2.56687e+08 9.78805e+08 2.50826e+08 1.9646e+08 1.77671e+08 1.34001e+08 1.16473e+08 8.62545e+07 6.45322e+07 6.28409e+07 6.25787e+07 2.20493e+08 6.09587e+07 6.39554e+07 6.0649e+07 5.49208e+07 4.90372e+07 4.77632e+07 4.41194e+07 6.13902e+07 4.40809e+07 3.89174e+07 3.88159e+07 3.26981e+07
threshold=25250.000000000004 14.160053463278464 18.379957119216922 0.61999857212659559 5.5858000000000017 6.1199858496971142 20.876902363572629 7.4020833333333345 15.819963573837283 32.539182051599006 19.019955969009406 182.04166666666669 12.579970740760805 6.7043560606060622 318.04166666666669 254.04166666666671 0.44520146530287003 0.23015151515151519 17.999958659530645 18.579956991500861 1.0000000180025095e-35 1.0000000180025095e-35 294.36274509803928 0.27753787878787889 9.6964800574538454 7.334843802452089 0.019999953988310573 0.19438611718302773 14.859965577217103 55.257111901761021
decision_type=2 2 2 2 10 2 2 2 2 2 2 2 2 2 2 2 2 2 2 2 2 2 2 2 2 10 2 2 2 2
left_child=4 3 8 6 21 9 7 13 28 26 15 24 -5 -2 -13 -4 20 -18 -10 -20 -8 -1 -12 -17 -7 -26 -6 -9 -3 -11
right_child=1 2 10 12 5 11 16 27 18 29 22 14 -14 -15 -16 23 17 -19 19 -21 -22 -23 -24 -25 25 -27 -28 -29 -30 -31
leaf_value=-52.800618156240823 -0.13160148440120631 37.833343542963952 93.519760076349428 17.089686003725159 -49.316492557139156 -15.631019004830598 -7.1165547178648998 95.458459576545877 53.492416555157675 -33.732111087289056 112.84754389132655 -29.655317514034749 26.683845534966949 54.47193793648168 -11.273597336915191 86.230041268666582 -5.1147825497378694 54.496288284510378 84.623129422191383 8.4607252216339113 2.9047654423124998 -46.748571946365779 100.60510287888586 36.45949823990609 -17.005156342202042 16.130875384344574 -39.213895889839115 155.61124369101952 44.865384884747428 -39.04553717965878
leaf_weight=5633 1495 3256 681 6152 5625 756 22279 46 8339 5115 4917 2745 6532 75 580 95 807 191 266 31 1619 11800 1100 102 234 344 1369 100 5170 6930
leaf_count=5633 1495 3256 681 6152 5625 756 22279 46 8339 5115 4917 2745 6532 75 580 95 807 191 266 31 1619 11800 1100 102 234 344 1369 100 5170 6930
internal_value=0.000966796 27.2217 65.3551 3.97242 -41.8599 -36.8211 -4.63587 14.0631 48.3042 -40.671 107.535 -21.0831 22.0322 2.50986 -26.4532 86.2502 -5.92523 6.33687 54.3003 76.7286 -6.43755 -48.707 110.627 60.7748 -7.6882 2.70973 -47.3449 137.437 42.1529 -36.7921
internal_weight=104384 63253 23957 39296 41131 23698 26612 1716 17062 19039 6895 4659 12684 1570 3325 878 24896 998 8636 297 23898 17433 6017 197 1334 578 6994 146 8426 12045
internal_count=104384 63253 23957 39296 41131 23698 26612 1716 17062 19039 6895 4659 12684 1570 3325 878 24896 998 8636 297 23898 17433 6017 197 1334 578 6994 146 8426 12045
is_linear=0
shrinkage=0.05


Tree=4
num_leaves=31
num_cat=0
split_feature=3 0 0 1 2 0 11 7 11 0 0 0 5 7 1 4 0 4 9 1 0 1 1 4 6 4 0 1 6 3
split_gain=4.29412e+10 2.02489e+10 5.86708e+09 2.56828e+09 5.11637e+08 5.19387e+08 2.33826e+08 8.81865e+08 1.79671e+08 1.72849e+08 1.60199e+08 1.3866e+08 1.31796e+08 7.7211e+07 6.60693e+07 6.37617e+07 5.95967e+07 5.12856e+07 5.6609e+07 4.95708e+07 4.85783e+07 5.77231e+07 4.14136e+07 3.55373e+07 3.55135e+07 3.47393e+07 3.34284e+07 3.19821e+07 3.06737e+07 2.95178e+07
threshold=25250.000000000004 14.479966376014712 18.379957119216922 0.99999769051669152 5.5858000000000017 7.0572628705318561 20.876902363572629 7.4020833333333345 32.539182051599006 16.159962429824834 19.019955969009406 13.038104330365876 234.04166666666671 6.7043560606060622 1.0000000180025095e-35 7.3841666666666681 0.44520146530287003 2.4046568627450986 0.27502450980392162 1.0000000180025095e-35 17.999958659530645 18.579956991500861 0.019999953988310573 2.4652450980392167 1.6008333333333338 9.7508333333333344 9.9403491686412639 13.359963216895524 2.5020833333333337 7250.0000000000009
decision_type=2 2 2 2 10 2 2 2 2 2 2 2 2 2 2 2 2 2 2 2 2 2 2 2 2 2 2 2 2 2
left_child=4 3 9 6 19 8 7 13 22 15 17 -5 29 -2 16 -3 -8 18 -4 -1 -11 -22 -6 -9 -12 -16 -14 -21 -13 -7
right_child=1 2 10 11 5 12 14 23 -10 20 24 28 26 -15 25 -17 -18 -19 -20 27 21 -23 -24 -25 -26 -27 -28 -29 -30 -31
leaf_value=-50.16105593171153 0.13048473884875034 40.198389692173905 82.297327917028355 17.543961334692586 -46.851106108208803 -8.2633318139294669 -6.7607429083630102 91.176795775095627 -34.873713218691464 52.021949161353817 106.52569254667677 27.17789446012965 -29.931985405033011 51.784178516990259 2.2386788412577965 50.624853830072048 6.4070289854388225 89.287488022204343 31.867272996613476 -39.850765787356202 80.407819181863744 8.0509089237451548 -37.133779290018119 148.29185930175782 93.610960558430023 45.305831279754642 -16.572691842606925 -45.930980580020993 54.431783628643679 -47.621395164022644
leaf_weight=5633 1505 7190 134 7207 5625 1789 22279 47 12223 6446 5344 6381 2002 75 1920 1867 893 646 98 2956 266 31 1394 99 673 47 617 8844 105 48
leaf_count=5633 1505 7190 134 7207 5625 1789 22279 47 12223 6446 5344 6381 2002 75 1920 1867 893 646 98 2956 266 31 1394 99 673 47 617 8844 105 48
internal_value=0.0012707 25.8615 63.6788 4.69902 -39.7673 -34.9805 -4.2838 13.5135 -38.543 46.8797 102.162 22.3219 -19.5918 2.61361 -5.50622 42.353 -6.25303 81.95 61.2232 -46.272 52.9526 72.9078 -44.9268 130.651 105.097 3.29024 -26.7923 -44.4113 27.6274 -9.31709
internal_weight=104384 63253 22695 40558 41131 23698 26865 1726 19242 15800 6895 13693 4456 1580 25139 9057 23172 878 232 17433 6743 297 7019 146 6017 1967 2619 11800 6486 1837
internal_count=104384 63253 22695 40558 41131 23698 26865 1726 19242 15800 6895 13693 4456 1580 25139 9057 23172 878 232 17433 6743 297 7019 146 6017 1967 2619 11800 6486 1837
is_linear=0
shrinkage=0.05


Tree=5
num_leaves=31
num_cat=0
split_feature=3 1 1 1 2 1 11 7 1 11 1 8 1 8 5 7 1 8 8 6 1 7 1 8 6 11 1 11 6 6
split_gain=3.8756e+10 1.80825e+10 5.21464e+09 2.35489e+09 4.61746e+08 4.68659e+08 2.11223e+08 7.96928e+08 1.67812e+08 1.59898e+08 1.33385e+08 1.11792e+08 9.67168e+07 1.15177e+08 7.89586e+07 6.98259e+07 5.96434e+07 5.45636e+07 5.45122e+07 4.59295e+07 4.4739e+07 3.84804e+07 3.58235e+07 3.51461e+07 3.2035e+07 2.99289e+07 2.90679e+07 2.56191e+07 2.55736e+07 2.42542e+07
threshold=25250.000000000004 14.019955485939203 17.58995901403809 0.99999769051669152 5.5858000000000017 6.1199858496971142 20.876902363572629 7.4020833333333345 15.581623976740644 32.539182051599006 12.139971875208955 182.04166666666669 18.59995679335022 254.04166666666671 147.37500000000003 6.7380681818181829 1.0000000180025095e-35 185.37500000000003 318.04166666666669 3.101666666666667 1.0000000180025095e-35 9.3012254901960798 0.019999953988310573 294.36274509803928 1.0803703703703706 52.689545455218465 12.499970791847231 175.85592669041588 1.640714285714286 1.3004166666666668
decision_type=2 2 2 2 10 2 2 2 2 2 2 2 2 2 2 2 2 2 2 2 2 2 2 2 2 2 2 2 2 2
left_child=4 3 8 6 20 9 7 15 19 22 27 21 13 -4 -15 -2 17 -8 -13 29 -1 -7 -6 -14 -9 -11 -22 -5 -25 -3
right_child=1 2 12 10 5 11 16 24 -10 25 -12 18 23 14 -16 -17 -18 -19 -20 -21 26 -23 -24 28 -26 -27 -28 -29 -30 -31
leaf_value=-47.653448329027725 0.17252822736189921 37.980425317721028 91.687841283079052 18.488358139364546 -44.508967161588814 -10.312484093894021 -2.6793157550692506 140.95141728515625 50.117053706463253 -29.460485327584401 25.599364767670334 -26.859398261290437 101.45884669121777 28.612645467373962 80.468584192880201 50.243188386681965 3.1269333711338261 -7.7457548574052808 -9.966090011465365 69.415556795560391 -36.615527418455279 13.576234799780028 -35.401405405681501 97.58124991115136 86.712932052612302 -34.890030073433785 -43.319692701055246 11.653644908882598 80.923276741407577 44.830401815113881
leaf_weight=5633 1508 7065 1219 3183 5625 1137 8258 99 6980 3730 8007 2745 4382 138 160 72 1967 14914 580 129 1992 197 1369 631 47 8315 9808 2423 441 1630
leaf_count=5633 1508 7065 1219 3183 5625 1137 8258 99 6980 3730 8007 2745 4382 138 160 72 1967 14914 580 129 1992 197 1369 631 47 8315 9808 2423 441 1630
internal_value=0.00154959 24.5692 60.2083 4.51587 -37.7794 -33.2319 -4.06898 12.8463 44.3138 -36.7106 21.457 -19.0115 96.2314 84.8431 56.6308 2.48457 -5.23081 -5.94038 -23.9165 39.7181 -43.9588 -6.77716 -42.7316 99.3829 124.2 -33.2112 -42.1911 15.5369 90.8103 39.2696
internal_weight=104384 63253 22775 40478 41131 23698 26865 1726 15804 19039 13613 4659 6971 1517 298 1580 25139 23172 3325 8824 17433 1334 6994 5454 146 12045 11800 5606 1072 8695
internal_count=104384 63253 22775 40478 41131 23698 26865 1726 15804 19039 13613 4659 6971 1517 298 1580 25139 23172 3325 8824 17433 1334 6994 5454 146 12045 11800 5606 1072 8695
is_linear=0
shrinkage=0.05


Tree=6
num_leaves=31
num_cat=2
split_feature=12 0 0 1 2 0 0 11 7 11 0 5 0 7 4 4 0 0 1 4 9 1 1 5 12 0 4 2 0 1
split_gain=3.49787e+10 1.65375e+10 5.11426e+09 1.74307e+09 4.16725e+08 4.25165e+08 1.93386e+08 1.88831e+08 7.22636e+08 1.48544e+08 1.32071e+08 1.15887e+08 7.9561e+07 6.38751e+07 6.3816e+07 5.54661e+07 5.15508e+07 4.54271e+07 4.89833e+07 4.19561e+07 4.69543e+07 4.03782e+07 3.39623e+07 3.10304e+07 2.9394e+07 3.23421e+07 2.88778e+07 2.69519e+07 2.68165e+07 2.66571e+07
threshold=0 14.13994659304865 18.379957119216922 0.61999857212659559 5.5858000000000017 7.5068733161599308 15.819963573837283 20.876902363572629 7.4020833333333345 32.539182051599006 19.019955969009406 248.04166666666671 12.579970740760805 6.7043560606060622 8.3970833333333363 10.145833333333334 0.44520146530287003 17.999958659530645 18.579956991500861 2.4046568627450986 0.27502450980392162 1.0000000180025095e-35 0.019999953988310573 309.54166666666669 1 9.2999783966751099 2.4652450980392167 7.5652331590652473 9.9403491686412639 13.359963216895524
decision_type=1 2 2 2 10 2 2 2 2 2 2 2 2 2 2 2 2 2 2 2 2 2 2 2 1 2 2 10 2 2
left_child=1 3 6 7 21 9 14 8 13 22 19 24 -5 -1 -3 16 -9 -8 -19 20 -4 -2 -6 -12 25 -7 -10 -11 -13 -23
right_child=4 2 10 12 5 11 17 15 26 27 23 28 -14 -15 -16 -17 -18 18 -20 -21 -22 29 -24 -25 -26 -27 -28 -29 -30 -31
leaf_value=-0.14016591468401363 -45.271198824718994 34.165449786064492 74.375546300817419 14.598948093751353 -42.28391424415716 -13.543041432599461 45.923055969859206 -5.6599313708229388 82.467607981363926 -24.938988605552254 96.499537392011632 -27.214035562089737 22.583981097308154 46.848757647464147 46.142980563214138 45.540064640751595 5.9348310802460791 72.888267798263044 6.2750178886950021 80.565495166336376 28.458857852714232 -35.919464372925795 -33.519808167727646 85.774319377042815 -44.017989128960508 0.057008416665910222 133.97432219238283 -32.269487687760218 -15.031638707254885 -41.46895153111641
leaf_weight=1495 5633 7285 134 6152 5625 849 8339 23845 47 1439 5136 1904 6349 75 1324 53 998 266 31 646 98 2956 1408 881 53 900 99 10922 598 8844
leaf_count=1495 5633 7285 134 6152 5625 849 8339 23845 47 1439 5136 1904 6349 75 1324 53 998 266 31 646 98 2956 1408 881 53 900 99 10922 598 8844
internal_value=0.00180953 23.3416 55.8835 3.25622 -35.8908 -31.5707 41.3272 -3.9782 12.0598 -34.726 92.2789 -17.3482 18.6559 2.13292 36.0127 -5.08409 -5.19392 46.6204 65.9798 73.9295 55.1851 -41.7612 -40.5344 94.9437 -7.67454 -6.54869 118.067 -31.4182 -24.3095 -40.0819
internal_weight=104384 63253 24140 39113 41131 23698 17245 26612 1716 19394 6895 4304 12501 1570 8609 24896 24843 8636 297 878 232 17433 7033 6017 1802 1749 146 12361 2502 11800
internal_count=104384 63253 24140 39113 41131 23698 17245 26612 1716 19394 6895 4304 12501 1570 8609 24896 24843 8636 297 878 232 17433 7033 6017 1802 1749 146 12361 2502 11800
cat_boundaries=0 1 2
cat_threshold=2 1
is_linear=0
shrinkage=0.05


Tree=7
num_leaves=31
num_cat=0
split_feature=3 0 0 1 3 0 7 0 0 7 6 9 0 5 0 7 1 4 0 8 0 1 8 9 0 6 6 8 4 8
split_gain=3.15696e+10 1.4927e+10 4.32029e+09 1.87717e+09 2.31684e+08 4.67923e+08 2.0071e+08 1.2784e+08 1.19085e+08 1.06352e+08 2.68841e+08 1.17722e+08 1.01979e+08 9.7988e+07 6.01494e+07 1.58003e+08 5.13074e+07 4.88094e+07 4.82064e+07 4.22105e+07 3.87593e+07 4.42123e+07 3.75654e+07 3.29626e+07 2.85193e+07 2.51697e+07 2.34747e+07 2.27167e+07 2.21872e+07 2.11507e+07
threshold=25250.000000000004 14.479966376014712 18.379957119216922 0.99999769051669152 7250.0000000000009 6.1068796667851233 4.4491477272727282 15.97996235939026 19.019955969009406 8.2927083333333353 1.1533823529411766 0.14835784313725495 13.038104330365876 246.77205882352942 0.30130323148743332 6.7380681818181829 1.0000000180025095e-35 7.8620833333333335 9.2999783966751099 254.04166666666671 17.999958659530645 18.579956991500861 294.36274509803928 0.27753787878787889 9.9403491686412639 2.3608333333333338 2.2208333333333337 330.70833333333343 3.6579166666666674 298.00980392156868
decision_type=2 2 2 2 2 2 2 2 2 2 2 2 2 2 2 2 2 2 2 2 2 2 2 2 2 2 2 2 2 2
left_child=4 3 7 9 5 6 -1 17 19 14 11 -11 28 18 16 -16 -2 -3 -7 -4 -9 -22 -10 -21 -15 29 -24 -8 -5 -14
right_child=1 2 8 12 -6 13 27 20 22 10 -12 -13 25 24 15 -17 -18 -19 -20 23 21 -23 26 -25 -26 -27 -28 -29 -30 -31
leaf_value=-41.689141109509364 -5.4306818695852428 33.969365215015721 76.200215491689207 17.032169389378318 -38.999934614443504 -15.467147713115148 -30.170947637943414 44.113912110441007 92.131260910809843 113.1095971883138 -5.6634114982806727 -5.7241484342302602 24.420071197083484 -26.002722139764241 0.82268411195992519 65.619898151086304 3.77627657191168 44.095818138200407 0.073717542665288502 70.509104827245082 69.257506722439544 5.971071509122849 84.797087259509581 29.189822999898674 -13.485572804530259 42.573149558666138 63.923927547518772 -35.202438703469355 11.222007301584622 16.702202761254917
leaf_weight=6500 22419 6606 681 4652 15208 1122 11950 7428 4917 89 259 27 5234 2044 2352 97 1622 1469 898 95 266 31 922 102 590 171 178 2819 2555 1081
leaf_count=6500 22419 6606 681 4652 15208 1122 11950 7428 4917 89 259 27 5234 2044 2352 97 1622 1469 898 95 266 31 922 102 590 171 178 2819 2555 1081
internal_value=0.0019882 22.1752 54.6447 4.00538 -34.0967 -31.2187 -34.3613 40.2292 87.6676 -3.67429 22.7316 85.6375 19.0717 -16.8526 -4.04894 3.41491 -4.80937 35.8168 -8.56177 70.2434 44.8363 62.6941 90.198 49.3709 -23.2051 23.6216 81.4806 -31.1336 14.9742 23.1018
internal_weight=104384 63253 22695 40558 41131 25923 21269 15800 6895 26865 375 116 13693 4654 26490 2449 24041 8075 2020 878 7725 297 6017 197 2634 6486 1100 14769 7207 6315
internal_count=104384 63253 22695 40558 41131 25923 21269 15800 6895 26865 375 116 13693 4654 26490 2449 24041 8075 2020 878 7725 297 6017 197 2634 6486 1100 14769 7207 6315
is_linear=0
shrinkage=0.05


Tree=8
num_leaves=31
num_cat=0
split_feature=3 0 0 0 2 0 11 7 0 11 0 5 0 7 4 4 11 8 0 4 8 11 9 4 11 2 11 0 8 6
split_gain=2.84925e+10 1.34821e+10 4.16328e+09 1.35182e+09 3.41852e+08 3.46823e+08 1.66497e+08 6.04807e+08 1.57632e+08 1.23308e+08 1.07381e+08 9.50839e+07 8.44151e+07 5.48282e+07 5.2738e+07 5.23015e+07 3.85745e+07 3.80331e+07 3.70221e+07 4.12578e+07 3.38761e+07 3.36494e+07 2.9783e+07 2.57536e+07 2.54278e+07 2.52596e+07 2.49305e+07 2.35435e+07 2.34314e+07 2.33001e+07
threshold=25250.000000000004 14.13994659304865 18.379957119216922 0.49999881609046465 5.5858000000000017 7.5068733161599308 20.876902363572629 7.4020833333333345 15.819963573837283 32.539182051599006 19.019955969009406 248.04166666666671 11.959972063575746 6.683712121212122 8.3970833333333363 10.145833333333334 79.705660969726708 254.04166666666671 17.999958659530645 2.3412500000000005 293.03333333333336 197.59788178585998 0.27753787878787889 2.4652450980392167 137.12301093660236 7.334843802452089 52.689545455218465 14.859965577217103 8.8750000000000018 3.101666666666667
decision_type=2 2 2 2 10 2 2 2 2 2 2 2 2 2 2 2 2 2 2 2 2 2 2 2 2 10 2 2 2 2
left_child=4 3 8 6 -1 9 7 13 14 -6 17 24 21 -2 27 16 -8 -4 -10 -20 -12 -5 -19 -9 25 -7 -11 -3 -13 -16
right_child=1 2 10 12 5 11 15 23 18 26 20 28 -14 -15 29 -17 -18 22 19 -21 -22 -23 -24 -25 -26 -27 -28 -29 -30 -31
leaf_value=-37.709020342914918 0.36822003053521279 27.366808797891562 72.395787572329354 13.943282793345569 -36.621001216030479 -16.664616554151948 -6.8357266640704744 75.119470443725589 41.46549605703126 -24.955555795465159 87.542468041085755 8.2995186233520499 19.651622546166642 43.638741990126569 39.515656684811916 43.759139556884769 -2.8620215091911172 67.02037296613058 24.558135289584893 69.621189237652416 77.484269170940408 4.802644699224917 27.744500661312959 123.55784672851563 -19.803493110146491 -0.75655425096086193 -29.833969320911599 33.20145902786043 -22.710880613154146 62.452670859685021
leaf_weight=17433 1487 2955 681 3385 7033 316 10953 47 8339 3853 4901 62 7767 76 1199 55 13809 95 67 230 1116 1435 102 99 313 1173 8508 4330 2440 125
leaf_count=17433 1487 2955 681 3385 7033 316 10953 47 8339 3853 4901 62 7767 76 1199 55 13809 95 67 230 1116 1435 102 99 313 1173 8508 4330 2440 125
internal_value=0.00222014 21.0672 50.4496 2.93193 -32.3921 -28.4793 -3.47129 11.6197 37.3162 -31.3291 83.2872 -15.6338 16.4254 2.49878 32.518 -4.51094 -4.61992 66.7413 42.095 59.572 85.6901 11.2235 46.9275 108.582 -6.87143 -4.14153 -28.3155 30.8388 -21.9394 41.7267
internal_weight=104384 63253 24140 39113 41131 23698 26526 1709 17245 19394 6895 4304 12587 1563 8609 24817 24762 878 8636 297 6017 4820 197 146 1802 1489 12361 7285 2502 1324
internal_count=104384 63253 24140 39113 41131 23698 26526 1709 17245 19394 6895 4304 12587 1563 8609 24817 24762 878 8636 297 6017 4820 197 146 1802 1489 12361 7285 2502 1324
is_linear=0
shrinkage=0.05


Tree=9
num_leaves=31
num_cat=0
split_feature=3 0 0 0 11 3 0 11 7 0 0 0 5 6 11 11 6 11 9 0 8 0 0 8 11 11 0 9 11 6
split_gain=2.57155e+10 1.21714e+10 3.81705e+09 1.1578e+09 1.94799e+08 3.14025e+08 2.50581e+08 1.53969e+08 5.46668e+08 1.52582e+08 9.68212e+07 8.1984e+07 7.61778e+07 5.0465e+07 4.95779e+07 1.34013e+08 4.20965e+07 3.65576e+07 2.30557e+08 5.21362e+07 3.42691e+07 3.3474e+07 3.21363e+07 3.05707e+07 3.05356e+07 2.94058e+07 2.87855e+07 2.69101e+07 2.53419e+07 2.32174e+07
threshold=25250.000000000004 14.039967583885195 18.379957119216922 0.44520146530287003 7.4417474773993915 7250.0000000000009 8.8257749581760265 20.876902363572629 7.4020833333333345 15.819963573837283 19.019955969009406 11.959972063575746 248.04166666666671 0.43339506172839515 79.705660969726708 53.530094638705926 2.9541666666666671 36.972016444086492 0.23015151515151519 0.89934963219383646 254.04166666666671 17.999958659530645 14.859965577217103 294.36274509803928 145.25178461759691 199.80677468231644 5.4778346966344351 0.27753787878787889 34.663429674957491 1.0803703703703706
decision_type=2 2 2 2 2 2 2 2 2 2 2 2 2 2 2 2 2 2 2 2 2 2 2 2 2 2 2 2 2 2
left_child=4 3 9 7 -1 6 26 8 13 16 20 17 24 -2 15 -9 22 18 -5 -19 -4 -11 -3 -12 -8 -16 28 -22 -6 -10
right_child=1 2 10 11 5 -7 12 14 29 21 23 -13 -14 -15 25 -17 -18 19 -20 -21 27 -23 -24 -25 -26 -27 -28 -29 -30 -31
leaf_value=-38.073289598667436 -6.1273036426039562 26.67087171782191 68.781307257822888 6.9105258691274321 -31.989586207834805 -34.988801721736131 0.97556056657039081 -3.9260135801409684 117.44173259277343 39.392471323610209 83.151038201182018 18.327379244516262 -18.923342817194175 11.909945412417505 -1.9416930128639631 -17.162927481030525 56.696918212097955 -4.5253473406512397 74.601344104424513 10.661283407798781 63.704260034561152 56.609192385433509 32.809354235815917 73.54259335219048 -19.808875424353431 -11.683466632209935 -21.58237731778177 26.370744702607681 -27.04578524526038 71.441746753851575
leaf_weight=7486 825 3742 681 651 3366 13669 1087 8021 99 8339 4917 7395 1510 730 12948 2510 153 661 155 3876 95 297 5086 1100 210 823 1902 102 11901 47
leaf_count=7486 825 3742 681 651 3366 13669 1087 8021 99 8339 4917 7395 1510 730 12948 2510 153 661 155 3876 95 297 5086 1100 210 823 1902 102 11901 47
internal_value=0.00247565 20.0146 47.5875 2.56797 -30.7727 -29.1472 -25.1484 -3.48186 11.0566 35.2403 79.1253 14.9172 -11.2932 2.34255 -4.49989 -7.08228 30.6682 10.1949 20.0043 8.44822 63.4137 39.9911 30.2107 81.407 -2.40236 -2.5247 -27.4129 44.6051 -28.1378 103.22
internal_weight=104384 63253 24512 38741 41131 33645 19976 26003 1701 17617 6895 12738 2807 1555 24302 10531 8981 5343 806 4537 878 8636 8828 6017 1297 13771 17169 197 15267 146
internal_count=104384 63253 24512 38741 41131 33645 19976 26003 1701 17617 6895 12738 2807 1555 24302 10531 8981 5343 806 4537 878 8636 8828 6017 1297 13771 17169 197 15267 146
is_linear=0
shrinkage=0.05


Tree=10
num_leaves=31
num_cat=0
split_feature=3 0 0 1 1 0 0 0 0 8 7 6 4 4 1 0 5 4 7 8 8 3 8 0 1 7 8 5 0 6
split_gain=2.32091e+10 1.0985e+10 3.44516e+09 1.11351e+09 1.76289e+08 2.69685e+08 1.44383e+08 1.37955e+08 8.72998e+07 7.6573e+07 7.4388e+07 2.05642e+08 7.64313e+07 4.84797e+07 4.75463e+07 4.43373e+07 1.50983e+08 4.32586e+07 4.03543e+07 3.50322e+07 3.08775e+07 3.03426e+07 3.90952e+07 2.96688e+07 3.73944e+07 2.91613e+07 2.75869e+07 2.30708e+07 2.23848e+07 2.20219e+07
threshold=25250.000000000004 14.039967583885195 18.379957119216922 0.51999881025514538 0.019999953988310573 12.261389200851037 8.8257749581760265 15.879962886695862 19.019955969009406 70.023148148148167 8.2927083333333353 1.1533823529411766 1.8270833333333336 8.3970833333333363 11.979972277558968 0.30130323148743332 256.04166666666669 10.145833333333334 5.5508333333333342 339.04166666666669 254.04166666666671 7250.0000000000009 340.54166666666669 17.999958659530645 18.579956991500861 9.2604166666666696 293.03333333333336 150.62500000000003 14.859965577217103 2.2208333333333337
decision_type=2 2 2 2 2 2 2 2 2 2 2 2 2 2 2 2 2 2 2 2 2 2 2 2 2 2 2 2 2 2
left_child=4 3 7 10 18 6 -6 13 20 25 15 12 -12 28 -5 17 -17 -2 -1 -11 -4 22 -20 -9 -25 -8 -10 -22 -3 -28
right_child=1 2 8 14 5 -7 9 23 26 19 11 -13 -14 -15 -16 16 -18 -19 21 -21 27 -23 -24 24 -26 -27 29 -29 -30 -31
leaf_value=-35.966363549351222 -4.3688838544431556 24.570215442783358 65.347285959685664 11.497407358914426 -25.375461488674588 -33.429930253540988 -5.9898042160669966 37.565347393633672 79.009529421217636 -21.068387759722466 -5.1347859008789065 -6.013316604879372 94.850759803937834 37.806301254799365 17.764685269405305 -3.9557431856018148 26.759313324907346 41.2888933974046 -23.923729143388073 -4.072258558580522 27.562119366547162 -35.273447628363407 -36.417166970666436 59.823515356785805 1.7503055369853975 16.542666922482578 73.088451692790841 62.620528369581841 30.013591132811509 53.210271130978072
leaf_weight=8593 23814 3302 681 5552 13964 10055 779 8046 4901 2064 24 258 91 1418 6677 1757 517 51 2331 356 115 1950 864 266 31 175 936 82 4554 180
leaf_count=8593 23814 3302 681 5552 13964 10055 779 8046 4901 2064 24 258 91 1418 6677 1757 517 51 2331 356 115 1950 864 266 31 175 936 82 4554 180
internal_value=0.00264003 19.0145 45.2092 2.43992 -29.2343 -26.9132 -23.1322 33.4789 75.1713 -13.8431 -3.31725 18.8247 74.1198 29.2738 14.9205 -3.63393 3.0361 -4.26959 -33.8601 -18.5708 60.2521 -30.3361 -27.3126 38.1492 53.7882 -1.84349 77.3379 42.3975 27.7291 69.9328
internal_weight=104384 63253 24512 38741 41131 27393 17338 17617 6895 3374 26512 373 115 9274 12229 26139 2274 23865 13738 2420 878 5145 3195 8343 297 954 6017 197 7856 1116
internal_count=104384 63253 24512 38741 41131 27393 17338 17617 6895 3374 26512 373 115 9274 12229 26139 2274 23865 13738 2420 878 5145 3195 8343 297 954 6017 197 7856 1116
is_linear=0
shrinkage=0.05


Tree=11
num_leaves=31
num_cat=2
split_feature=12 0 0 1 11 12 0 11 7 0 0 0 5 7 4 4 7 4 9 0 11 7 0 4 5 11 6 4 4 7
split_gain=2.09469e+10 9.92012e+09 2.83886e+09 1.28069e+09 1.61188e+08 2.53546e+08 2.11202e+08 1.27821e+08 4.6594e+08 8.62008e+07 7.87168e+07 7.66592e+07 6.43424e+07 4.75045e+07 4.05864e+07 3.93885e+07 3.69282e+07 2.78491e+07 2.95508e+07 2.68021e+07 2.58932e+07 2.3921e+07 2.37062e+07 3.50153e+07 2.35144e+07 2.30089e+07 2.12801e+07 2.09004e+07 2.04769e+07 1.79553e+07
threshold=0 14.500664368361599 18.379957119216922 0.61999857212659559 7.3565387915560505 1 8.8257749581760265 20.876902363572629 7.4020833333333345 16.159962429824834 19.019955969009406 13.038104330365876 248.04166666666671 6.7380681818181829 10.145833333333334 4.5004166666666672 6.9752450980392169 2.4046568627450986 0.27502450980392162 6.1068796667851233 145.25178461759691 7.8465277777777791 17.999958659530645 2.3412500000000005 80.041666666666671 32.539182051599006 2.8375000000000008 2.4652450980392167 3.6579166666666674 9.3586805555555586
decision_type=1 2 2 2 2 1 2 2 2 2 2 2 2 2 2 2 2 2 2 2 2 2 2 2 2 2 2 2 2 2
left_child=1 3 9 7 -2 6 19 8 13 15 17 28 20 -1 16 -3 -9 18 -4 25 -8 -12 -11 -24 -17 -6 -13 -10 -5 -14
right_child=4 2 10 11 5 -7 12 14 27 22 21 26 29 -15 -16 24 -18 -19 -20 -21 -22 -23 23 -25 -26 -27 -28 -29 -30 -31
leaf_value=0.18588046724675378 -34.615680196646878 26.658939261243855 57.232989911114728 13.950471179986819 -28.95407415045554 -31.605244079182171 1.2044139393054019 -3.5860388892880892 65.191544435818997 36.517336886651727 74.639018018184487 19.14151474190523 -17.967290322900467 41.491537777626355 39.275737655074515 26.731395358515922 -11.055420318249274 62.645099891532894 20.842667623674028 -19.054697323007034 -17.931916490414697 64.268687481796533 18.935990657455783 60.358768549502159 35.66117635370761 -24.42808118535488 49.410370369604081 108.65013798828124 8.4509624764772955 16.094100807189943
leaf_weight=1498 7126 4938 134 4850 3720 13671 1089 23061 47 6446 5334 6600 1471 72 53 1008 1782 646 98 1814 210 683 67 230 2939 11991 58 99 2610 39
leaf_count=1498 7126 4938 134 4850 3720 13671 1089 23061 47 6446 5334 6600 1471 72 53 1008 1782 646 98 1814 210 683 67 230 2939 11991 58 99 2610 39
internal_value=0.00275727 18.0643 44.6911 3.3394 -27.7728 -26.3379 -22.7951 -3.11842 10.0767 32.8967 71.4153 15.5115 -10.0622 2.10536 -4.02828 29.6516 -4.12224 57.2483 42.0167 -24.8353 -1.90063 73.4727 37.1675 51.1092 33.388 -25.5015 19.4126 95.1987 12.0278 -17.0775
internal_weight=104384 63253 22523 40730 41131 34005 20334 26612 1716 15628 6895 14118 2809 1570 24896 8885 24843 878 232 17525 1299 6017 6743 297 3947 15711 6658 146 7460 1510
internal_count=104384 63253 22523 40730 41131 34005 20334 26612 1716 15628 6895 14118 2809 1570 24896 8885 24843 878 232 17525 1299 6017 6743 297 3947 15711 6658 146 7460 1510
cat_boundaries=0 1 2
cat_threshold=2 1
is_linear=0
shrinkage=0.05


Tree=12
num_leaves=31
num_cat=1
split_feature=12 0 0 1 2 0 11 6 8 0 11 0 5 8 0 11 4 1 1 11 6 8 8 1 4 1 11 1 1 6
split_gain=1.89053e+10 8.95827e+09 2.80381e+09 9.04516e+08 2.3234e+08 2.36356e+08 1.15699e+08 3.43053e+08 2.93841e+08 1.12612e+08 7.97963e+07 7.0977e+07 6.79655e+07 4.52955e+07 5.06949e+07 4.95322e+07 4.34572e+07 3.94055e+07 3.1531e+07 2.86695e+07 2.84267e+07 2.53972e+07 2.41124e+07 2.38588e+07 3.82694e+07 2.88615e+07 2.29876e+07 2.20795e+07 2.1801e+07 2.09546e+07
threshold=0 14.039967583885195 18.379957119216922 0.51999881025514538 5.5858000000000017 7.5068733161599308 20.876902363572629 0.75023809523809526 274.03921568627453 15.97996235939026 32.539182051599006 19.019955969009406 248.04166666666671 218.0037878787879 0.44520146530287003 79.705660969726708 7.8620833333333335 11.979972277558968 1.0000000180025095e-35 175.85592669041588 0.23990740740740746 254.04166666666671 297.04166666666674 17.436626025792446 3.152083333333334 17.349959723434452 37.026206013103618 0.059999861964931712 13.509963103570726 3.101666666666667
decision_type=1 2 2 2 10 2 2 2 2 2 2 2 2 2 2 2 2 2 2 2 2 2 2 2 2 2 2 2 2 2
left_child=1 3 9 6 18 10 7 20 -9 16 27 21 -7 14 -8 -15 -3 19 -2 -5 -1 -4 -13 25 -25 -11 -12 -6 -20 -18
right_child=4 2 11 17 5 12 13 8 -10 23 26 22 -14 15 -16 -17 29 -19 28 -21 -22 -23 -24 24 -26 -27 -28 -29 -30 -31
leaf_value=-17.987955119316901 -33.86168407801749 25.153515605849531 59.014212345056173 13.253723465112982 -31.088816296044548 -5.1469272941076554 -2.4876621764265625 -1.9574936215641086 99.377161963080297 34.690634846364375 -17.693345491535037 71.307156031638186 -17.885605018216992 -9.644179211189309 12.789103581483646 -3.1527539657537673 32.222064748377463 16.031893642686764 -25.796587011291962 5.912340155328466 2.2217473635689187 38.204756749374695 62.660200131216925 28.399160884110032 61.480615817216723 16.356704322422875 -23.955154739149194 -23.745571065696797 -30.629935016705971 52.611220868791854
leaf_weight=202 5633 8148 681 3337 5765 1802 12370 120 176 7138 1717 4961 2502 5375 567 6485 1605 6677 3282 2215 1217 197 1056 156 207 224 10644 1268 8518 139
leaf_count=202 5633 8148 681 3337 5765 1802 12370 120 176 7138 1717 4961 2502 5375 567 6485 1605 6677 3282 2215 1217 197 1056 156 207 224 10644 1268 8518 139
internal_value=0.00293472 17.1617 40.8169 2.19412 -26.3844 -23.1587 -2.99472 9.56144 58.4273 30.2346 -25.5113 67.8466 -12.5546 -3.86348 -1.81718 -6.09526 26.6947 13.4427 -30.7677 10.3264 -0.665818 54.3939 69.8003 34.7636 47.3809 34.1351 -23.0869 -29.7684 -29.2879 33.8763
internal_weight=104384 63253 24512 38741 41131 23698 26512 1715 296 17617 19394 6895 4304 24797 12937 11860 9892 12229 17433 5552 1419 878 6017 7725 363 7362 12361 7033 11800 1744
internal_count=104384 63253 24512 38741 41131 23698 26512 1715 296 17617 19394 6895 4304 24797 12937 11860 9892 12229 17433 5552 1419 878 6017 7725 363 7362 12361 7033 11800 1744
cat_boundaries=0 1
cat_threshold=2
is_linear=0
shrinkage=0.05


Tree=13
num_leaves=31
num_cat=0
split_feature=3 0 0 1 2 1 0 0 7 0 5 0 7 10 9 4 4 7 1 4 9 7 5 0 2 0 1 0 1 7
split_gain=1.70627e+10 8.09436e+09 2.29887e+09 1.05024e+09 2.09687e+08 2.1382e+08 6.88111e+07 6.4017e+07 6.29217e+07 5.89904e+07 5.53043e+07 5.39823e+07 1.4956e+08 2.31718e+08 3.86002e+07 3.82328e+07 3.38215e+07 3.09734e+07 2.84575e+07 2.38622e+07 2.57791e+07 2.08142e+07 2.05586e+07 2.03193e+07 3.37249e+07 2.00202e+07 3.06066e+07 1.98356e+07 1.97867e+07 1.92423e+07
threshold=25250.000000000004 14.539561841274361 18.379957119216922 0.99999769051669152 5.5858000000000017 6.1199858496971142 16.159962429824834 19.019955969009406 4.3511363636363649 13.038104330365876 246.77205882352942 0.14001774458882627 7.5011363636363644 132.87500000000003 0.23015151515151519 9.7508333333333344 4.5004166666666672 6.7609126984126995 1.0000000180025095e-35 2.4046568627450986 0.27502450980392162 7.8465277777777791 80.041666666666671 9.2999783966751099 7.334843802452089 17.999958659530645 18.579956991500861 9.9403491686412639 9.4199780113872613 6.6514705882352949
decision_type=2 2 2 2 10 2 2 2 2 2 2 2 2 2 2 2 2 2 2 2 2 2 2 2 10 2 2 2 2 2
left_child=4 3 6 11 18 8 16 19 -6 -5 23 15 14 -14 -13 17 -3 -2 -1 20 -4 -9 -18 -7 -25 -8 -27 -12 -20 -11
right_child=1 2 7 9 5 10 25 21 -10 29 27 12 13 -15 -16 -17 22 -19 28 -21 -22 -23 -24 24 -26 26 -28 -29 -30 -31
leaf_value=-32.168900439689295 -3.5612483009871676 24.056456940946461 51.802801391601569 11.023730403325633 -29.725628572857143 -10.882390542308729 32.975151773904194 67.396725277837248 -22.806977783701139 16.701176730244093 -19.535511345193708 -1.8906606445771474 80.083387199152241 -5.7773386558801123 10.521363397066722 31.623404504394536 24.064701736064141 -10.71041694697178 -22.056289186527483 56.671240854219093 17.846549048279272 57.748849681831942 32.453988238663108 -14.42631317919512 5.6729860509276202 51.839502845792744 -0.62695886915549637 -9.1654184024385525 -28.559804632229827 26.176587683327512
leaf_weight=5633 18569 4890 134 7207 4244 1077 6446 5334 14795 6154 2032 5554 148 166 705 74 997 1649 1339 646 98 683 2912 308 642 266 31 600 10461 590
leaf_count=5633 18569 4890 134 7207 4244 1077 6446 5334 14795 6154 2032 5554 148 166 705 74 997 1649 1339 646 98 683 2912 308 642 266 31 600 10461 590
internal_value=0.00297313 16.3041 40.4276 3.04249 -25.0654 -22.001 29.7643 64.456 -24.3507 14.1718 -12.396 -2.73728 1.20065 34.8178 -0.491139 -4.01285 26.8426 -4.14484 -29.2295 51.6797 37.5974 66.3114 30.321 -6.18403 -0.851731 33.5723 46.3795 -17.1759 -27.8238 17.5339
internal_weight=104384 63253 22437 40816 41131 23698 15542 6895 19039 13951 4659 26865 6573 314 6259 20292 8799 20218 17433 878 232 6017 3909 2027 950 6743 297 2632 11800 6744
internal_count=104384 63253 22437 40816 41131 23698 15542 6895 19039 13951 4659 26865 6573 314 6259 20292 8799 20218 17433 878 232 6017 3909 2027 950 6743 297 2632 11800 6744
is_linear=0
shrinkage=0.05


Tree=14
num_leaves=31
num_cat=0
split_feature=3 0 0 0 2 0 11 7 9 0 0 11 8 0 4 11 11 4 11 9 0 9 8 7 6 11 8 8 0 4
split_gain=1.53996e+10 7.30722e+09 2.29769e+09 6.81022e+08 1.89244e+08 1.93274e+08 1.04065e+08 3.47487e+08 2.10082e+08 8.85868e+07 8.62266e+07 6.71753e+07 5.68297e+07 4.84829e+07 4.34886e+07 3.985e+07 1.15813e+08 4.63307e+07 3.42831e+07 2.03178e+08 3.60711e+07 3.22557e+07 2.98032e+07 2.96998e+07 2.57244e+07 2.17594e+07 2.15852e+07 2.10453e+07 2.04267e+07 2.27495e+07
threshold=25250.000000000004 14.011457475470676 17.999958659530645 0.44520146530287003 5.5858000000000017 7.5068733161599308 20.876902363572629 6.7380681818181829 0.075043859649122829 19.019955969009406 15.239964407661441 32.539182051599006 182.04166666666669 11.959972063575746 2.4046568627450986 79.705660969726708 53.530094638705926 9.1008333333333358 36.972016444086492 0.23015151515151519 0.77763768228448116 0.27502450980392162 318.04166666666669 8.5687500000000032 3.101666666666667 56.279287858403407 80.004629629629633 297.04166666666674 16.219962576889042 4.6728055555555565
decision_type=2 2 2 2 10 2 2 2 2 2 2 2 2 2 2 2 2 2 2 2 2 2 2 2 2 2 2 2 2 2
left_child=4 3 10 6 -1 11 7 26 -9 14 24 -6 23 18 21 16 -8 -17 19 -5 -20 -4 -14 -7 -3 -13 -2 -11 29 -12
right_child=1 2 9 13 5 12 15 8 -10 27 28 25 22 -15 -16 17 -18 -19 20 -21 -22 -23 -24 -25 -26 -27 -28 -29 -30 -31
leaf_value=-27.76829472161128 -9.5102184592262198 21.577938151545126 46.916732968680464 5.0422465912444636 -26.934405059831739 -5.7966060465261018 -2.9362803612887811 -24.969543783764049 93.927731860422966 64.401455932395777 24.231925725085794 -18.358959100420414 -17.166683590470928 14.115052368293679 53.533953746599472 -2.0016267246972048 -15.241398835593323 36.892370837323078 -5.3585855368840152 68.583594796107363 7.8700364780516665 14.062131996820714 -4.0151295747573563 14.656045985643255 48.471412008096884 -22.617560736097886 4.1753524862161617 56.343317506369715 31.455322736893141 30.724071079224359
leaf_weight=17433 390 5771 157 651 7033 1017 8021 47 170 4961 2974 5268 2554 7244 874 13695 2510 76 592 155 3945 144 519 214 90 7093 1094 1056 6108 2528
leaf_count=17433 390 5771 157 651 7033 1017 8021 47 170 4961 2974 5268 2554 7244 874 13695 2510 76 592 155 3945 144 519 214 90 7093 1094 1056 6108 2528
internal_value=0.00300971 15.4894 36.7467 1.90316 -23.8124 -20.9012 -2.71816 9.2342 68.1794 60.5323 26.9523 -23.0286 -11.3121 11.4496 47.8691 -3.5551 -5.8703 -1.78431 7.83385 17.3316 6.14313 31.2975 -14.9475 -2.23205 21.9991 -20.8043 0.574755 62.9968 29.4507 27.2199
internal_weight=104384 63253 24663 38590 41131 23698 26003 1701 217 7192 17471 19394 4304 12587 1175 24302 10531 13771 5343 806 4537 301 3073 1231 5861 12361 1484 6017 11610 5502
internal_count=104384 63253 24663 38590 41131 23698 26003 1701 217 7192 17471 19394 4304 12587 1175 24302 10531 13771 5343 806 4537 301 3073 1231 5861 12361 1484 6017 11610 5502
is_linear=0
shrinkage=0.05


Tree=15
num_leaves=31
num_cat=0
split_feature=3 0 0 1 2 1 0 0 7 0 8 0 7 10 9 8 9 8 1 7 7 1 8 1 5 0 1 0 8 1
split_gain=1.38985e+10 6.59943e+09 1.87203e+09 8.59501e+08 1.70788e+08 1.7481e+08 5.55911e+07 5.27726e+07 5.25642e+07 5.16826e+07 4.87832e+07 4.35751e+07 1.18954e+08 1.92089e+08 3.83808e+07 2.88646e+07 2.79884e+07 2.65405e+07 2.57155e+07 2.37441e+07 2.22829e+07 1.9067e+07 1.90448e+07 1.85901e+07 1.82237e+07 3.31345e+07 3.04931e+07 1.79244e+07 1.67627e+07 1.4138e+07
threshold=25250.000000000004 14.539561841274361 18.379957119216922 0.51999881025514538 5.5858000000000017 6.1199858496971142 16.159962429824834 12.579970740760805 4.3511363636363649 19.019955969009406 187.04166666666671 0.14001774458882627 7.5011363636363644 134.51315789473688 0.23015151515151519 218.0037878787879 0.27002604166666672 318.04166666666669 1.0000000180025095e-35 9.3012254901960798 4.9753086419753094 18.579956991500861 293.03333333333336 13.509963103570726 97.009803921568633 17.761495818405717 17.349959723434452 13.900046924062918 330.70833333333343 1.0000000180025095e-35
decision_type=2 2 2 2 10 2 2 2 2 2 2 2 2 2 2 2 2 2 2 2 2 2 2 2 2 2 2 2 2 2
left_child=4 3 6 11 18 8 -3 -5 -6 20 19 15 14 -14 -13 29 -17 -12 -1 -7 -4 -22 -11 -20 26 -26 -8 -9 -10 -2
right_child=1 2 9 7 5 10 24 27 28 22 17 12 13 -15 -16 16 -18 -19 23 -21 21 -23 -24 -25 25 -27 -28 -29 -30 -31
leaf_value=-29.172572622058865 -2.4150500287684382 24.248857528949756 60.823311639908837 9.169150951608966 -26.89329424819789 -5.8713727952080719 28.714088634172114 13.619840967508374 -19.742833836544747 61.230199527705466 -16.467014056109395 -1.9257520915485165 70.867624593833824 -7.5602084496935964 10.85736950436754 -4.435773766062499 -11.456578288248361 -4.6853831282909484 -21.824229311086476 12.889535589386719 46.180107829940653 24.372567985002387 53.728544471231864 -26.282543479381197 30.754597123348965 45.904560628700267 10.70372663672137 18.635515823885051 -24.033012594339553 4.5020759286041301
leaf_weight=5633 9511 8799 216 6252 4244 1138 1851 5366 11948 4901 2744 5388 153 158 658 8124 1720 580 3282 197 534 128 1116 8518 4222 399 271 2686 2847 800
leaf_count=5633 9511 8799 216 6252 4244 1138 1851 5366 11948 4901 2744 5388 153 158 658 8124 1720 580 3282 197 534 128 1116 8518 4222 399 271 2686 2847 800
internal_value=0.00307709 14.7153 36.4976 2.74081 -22.6219 -19.8563 26.875 12.6184 -21.9808 58.1807 -11.1716 -2.58871 1.02055 31.1267 -0.532969 -3.72709 -5.66353 -14.4133 -26.38 -3.09533 46.6998 42.0067 59.848 -25.0445 30.2978 32.0724 26.4201 15.2951 -20.57 -1.87799
internal_weight=104384 63253 22437 40816 41131 23698 15542 14304 19039 6895 4659 26512 6357 311 6046 20155 9844 3324 17433 1335 878 662 6017 11800 6743 4621 2122 8052 14795 10311
internal_count=104384 63253 22437 40816 41131 23698 15542 14304 19039 6895 4659 26512 6357 311 6046 20155 9844 3324 17433 1335 878 662 6017 11800 6743 4621 2122 8052 14795 10311
is_linear=0
shrinkage=0.05


Tree=16
num_leaves=31
num_cat=2
split_feature=12 1 1 1 2 1 11 7 9 1 11 5 1 4 7 4 1 4 7 1 11 4 9 5 7 1 6 12 6 5
split_gain=1.25439e+10 5.86723e+09 1.75403e+09 7.13818e+08 1.54138e+08 1.58371e+08 8.4364e+07 2.91405e+08 1.84491e+08 6.73479e+07 5.59881e+07 4.82622e+07 4.19954e+07 3.53001e+07 3.10784e+07 2.89906e+07 2.78027e+07 4.87613e+07 2.71921e+07 2.32089e+07 2.24433e+07 2.10921e+07 1.8658e+07 1.85818e+07 1.85367e+07 1.68475e+07 1.61296e+07 1.59963e+07 1.54491e+07 1.50904e+07
threshold=0 13.879955930444803 17.58995901403809 0.51999881025514538 5.5858000000000017 7.2199831930995586 20.876902363572629 6.7380681818181829 0.075043859649122829 15.549957359887715 7.4417474773993915 234.04166666666671 12.139971875208955 7.2204166666666678 5.3008928571428582 10.145833333333334 18.59995679335022 2.2662500000000008 5.4517857142857151 1.0000000180025095e-35 175.85592669041588 3.4251543209876547 1.1579166666666669 65.788888888888906 2.7520833333333337 9.4199780113872613 3.101666666666667 1 2.5020833333333337 309.54166666666669
decision_type=1 2 2 2 10 2 2 2 2 2 2 2 2 2 2 2 2 2 2 2 2 2 2 2 2 2 2 1 2 2
left_child=1 3 9 6 19 10 7 23 -9 13 -6 27 20 -3 21 18 17 -16 -8 -2 -5 -4 -11 -1 -22 -21 -15 -7 -14 -18
right_child=4 2 14 12 5 11 15 8 -10 22 -12 -13 28 26 16 -17 29 -19 -20 25 24 -23 -24 -25 -26 -27 -28 -29 -30 -31
leaf_value=-9.6304783468226258 -27.714202903934435 20.499052346432059 52.334454218781019 11.251950751633018 -26.417472559051408 -3.148860569954262 -2.308031604002156 -24.04052864035782 86.462612571047075 28.412777042848127 -19.515557167968446 -14.619743411561672 14.12075729255622 26.771045003923923 21.538977222000106 34.095920524597169 56.702892971714085 49.709503733878556 -6.1082440047420725 -18.476522270437496 22.021314975410107 60.745521311942689 70.418838794849535 3.4767487104006727 3.9465332497619756 -24.471067276202319 45.021525240811435 -32.12323696214326 45.36215187835694 47.547021394404659
leaf_weight=353 5633 7339 1165 3448 3629 1734 18423 48 170 7121 15673 2614 7259 1896 197 51 1722 735 6323 1339 150 2478 26 1144 2361 10461 131 48 39 674
leaf_count=353 5633 7339 1165 3448 3629 1734 18423 48 170 7121 15673 2614 7259 1896 197 51 1722 735 6323 1339 150 2478 26 1144 2361 10461 131 48 39 674
internal_value=0.00307858 13.98 33.7961 2.27775 -21.491 -18.8637 -2.45917 8.26271 62.1329 24.9151 -20.8145 -10.2952 11.7503 22.1192 54.8271 -3.20101 51.2599 43.7845 -3.27925 -25.0612 8.63338 58.0708 28.5754 0.381631 5.03461 -23.7925 27.9721 -3.9469 14.2939 54.1482
internal_weight=104384 63253 23484 39769 41131 23698 26512 1715 218 16513 19302 4396 13257 9366 6971 24797 3328 932 24746 17433 5959 3643 7147 1497 2511 11800 2027 1782 7298 2396
internal_count=104384 63253 23484 39769 41131 23698 26512 1715 218 16513 19302 4396 13257 9366 6971 24797 3328 932 24746 17433 5959 3643 7147 1497 2511 11800 2027 1782 7298 2396
cat_boundaries=0 1 2
cat_threshold=2 1
is_linear=0
shrinkage=0.05


Tree=17
num_leaves=31
num_cat=0
split_feature=3 11 4 8 7 2 7 6 11 2 11 11 6 9 7 11 8 11 4 8 8 11 6 4 4 4 8 7 4 9
split_gain=1.13213e+10 2.51644e+09 3.45521e+08 2.53279e+08 1.70049e+08 1.3911e+08 1.13589e+08 9.15611e+07 8.26274e+07 8.87197e+07 8.25848e+07 1.53363e+08 9.42976e+07 7.58479e+07 7.40775e+07 6.8933e+07 8.71099e+07 5.58986e+07 4.74885e+07 4.67305e+07 4.48454e+07 4.10886e+07 3.73318e+07 3.42639e+07 2.88381e+07 2.74989e+07 2.52338e+07 2.45044e+07 2.27918e+07 1.97201e+07
threshold=25250.000000000004 173.65532581007514 6.1429166666666672 206.96212121212122 6.1843750000000011 5.5858000000000017 8.2927083333333353 1.1533823529411766 7.4417474773993915 7.5554861783981329 74.184791746501446 73.493986445789304 0.54037878787878801 0.050000000000000017 3.0753787878787886 278.63826055011754 69.534722222222243 201.6976350495344 7.0704166666666675 46.69444444444445 113.85227272727273 227.89723681478856 1.3755555555555559 3.4251543209876547 1.6304166666666668 4.7479166666666677 352.35416666666669 9.3012254901960798 1.8487500000000001 1.0104166666666667
decision_type=2 2 2 2 2 10 2 2 2 10 2 2 2 2 2 2 2 2 2 2 2 2 2 2 2 2 2 2 2 2
left_child=5 2 6 15 13 -1 10 24 -7 19 11 -2 -12 21 -4 23 -17 -6 22 27 -18 -5 -16 -3 -8 -15 -21 -10 -19 -20
right_child=1 3 14 4 17 8 7 -9 9 -11 12 -13 -14 25 18 16 20 28 29 26 -22 -23 -24 -25 -26 -27 -28 -29 -30 -31
leaf_value=-23.808327026879979 1.6374636386440931 22.248968121304458 -7.3458574422881107 -6.450835230093138 13.721808708520999 -24.826833127952312 2.4916139541731943 5.2576372249151184 -5.4449274572562709 -18.82455249319754 2.8815555706844833 -16.446231222108448 10.93149791271785 16.602790481920362 24.404477206772253 25.288126440795846 43.321363207316999 44.634158731158486 31.241642999002622 -14.274348796396376 32.80749778909891 15.480965342805499 2.4303582179628287 29.784003536885194 50.976920698271023 21.938405075120635 6.8618560028076176 15.056301652323993 30.503731253642844 68.222483713250412
leaf_weight=17433 13275 2898 180 490 488 3665 35 288 925 14063 13281 1285 5010 6921 580 2053 1999 321 1182 4728 2111 377 290 3198 253 3736 145 172 2965 37
leaf_count=17433 13275 2898 180 490 488 3665 35 288 925 14063 13281 1285 5010 6921 580 2053 1999 321 1182 4728 2111 377 290 3198 253 3736 145 172 2965 37
internal_value=0.00316023 13.2815 4.51873 24.6318 20.3379 -20.4166 3.23672 25.2293 -17.9207 -16.6561 2.85035 0.040458 5.08695 17.3182 23.3956 29.988 33.7239 29.5513 26.0467 -11.5456 37.9305 3.09267 17.091 26.2061 45.1136 18.4752 -13.6441 -2.21972 31.8973 32.4191
internal_weight=104384 63253 35696 27557 15298 41131 33427 576 23698 20033 32851 14560 18291 11524 2269 12259 6163 3774 2089 5970 4110 867 870 6096 288 10657 4873 1097 3286 1219
internal_count=104384 63253 35696 27557 15298 41131 33427 576 23698 20033 32851 14560 18291 11524 2269 12259 6163 3774 2089 5970 4110 867 870 6096 288 10657 4873 1097 3286 1219
is_linear=0
shrinkage=0.05


Tree=18
num_leaves=31
num_cat=0
split_feature=3 0 0 1 2 0 11 7 8 11 0 0 1 8 8 11 0 2 1 2 0 1 8 7 8 11 1 7 11 0
split_gain=1.02178e+10 5.09481e+09 1.45443e+09 6.67056e+08 1.25546e+08 1.3349e+08 7.67906e+07 2.52159e+08 1.63125e+08 5.44219e+07 4.22343e+07 4.19849e+07 4.08018e+07 3.67856e+07 3.21618e+07 3.95488e+07 3.57824e+07 2.35532e+07 2.09701e+07 1.99111e+07 2.74102e+07 1.94892e+07 1.94364e+07 1.92798e+07 1.91351e+07 1.8384e+07 1.80345e+07 1.67062e+07 1.60117e+07 3.58272e+07
threshold=25250.000000000004 14.619999042996684 18.379957119216922 0.99999769051669152 5.5858000000000017 8.8257749581760265 20.876902363572629 6.7380681818181829 274.03921568627453 32.539182051599006 19.019955969009406 13.900046924062918 15.939963033760074 153.04166666666671 217.03030303030306 79.705660969726708 0.44520146530287003 7.5910035133361822 1.0000000180025095e-35 7.3140944242477426 9.9403491686412639 0.079999816677379113 80.004629629629633 4.9753086419753094 353.54166666666669 181.04542460651254 17.19995954115296 7.8465277777777791 227.89723681478856 11.799972907264712
decision_type=2 2 2 2 10 2 2 2 2 2 2 2 2 2 2 2 2 10 2 10 2 2 2 2 2 2 2 2 2 2
left_child=4 3 12 6 18 9 7 22 -9 21 23 28 -3 19 16 -16 -8 -11 -1 -7 -21 -6 -2 -4 -15 26 -14 -12 -5 -30
right_child=1 2 10 11 5 13 14 8 -10 17 27 -13 25 24 15 -17 -18 -19 -20 20 -22 -23 -24 -25 -26 -27 -28 -29 29 -31
leaf_value=-25.138533708262958 -8.766503366816222 21.549129862966783 53.827124767567163 11.213283993642342 -23.117062420632287 -11.297037507003981 -1.9559383618010182 -28.782778811888264 79.293529762571524 -12.959030683327255 53.559230710545322 16.049358321412768 30.533545237954311 -12.116308720763783 -8.0799339709742561 -2.362305416370309 10.126468774913818 -17.765180385696507 -21.412705590784196 -3.803490976183868 16.240770366976719 -16.248851187347611 3.988452287067473 36.364381340377115 7.4074915618896489 25.786848612088058 50.540577689157402 44.988823873843373 -1.0344611903903498 9.5167568769363218
leaf_weight=5633 409 10163 216 6216 5989 232 12270 43 175 3427 5334 3146 620 1846 5491 6734 644 10125 11800 362 321 1262 1099 662 134 4158 141 683 1004 4045
leaf_count=5633 409 10163 216 6216 5989 232 12270 43 175 3427 5334 3146 620 1846 5491 6734 644 10125 11800 362 321 1262 1099 662 134 4158 141 683 1004 4045
internal_value=0.00319454 12.6178 32.0644 2.26307 -19.3959 -17.0247 -2.39234 7.80674 57.9416 -18.4247 51.0877 10.9413 23.3648 -6.96207 -3.09287 -4.9309 -1.35267 -16.5509 -22.618 1.32821 5.62698 -21.9241 0.525531 40.7168 -10.7919 27.1109 34.302 52.594 9.51342 7.41884
internal_weight=104384 63253 21977 41276 41131 23698 26865 1726 218 20803 6895 14411 15082 2895 25139 12225 12914 13552 17433 915 683 7251 1508 878 1980 4919 761 6017 11265 5049
internal_count=104384 63253 21977 41276 41131 23698 26865 1726 218 20803 6895 14411 15082 2895 25139 12225 12914 13552 17433 915 683 7251 1508 878 1980 4919 761 6017 11265 5049
is_linear=0
shrinkage=0.05


Tree=19
num_leaves=31
num_cat=1
split_feature=12 0 0 1 2 0 0 0 0 5 9 8 4 1 1 0 9 9 4 4 1 2 0 8 8 8 6 4 1 6
split_gain=9.22182e+09 4.59827e+09 1.31335e+09 6.02363e+08 1.13304e+08 1.20477e+08 5.71065e+07 4.03563e+07 3.38729e+07 7.37835e+07 1.22044e+08 3.321e+07 3.29833e+07 3.03158e+07 2.85649e+07 2.82767e+07 2.59472e+07 2.52466e+07 2.2731e+07 2.14718e+07 1.89269e+07 1.82982e+07 2.48517e+07 1.81021e+07 2.1011e+07 1.72956e+07 1.60983e+07 1.59625e+07 1.58949e+07 1.58019e+07
threshold=0 14.619999042996684 17.999958659530645 0.51999881025514538 5.5858000000000017 8.8257749581760265 19.019955969009406 13.038104330365876 0.1999995406292677 257.25378787878793 0.11002083333333336 182.04166666666669 2.4046568627450986 1.0000000180025095e-35 1.0000000180025095e-35 16.159962429824834 0.27002604166666672 0.27502450980392162 7.3841666666666681 3.6854166666666672 1.0000000180025095e-35 7.3140944242477426 9.9403491686412639 298.00980392156868 69.534722222222243 353.54166666666669 0.43339506172839515 4.5354166666666673 13.599968220170341 1.6008333333333338
decision_type=1 2 2 2 10 2 2 2 2 2 2 2 2 2 2 2 2 2 2 2 2 10 2 2 2 2 2 2 2 2
left_child=1 3 15 8 20 13 12 19 14 26 -11 21 17 -6 16 18 -1 -4 -3 -5 -2 -7 -23 24 -9 -13 -10 -16 -22 -8
right_child=4 2 6 7 5 11 29 23 9 10 -12 25 -14 -15 27 -17 -18 -19 -20 -21 28 22 -24 -25 -26 -27 -28 -29 -30 -31
leaf_value=-2.9663231008038085 -23.881830071390713 18.665194058757773 37.228113615180874 9.6295154463253034 -19.926309362307478 -10.796361640037375 50.894892836477077 3.4932047743122334 -5.2192586135848069 -6.3764862546624634 27.067099047886174 -11.522811706218539 42.749295267808101 -15.99358668299412 2.529542555929372 24.42832007890992 -8.492126754639612 8.2110576454195492 25.135223124789697 4.0267907450437468 -17.532260311918712 -3.6138403187556705 15.456415161983148 7.3782543619216314 14.890176694152352 7.0398604408546737 1.8483785483092383 24.697416830830193 -21.551921057440282 42.517856964965958
leaf_weight=18414 5633 6617 157 4942 7983 234 5344 437 1840 476 637 1843 874 12820 1226 6446 2401 144 1722 2618 3556 362 322 1226 5541 134 1432 86 8244 673
leaf_count=18414 5633 6617 157 4942 7983 234 5344 437 1840 476 637 1843 874 12820 1226 6446 2401 144 1722 2618 3556 362 322 1226 5541 134 1432 86 8244 673
internal_value=0.00316706 11.9872 30.4619 2.15002 -18.4262 -16.1737 47.9867 10.2438 -2.35745 1.65693 12.7713 -6.61403 37.8217 -17.5036 -3.15304 21.9345 -3.6041 23.4194 20.0041 7.6901 -21.4872 1.24423 5.37313 12.9222 14.0578 -10.2617 -2.12647 4.00033 -20.3422 49.9651
internal_weight=104384 63253 21977 41276 41131 23698 7192 14764 26512 4385 1113 2895 1175 20803 22127 14785 20815 301 8339 7560 17433 918 684 7204 5978 1977 3272 1312 11800 6017
internal_count=104384 63253 21977 41276 41131 23698 7192 14764 26512 4385 1113 2895 1175 20803 22127 14785 20815 301 8339 7560 17433 918 684 7204 5978 1977 3272 1312 11800 6017
cat_boundaries=0 1
cat_threshold=2
is_linear=0
shrinkage=0.05


Tree=20
num_leaves=31
num_cat=0
split_feature=3 1 1 1 2 1 5 1 7 1 4 1 7 4 1 9 6 7 1 7 8 1 4 7 6 8 1 1 8 7
split_gain=8.32291e+09 4.07399e+09 1.20767e+09 5.32127e+08 1.02355e+08 1.11299e+08 3.88925e+07 3.59948e+07 3.41495e+07 3.187e+07 2.9297e+07 3.87399e+07 3.38816e+07 2.82242e+07 2.73088e+07 3.00961e+07 7.47062e+07 6.40401e+07 2.40554e+07 4.58152e+07 2.31987e+07 2.27879e+07 1.96252e+07 1.91293e+07 1.85202e+07 1.82962e+07 1.76405e+07 1.82333e+07 1.61565e+07 1.51548e+07
threshold=25250.000000000004 14.079967187583927 17.436626025792446 0.99999769051669152 7.1956784248352061 7.5399825772449205 244.29166666666671 15.939963033760074 4.3511363636363649 12.139971875208955 2.9104166666666673 18.59995679335022 8.1927083333333339 4.4004166666666675 1.0000000180025095e-35 0.28002923976608196 0.87976190476190497 8.3340686274509839 17.349959723434452 4.8506172839506183 255.29166666666671 3.7799912001055689 4.5354166666666673 4.6503086419753101 3.101666666666667 297.04166666666674 1.0000000180025095e-35 12.499970791847231 69.534722222222243 5.7507352941176482
decision_type=2 2 2 2 10 2 2 2 2 2 2 2 2 2 2 2 2 2 2 2 2 2 2 2 2 2 2 2 2 2
left_child=4 3 7 14 26 8 -7 13 -6 21 11 20 -12 29 15 17 -17 -2 -9 -20 -4 -5 23 -16 -15 28 -1 -28 -11 -3
right_child=1 2 10 9 5 6 -8 18 -10 25 12 -13 -14 24 22 16 -18 -19 19 -21 -22 -23 -24 -25 -26 -27 27 -29 -30 -31
leaf_value=-22.695403877987079 -2.3034940665501167 17.810425843997688 37.37056113676109 15.373012475305863 -20.927893840982545 -1.9311768717341691 -11.824475602299795 25.077421355289715 -15.830725544742172 4.2204100277631582 48.946534409490134 44.62380478413229 35.678879847346131 21.205841148534457 -0.73590280116113493 -0.62607757286501353 -18.398566498014187 25.054088782883355 -9.7805795650617462 33.74167611032162 16.933814367528619 5.7839874034079859 23.87949621200562 10.677921021334841 38.971144893870637 6.8798638469901157 -14.992524420781201 -20.187503508041246 13.686756629900348 11.211783338221792
leaf_weight=5673 22193 4804 358 709 4212 1641 2518 4404 15164 487 4494 1516 554 4728 1404 1449 998 215 140 105 231 4897 110 496 152 1495 2057 9866 6243 1071
leaf_count=5673 22193 4804 358 709 4212 1641 2518 4404 15164 487 4494 1516 554 4728 1404 1449 998 215 140 105 231 4897 110 496 152 1495 2057 9866 6243 1071
internal_value=0.00311413 11.3881 28.4317 1.94069 -17.505 -15.3467 -7.92232 20.5457 -16.9398 9.90867 45.4089 40.3794 47.4978 18.9516 -2.16171 -2.61506 -7.87908 -2.0399 24.2287 8.93313 29.3978 6.99925 3.44287 2.24775 21.7671 11.8906 -20.3909 -19.2926 13.0025 16.6096
internal_weight=104384 63253 22557 40696 41131 23535 4159 15404 19376 13831 7153 2105 5048 10755 26865 24855 2447 22408 4649 245 589 5606 2010 1900 4880 8225 17596 11923 6730 5875
internal_count=104384 63253 22557 40696 41131 23535 4159 15404 19376 13831 7153 2105 5048 10755 26865 24855 2447 22408 4649 245 589 5606 2010 1900 4880 8225 17596 11923 6730 5875
is_linear=0
shrinkage=0.05


Tree=21
num_leaves=31
num_cat=0
split_feature=3 0 0 0 2 0 11 7 9 0 11 0 11 2 2 11 11 11 11 11 0 0 10 7 6 11 8 6 6 2
split_gain=7.51167e+09 3.75485e+09 1.00127e+09 5.34578e+08 9.23778e+07 1.0693e+08 6.92249e+07 2.17811e+08 1.40982e+08 5.69249e+07 4.8436e+07 3.16004e+07 2.65942e+07 3.59074e+07 2.64827e+07 2.54517e+07 8.58499e+07 2.54478e+07 2.28675e+07 1.60734e+08 3.93436e+07 2.06753e+07 1.82916e+07 1.63724e+07 1.53522e+07 1.45467e+07 1.41562e+07 1.72978e+07 1.3859e+07 1.265e+07
threshold=25250.000000000004 14.859965577217103 18.379957119216922 0.44520146530287003 7.1956784248352061 9.4799780963516245 20.876902363572629 6.7380681818181829 0.075043859649122829 13.860014677691879 32.539182051599006 19.019955969009406 129.26794387731482 7.334843802452089 7.5910035133361822 79.705660969726708 53.530094638705926 181.04542460651254 36.972016444086492 36.97190895456697 1.3104587225019639 16.219962576889042 219.01234567901238 4.9753086419753094 1.2801388888888889 278.99955054364256 297.04166666666674 2.2208333333333337 3.101666666666667 2.7159958660602572
decision_type=2 2 2 2 10 2 2 2 2 2 2 2 2 10 10 2 2 2 2 2 2 2 2 2 2 2 2 2 2 10
left_child=4 3 21 6 29 10 7 22 -9 18 -6 23 13 -7 -12 16 -8 -17 19 -5 -20 28 -2 -4 -11 -16 -13 -28 -3 -1
right_child=1 2 11 9 5 12 15 8 -10 24 14 26 -14 -15 25 17 -18 -19 20 -21 -22 -23 -24 -25 -26 -27 27 -29 -30 -31
leaf_value=-24.875902186933772 -2.0238062458939914 18.459596392182537 46.932360476480653 6.0257152295904 -18.818228872702544 -7.3914794388492542 -2.1557616107511874 -22.013994616667432 75.362367509094597 12.846349712892417 -10.67828757579988 46.290581154728656 -10.689727699511351 11.678271779054501 -14.596134885740497 -0.85274623075898615 -12.750093142434167 -9.6131376107491171 -3.4857999960010013 63.416195046457744 7.750788710073417 22.597388837367131 11.865738964326479 30.876478692481967 20.940189804893208 -20.752680478634161 42.58683472879332 25.028244732823865 38.409917196209506 -19.040116465401255
leaf_weight=995 1189 7313 216 771 7255 451 8021 47 170 3919 4614 4961 547 543 9045 12886 2510 885 843 144 10180 6405 295 662 692 1080 883 173 88 16601
leaf_count=995 1189 7313 216 771 7255 451 8021 47 170 3919 4614 4961 547 543 9045 12886 2510 885 843 144 10180 6405 295 662 692 1080 883 173 88 16601
internal_value=0.0031006 10.819 28.2843 2.3219 -16.6299 -14.5794 -2.14895 7.59942 54.2674 9.34654 -15.4715 43.8444 -1.84562 3.02716 -13.823 -2.83157 -4.68183 -1.41639 7.52291 15.117 6.89122 20.5107 0.743383 34.8753 14.0653 -15.2548 45.1472 39.7367 18.702 -19.3715
internal_weight=104384 63253 20701 42552 41131 23535 26003 1701 217 16549 21994 6895 1541 994 14739 24302 10531 13771 11938 915 11023 13806 1484 878 4611 10125 6017 1056 7401 17596
internal_count=104384 63253 20701 42552 41131 23535 26003 1701 217 16549 21994 6895 1541 994 14739 24302 10531 13771 11938 915 11023 13806 1484 878 4611 10125 6017 1056 7401 17596
is_linear=0
shrinkage=0.05


Tree=22
num_leaves=31
num_cat=2
split_feature=12 1 1 1 11 13 1 11 7 9 1 1 5 8 9 11 4 1 7 11 8 4 9 1 7 10 6 6 5 11
split_gain=6.77953e+09 3.31746e+09 1.02976e+09 3.99191e+08 6.62992e+07 8.25466e+07 6.9979e+07 5.77639e+07 2.00931e+08 1.29768e+08 3.71169e+07 3.57515e+07 3.5029e+07 3.04019e+07 5.26447e+07 4.27057e+07 2.63114e+07 3.24469e+07 2.87475e+07 2.4338e+07 2.57433e+07 2.38104e+07 2.13198e+07 1.88287e+07 4.12277e+07 1.79903e+07 1.62207e+07 1.36145e+07 1.35534e+07 1.32602e+07
threshold=0 13.879955930444803 17.436626025792446 1.0000000180025095e-35 7.3565387915560505 1 7.5399825772449205 20.876902363572629 6.7380681818181829 0.075043859649122829 11.899972057614617 15.549957359887715 248.04166666666671 185.37500000000003 0.22676587301587306 87.141502936962553 2.9104166666666673 18.59995679335022 8.1927083333333339 175.85592669041588 29.583333333333353 7.7508333333333352 0.27753787878787889 17.349959723434452 4.8506172839506183 219.01234567901238 2.5408333333333339 3.101666666666667 283.70833333333343 278.99955054364256
decision_type=1 2 2 2 2 1 2 2 2 2 2 2 2 2 2 2 2 2 2 2 2 2 2 2 2 2 2 2 2 2
left_child=1 3 11 7 -2 -6 29 8 25 -10 19 21 -8 14 -9 -15 17 22 27 20 -5 28 -4 -13 -25 -1 -12 -18 -3 -7
right_child=4 2 16 10 5 6 12 13 9 -11 26 23 -14 15 -16 -17 18 -19 -20 -21 -22 -23 -24 24 -26 -27 -28 -29 -30 -31
leaf_value=-2.9272021844439173 -20.186320332945257 16.019256933243987 33.940422847559759 -14.896037042572743 -17.883977574407012 -13.964873490071064 -1.5762560879440863 -1.9106096337035563 -21.047194424843305 71.616286308556269 10.150540185206399 21.461034014817713 -10.8826116109949 -7.5239837905711076 11.700623689451035 -2.1079459030670398 44.632245786707728 40.122329621651332 32.09465702421172 1.0271688896641664 7.9292285204243855 21.626283864717553 14.42588198425406 -10.43413445979991 30.848015028755626 10.852276833434701 43.834012315538196 20.17261162929848 10.507126537536092 -19.705800970940825
leaf_weight=1169 7126 6322 354 126 13671 15060 1705 7474 48 170 7834 6720 2485 6307 784 8607 4434 1516 554 2257 4662 1680 235 140 105 296 35 60 1364 1084
leaf_count=1169 7126 6322 354 126 13671 15060 1705 7474 48 170 7834 6720 2485 6307 784 8607 4434 1516 554 2257 4662 1680 235 140 105 296 35 60 1364 1084
internal_value=0.00308987 10.2784 25.1791 1.47898 -15.7986 -14.8785 -12.8571 -2.40143 6.54 51.2104 7.94563 18.2479 -7.09694 -3.05111 -0.617122 -4.39869 40.9989 36.2388 42.9762 5.3082 7.32558 16.2257 26.1921 20.9644 7.31167 -0.137582 10.3059 44.3102 15.0425 -14.3515
internal_weight=104384 63253 23484 39769 41131 34005 20334 24855 1683 218 14914 16331 4190 23172 8258 14914 7153 2105 5048 7045 4788 9366 589 6965 245 1465 7869 4494 7686 16144
internal_count=104384 63253 23484 39769 41131 34005 20334 24855 1683 218 14914 16331 4190 23172 8258 14914 7153 2105 5048 7045 4788 9366 589 6965 245 1465 7869 4494 7686 16144
cat_boundaries=0 1 2
cat_threshold=2 2
is_linear=0
shrinkage=0.05


Tree=23
num_leaves=31
num_cat=1
split_feature=12 0 0 1 2 0 11 7 8 11 0 0 8 0 11 11 2 2 1 8 1 11 1 1 9 0 1 7 6 6
split_gain=6.11872e+09 3.06862e+09 8.16565e+08 4.57139e+08 7.54314e+07 9.06367e+07 5.35634e+07 1.77688e+08 1.18376e+08 4.08126e+07 4.00302e+07 2.66039e+07 2.48764e+07 3.01076e+07 2.84014e+07 2.318e+07 3.17686e+07 2.18919e+07 1.93331e+07 1.76196e+07 1.69746e+07 1.57313e+07 1.50268e+07 1.91823e+07 1.45548e+07 1.463e+07 1.43943e+07 1.42133e+07 1.32499e+07 1.24699e+07
threshold=0 14.859965577217103 18.379957119216922 0.51999881025514538 7.1956784248352061 9.4799780963516245 20.876902363572629 6.7380681818181829 274.03921568627453 32.539182051599006 13.900046924062918 19.019955969009406 217.03030303030306 0.44520146530287003 79.705660969726708 129.26794387731482 7.334843802452089 7.5821911334991468 15.999962161239624 80.004629629629633 0.079999816677379113 178.95663949190643 0.044999874682521743 11.359973712899027 0.15585416666666668 11.959972063575746 16.939961004837041 4.9753086419753094 2.8875000000000006 3.101666666666667
decision_type=1 2 2 2 10 2 2 2 2 2 2 2 2 2 2 2 10 10 2 2 2 2 2 2 2 2 2 2 2 2
left_child=1 3 18 6 22 9 7 19 -9 20 24 27 13 -8 -14 16 -7 -11 29 -1 -6 26 -2 -24 -5 -26 -20 -4 -12 -3
right_child=4 2 11 10 5 15 12 8 -10 17 28 -13 14 -15 -16 -17 -18 -19 21 -21 -22 -23 23 -25 25 -27 -28 -29 -30 -31
leaf_value=-8.4383423085177558 -19.564049096076104 17.023638019697206 42.603221657397015 9.0962927897495955 -18.18403980622379 -6.6836329790765205 -1.5177016366458755 -25.204684853987263 66.851437845054008 -9.4676512042236034 12.412729516647648 40.800400738269246 -6.8353153350746938 10.280380704019073 -1.9681250634834222 -9.6895109430493882 11.253646583545077 -13.706090765866055 23.406436334215567 3.750467194050223 -11.869603499627425 19.95502992127528 -11.08061972482701 -17.213199898807606 2.4675526889606432 7.464134610357414 39.350743817449775 27.658006276419083 32.62996093933841 35.039461006631655
leaf_weight=406 5849 9161 216 5421 5949 451 12122 43 175 4322 4340 6017 5452 565 6658 547 543 10417 485 1091 1306 3858 1464 10283 2379 3818 205 662 82 97
leaf_count=406 5849 9161 216 5421 5949 451 12122 43 175 4322 4340 6017 5452 565 6658 547 543 10417 485 1091 1306 3858 1464 10283 2379 3818 205 662 82 97
internal_value=0.00307812 9.76477 25.5537 2.08327 -15.0087 -13.1559 -1.94777 6.59554 48.6614 -13.9771 8.74574 39.6054 -2.53888 -0.991519 -4.15975 -1.43247 3.11656 -12.464 18.5335 0.441322 -17.0491 21.2109 -17.4861 -16.4499 7.20358 5.54668 28.1936 31.379 12.7949 17.2162
internal_weight=104384 63253 20701 42552 41131 23535 26512 1715 218 21994 16040 6895 24797 12687 12110 1541 994 14739 13806 1497 7255 4548 17596 11747 11618 6197 690 878 4422 9258
internal_count=104384 63253 20701 42552 41131 23535 26512 1715 218 21994 16040 6895 24797 12687 12110 1541 994 14739 13806 1497 7255 4548 17596 11747 11618 6197 690 878 4422 9258
cat_boundaries=0 1
cat_threshold=2
is_linear=0
shrinkage=0.05


Tree=24
num_leaves=31
num_cat=1
split_feature=12 1 1 1 2 1 11 7 1 11 1 9 7 9 9 2 7 11 8 7 6 11 8 6 8 1 8 1 1 10
split_gain=5.52234e+09 2.70139e+09 8.08422e+08 3.59078e+08 6.80772e+07 7.57e+07 4.98636e+07 8.78149e+07 3.53399e+07 3.01141e+07 2.94879e+07 2.53317e+07 2.5305e+07 4.74813e+07 3.20792e+07 2.29696e+07 2.73481e+07 2.22787e+07 2.32047e+07 1.88574e+07 1.86178e+07 1.85603e+07 1.76812e+07 1.7026e+07 1.57709e+07 2.58722e+07 1.63623e+07 1.35621e+07 1.73102e+07 1.32769e+07
threshold=0 14.059955358937602 17.58995901403809 1.0000000180025095e-35 7.1956784248352061 1.2999969742627144 36.928172484557372 8.0770833333333361 11.899972057614617 34.663429674957491 15.939963033760074 0.080065789473684243 5.1758928571428582 0.25752450980392166 0.22003968253968259 7.432311558723451 7.9008333333333338 175.85592669041588 29.583333333333353 5.3267857142857151 3.101666666666667 37.026206013103618 318.04166666666669 2.5020833333333337 255.29166666666671 18.59995679335022 76.041666666666671 0.044999874682521743 11.359973712899027 281.29166666666669
decision_type=1 2 2 2 10 2 2 2 2 2 2 2 2 2 2 10 2 2 2 2 2 2 2 2 2 2 2 2 2 2
left_child=1 3 10 6 27 9 7 11 17 -6 20 -1 14 -14 -8 16 -7 18 -5 -4 -3 -11 -17 -10 26 -26 -21 -2 -29 -12
right_child=4 2 19 8 5 15 12 -9 23 21 29 -13 13 -15 -16 22 -18 -19 -20 24 -22 -23 -24 -25 25 -27 -28 28 -30 -31
leaf_value=-3.4487626290129527 -18.586013862678325 15.110010967288828 39.767717413864688 -14.334264344643422 -16.595062926972226 -5.0170006572992882 -2.9218045689715231 45.687312119047519 9.4186486289683629 -7.5370782260617224 19.110530274429575 5.2848569541302588 -3.6348779021290052 -14.511707657817496 3.6699636770546946 -10.718063269902519 12.408543874831761 0.73683314452147441 7.3358994986791011 22.722993027872509 32.72043296165716 -13.231170818341475 0.12641739669635341 37.107492963245939 15.248416150635208 33.483222196749189 38.805157373907846 -10.526966847377427 -16.352623367624545 27.380029679581931
leaf_weight=1374 5849 10700 3677 126 6859 1307 12551 117 8644 1674 4277 2095 5319 1236 2163 2936 271 2257 4662 179 152 10057 431 55 240 1086 1789 1464 10283 554
leaf_count=1374 5849 10700 3677 126 6859 1307 12551 117 8644 1674 4277 2095 5319 1236 2163 2936 271 2257 4662 179 152 10057 431 55 240 1086 1789 1464 10283 554
internal_value=0.0030395 9.27681 23.1091 1.55807 -14.2584 -12.4982 -2.18439 3.26906 7.46604 -13.9608 16.8101 1.82565 -3.10396 -5.6877 -1.95261 -6.99787 -2.01843 4.83262 6.76276 37.276 15.3597 -12.4193 -9.33027 9.59796 34.4833 30.1968 37.3547 -16.612 -15.6275 20.0643
internal_weight=104384 63253 22654 40599 41131 23535 24855 3586 15744 18590 15683 3469 21269 6555 14714 4945 1578 7045 4788 6971 10852 11731 3367 8699 3294 1326 1968 17596 11747 4831
internal_count=104384 63253 22654 40599 41131 23535 24855 3586 15744 18590 15683 3469 21269 6555 14714 4945 1578 7045 4788 6971 10852 11731 3367 8699 3294 1326 1968 17596 11747 4831
cat_boundaries=0 1
cat_threshold=2
is_linear=0
shrinkage=0.05


Tree=25
num_leaves=31
num_cat=0
split_feature=3 0 0 0 2 0 11 0 8 0 11 11 11 0 4 4 0 4 11 2 11 9 2 4 0 0 6 11 8 6
split_gain=4.98407e+09 2.50875e+09 6.66269e+08 3.55467e+08 6.1441e+07 7.51809e+07 5.32458e+07 6.75657e+07 1.15092e+08 3.78017e+07 3.44214e+07 5.41067e+07 3.31724e+07 3.25648e+07 3.14495e+07 2.52693e+07 3.4238e+07 2.3668e+07 1.95905e+07 2.68998e+07 1.91765e+07 1.88007e+07 1.83615e+07 1.68742e+07 1.49785e+07 1.39794e+07 1.36845e+07 1.17557e+07 1.11937e+07 1.40699e+07
threshold=25250.000000000004 14.859965577217103 17.999958659530645 0.44520146530287003 7.1956784248352061 9.4799780963516245 36.928172484557372 0.16203430980392161 273.04166666666669 13.739968146217349 79.705660969726708 72.667141910237405 32.539182051599006 19.019955969009406 9.1008333333333358 3.286126543209877 0.48599659707669246 2.4046568627450986 139.57060578323578 7.334843802452089 35.992682306176619 0.27502450980392162 7.5910035133361822 7.5658333333333347 0.89934963219383646 16.285096863165684 1.2537500000000004 278.99955054364256 301.04166666666669 1.8208333333333335
decision_type=2 2 2 2 10 2 2 2 2 2 2 2 2 2 2 2 2 2 2 10 2 2 10 2 2 2 2 2 2 2
left_child=4 3 23 6 -1 12 7 20 -9 15 11 -8 -6 17 -12 16 -5 21 19 -7 -2 -4 -14 25 -17 -3 -11 -24 -15 -30
right_child=1 2 13 9 5 18 10 8 -10 26 14 -13 22 28 -16 24 -18 -19 -20 -21 -22 -23 27 -25 -26 -27 -28 -29 29 -31
leaf_value=-15.781486761386567 -1.7814181274430654 14.181125377687806 27.450081577018093 35.370126232462269 -15.390937012851674 -6.0998957252238704 -3.4716519810664543 5.3117245316427448 45.91391820676882 10.027393186650398 -1.3389976999080391 -14.383376079942014 -8.6388327840162873 37.85299232910014 30.705452494435498 -6.4800571435353449 7.4781010354961595 31.87859695796422 -8.8629912491296992 10.358127298066274 10.341595501691025 2.4537574966680902 -11.857651637019956 20.653593415418747 3.9792566789817125 17.71285932914871 17.205079905176454 -17.389071931247909 36.148946131077651 23.37106920482876
leaf_weight=17596 2420 6250 157 111 7255 451 7149 706 231 4476 13695 1350 4614 5023 76 371 6509 874 540 550 376 144 9045 2116 4300 5143 782 1080 662 332
leaf_count=17596 2420 6250 157 111 7255 451 7149 706 231 4476 13695 1350 4614 5023 76 371 6509 874 540 550 376 144 9045 2116 4300 5143 782 1080 662 332
internal_value=0.00299709 8.81322 23.0893 1.86771 -13.5456 -11.8734 -1.77801 3.74756 15.3597 7.59591 -2.70436 -5.20638 -12.6214 35.3829 -1.15993 5.96423 7.95105 27.7098 -1.19631 2.94428 -0.148025 15.5394 -11.2571 16.5422 3.1473 15.7768 11.098 -12.4493 36.8765 31.9089
internal_weight=104384 63253 20701 42552 41131 23535 26003 3733 937 16549 22270 8499 21994 7192 13771 11291 6620 1175 1541 1001 2796 301 14739 13509 4671 11393 5258 10125 6017 994
internal_count=104384 63253 20701 42552 41131 23535 26003 3733 937 16549 22270 8499 21994 7192 13771 11291 6620 1175 1541 1001 2796 301 14739 13509 4671 11393 5258 10125 6017 994
is_linear=0
shrinkage=0.05


Tree=26
num_leaves=31
num_cat=0
split_feature=3 0 0 1 2 0 0 0 0 5 9 4 1 5 9 9 9 4 6 9 2 6 1 1 1 5 0 6 5 6
split_gain=4.49828e+09 2.26448e+09 5.80993e+08 3.57381e+08 5.54482e+07 6.78504e+07 4.11941e+07 2.93773e+07 2.18267e+07 6.74977e+07 1.13526e+08 2.13515e+07 2.0376e+07 1.93104e+07 1.69789e+07 1.54629e+07 1.51062e+07 1.48372e+07 1.47491e+07 1.4143e+07 1.38229e+07 1.31257e+07 1.22505e+07 1.56646e+07 1.12687e+07 1.9762e+07 1.11276e+07 1.3108e+07 1.09213e+07 2.68317e+07
threshold=25250.000000000004 14.980364223293687 17.999958659530645 1.0000000180025095e-35 7.1956784248352061 9.4799780963516245 13.900046924062918 19.019955969009406 0.1999995406292677 257.25378787878793 0.11002083333333336 2.4046568627450986 1.0000000180025095e-35 215.04166666666671 0.27502450980392162 0.30002923976608192 0.22003968253968259 4.8166911764705889 0.43339506172839515 0.28002923976608196 7.6362954139709478 2.9541666666666671 0.044999874682521743 11.579968186739348 15.939963033760074 68.52500000000002 19.763287684494021 2.6408333333333336 261.68137254901967 2.4608333333333339
decision_type=2 2 2 2 10 2 2 2 2 2 2 2 2 2 2 2 2 2 2 2 10 2 2 2 2 2 2 2 2 2
left_child=4 3 17 8 22 12 16 11 13 18 -11 14 -6 19 -4 -7 -5 24 -10 -2 -14 -8 -1 -24 -3 -26 27 -9 -25 -30
right_child=1 2 7 6 5 15 21 26 9 10 -12 -13 20 -15 -16 -17 -18 -19 -20 -21 -22 -23 23 28 25 -27 -28 -29 29 -31
leaf_value=-16.867932566143711 -0.82670474756219026 12.999540441181209 26.086264383762696 6.9211139204933394 -14.016705282517339 4.4660296234864827 10.738528416172731 38.227574008056493 -5.3200134466636042 -6.5779151060507948 27.93958175808628 30.286488863094878 -9.22489834941487 -4.5091831111885803 2.3319158784767677 -5.6083139287143737 3.3079213427330298 17.962609449540192 1.6576393672693754 -6.3348404008237154 -12.367917048450954 30.149473266601564 -9.3311871874626 -14.001080144600275 9.6266886024502121 19.253162879361703 33.186817692167871 14.446872836442726 -16.517223018113004 -39.285294327972629
leaf_weight=5849 11186 4818 157 9010 7943 684 4913 2421 1723 422 545 874 6816 8329 144 857 4265 5178 1350 1300 7235 88 1532 8402 705 2229 3535 61 1673 140
leaf_count=5849 11186 4818 157 9010 7943 684 4913 2421 1723 422 545 874 6816 8329 144 857 4265 5178 1350 1300 7235 88 1532 8402 705 2229 3535 61 1673 140
internal_value=0.00297986 8.37283 22.2231 1.91086 -12.8684 -11.2798 7.21837 33.6149 -1.99192 1.37103 12.8849 26.3269 -11.9904 -2.64467 14.7674 -1.13664 5.7606 15.8846 -2.25512 -1.40065 -10.844 11.0861 -14.9925 -14.0573 14.4945 16.9441 35.0335 37.6492 -14.7651 -18.2961
internal_weight=104384 63253 20122 43131 41131 23535 18276 7192 24855 4040 967 1175 21994 20815 301 1541 13275 12930 3073 12486 14051 5001 17596 11747 7752 2934 6017 2482 10215 1813
internal_count=104384 63253 20122 43131 41131 23535 18276 7192 24855 4040 967 1175 21994 20815 301 1541 13275 12930 3073 12486 14051 5001 17596 11747 7752 2934 6017 2482 10215 1813
is_linear=0
shrinkage=0.05


Tree=27
num_leaves=31
num_cat=0
split_feature=3 0 0 1 2 0 0 0 7 4 7 4 4 1 2 2 8 2 5 1 7 0 0 7 7 4 7 7 1 1
split_gain=4.05984e+09 2.04386e+09 5.42691e+08 3.06234e+08 5.00572e+07 5.86605e+07 2.65014e+07 2.50015e+07 2.08283e+07 1.92618e+07 1.91619e+07 2.66689e+07 2.00171e+07 1.55833e+07 1.53141e+07 2.16455e+07 1.8633e+07 1.52523e+07 1.52457e+07 2.35697e+07 2.71604e+07 1.45319e+07 1.68786e+07 1.36698e+07 1.31198e+07 1.21858e+07 1.1689e+07 1.07584e+07 1.07238e+07 1.10724e+07
threshold=25250.000000000004 14.859965577217103 17.999958659530645 0.99999769051669152 5.5858000000000017 9.1616146857637091 19.019955969009406 13.900046924062918 4.151041666666667 2.4046568627450986 2.9395833333333337 9.1008333333333358 1.9301515151515154 18.579956991500861 7.4373547077178968 7.334843802452089 339.04166666666669 7.6042065620422372 95.414215686274517 17.349959723434452 4.6758487654321002 3.4999918791847233 11.959972063575746 3.1187500000000008 4.5000771604938281 2.4437500000000005 5.5020833333333341 4.1005681818181836 1.0000000180025095e-35 13.599968220170341
decision_type=2 2 2 2 10 2 2 2 2 2 2 2 2 2 10 10 2 10 2 2 2 2 2 2 2 2 2 2 2 2
left_child=4 3 18 10 28 8 9 21 -6 13 25 12 -12 -4 15 27 -16 26 19 -3 -21 -5 -23 -20 -25 -2 -10 -7 -1 -30
right_child=1 2 6 7 5 14 -8 -9 17 -11 11 -13 -14 -15 16 -17 -18 -19 23 20 -22 22 -24 24 -26 -27 -28 -29 29 -31
leaf_value=-16.060373733488344 -1.580989208378772 13.156388079914942 24.042198906337514 13.162956780592021 -14.660311807098049 23.212747679743273 33.28252052147851 10.42239026567683 -11.836466099860905 28.773895049832209 -3.1690527686472461 28.584466561889652 -0.2137535043022496 1.1354642776259805 -11.106314504799622 6.7227982014869454 8.5254603124158148 -11.882796243689398 9.4753211157655777 -21.459833634402777 14.352027850197357 2.8738595663584787 7.0308652516296455 18.860534037812386 14.957278426526887 -9.7082902846075854 -7.3105748055090132 -8.0756004399216312 -11.058495395469857 -14.406892942294414
leaf_weight=5633 781 3448 169 663 4224 28 6017 4422 2138 874 8945 74 15938 132 731 685 144 10894 756 108 102 3818 6784 3577 5518 1127 4317 537 3556 8244
leaf_count=5633 781 3448 169 663 4224 28 6017 4422 2138 874 8945 74 15938 132 731 685 144 10894 756 108 102 3818 6784 3577 5518 1127 4317 537 3556 8244
internal_value=0.00289258 7.9544 20.84 1.68536 -12.2252 -10.7279 31.9352 7.23599 -11.5087 25.0131 -1.5559 -1.18653 -1.27622 14.0338 -2.80023 0.751668 -7.86944 -10.7405 14.9312 12.166 -4.0799 5.98437 5.53425 15.9567 16.4943 -6.38412 -8.81122 -6.48675 -14.2597 -13.3989
internal_weight=104384 63253 20701 42552 41131 23698 7192 15687 21573 1175 26865 24957 24883 301 2125 1250 875 17349 13509 3658 210 11265 10602 9851 9095 1908 6455 565 17433 11800
internal_count=104384 63253 20701 42552 41131 23698 7192 15687 21573 1175 26865 24957 24883 301 2125 1250 875 17349 13509 3658 210 11265 10602 9851 9095 1908 6455 565 17433 11800
is_linear=0
shrinkage=0.05


Tree=28
num_leaves=31
num_cat=0
split_feature=3 0 0 1 2 0 11 7 0 0 11 7 0 11 11 2 0 6 6 4 0 8 11 8 0 1 7 1 5 7
split_gain=3.66409e+09 1.84648e+09 4.67541e+08 2.98221e+08 4.5231e+07 5.54132e+07 3.95806e+07 7.04261e+07 3.46175e+07 2.88235e+07 2.71889e+07 2.18952e+07 5.27082e+07 2.60375e+07 1.6503e+07 2.22026e+07 1.63551e+07 1.59863e+07 1.49766e+07 1.48902e+07 1.66796e+07 1.34884e+07 1.32732e+07 2.03608e+07 2.00641e+07 1.30846e+07 1.17098e+07 1.10422e+07 1.83102e+07 1.24143e+07
threshold=25250.000000000004 15.019983925529987 18.379957119216922 1.0000000180025095e-35 7.1956784248352061 9.4799780963516245 36.928172484557372 8.0770833333333361 12.860829924512387 0.16203430980392161 32.539182051599006 5.1758928571428582 0.44520146530287003 88.41331308612466 129.26794387731482 7.334843802452089 19.019955969009406 1.2403571428571432 2.9541666666666671 4.8166911764705889 17.560083461233347 300.00735294117652 181.04542460651254 29.583333333333353 11.659972996665955 0.11999972465400027 4.0011363636363644 15.939963033760074 68.52500000000002 5.7507352941176482
decision_type=2 2 2 2 10 2 2 2 2 2 2 2 2 2 2 10 2 2 2 2 2 2 2 2 2 2 2 2 2 2
left_child=4 3 19 6 -1 10 7 9 22 -2 25 12 -8 -13 15 -7 26 -12 21 27 -21 -10 23 -5 -24 -6 -4 29 -29 -3
right_child=1 2 16 8 5 14 11 -9 18 -11 17 13 -14 -15 -16 -17 -18 -19 -20 20 -22 -23 24 -25 -26 -27 -28 28 -30 -31
leaf_value=-13.532372247248421 -0.85046710260711722 12.870975732299966 42.754930427647842 -13.921660744073826 -14.201796651232371 -5.3676983727185075 -2.1312061149723727 41.032672061111967 9.2471731197867868 9.728645186001998 -8.0557585611235307 -8.2578362076578671 14.15218706676335 -1.953472202321368 -7.9798157751717929 9.6278971023769948 31.61867131672129 -11.361851756357877 28.511019490830446 15.963857371620231 28.383835969414147 4.1086330269092235 -2.8394444787966924 6.3490703083898063 4.9561601712780607 -8.1477927319828272 22.376723590260294 8.5787011276490031 17.634216309319612 6.2040152860771522
leaf_weight=17596 2616 3839 78 126 6207 451 14200 117 8097 853 7918 3204 514 3351 547 543 6017 6821 93 4935 287 1519 1362 5181 2092 1048 800 733 2382 857
leaf_count=17596 2616 3839 78 126 6207 451 14200 117 8097 853 7918 3204 514 3351 547 543 6017 6821 93 4935 287 1519 1362 5181 2092 1048 800 733 2382 857
internal_value=0.00280354 7.55682 20.1526 1.76286 -11.614 -10.1792 -1.81312 3.04557 6.57488 1.75291 -10.8214 -2.63241 -1.56146 -5.03575 -1.01269 2.8255 30.6819 -9.58644 8.63118 14.5802 16.6518 8.43597 4.29536 5.86526 1.88222 -13.3285 24.2337 13.1934 15.5068 11.6559
internal_weight=104384 63253 19928 43325 41131 23535 24855 3586 18470 3469 21994 21269 14714 6555 1541 994 6895 14739 9709 13033 5222 9616 8761 5307 3454 7255 878 7811 3115 4696
internal_count=104384 63253 19928 43325 41131 23535 24855 3586 18470 3469 21994 21269 14714 6555 1541 994 6895 14739 9709 13033 5222 9616 8761 5307 3454 7255 878 7811 3115 4696
is_linear=0
shrinkage=0.05


Tree=29
num_leaves=31
num_cat=0
split_feature=3 1 1 1 2 1 11 7 6 6 11 1 7 9 9 1 11 7 7 2 1 7 11 7 6 6 9 1 1 11
split_gain=3.30695e+09 1.6164e+09 5.04686e+08 2.01852e+08 4.08195e+07 4.84279e+07 3.57307e+07 6.38706e+07 4.53132e+07 2.07702e+07 2.03815e+07 1.98981e+07 1.97619e+07 3.79205e+07 2.7207e+07 1.93828e+07 1.85576e+07 1.8205e+07 1.72533e+07 1.60521e+07 1.57118e+07 3.13879e+07 1.49584e+07 1.40145e+07 1.39288e+07 1.32671e+07 1.04403e+07 1.00429e+07 1.35486e+07 9.93905e+06
threshold=25250.000000000004 13.879955930444803 17.436626025792446 1.0000000180025095e-35 7.1956784248352061 1.2999969742627144 36.928172484557372 7.4645833333333345 0.84083333333333343 0.23990740740740746 34.663429674957491 15.489957474296325 5.1758928571428582 0.25752450980392166 0.22676587301587306 11.899972057614617 175.85592669041588 5.5020833333333341 2.2020833333333338 7.432311558723451 17.349959723434452 4.8506172839506183 37.026206013103618 5.3008928571428582 3.101666666666667 2.5408333333333339 0.77541666666666687 0.044999874682521743 12.919964401295308 278.99955054364256
decision_type=2 2 2 2 10 2 2 2 2 2 2 2 2 2 2 2 2 2 2 10 2 2 2 2 2 2 2 2 2 2
left_child=4 3 11 6 27 10 7 9 -9 -2 -6 24 14 -14 -8 16 18 -7 -5 -19 -13 -22 -12 -4 -3 26 -17 -1 -29 -24
right_child=1 2 23 15 5 17 12 8 -10 -11 22 20 13 -15 -16 25 -18 19 -20 -21 21 -23 29 -25 -26 -27 -28 28 -30 -31
leaf_value=-14.55329856962938 -9.7205762640052615 10.901069010418638 30.811539495076886 -8.1269571344984026 -13.007056090329293 -8.9607910215248161 -2.3596582664505532 0.46819034625006761 45.546217038366535 2.5539844793815782 -5.1912809411121508 15.082693403633858 -2.9495828804448525 -12.669695711848647 3.7906965196366706 7.022699337737599 -0.0083281643448960101 2.9437869894368824 6.1516660985785769 -5.1516895241549996 -13.268380717825384 22.743890918155888 -9.7575701243261292 26.331395589015102 27.4169177064162 37.64851771778531 26.039168978651915 -8.4693890657000992 -12.826479463142276 -14.874566857380897
leaf_weight=5849 389 8832 3704 221 6859 1994 12618 91 143 2963 1674 7125 5319 1236 2096 7762 2257 866 4567 2085 140 105 8992 3449 129 35 72 2205 9542 1065
leaf_count=5849 389 8832 3704 221 6859 1994 12618 91 143 2963 1674 7125 5319 1236 2096 7762 2257 866 4567 2085 140 105 8992 3449 129 35 72 2205 9542 1065
internal_value=0.00276659 7.1792 17.5803 1.03697 -11.0334 -9.67033 -1.72236 2.89398 28.0925 1.12704 -10.8402 12.7279 -2.50078 -4.78405 -1.48335 5.63535 3.72947 -5.27112 5.49105 -2.7758 14.6546 2.19515 -9.57224 28.6553 11.1419 7.34097 7.20078 -12.8558 -12.0094 -10.3009
internal_weight=104384 63253 23484 39769 41131 23535 24855 3586 234 3352 18590 16331 21269 6555 14714 14914 7045 4945 4788 2951 7370 245 11731 7153 8961 7869 7834 17596 11747 10057
internal_count=104384 63253 23484 39769 41131 23535 24855 3586 234 3352 18590 16331 21269 6555 14714 14914 7045 4945 4788 2951 7370 245 11731 7153 8961 7869 7834 17596 11747 10057
is_linear=0
shrinkage=0.05


Tree=30
num_leaves=31
num_cat=0
split_feature=3 0 0 1 2 0 0 0 5 9 5 7 7 2 10 8 6 8 2 7 8 7 5 0 8 6 7 7 9 6
split_gain=2.98462e+09 1.50969e+09 3.72815e+08 2.52429e+08 3.68393e+07 4.63284e+07 2.72654e+07 1.6793e+07 5.35857e+07 9.44632e+07 1.9378e+07 2.15677e+07 1.62048e+07 1.59544e+07 1.38816e+07 1.38371e+07 1.33933e+07 1.29565e+07 1.23694e+07 1.85012e+07 1.33055e+07 1.1971e+07 1.32859e+07 2.01614e+07 1.95255e+07 1.07639e+07 1.07317e+07 9.94875e+06 9.52877e+06 1.05577e+07
threshold=25250.000000000004 15.105127586337195 18.579957362258916 0.19999954060724254 7.1956784248352061 9.4799780963516245 13.900046924062918 0.1999995406292677 257.25378787878793 0.11002083333333336 215.04166666666671 5.4517857142857151 4.3511363636363649 7.6011659383773811 186.01973684210529 29.583333333333353 0.43339506172839515 262.0222222222223 7.4373547077178968 6.4543560606060622 339.04166666666669 3.1187500000000008 95.414215686274517 17.761495818405717 134.23484848484853 2.9541666666666671 7.6468750000000014 5.5020833333333341 0.17502083333333338 3.101666666666667
decision_type=2 2 2 2 10 2 2 2 2 2 2 2 2 10 2 2 2 2 10 2 2 2 2 2 2 2 2 2 2 2
left_child=4 3 21 7 -1 12 15 10 16 -10 11 -2 -6 27 -12 -5 -9 -17 19 -7 -20 -3 24 -24 -23 -8 28 -14 -4 -30
right_child=1 2 26 6 5 18 25 8 9 -11 14 -13 13 -15 -16 17 -18 -19 20 -21 -22 22 23 -25 -26 -27 -28 -29 29 -31
leaf_value=-12.21310436330635 0.21587492123510615 7.4650289425155778 26.014729684228122 -4.9936804165172646 -12.422484905164687 -2.2638501685538763 8.8476192689434523 -4.6308035474079912 -5.8087046503946187 25.17076150003588 -2.4771833762896946 -4.7675612477645046 -10.028944534868678 -10.2302277036802 -6.7508322552176185 6.5201940505319307 1.912286958655794 3.1104153762047466 -11.862815173625357 12.021333306458619 7.1308294618325165 13.919021096156937 14.302040344206768 24.789529460277105 6.0632294761344285 25.760996221701305 22.788978668627919 -5.7621831143244675 30.704018836102541 9.1933957899808885
leaf_weight=17596 10428 789 1998 341 4581 709 5527 1773 439 558 5849 2741 1984 11019 2815 7264 1398 4524 379 332 121 2326 8104 487 1202 95 863 4410 3673 59
leaf_count=17596 10428 789 1998 341 4581 709 5527 1773 439 558 5849 2741 1984 11019 2815 7264 1398 4524 379 332 121 2326 8104 487 1202 95 863 4410 3673 59
internal_value=0.00268744 6.82041 18.3903 1.66321 -10.4818 -9.18693 6.2595 -1.47482 1.43316 11.5377 -2.03001 -0.821662 -9.7741 -9.07669 -3.86634 4.92465 -1.74645 5.21196 -0.805534 2.2992 -7.26128 13.4477 13.8365 14.8994 11.245 9.13795 28.0636 -7.08748 28.8539 30.3665
internal_weight=104384 63253 19501 43752 41131 23535 17751 26001 4168 997 21833 13169 21994 17413 8664 12129 3171 11788 1541 1041 500 12908 12119 8591 3528 5622 6593 6394 5730 3732
internal_count=104384 63253 19501 43752 41131 23535 17751 26001 4168 997 21833 13169 21994 17413 8664 12129 3171 11788 1541 1041 500 12908 12119 8591 3528 5622 6593 6394 5730 3732
is_linear=0
shrinkage=0.05


Tree=31
num_leaves=31
num_cat=0
split_feature=3 0 0 1 11 11 7 0 3 0 0 0 5 7 11 7 0 0 2 1 1 1 7 7 8 8 0 6 7 7
split_gain=2.69369e+09 1.36273e+09 3.45339e+08 2.19298e+08 3.48086e+07 3.39605e+07 5.41843e+07 4.29155e+07 3.2781e+07 3.84707e+07 2.0018e+07 1.68919e+07 1.66404e+07 1.97642e+07 1.40176e+07 1.87002e+07 1.30858e+07 1.27585e+07 1.23888e+07 1.12594e+07 1.31179e+07 1.40197e+07 1.0502e+07 9.9028e+06 1.06038e+07 1.18422e+07 9.94144e+06 9.77276e+06 9.14439e+06 1.42486e+07
threshold=25250.000000000004 15.019983925529987 18.579957362258916 0.99999769051669152 7.3565387915560505 36.928172484557372 7.4645833333333345 0.1999995406292677 7250.0000000000009 9.4799780963516245 13.900046924062918 0.16203430980392161 289.54166666666669 5.4517857142857151 139.57060578323578 6.4543560606060622 3.4999918791847233 11.959972063575746 7.6042065620422372 16.039962506454472 18.579956991500861 17.58995901403809 5.5020833333333341 5.2770833333333345 76.041666666666671 256.28676470588238 19.763287684494021 1.5808333333333338 5.1520833333333345 3.1187500000000008
decision_type=2 2 2 2 2 2 2 2 2 2 2 2 2 2 2 2 2 2 8 2 2 2 2 2 2 2 2 2 2 2
left_child=4 3 19 5 -1 6 11 -8 9 18 16 -2 13 -7 15 -11 -5 -18 22 28 21 -21 -6 26 -25 -26 -4 -12 29 -3
right_child=1 2 23 10 8 12 7 -9 -10 14 27 -13 -14 -15 -16 -17 17 -19 -20 20 -22 -23 -24 24 25 -27 -28 -29 -30 -31
leaf_value=-13.136523606633677 -0.42003666679051188 5.9930685555078034 31.337586744066016 11.672861129989826 -9.3612655826107787 -0.67826648892261909 8.1452522810472967 51.425334182122747 -11.18522329360967 -3.5160195679441792 7.8741251139001607 7.6301522002724944 -5.53927683669336 -4.501861575593991 -6.9940027650832697 9.998164800579703 2.1217621592871314 5.7357642883647149 -9.7056652283698934 14.09068800939624 -8.4590777595707625 23.818707844144267 -5.5650008389042922 12.822556637918627 28.099705724325528 21.595723544762407 25.91338081428653 14.996421803751881 9.7268579273320039 14.046965305018839
leaf_weight=7126 2623 632 1666 663 3043 15957 137 98 13671 534 4657 866 2897 4287 540 490 3818 6784 11169 4202 60 408 4558 184 1659 1255 1829 538 3734 4299
leaf_count=7126 2623 632 1666 663 3043 15957 137 98 13671 534 4657 866 2897 4287 540 490 3818 6784 11169 4202 60 408 4558 184 1659 1255 1829 538 3734 4299
internal_value=0.00262576 6.47954 17.3003 1.50209 -9.95777 -1.28237 3.14854 26.3354 -9.29127 -8.01744 6.04652 1.5797 -1.99553 -1.48816 -0.482893 2.95417 4.86162 4.43461 -8.64519 12.6705 14.654 14.9566 -7.08584 26.6611 24.5698 25.3069 28.5072 8.61446 11.6 13.0161
internal_weight=104384 63253 19928 43325 41131 26865 3724 235 34005 20334 16460 3489 23141 20244 1564 1024 11265 10602 18770 13335 4670 4610 7601 6593 3098 2914 3495 5195 8665 4931
internal_count=104384 63253 19928 43325 41131 26865 3724 235 34005 20334 16460 3489 23141 20244 1564 1024 11265 10602 18770 13335 4670 4610 7601 6593 3098 2914 3495 5195 8665 4931
is_linear=0
shrinkage=0.05


Tree=32
num_leaves=31
num_cat=0
split_feature=3 0 0 1 11 3 0 11 7 0 0 6 8 9 11 4 0 9 11 7 4 4 7 8 6 8 11 1 11 5
split_gain=2.43114e+09 1.23021e+09 3.03578e+08 2.07051e+08 3.14154e+07 2.95844e+07 3.47203e+07 2.86088e+07 5.05034e+07 3.90395e+07 2.53644e+07 1.84795e+07 1.78063e+07 4.33646e+07 4.23922e+07 1.53856e+07 1.67127e+07 1.29268e+07 1.26644e+07 1.71552e+07 1.24197e+07 1.15625e+07 2.11421e+07 1.00682e+07 9.96124e+06 9.85649e+06 1.14274e+07 9.65132e+06 9.56754e+06 1.00884e+07
threshold=25250.000000000004 15.105127586337195 18.579957362258916 1.0000000180025095e-35 7.3565387915560505 7250.0000000000009 9.4799780963516245 36.928172484557372 7.4645833333333345 0.1999995406292677 13.739968146217349 0.23990740740740746 185.37500000000003 0.22676587301587306 87.141502936962553 4.5354166666666673 17.560083461233347 0.22003968253968259 129.26794387731482 6.4543560606060622 11.759166666666667 3.4251543209876547 8.1927083333333339 267.04166666666669 3.101666666666667 342.04166666666669 278.99955054364256 0.019999953988310573 41.953151611830769 95.414215686274517
decision_type=2 2 2 2 2 2 2 2 2 2 2 2 2 2 2 2 2 2 2 2 2 2 2 2 2 2 2 2 2 2
left_child=4 3 15 7 -1 6 25 8 11 -10 17 -2 13 -9 -14 28 -17 23 19 -8 -12 -4 24 -5 -23 26 -6 -27 -3 -30
right_child=1 2 21 10 5 -7 18 12 9 -11 20 -13 14 -15 -16 16 -18 -19 -20 -21 -22 22 -24 -25 -26 27 -28 -29 29 -31
leaf_value=-12.479789625049541 -9.1712346623983745 25.762076427126399 22.508225015484985 6.4917729633274339 -7.3144994446202851 -10.626003018470445 -3.3821646767675091 -1.5411792922496579 7.7409407986333409 49.141941890132671 7.6946326199902231 2.4066795396606229 -7.0348714079670405 10.849532171039446 -1.1903850022748261 13.224727512566268 22.690059995942903 1.7788010776884862 -6.586926522902111 9.6057354366828189 24.508216940675467 28.544561268595675 17.179633647444732 2.8651691207833774 7.6795973582267765 -15.398208393150904 -12.112261157908861 -9.0275280003909781 7.162230548349716 11.486076825145062
leaf_weight=7126 389 102 2379 5513 14543 13671 530 7027 137 97 6347 2963 4851 784 8607 5196 514 3991 547 487 111 3657 498 2935 59 847 1359 2021 1822 5274
leaf_count=7126 389 102 2379 5513 14543 13671 530 7027 137 97 6347 2963 4851 784 8607 5196 514 3991 547 487 111 3657 498 2935 59 847 1359 2021 1822 5274
internal_value=0.0026037 6.15579 16.6 1.50036 -9.45994 -8.82676 -7.61663 -1.49878 2.63194 25.039 5.44498 1.06073 -2.19532 -0.296278 -3.29742 12.1399 14.0806 4.1245 -0.458764 2.84053 7.98737 25.3289 26.9156 5.23231 28.2154 -8.21299 -7.72526 -10.9137 10.5986 10.377
internal_weight=104384 63253 19501 43752 41131 34005 20334 24855 3586 234 18897 3352 21269 7811 13458 12908 5710 12439 1564 1017 6458 6593 4214 8448 3716 18770 15902 2868 7198 7096
internal_count=104384 63253 19501 43752 41131 34005 20334 24855 3586 234 18897 3352 21269 7811 13458 12908 5710 12439 1564 1017 6458 6593 4214 8448 3716 18770 15902 2868 7198 7096
is_linear=0
shrinkage=0.05


Tree=33
num_leaves=31
num_cat=0
split_feature=3 1 1 1 11 3 11 7 6 1 5 1 11 6 7 1 7 6 7 5 1 11 7 7 11 9 5 1 5 5
split_gain=2.19419e+09 1.07123e+09 3.54089e+08 1.18672e+08 2.83525e+07 2.66987e+07 2.58273e+07 4.56282e+07 3.48694e+07 2.55352e+07 1.8522e+07 1.70814e+07 1.70194e+07 1.66814e+07 1.51652e+07 1.43187e+07 2.69776e+07 1.30894e+07 1.13735e+07 1.08503e+07 9.80806e+06 1.5069e+07 1.09224e+07 9.75508e+06 8.50537e+06 8.15254e+06 7.71517e+06 7.22298e+06 1.92961e+07 7.78448e+06
threshold=25250.000000000004 13.599968220170341 17.436626025792446 1.0000000180025095e-35 7.3565387915560505 7250.0000000000009 36.928172484557372 7.4645833333333345 0.84083333333333343 7.2199831930995586 244.29166666666671 15.489957474296325 197.59788178585998 0.23990740740740746 5.1520833333333345 17.349959723434452 4.8751543209876553 2.9541666666666671 6.6514705882352949 238.04166666666671 11.899972057614617 175.85592669041588 4.9006944444444454 5.2770833333333345 278.99955054364256 1.1579166666666669 283.70833333333343 18.699957285629278 143.70833333333337 309.54166666666669
decision_type=2 2 2 2 2 2 2 2 2 2 2 2 2 2 2 2 2 2 2 2 2 2 2 2 2 2 2 2 2 2
left_child=4 3 11 6 -1 9 7 13 -9 24 -11 17 14 -2 -8 25 -17 26 20 -20 21 -5 -22 -4 -6 -13 -3 28 -25 -29
right_child=1 2 23 18 5 -7 12 8 -10 10 -12 15 -14 -15 -16 16 -18 -19 19 -21 22 -23 -24 27 -26 -27 -28 29 -30 -31
leaf_value=-11.855887729583481 -8.7138487607423478 9.2713430190244068 25.176374766450522 4.2984150369165661 -7.8431401315905447 -10.094741877126639 -0.90024697876104964 -0.42421487460965701 39.109958600468104 0.12499659431028015 -6.5454466499639112 12.287390358573258 -9.6692662771531754 2.2863862846449208 -3.8235169211378577 -13.990680588342094 19.477750043983647 22.598658277750015 5.3260064262238735 16.500609090721738 7.1448104124492282 -0.81902394805461354 2.8528671769865124 12.464695654228258 -12.440981926925744 39.422045309884211 5.7604945296036885 24.859407731607973 25.501256644422487 18.370915760968671
leaf_weight=7126 389 8094 3642 4459 14950 13671 14077 91 143 1762 2541 7098 714 2963 6478 142 103 169 547 361 3696 2123 2478 654 1081 27 1948 1692 506 659
leaf_count=7126 389 8094 3642 4459 14950 13671 14077 91 143 1762 2541 7098 714 2963 6478 142 103 169 547 361 3696 2123 2478 654 1081 27 1948 1692 506 659
internal_value=0.00256138 5.84819 13.9681 0.63399 -8.98703 -8.3855 -1.42374 2.50105 23.7992 -7.2359 -3.81463 10.1512 -2.08556 1.00759 -1.82167 11.9871 0.101682 8.82496 4.37686 9.78204 3.99137 2.64793 5.42294 23.3468 -8.15394 12.3957 8.59093 21.4423 18.1684 23.0492
internal_weight=104384 63253 24734 38519 41131 34005 24855 3586 234 20334 4303 17581 21269 3352 20555 7370 245 10211 13664 908 12756 6582 6174 7153 16031 7125 10042 3511 1160 2351
internal_count=104384 63253 24734 38519 41131 34005 24855 3586 234 20334 4303 17581 21269 3352 20555 7370 245 10211 13664 908 12756 6582 6174 7153 16031 7125 10042 3511 1160 2351
is_linear=0
shrinkage=0.05


Tree=34
num_leaves=31
num_cat=0
split_feature=0 3 0 1 3 1 1 11 7 9 0 5 4 8 6 4 0 7 9 4 7 6 4 7 0 11 4 8 7 8
split_gain=1.98134e+09 8.4509e+08 2.89254e+08 1.80706e+08 1.02567e+08 2.60597e+07 2.98758e+07 2.58313e+07 9.77943e+07 9.0311e+07 1.90006e+07 1.77589e+07 1.62916e+07 1.59912e+07 1.57494e+07 1.5387e+07 1.73424e+07 1.66973e+07 1.27605e+07 1.21031e+07 1.31123e+07 1.10427e+07 1.09857e+07 1.21765e+07 1.20823e+07 1.02047e+07 9.81671e+06 8.77568e+06 8.60275e+06 8.32773e+06
threshold=15.239964407661441 25250.000000000004 17.999958659530645 0.99999769051669152 25250.000000000004 0.019999953988310573 13.29996935408783 20.876902363572629 6.6514705882352949 0.10000000000000003 13.900046924062918 67.02500000000002 10.145833333333334 153.04166666666671 1.5208333333333337 3.4770833333333342 19.019955969009406 8.1927083333333339 0.27753787878787889 3.5679166666666671 6.6514705882352949 3.101666666666667 7.4704166666666678 6.0415441176470592 17.319960113349918 7.3562521018756888 11.759166666666667 340.54166666666669 3.1187500000000008 50.375000000000007
decision_type=2 2 2 2 2 2 2 2 2 2 2 2 2 2 2 2 2 2 2 2 2 2 2 2 2 2 2 2 2 2
left_child=1 5 4 7 -2 25 14 8 11 -10 19 -3 13 -9 -7 16 18 21 -4 -5 -21 29 23 28 -25 -1 -12 -27 -6 -17
right_child=2 3 15 10 22 6 -8 12 9 -11 26 -13 -14 -15 -16 17 -18 -19 -20 20 -22 -23 -24 24 -26 27 -28 -29 -30 -31
leaf_value=-11.915261878463781 -9.6539790809311121 -9.296352644503564 16.477774589948538 5.4309218119020883 5.6057938412769452 -5.4874843765954182 -10.085135324664403 0.29709638392057364 -2.5767495837110155 61.428790929723668 7.3235540810024737 3.2888226557190112 25.915087882147898 -2.4282271128899282 -8.6409879246737393 15.51825661764145 21.237319416642304 16.090549015450559 -0.60016201608831243 1.1055475689582952 10.481713571542704 5.0624663268117338 14.324792171150975 4.7854031343260681 23.800900803469542 -8.5160386367359653 21.720389541180666 -13.511150233001258 11.370604069758262 26.15554325486255
leaf_weight=5683 646 372 327 7094 711 12587 8376 7820 93 134 6201 1127 53 17266 5784 199 2143 573 164 3758 413 67 1866 1386 88 7047 120 1008 7559 3719
leaf_count=5683 646 372 327 7094 711 12587 8376 7820 93 134 6201 1127 53 17266 5784 199 2143 573 164 3758 413 67 1866 1386 88 7047 120 1008 7559 3719
internal_value=0.00253187 -3.29378 14.3981 1.46594 9.72563 -8.51968 -7.60983 -1.11339 4.80192 35.3099 5.40606 0.161498 -1.5197 -1.57869 -6.48076 22.358 19.2935 24.1243 10.7839 4.17429 2.03624 25.2751 10.8047 10.1292 5.93603 -10.2904 7.60026 -9.14273 10.8757 25.6194
internal_weight=104384 84936 19448 44451 12256 40485 26747 26865 1726 227 17586 1499 25139 25086 18371 7192 2634 4558 491 11265 4171 3985 11610 9744 1474 13738 6321 8055 8270 3918
internal_count=104384 84936 19448 44451 12256 40485 26747 26865 1726 227 17586 1499 25139 25086 18371 7192 2634 4558 491 11265 4171 3985 11610 9744 1474 13738 6321 8055 8270 3918
is_linear=0
shrinkage=0.05


Tree=35
num_leaves=31
num_cat=0
split_feature=0 3 0 0 2 11 0 7 5 4 0 11 3 0 11 11 0 11 11 0 4 9 2 7 4 4 7 0 0 7
split_gain=1.7885e+09 7.8735e+08 2.44806e+08 1.6901e+08 6.94641e+07 2.79091e+07 3.8188e+07 5.82566e+07 2.67742e+07 2.44246e+07 2.33679e+07 2.31688e+07 2.2309e+07 2.90955e+07 2.21693e+07 1.38499e+08 1.85165e+07 1.56273e+07 1.55788e+07 1.39489e+07 1.4418e+07 1.12846e+07 1.10326e+07 1.05432e+07 9.4126e+06 8.99049e+06 1.04139e+07 1.01632e+07 8.80672e+06 8.14745e+06
threshold=15.339964343803407 25250.000000000004 17.999958659530645 0.44520146530287003 7.4989146471023567 36.928172484557372 0.16203430980392161 6.7043560606060622 239.45833333333337 7.5658333333333347 13.900046924062918 7.3565387915560505 7250.0000000000009 10.220005861970135 36.972016444086492 36.97190895456697 0.89934963219383646 110.27787729867111 35.992682306176619 19.019955969009406 2.4046568627450986 0.27502450980392162 7.6042065620422372 6.4543560606060622 11.759166666666667 7.4704166666666678 6.0645833333333341 17.319960113349918 19.763287684494021 3.0753787878787886
decision_type=2 2 2 2 10 2 2 2 2 2 2 2 2 2 2 2 2 2 2 2 2 2 8 2 2 2 2 2 2 2
left_child=1 11 4 5 -2 6 18 -8 9 -7 14 -1 13 22 15 -5 -16 -10 -3 20 21 -4 -13 -15 -12 26 29 -28 -21 -6
right_child=2 3 19 10 25 8 7 -9 17 -11 24 12 -14 23 16 -17 -18 -19 -20 28 -22 -23 -24 -25 -26 -27 27 -29 -30 -31
leaf_value=-10.702588239283962 -8.6354839345397565 -1.525461036365594 15.986273135837122 2.8031835146150512 4.8711423004542196 -0.84260971128461959 4.6395798238645716 33.919303232543676 -6.9331524316867119 26.351918968752205 7.1334020907092031 -5.5565897870546053 -9.1555628975819978 -2.2992982560192998 -4.9714322361927428 56.065465842411442 3.6500240578933352 -1.9673295045719303 9.4013446950007342 24.521488095717807 19.474332408097474 -3.3454773996287379 -7.985572874945567 7.866485011342168 20.3865574600466 13.600501784407477 4.5295263555319618 22.701217817911289 20.593132274405214 10.852818257779026
leaf_weight=7088 505 2420 157 772 620 15841 715 222 3289 82 6770 8063 13204 703 661 144 10550 3058 376 2482 874 144 11169 399 136 1757 1273 81 3535 7294
leaf_count=7088 505 2420 157 772 620 15841 715 222 3289 82 6770 8063 13204 703 661 144 10550 3058 376 2482 874 144 11169 399 136 1757 1273 81 3535 7294
internal_value=0.00250812 -3.05723 14.0017 1.4956 9.48474 -1.12492 2.8755 11.6055 -1.79559 -0.700917 5.07565 -8.1042 -7.55474 -6.51484 3.75302 11.2283 3.1413 -4.54129 -0.0532103 21.2408 16.2252 6.75739 -6.96757 1.38521 7.39731 10.3154 9.69127 5.63256 22.2174 10.3849
internal_weight=104384 85662 18722 45036 11530 26003 3733 937 22270 15923 19033 40626 33538 20334 12127 916 11211 6347 2796 7192 1175 301 19232 1102 6906 11025 9268 1354 6017 7914
internal_count=104384 85662 18722 45036 11530 26003 3733 937 22270 15923 19033 40626 33538 20334 12127 916 11211 6347 2796 7192 1175 301 19232 1102 6906 11025 9268 1354 6017 7914
is_linear=0
shrinkage=0.05


Tree=36
num_leaves=31
num_cat=0
split_feature=0 3 0 0 2 11 0 8 5 4 11 3 0 0 11 9 0 11 11 4 7 0 2 9 6 4 4 7 0 2
split_gain=1.61445e+09 6.88163e+08 2.35495e+08 1.43237e+08 8.37721e+07 2.51946e+07 3.44766e+07 6.24371e+07 2.41657e+07 2.20703e+07 2.10722e+07 1.97017e+07 2.62765e+07 1.80312e+07 2.07199e+07 1.30815e+08 1.60543e+07 1.43138e+07 1.40634e+07 1.33728e+07 1.49417e+07 1.3966e+07 1.10652e+07 1.04398e+07 9.66348e+06 9.51288e+06 9.00055e+06 9.98736e+06 9.93682e+06 8.50193e+06
threshold=15.239964407661441 25250.000000000004 17.999958659530645 0.44520146530287003 7.4989146471023567 36.928172484557372 0.16203430980392161 273.04166666666669 239.45833333333337 7.5658333333333347 7.3565387915560505 7250.0000000000009 9.4799780963516245 13.739968146217349 36.972016444086492 0.23261363636363638 0.89934963219383646 88.454092356621871 35.992682306176619 3.4251543209876547 8.7011904761904777 19.019955969009406 7.4373547077178968 0.27753787878787889 3.101666666666667 11.759166666666667 7.4704166666666678 6.0415441176470592 17.319960113349918 7.6042065620422372
decision_type=2 2 2 2 10 2 2 2 2 2 2 2 2 2 2 2 2 2 2 2 2 2 10 2 2 2 2 2 2 8
left_child=1 10 4 5 -2 6 18 -8 9 -7 -1 12 29 14 15 -5 -16 -10 -3 21 24 23 -14 -4 -21 -15 27 -6 -29 -12
right_child=2 3 19 13 26 8 7 -9 17 -11 11 -13 22 25 16 -17 -18 -19 -20 20 -22 -23 -24 -25 -26 -27 -28 28 -30 -31
leaf_value=-10.169745008989214 -8.7331002710563865 -1.4492194730471795 14.737666259234302 1.5343725676335951 9.8209666142241723 -0.800481896750044 3.6269275184173817 33.531626016112241 -6.9948331788928657 25.05019758546209 -5.4163614709468888 -8.6778231206589016 2.9202084175700875 6.4071315330278722 -4.7232360945880592 49.950606886841534 3.3247136398057409 -2.2103966831022528 8.9325243758696775 22.857144810682005 11.034321118128105 19.04911501281719 -6.0903611666184228 -0.85149306744522202 3.6586412753427733 20.121765901284625 12.942474681971289 4.3038881602033525 21.548514534596649 -7.5863298522761102
leaf_weight=7070 646 2420 325 739 8270 15841 706 231 2790 82 7601 13081 1064 7029 661 171 9720 3557 376 4236 304 2100 500 160 67 128 1866 1386 88 11169
leaf_count=7070 646 2420 325 739 8270 15841 706 231 2790 82 7601 13081 1064 7029 661 171 9720 3557 376 4236 304 2100 500 160 67 128 1866 1386 88 11169
internal_value=0.00250031 -2.97301 12.997 1.32212 8.78109 -1.06855 2.73235 11.0273 -1.70577 -0.665791 -7.68881 -7.16361 -6.18912 4.69172 3.44666 10.6772 2.81186 -4.3143 -0.0504089 20.1793 21.8012 17.2814 0.0375374 9.60367 22.5591 6.65519 9.75628 9.14485 5.34733 -6.70793
internal_weight=104384 84936 19448 44451 12256 26003 3733 937 22270 15923 40485 33415 20334 18448 11291 910 10381 6347 2796 7192 4607 2585 1564 485 4303 7157 11610 9744 1474 18770
internal_count=104384 84936 19448 44451 12256 26003 3733 937 22270 15923 40485 33415 20334 18448 11291 910 10381 6347 2796 7192 4607 2585 1564 485 4303 7157 11610 9744 1474 18770
is_linear=0
shrinkage=0.05


Tree=37
num_leaves=31
num_cat=0
split_feature=3 1 1 1 1 1 11 7 11 1 11 11 9 4 7 2 11 7 7 5 1 7 9 1 4 5 5 11 11 11
split_gain=1.45591e+09 7.09953e+08 1.91689e+08 1.26493e+08 2.03348e+07 2.43369e+07 1.76969e+07 3.11848e+07 2.36306e+07 1.51988e+07 1.51261e+07 1.42074e+07 1.41835e+07 1.22379e+07 1.45678e+07 1.19383e+07 1.00211e+07 1.61121e+07 1.00864e+07 9.94863e+06 1.29112e+07 2.32105e+07 1.1006e+07 9.3917e+06 8.83064e+06 1.28774e+07 8.47358e+06 8.27598e+06 1.12618e+07 7.54999e+06
threshold=25250.000000000004 14.479954025420803 17.58995901403809 1.0000000180025095e-35 0.019999953988310573 13.599968220170341 36.928172484557372 7.4645833333333345 34.663429674957491 12.499970791847231 197.59788178585998 95.557937423290767 0.0791885964912281 3.4770833333333342 8.1927083333333339 7.6362954139709478 230.57262448925982 3.0354166666666673 2.2020833333333338 114.37500000000001 17.349959723434452 4.6758487654321002 1.0429166666666669 16.089955774073143 7.8620833333333335 317.53921568627453 239.45833333333337 34.663429674957491 36.972866100304209 263.05597234752685
decision_type=2 2 2 2 2 2 2 2 2 2 2 2 2 2 2 8 2 2 2 2 2 2 2 2 2 2 2 2 2 2
left_child=4 3 19 6 27 15 7 12 -9 16 11 -8 -2 -4 -15 -6 18 -18 -5 20 23 -22 26 -3 29 -26 -21 -1 -29 -11
right_child=1 2 13 9 5 -7 10 8 -10 24 -12 -13 -14 14 -16 -17 17 -19 -20 22 21 -23 -24 -25 25 -27 -28 28 -30 -31
leaf_value=-9.7854207742501718 -3.1744780194925877 6.1615772458338913 16.421563265014925 -5.6331562963538584 -4.5715166737531341 -8.7930771006194828 -2.8164258998987264 32.255728241437012 -0.290181274206742 6.2658554706234311 -8.9018795653360705 -0.18741884926517116 3.4631231875389505 21.84243694991271 12.882697632892519 -7.1497923539832655 13.6416743557395 -0.96266045544790524 4.3484942063217416 11.521718332450776 -20.850628583789927 9.7148632134734729 35.78151331459604 11.495344432033242 11.554885491678455 -1.9731100681210247 8.4280355426327631 -1.7138630236260888 -8.2797322478286883 3.1148180081007628
leaf_weight=8977 1340 2968 2591 264 11856 8300 10291 143 91 4988 714 10264 2012 3860 520 7237 204 2397 5706 3926 112 137 40 1146 1130 208 5124 782 3979 3077
leaf_count=8977 1340 2968 2591 264 11856 8300 10291 143 91 4988 714 10264 2012 3860 520 7237 204 2397 5706 3926 112 137 40 1146 1130 208 5124 782 3979 3077
internal_value=0.00247669 4.76418 12.4348 1.10607 -7.32021 -6.53231 -1.20466 2.04416 19.6516 4.30131 -1.75249 -1.50372 0.80951 19.1638 20.7819 -5.54911 2.7779 0.187578 3.90622 8.94678 6.98062 -4.06186 9.88962 7.64979 5.68949 9.45197 9.77124 -8.89066 -7.20187 5.06419
internal_weight=104384 63253 20424 42829 41131 27393 24855 3586 234 17974 21269 20555 3352 6971 4380 19093 8571 2601 5970 13453 4363 249 9090 4114 9403 1338 9050 13738 4761 8065
internal_count=104384 63253 20424 42829 41131 27393 24855 3586 234 17974 21269 20555 3352 6971 4380 19093 8571 2601 5970 13453 4363 249 9090 4114 9403 1338 9050 13738 4761 8065
is_linear=0
shrinkage=0.05


Tree=38
num_leaves=31
num_cat=0
split_feature=3 1 1 1 1 1 6 9 6 7 4 1 1 5 4 7 9 8 8 5 1 7 9 5 6 1 7 6 8 1
split_gain=1.314e+09 6.40793e+08 1.67859e+08 1.19008e+08 1.83527e+07 2.19924e+07 1.82641e+07 1.60397e+07 3.55417e+07 1.78617e+07 1.87707e+07 1.29562e+07 1.2624e+07 1.22533e+07 1.10479e+07 1.30435e+07 1.05089e+07 1.01622e+07 8.42965e+06 8.02162e+06 1.20644e+07 2.12028e+07 9.95493e+06 7.93768e+06 2.52408e+07 7.7831e+06 7.43721e+06 6.99851e+06 6.62571e+06 6.60912e+06
threshold=25250.000000000004 14.559959909138673 17.58995901403809 1.0000000180025095e-35 0.019999953988310573 13.259969379631045 1.5808333333333338 0.28002923976608196 0.87976190476190497 2.4520833333333338 1.9301515151515154 12.139971875208955 0.79999816532109491 318.87500000000006 3.4251543209876547 8.1927083333333339 0.22003968253968259 316.04166666666669 62.041666666666679 107.70833333333336 17.349959723434452 4.6758487654321002 1.0429166666666669 259.52083333333343 2.2625000000000006 16.089955774073143 3.0753787878787886 3.101666666666667 246.01470588235296 18.59995679335022
decision_type=2 2 2 2 2 2 2 2 2 2 2 2 2 2 2 2 2 2 2 2 2 2 2 2 2 2 2 2 2 2
left_child=4 3 19 7 -1 12 11 9 -9 -2 -11 16 -6 -8 29 27 -5 -13 -14 20 25 -22 26 -7 -25 -3 -21 -16 -10 -4
right_child=1 2 14 6 5 23 13 8 28 10 -12 17 18 -15 15 -17 -18 -19 -20 22 21 -23 -24 24 -26 -27 -28 -29 -30 -31
leaf_value=-8.446201048859967 -8.7102913959010362 5.9415679633419174 11.104253696974789 3.4607311064440673 -6.2965766869413606 -7.5131024279547836 12.914584780392914 0.015212297539824041 -14.185044315729739 -2.4729026954441848 0.60582831499792533 5.4016423426652214 -0.46149743333712534 0.70213207962593638 20.975861459771892 12.248716184265085 -0.57124695994916552 -0.40264469841424994 -4.5163278225712267 3.9839493492274709 -20.093541434151788 9.3374681513927609 34.036074054997144 -9.4036387352387116 -30.987975022104763 10.952890552635626 9.6914753992433944 3.5570635252258507 -3.6781713364008937 17.035453939085855
leaf_weight=13738 678 2645 634 4988 10837 7422 914 1449 813 7628 14102 9110 1644 265 3848 521 2390 822 5820 615 111 134 40 1522 148 1099 8294 59 185 1909
leaf_count=13738 678 2645 634 4988 10837 7422 914 1449 813 7628 14102 9110 1644 265 3848 521 2390 822 5820 615 111 134 40 1522 148 1099 8294 59 185 1909
internal_value=0.00241215 4.5261 11.9514 1.11527 -6.95425 -6.20573 4.15286 -1.14438 -4.98722 -0.724533 -0.474979 3.74229 -5.20659 10.1726 18.206 19.7208 2.15473 4.92127 -3.6234 8.58027 6.71169 -4.02404 9.41233 -8.21607 -11.3339 7.41511 9.29797 20.7138 -12.243 15.5617
internal_weight=104384 63253 19909 43344 41131 27393 18489 24855 2447 22408 21730 17310 18301 1179 6971 4428 7378 9932 7464 12938 3989 245 8949 9092 1670 3744 8909 3907 998 2543
internal_count=104384 63253 19909 43344 41131 27393 18489 24855 2447 22408 21730 17310 18301 1179 6971 4428 7378 9932 7464 12938 3989 245 8949 9092 1670 3744 8909 3907 998 2543
is_linear=0
shrinkage=0.05


Tree=39
num_leaves=31
num_cat=1
split_feature=0 12 0 1 2 1 1 11 0 11 11 8 8 11 2 4 0 1 11 11 11 8 5 4 4 11 5 8 5 1
split_gain=1.19372e+09 5.20856e+08 1.63248e+08 1.16726e+08 4.77553e+07 1.67675e+07 1.99685e+07 1.58435e+07 1.45544e+07 1.38606e+07 6.59419e+07 1.16458e+07 1.13134e+07 1.30594e+07 1.01907e+07 9.32337e+06 1.12616e+07 8.92388e+06 7.91091e+06 7.47129e+06 1.01646e+07 7.33802e+06 7.87983e+06 1.12005e+07 7.1918e+06 6.34287e+06 5.95904e+06 5.72508e+06 5.41041e+06 5.35057e+06
threshold=15.339964343803407 0 18.742363650087714 0.19999954060724254 7.4989146471023567 0.019999953988310573 13.599968220170341 197.59788178585998 13.900046924062918 20.876902363572629 20.682779021084816 153.04166666666671 29.583333333333353 227.89723681478856 7.6362954139709478 4.6728055555555565 17.560083461233347 18.579956991500861 41.953151611830769 34.663429674957491 36.972866100304209 70.023148148148167 308.20833333333343 4.436250000000002 11.759166666666667 278.44569124894218 262.86363636363643 52.041666666666679 259.52083333333343 2.2199948400125509
decision_type=2 1 2 2 10 2 2 2 2 2 2 2 2 2 8 2 2 2 2 2 2 2 2 2 2 2 2 2 2 2
left_child=1 3 4 7 -2 19 14 9 12 10 -1 -11 29 -14 26 17 27 18 -6 -3 -21 -4 23 -23 -10 -16 -7 -17 -8 -5
right_child=2 5 21 8 15 6 28 -9 24 11 -12 -13 13 -15 25 16 -18 -19 -20 20 -22 22 -24 -25 -26 -27 -28 -29 -30 -31
leaf_value=-1.0634538299169445 -6.9383688723993862 -8.8739412654086163 12.486731776660871 -14.67494099533349 21.50257980147612 -3.1202198648047208 -7.3816116411629897 -7.9953972425779014 5.7823177543822792 0.56278807313935408 24.375040619408665 -1.8281933519259643 4.8239224188964904 1.4558561454024199 -5.870050634888587 5.035167840470506 16.616495975665277 -8.4045838267775803 7.5165753829481892 -1.2065086037373485 -7.4436457329101815 17.169434227416293 14.139302198399504 22.033594860706017 17.365161156619553 -10.068570129822827 -5.3833938132091914 10.193062296813174 -10.792157699319553 -1.4010798080571354
leaf_weight=1388 505 8977 561 113 102 6718 6365 778 6770 7455 311 16069 6792 4996 6182 628 631 86 6579 782 3979 2719 882 2144 136 1055 5138 3885 1430 228
leaf_count=1388 505 8977 561 113 102 6718 6365 778 6770 7455 311 16069 6792 4996 6182 628 631 86 6579 782 3979 2719 882 2144 136 1055 5138 3885 1430 228
internal_value=0.00231273 -2.4974 11.4392 1.20562 8.11072 -6.60232 -5.87571 -0.972366 4.18056 -0.755433 3.60463 -1.07047 3.13685 3.39671 -5.00455 8.7493 10.3555 7.52698 7.73329 -8.02392 -6.41966 17.9904 18.5256 19.318 6.0129 -6.48341 -4.10138 9.4766 -8.00858 -5.82981
internal_weight=104384 85662 18722 45036 12416 40626 26888 26001 19035 25223 1699 23524 12129 11788 19093 11911 5144 6767 6681 13738 4761 6306 5745 4863 6906 7237 11856 4513 7795 341
internal_count=104384 85662 18722 45036 12416 40626 26888 26001 19035 25223 1699 23524 12129 11788 19093 11911 5144 6767 6681 13738 4761 6306 5745 4863 6906 7237 11856 4513 7795 341
cat_boundaries=0 1
cat_threshold=2
is_linear=0
shrinkage=0.05


Tree=40
num_leaves=31
num_cat=1
split_feature=0 2 13 0 1 2 0 6 11 0 7 0 11 2 11 6 1 0 1 5 2 9 5 6 8 6 0 8 6 1
split_gain=1.07738e+09 2.27522e+08 2.57299e+08 1.47342e+08 1.05958e+08 4.31044e+07 2.86509e+07 1.55373e+07 1.45937e+07 2.61938e+07 1.40025e+07 1.32338e+07 1.23831e+07 1.22528e+07 9.72222e+06 9.98016e+06 8.36687e+06 1.11732e+07 8.21394e+06 7.07221e+06 7.07005e+06 6.6794e+06 7.38182e+06 8.58705e+06 5.04953e+06 1.18971e+07 5.34808e+06 5.03487e+06 1.31074e+07 1.11749e+07
threshold=15.339964343803407 7.334843802452089 0 18.742363650087714 1.0000000180025095e-35 7.4989146471023567 10.220005861970135 1.7608333333333337 36.928172484557372 0.16203430980392161 7.4392045454545466 11.959972063575746 197.59788178585998 7.4373547077178968 32.539182051599006 1.2403571428571432 18.579956991500861 17.999958659530645 0.19999954060724254 95.414215686274517 2.7159958660602572 0.17502083333333338 270.03921568627453 1.0202380952380954 54.041666666666679 1.7008333333333336 6.1068796667851233 298.00980392156868 2.4008333333333338 0.099999769941552866
decision_type=2 10 1 2 2 10 2 2 2 2 2 2 2 10 2 2 2 2 2 2 10 2 2 2 2 2 2 2 2 2
left_child=1 20 4 5 8 -2 14 11 9 -3 -9 -6 -10 -8 18 -16 17 19 -4 -7 -1 -5 -23 -24 25 -22 -27 29 -29 -26
right_child=3 2 6 21 7 16 13 10 12 -11 -12 -13 -14 -15 15 -17 -18 -19 -20 -21 24 22 23 -25 27 26 -28 28 -30 -31
leaf_value=-11.429763171107894 -6.5921360992073366 -0.65769430117497907 -7.9653724541726865 14.920704634457024 1.6376557620460663 5.9731123850886281 8.3035183337468368 6.1062780157587904 -1.3123823682908127 9.0187661776848209 18.705475283666374 4.4328024706601648 -8.0061871339366153 -10.212168312028604 -3.8392329702385481 -6.4189170603769217 -6.9010743279722 14.146965030307758 -2.5763768511907177 8.8010755960200129 -8.321973578482508 19.492367270248003 19.430415242705237 9.6212670826880426 -8.3699275068359906 -1.1266920249938965 -26.895680680274964 -7.8163862115480676 -24.070488881612011 -5.0995501271227823
leaf_weight=995 505 2635 5833 2297 6347 3077 519 796 20555 951 305 12733 714 107 8235 6894 89 797 806 7948 2076 3108 429 472 4033 24 127 3410 128 7439
leaf_count=995 505 2635 5833 2297 6347 3077 519 796 20555 951 305 12733 714 107 8235 6894 89 797 806 7948 2076 3108 429 472 4033 24 127 3410 128 7439
internal_value=0.00223476 -2.37255 -1.03259 10.8675 1.14537 7.70537 -5.41248 3.83677 -1.03997 1.91028 9.61033 3.50313 -1.53746 5.12745 -5.71581 -5.01509 8.31205 8.42716 -7.31162 8.01242 -7.328 17.0914 18.3311 14.3081 -7.09057 -9.31578 -22.8343 -6.75983 -8.41107 -6.24989
internal_weight=104384 85662 67430 18722 45036 12416 22394 20181 24855 3586 1101 19080 21269 626 21768 15129 11911 11822 6639 11025 18232 6306 4009 901 17237 2227 151 15010 3538 11472
internal_count=104384 85662 67430 18722 45036 12416 22394 20181 24855 3586 1101 19080 21269 626 21768 15129 11911 11822 6639 11025 18232 6306 4009 901 17237 2227 151 15010 3538 11472
cat_boundaries=0 1
cat_threshold=2
is_linear=0
shrinkage=0.05


Tree=41
num_leaves=31
num_cat=0
split_feature=0 3 0 0 2 11 0 7 5 0 11 9 0 11 2 0 11 6 11 7 11 11 6 6 7 7 6 0 2 7
split_gain=9.72807e+08 4.10418e+08 1.41109e+08 8.63625e+07 5.27088e+07 1.78247e+07 2.58035e+07 4.33969e+07 2.00082e+07 1.6039e+07 8.94967e+07 9.07714e+07 1.59402e+07 1.54249e+07 1.4176e+07 2.10762e+07 1.33631e+07 1.32088e+07 1.23248e+07 1.3076e+07 1.21883e+07 9.50202e+06 9.3446e+06 8.90184e+06 7.54915e+06 1.05797e+07 1.13998e+07 9.56379e+06 7.2947e+06 6.11064e+06
threshold=15.239964407661441 25250.000000000004 18.742363650087714 0.44520146530287003 7.4989146471023567 36.928172484557372 0.16203430980392161 6.7043560606060622 239.45833333333337 0.48599659707669246 36.972016444086492 0.23261363636363638 11.959972063575746 197.59788178585998 7.1956784248352061 9.1616146857637091 121.31720883073699 0.98058823529411787 141.52957083783937 6.4543560606060622 35.992682306176619 34.663429674957491 2.8875000000000006 1.3408333333333335 3.0753787878787886 4.3270833333333343 0.66022727272727277 17.019960953750616 7.4373547077178968 10.952083333333336
decision_type=2 2 2 2 10 2 2 2 2 2 2 2 2 2 10 2 2 2 2 2 2 2 2 2 2 2 2 2 10 2
left_child=1 14 4 5 -2 6 20 -8 17 10 11 -5 13 -11 -1 21 -10 -7 19 -17 -3 -16 -14 -23 -6 26 -26 -27 -20 -4
right_child=2 3 29 9 24 8 7 -9 16 12 -12 -13 22 -15 15 18 -18 -19 28 -21 -22 23 -24 -25 25 27 -28 -29 -30 -31
leaf_value=-7.0523276257107641 -6.7807499701282161 -1.3595913004639755 16.434983380052881 2.3499118891468758 2.7140800108713101 0.065439174329628244 3.5147378799069529 28.784696568801266 -5.57886399498598 2.8227995009248756 -5.7887421414852147 130.08343013509113 4.2716357778962601 -3.2747262819452745 -7.0755535533725 -2.0033914472048817 -0.86822350050614205 -4.5668295272090065 3.1117548705666671 8.3830587017297749 8.3053187925765783 -3.810529628256206 17.451981621069066 -6.3572626168396624 9.1676856157677129 6.2412642131284102 16.829715921407377 10.517717725907474 -7.8384982505594438 3.9302371664330509
leaf_weight=16950 646 2420 6206 26 676 14198 715 222 3891 3734 119 29 12970 1435 7329 640 2456 1725 203 574 376 8360 135 5829 3224 6375 573 1648 600 100
leaf_count=16950 646 2420 6206 26 676 14198 715 222 3891 3734 119 29 12970 1435 7329 640 2456 1725 203 574 376 8360 135 5829 3224 6375 573 1648 600 100
internal_value=0.00211963 -2.30762 10.0891 1.00937 7.13797 -0.846957 2.35005 9.52617 -1.38294 3.62582 18.6932 70.8206 3.48134 1.12972 -5.94948 -5.15494 -3.75649 -0.436647 -0.267616 2.91035 -0.0573687 -5.61302 4.40873 -4.85713 7.85801 8.15194 10.3281 7.12089 -5.06982 16.2373
internal_weight=104384 84936 19448 44451 13142 26003 3733 937 22270 18448 174 55 18274 5169 40485 23535 6347 15923 2017 1214 2796 21518 13105 14189 12496 11820 3797 8023 803 6306
internal_count=104384 84936 19448 44451 13142 26003 3733 937 22270 18448 174 55 18274 5169 40485 23535 6347 15923 2017 1214 2796 21518 13105 14189 12496 11820 3797 8023 803 6306
is_linear=0
shrinkage=0.05


Tree=42
num_leaves=31
num_cat=0
split_feature=0 3 0 1 3 9 7 7 4 1 1 7 9 7 7 4 4 7 0 9 11 4 7 0 1 4 11 4 9 5
split_gain=8.78048e+08 3.65371e+08 1.30785e+08 8.07718e+07 5.01608e+07 1.34822e+07 2.79175e+07 1.51692e+07 1.6168e+07 1.32917e+07 1.56878e+07 1.2834e+07 1.12121e+07 1.40896e+07 1.34362e+07 9.18396e+06 9.07319e+06 1.01895e+07 9.89404e+06 8.6972e+06 8.22009e+06 7.66716e+06 8.9443e+06 8.38351e+06 6.83101e+06 6.30157e+06 6.17159e+06 5.849e+06 5.7982e+06 5.75123e+06
threshold=15.199964433204654 25250.000000000004 17.999958659530645 1.0000000180025095e-35 25250.000000000004 0.28002923976608196 5.4517857142857151 2.4520833333333338 1.9301515151515154 0.019999953988310573 13.909961877399091 6.6514705882352949 0.15669871794871801 2.7520833333333337 2.2020833333333338 11.759166666666667 2.9320833333333338 8.7562500000000032 19.019955969009406 0.27753787878787889 267.93661157518937 7.4704166666666678 6.0415441176470592 17.319960113349918 17.349959723434452 2.5037500000000006 7.3558067376044018 14.676250000000001 0.15837500000000004 166.29166666666671
decision_type=2 2 2 2 2 2 2 2 2 2 2 2 2 2 2 2 2 2 2 2 2 2 2 2 2 2 2 2 2 2
left_child=1 9 4 5 -2 7 29 25 -9 26 20 12 14 -14 -5 -13 18 27 19 -4 -11 22 24 -24 -6 -3 -1 28 -18 -7
right_child=2 3 16 11 21 6 -8 8 -10 10 -12 15 13 -15 -16 -17 17 -19 -20 -21 -22 -23 23 -25 -26 -27 -28 -29 -30 -31
leaf_value=-8.4087412475065602 -6.5084659833766842 1.5091805770546065 10.787212061850902 -6.3940915425520553 7.5199830449506138 -2.5642408214658925 -10.190832483691217 -2.1969348810334859 0.66038206602937732 -3.8881312852335612 -7.1392567440811696 6.6988670672655246 11.197768626985102 1.3686178185667166 4.6772189493173073 24.962262650595775 13.970478607311396 6.6994432142239022 13.756412867672664 -4.3078242199127716 -6.7167763069412771 10.086089224863716 2.157592831298949 17.977596696253574 -0.56135087719702637 -10.387011086412175 -6.1600193892411017 3.1761440382643444 17.879225628261636 4.0854709327536183
leaf_weight=4601 708 140 248 283 8168 702 1141 7628 14102 17181 6482 1656 379 9010 7940 71 1351 280 1681 154 3022 1913 1428 88 270 538 9137 81 3397 604
leaf_count=4601 708 140 248 283 8168 702 1141 7628 14102 17181 6482 1656 379 9010 7940 71 1351 280 1681 154 3022 1913 1428 88 270 538 9137 81 3397 604
internal_value=0.0021155 -2.21433 9.48975 0.927915 6.41318 -0.957585 -4.48075 -0.572665 -0.342692 -5.64966 -4.99867 3.35114 2.94746 1.76654 4.29546 7.46372 14.8674 16.0048 12.0713 5.00818 -4.31156 7.18458 6.626 3.08715 7.26136 -7.93196 -6.9137 16.5429 16.7702 0.511893
internal_weight=104384 84617 19767 44194 12575 24855 2447 22408 21730 40423 26685 19339 17612 9389 8223 1727 7192 5109 2083 402 20203 11867 9954 1516 8438 678 13738 4829 4748 1306
internal_count=104384 84617 19767 44194 12575 24855 2447 22408 21730 40423 26685 19339 17612 9389 8223 1727 7192 5109 2083 402 20203 11867 9954 1516 8438 678 13738 4829 4748 1306
is_linear=0
shrinkage=0.05


Tree=43
num_leaves=31
num_cat=0
split_feature=0 3 0 0 2 4 7 9 2 0 4 10 6 6 4 7 4 0 6 0 5 7 9 5 6 4 0 4 2 0
split_gain=7.92566e+08 3.45605e+08 1.08733e+08 7.6959e+07 3.14092e+07 1.47434e+07 1.25e+07 1.34626e+07 1.22593e+07 1.87134e+07 1.02981e+07 9.56399e+06 1.15813e+07 8.62879e+06 8.47715e+06 8.40056e+06 7.67779e+06 8.37994e+06 6.57506e+06 9.6285e+06 7.81512e+06 5.96553e+06 5.73851e+06 6.42035e+06 7.21584e+06 6.94073e+06 5.72926e+06 5.62928e+06 5.28687e+06 4.8579e+06
threshold=15.339964343803407 25250.000000000004 18.742363650087714 11.959972063575746 7.4989146471023567 10.933750000000002 2.9395833333333337 0.28002923976608196 7.1956784248352061 9.1616146857637091 2.4837500000000006 178.53947368421055 0.28854166666666675 2.8875000000000006 15.823750000000002 2.652083333333334 4.6728055555555565 17.560083461233347 0.61966666666666681 16.285096863165684 152.04166666666671 4.3270833333333343 0.20002604166666671 270.03921568627453 1.0202380952380954 2.7336419753086427 14.011457475470676 2.757083333333334 2.7159958660602572 7.9612387325791962
decision_type=2 2 2 2 10 2 2 2 10 2 2 2 2 2 2 2 2 2 2 2 2 2 2 2 2 2 2 2 10 2
left_child=1 8 4 5 -2 6 10 -8 14 27 -3 12 -11 15 28 -5 18 21 19 -6 -20 -18 -4 25 -25 -24 -17 29 -1 -10
right_child=2 3 22 13 16 -7 7 -9 9 11 -12 -13 -14 -15 -16 26 17 -19 20 -21 -22 -23 23 24 -26 -27 -28 -29 -30 -31
leaf_value=-10.088384783909504 -5.6000330470673187 -0.38354929457000941 12.956612658625501 10.262355468366295 4.3821601738969944 27.59865901460039 0.24684276499692817 -3.0507481756862345 -6.2179450830534719 35.185975879487536 -7.2528825193450972 7.0340486235658632 -2.1881626486166312 16.162218250514698 1.7629703775252967 2.7252951415095392 11.030889031321923 13.979930098252959 0.44183115418196445 8.9779324094257262 6.5802523469232987 6.7870833453903545 13.046280457673104 17.190073681534006 7.4652180414336726 18.709938544723766 4.8247016724106064 -4.3845082776029294 -6.3262799435713877 1.0180939117285994
leaf_weight=995 505 1018 2784 511 1966 46 25587 3520 8739 20 1175 386 1611 146 312 6793 1098 631 986 2722 1093 3415 759 355 417 1991 6240 12541 15784 238
leaf_count=995 505 1018 2784 511 1966 46 25587 3520 8739 20 1175 386 1611 146 312 6793 1098 631 986 2722 1093 3415 759 355 417 1991 6240 12541 15784 238
internal_value=0.00204985 -2.03479 9.32118 0.981598 6.60472 -0.384361 -0.426367 -0.152036 -5.37856 -4.63793 -4.06574 -0.0328176 -1.70858 4.10904 -6.39811 3.97792 7.12261 8.57978 6.01382 7.05196 3.67062 7.82181 14.6678 16.0163 11.9536 17.1521 3.73075 -5.06957 -6.54996 -6.02601
internal_weight=104384 85662 18722 45036 12416 31346 31300 29107 40626 23535 2193 2017 1631 13690 17091 13544 11911 5144 6767 4688 2079 4513 6306 3522 772 2750 13033 21518 16779 8977
internal_count=104384 85662 18722 45036 12416 31346 31300 29107 40626 23535 2193 2017 1631 13690 17091 13544 11911 5144 6767 4688 2079 4513 6306 3522 772 2750 13033 21518 16779 8977
is_linear=0
shrinkage=0.05


Tree=44
num_leaves=31
num_cat=0
split_feature=0 3 0 1 3 11 6 1 1 9 6 7 6 7 9 7 7 8 1 1 1 7 0 8 7 10 0 8 11 11
split_gain=7.15503e+08 2.97467e+08 1.06813e+08 6.781e+07 4.2149e+07 1.27955e+07 1.15864e+07 1.122e+07 1.33184e+07 1.07676e+07 2.71169e+07 1.39845e+07 1.07249e+07 1.05926e+07 9.43907e+06 1.19708e+07 1.16122e+07 7.46273e+06 6.83381e+06 7.17152e+06 6.30716e+06 5.7301e+06 5.80009e+06 5.76347e+06 7.12469e+06 6.22975e+06 5.74249e+06 5.85022e+06 5.63195e+06 5.31381e+06
threshold=15.199964433204654 25250.000000000004 18.579957362258916 1.0000000180025095e-35 25250.000000000004 197.59788178585998 1.7608333333333337 0.019999953988310573 13.909961877399091 0.28002923976608196 0.87976190476190497 6.7043560606060622 1.5208333333333337 7.4392045454545466 0.15669871794871801 2.2020833333333338 2.7520833333333337 299.04166666666669 18.579956991500861 17.58995901403809 14.299966861717225 3.9517045454545463 19.659954818801882 77.030303030303045 5.4020833333333345 103.94517543859651 19.019955969009406 301.04166666666669 278.63826055011754 7.3558067376044018
decision_type=2 2 2 2 2 2 2 2 2 2 2 2 2 2 2 2 2 2 2 2 2 2 2 2 2 2 2 2 2 2
left_child=1 7 4 5 -2 9 14 29 12 11 -11 -3 -9 17 15 -5 -16 -8 19 20 -6 22 -4 24 -23 -26 -25 -28 -21 -1
right_child=2 3 21 6 18 -7 13 8 -10 10 -12 -13 -14 -15 16 -17 -18 -19 -20 28 -22 23 -24 26 25 -27 27 -29 -30 -31
leaf_value=-7.6469867417253941 -5.895249236431682 -0.68051205631857126 23.008730981295226 -6.1192690299262473 15.825905489095764 -7.4830128089157233 8.6191142975951571 -3.0944398163549067 -6.4726736937648699 0.3280714484929011 -10.710732846027724 4.4888647702191351 -5.5855225960477348 16.341256799490917 10.269142741077824 4.3237574579847031 1.3527725229132681 -1.8378863382799744 -10.076694416921647 18.170188871502877 6.3568758852837757 11.832613427871681 14.765873717515291 8.4573646565589709 9.3957523948763626 -10.038537660184362 15.179651997809273 10.764444982847314 6.2015826227103972 -5.5605373352902658
leaf_weight=4601 708 20393 304 283 178 714 501 13937 6482 1449 902 1397 6266 287 379 8260 9371 258 60 239 11820 414 760 484 80 83 3497 971 169 9137
leaf_count=4601 708 20393 304 283 178 714 501 13937 6482 1449 902 1397 6266 287 379 8260 9371 258 60 239 11820 414 760 484 80 83 3497 971 169 9137
internal_value=0.00203499 -1.99877 8.56659 0.836494 5.96571 -0.891108 3.05678 -5.09848 -4.50038 -0.695842 -3.9099 -0.348902 -3.86729 8.17294 2.76381 3.97714 1.70039 5.06681 6.63976 6.72142 6.49866 13.7619 17.1404 13.1088 8.35355 -0.501075 13.6611 14.2227 13.2399 -6.25982
internal_weight=104384 84617 19767 44194 13174 24855 19339 40423 26685 24141 2351 21790 20203 1046 18293 8543 9750 759 12466 12406 11998 6593 1064 5529 577 163 4952 4468 408 13738
internal_count=104384 84617 19767 44194 13174 24855 19339 40423 26685 24141 2351 21790 20203 1046 18293 8543 9750 759 12466 12406 11998 6593 1064 5529 577 163 4952 4468 408 13738
is_linear=0
shrinkage=0.05


Tree=45
num_leaves=31
num_cat=0
split_feature=0 3 0 1 2 11 6 4 4 2 0 5 0 4 4 11 2 11 6 8 2 4 11 0 5 5 8 8 5 4
split_gain=6.46012e+08 2.81469e+08 8.84641e+07 6.65421e+07 2.54757e+07 1.15498e+07 1.10373e+07 1.09855e+07 7.26495e+07 1.03165e+07 1.64047e+07 1.00985e+07 8.84522e+06 1.01579e+07 7.79108e+06 7.78112e+06 1.3251e+07 7.41187e+06 8.4315e+06 7.17665e+06 7.00728e+06 6.87423e+06 8.03339e+06 7.40145e+06 6.20241e+06 6.10214e+06 6.04654e+06 5.82895e+06 5.19807e+06 8.84423e+06
threshold=15.339964343803407 25250.000000000004 18.742363650087714 1.0000000180025095e-35 7.4989146471023567 197.59788178585998 1.7608333333333337 1.9301515151515154 1.9501515151515154 7.1956784248352061 9.4799780963516245 214.04166666666671 13.860014677691879 3.7587500000000005 13.426666666666669 129.26794387731482 7.334843802452089 34.663429674957491 1.2403571428571432 299.04166666666669 7.4373547077178968 4.5354166666666673 41.953151611830769 17.560083461233347 245.50757575757578 95.414215686274517 70.023148148148167 335.04166666666669 308.20833333333343 4.6379166666666682
decision_type=2 2 2 2 10 2 2 2 2 10 2 2 2 2 2 2 10 2 2 2 10 2 2 2 2 2 2 2 2 2
left_child=1 9 4 5 -2 7 12 11 -9 14 17 -3 13 -5 -1 16 -12 27 -19 24 -17 22 -6 -23 -8 -24 -4 -11 29 -28
right_child=2 3 26 6 21 -7 19 8 -10 10 15 -13 -14 -15 -16 20 -18 18 -20 -21 -22 23 25 -25 -26 -27 28 -29 -30 -31
leaf_value=-6.0138272762253919 -5.0264048353450104 -0.77094320304242403 8.2575220371077496 2.8958159182499661 19.563558963318261 -7.1093854814148862 5.3657177696221003 32.428309393525119 -0.24472115012333961 -5.2770439662465218 -2.8854748784599056 -4.3691335767690269 4.231576718544015 -0.2014470173622126 -0.70197585350753855 3.4407011864710562 8.7004900172703401 -2.7543217143688614 -5.1604837648884603 1.6124063363772483 -8.2781517709357946 7.060785400010996 2.5960636231471241 12.710658210641199 14.392049172867994 6.0614698879912474 12.571145645837156 -9.4808588838878745 10.165764857392888 16.923102081493621
leaf_weight=16370 505 5136 561 8772 97 714 338 171 15691 6403 451 3143 6517 3791 721 201 543 7833 6810 323 346 4683 1740 663 440 4728 2861 948 882 2002
leaf_count=16370 505 5136 561 8772 97 714 338 171 15691 6403 451 3143 6517 3791 721 201 543 7833 6810 323 346 4683 1740 663 440 4728 2861 948 882 2002
internal_value=0.00198329 -1.83693 8.41551 0.885233 5.96528 -0.846581 3.01808 -0.661063 0.109532 -4.85453 -4.17512 -2.13731 2.73689 1.96125 -5.7898 0.811498 3.44606 -4.52453 -3.87363 7.88412 -3.97353 6.43169 5.34598 7.76372 10.4825 5.12976 13.2381 -5.82039 13.7229 14.3659
internal_weight=104384 85662 18722 45036 12416 24855 20181 24141 15862 40626 23535 8279 19080 12563 17091 1541 994 21994 14643 1101 547 11911 6565 5346 778 6468 6306 7351 5745 4863
internal_count=104384 85662 18722 45036 12416 24855 20181 24141 15862 40626 23535 8279 19080 12563 17091 1541 994 21994 14643 1101 547 11911 6565 5346 778 6468 6306 7351 5745 4863
is_linear=0
shrinkage=0.05


Tree=46
num_leaves=31
num_cat=0
split_feature=0 3 0 1 3 11 9 0 11 6 11 1 1 6 6 11 0 8 11 4 11 5 6 5 8 5 9 8 11 8
split_gain=5.83064e+08 2.45556e+08 8.4819e+07 5.65625e+07 3.13302e+07 1.09928e+07 6.19217e+07 1.56461e+08 3.91162e+07 1.52601e+07 1.17048e+07 9.54374e+06 1.13449e+07 9.48406e+06 9.12357e+06 8.48939e+06 1.37215e+07 1.26248e+07 8.16504e+06 6.96424e+06 7.16302e+06 6.56081e+06 5.80668e+06 5.6743e+06 5.49938e+06 9.90184e+06 5.19801e+06 5.00223e+06 4.69749e+06 6.13452e+06
threshold=15.239964407661441 25250.000000000004 18.579957362258916 1.0000000180025095e-35 25250.000000000004 50.651647877876762 0.23015151515151519 0.44520146530287003 79.705660969726708 0.22007575757575762 197.59788178585998 0.019999953988310573 13.909961877399091 1.5808333333333338 1.5208333333333337 263.05597234752685 11.799972907264712 29.583333333333353 72.667141910237405 4.4004166666666675 41.953151611830769 318.87500000000006 0.61033333333333351 229.04166666666671 50.375000000000007 22.708333333333339 0.43541666666666673 268.04166666666669 7.355930341194008 343.62500000000006
decision_type=2 2 2 2 2 2 2 2 2 2 2 2 2 2 2 2 2 2 2 2 2 2 2 2 2 2 2 2 2 2
left_child=1 11 4 5 -2 6 9 -8 18 -3 -10 28 14 15 27 17 -17 -5 -7 20 -6 23 -22 -15 -21 -26 -4 -13 -1 -30
right_child=2 3 26 13 19 8 7 -9 10 -11 -12 12 -14 21 -16 16 -18 -19 -20 24 22 -23 -24 -25 25 -27 -28 -29 29 -31
leaf_value=-6.9056223008989797 -5.2790387871893705 -4.4206165203905234 11.992700967100795 -7.9364479850184537 18.260321940809792 -3.9996102273796357 1.1931573100659831 70.173926297673233 -0.16567706500465831 0.62841650865647558 -6.754413368786965 -1.6947222718860655 -5.8622323632660507 4.3046732362305873 -5.051035483691658 -4.3807310892948417 2.0189567216733839 3.4622763233372562 -9.9481688964025974 3.1715177137400472 5.6745464424534182 0.0053401992545310632 2.3953825929774868 11.553451974803229 -7.0305762170214168 8.2276682720961798 17.087272982465855 -3.6013295380935513 -4.5179851912963844 -8.7840194928450757
leaf_weight=4961 646 1857 6041 247 98 977 317 110 11774 7691 714 6199 6544 469 6266 1009 4906 12038 1415 707 4542 286 1924 641 108 4830 552 7738 7832 945
leaf_count=4961 646 1857 6041 247 98 977 317 110 11774 7691 714 6199 6544 469 6266 1009 4906 12038 1415 707 4542 286 1924 641 108 4830 552 7738 7832 945
internal_value=0.00193716 -1.78623 7.81114 0.779474 5.44569 -0.804211 0.480053 19.0858 -1.66511 -0.353935 -0.542898 -4.60322 -4.05268 2.78811 -3.46628 2.48319 0.92672 3.23247 -7.5212 6.01354 4.90455 6.75881 4.69933 8.49732 7.30198 7.8926 12.4218 -2.75348 -5.6747 -4.97825
internal_weight=104384 84936 19448 44451 12855 24855 9975 427 14880 9548 12488 40485 26747 19596 20203 18200 5915 12285 2392 12209 6564 1396 6466 1110 5645 4938 6593 13937 13738 8777
internal_count=104384 84936 19448 44451 12855 24855 9975 427 14880 9548 12488 40485 26747 19596 20203 18200 5915 12285 2392 12209 6564 1396 6466 1110 5645 4938 6593 13937 13738 8777
is_linear=0
shrinkage=0.05


Tree=47
num_leaves=31
num_cat=1
split_feature=0 12 0 1 2 9 6 7 4 7 8 9 1 1 1 4 7 6 0 6 6 9 7 8 7 0 1 8 8 8
split_gain=5.26388e+08 2.18539e+08 7.88172e+07 4.97539e+07 3.02405e+07 9.4111e+06 2.27106e+07 1.24382e+07 1.43856e+07 9.39525e+06 1.05256e+07 9.17063e+06 8.65447e+06 1.03444e+07 8.52589e+06 7.11577e+06 8.65458e+06 6.87934e+06 6.68845e+06 6.50216e+06 6.39751e+06 6.36614e+06 6.08537e+06 9.63535e+06 5.92118e+06 1.28097e+07 7.89505e+06 5.8638e+06 5.539e+06 5.366e+06
threshold=15.199964433204654 0 17.999958659530645 1.0000000180025095e-35 7.4989146471023567 0.28002923976608196 0.87976190476190497 2.9395833333333337 1.9301515151515154 6.6514705882352949 333.04166666666669 0.15669871794871801 0.019999953988310573 13.259969379631045 0.79999816532109491 3.6337500000000009 8.7562500000000032 1.7008333333333336 19.019955969009406 3.101666666666667 2.8375000000000008 0.27753787878787889 7.8009259259259274 33.041666666666679 6.0415441176470592 17.119960333755497 13.963295117490748 246.01470588235296 50.375000000000007 62.041666666666679
decision_type=2 1 2 2 10 2 2 2 2 2 2 2 2 2 2 2 2 2 2 2 2 2 2 2 2 2 2 2 2 2
left_child=1 3 4 5 -2 7 -7 -1 -9 10 11 -5 -3 14 -14 18 19 -11 21 28 24 -4 -15 -24 26 -26 -6 -8 -17 -16
right_child=2 12 15 9 20 6 27 8 -10 17 -12 -13 13 22 29 16 -18 -19 -20 -21 -22 -23 23 -25 25 -27 -28 -29 -30 -31
leaf_value=-4.7266554065079838 -5.0734173179346387 -5.3910430573679449 8.2709201915186323 3.750153602486328 20.776683594350068 0.29111251320386755 -11.333840239204156 -1.8918733183633731 0.85485674157390812 3.5846318592013007 -4.0025871507772566 1.4204092291070376 -4.0748356705107138 -4.1796621338180442 0.64370992630158519 5.2772237354671407 3.9896824030651241 10.044904807058773 10.689060297640234 -2.0734024823763795 14.388667321720042 -3.6507388399896166 -17.524191978284627 -6.2559494872635497 2.0002246951000338 17.340166765173823 5.8011293638184593 -1.4636437226671686 14.01457533841508 -2.590844576554677
leaf_weight=1574 708 13738 336 7938 88 1449 813 7382 13452 1046 643 9031 10837 4960 1644 192 264 681 2305 67 201 167 201 3223 2013 145 9420 185 3861 5820
leaf_count=1574 708 13738 336 7938 88 1449 813 7382 13452 1046 643 9031 10837 4960 1644 192 264 681 2305 67 201 167 201 3223 2013 145 9420 185 3861 5820
internal_value=0.00187566 -1.71426 7.34789 0.715918 4.95954 -0.763907 -3.70746 -0.442313 -0.118421 2.61777 2.27241 2.51041 -4.3711 -3.84583 -3.17919 11.5226 12.7843 6.13642 9.54893 13.3467 5.55849 4.31343 -5.30046 -6.92236 5.40513 3.0385 5.9419 -9.5075 13.6021 -1.87842
internal_weight=104384 84617 19767 44194 12575 24855 2447 22408 20834 19339 17612 16969 40423 26685 18301 7192 4384 1727 2808 4120 11867 503 8384 3424 11666 2158 9508 998 4053 7464
internal_count=104384 84617 19767 44194 12575 24855 2447 22408 20834 19339 17612 16969 40423 26685 18301 7192 4384 1727 2808 4120 11867 503 8384 3424 11666 2158 9508 998 4053 7464
cat_boundaries=0 1
cat_threshold=2
is_linear=0
shrinkage=0.05


Tree=48
num_leaves=31
num_cat=0
split_feature=3 1 1 1 11 7 9 9 8 9 11 4 1 7 1 8 11 1 8 2 1 7 11 4 7 4 7 6 7 2
split_gain=4.71231e+08 2.34837e+08 7.75773e+07 2.57471e+07 1.00788e+07 6.32453e+07 8.0092e+07 1.74861e+07 1.09396e+07 2.69147e+07 2.04628e+07 9.64904e+06 1.30419e+07 1.42051e+07 1.25187e+07 9.36333e+06 9.05776e+06 1.18349e+07 1.04326e+07 8.17027e+06 1.19408e+07 1.09418e+07 8.59992e+06 7.63069e+06 8.96883e+06 7.00871e+06 6.26478e+06 8.42044e+06 8.38603e+06 5.6714e+06
threshold=25250.000000000004 13.509963103570726 17.436626025792446 1.0000000180025095e-35 20.876902363572629 6.6514705882352949 0.13945955882352942 0.13712019230769232 185.37500000000003 0.22676587301587306 87.141502936962553 4.3412500000000014 17.349959723434452 5.0754629629629635 15.939963033760074 29.583333333333353 248.50768118551136 9.6799775244879189 293.92708333333343 7.1956784248352061 1.2999969742627144 5.5020833333333341 14.407848116095989 2.9320833333333338 8.7011904761904777 13.426666666666669 4.3511363636363649 1.2604166666666672 3.6825757575757581 7.432311558723451
decision_type=2 2 2 2 2 2 2 2 2 2 2 2 2 2 2 2 2 2 2 10 2 2 2 2 2 2 2 2 2 10
left_child=19 3 11 4 5 7 -7 -2 9 -6 -10 12 14 -14 -3 -5 18 -18 -17 25 -21 22 -22 -4 -25 -1 28 -28 -13 -23
right_child=1 2 23 15 8 6 -8 -9 10 -11 -12 26 13 -15 -16 16 17 -19 -20 20 21 29 -24 24 -26 -27 27 -29 -30 -31
leaf_value=-5.1914192278727391 2.1839322299701331 2.9007118652891388 8.3248764670688811 -6.2340034050185293 -0.46215624804945299 6.9058560132672717 70.251347994417756 -10.791787587788683 -3.9688229850377148 9.2701352873421765 -0.21999261345932447 4.0480888753486921 -21.005652380169565 11.601281552436401 7.0342550472886174 3.964166434138074 -7.9273662484982585 1.2129671299977109 -1.0019258937148758 -4.1353721727625627 17.390568334685433 3.9616414942920226 -4.72727157851768 12.445953479931562 3.5851407254421539 -0.28229825166302502 3.3740729568759962 7.1827669281073128 10.526801979825059 -0.84990749476054261
leaf_weight=16836 1119 7598 2124 334 7474 154 73 337 6307 784 8607 769 105 48 2414 7010 387 4058 1245 18590 44 866 1950 4724 305 760 3141 2702 1434 2085
leaf_count=16836 1119 7598 2124 334 7474 154 73 337 6307 784 8607 769 105 48 2414 7010 387 4058 1245 18590 44 866 1950 4724 305 760 3141 2702 1434 2085
internal_value=0.0018053 2.71082 6.4343 0.218115 -0.725748 3.00914 27.4957 -0.824719 -0.997135 0.46282 -1.8055 4.70083 3.67619 -10.7671 3.89796 2.01792 2.23541 0.415567 3.21516 -4.1642 -3.55452 -1.3705 -4.23074 10.8463 11.9094 -4.97941 5.9947 5.13627 8.26815 0.562951
internal_weight=104384 63253 25364 37889 24855 1683 227 1456 23172 8258 14914 18211 10165 153 10012 13034 12700 4445 8255 41131 23535 4945 1994 7153 5029 17596 8046 5843 2203 2951
internal_count=104384 63253 25364 37889 24855 1683 227 1456 23172 8258 14914 18211 10165 153 10012 13034 12700 4445 8255 41131 23535 4945 1994 7153 5029 17596 8046 5843 2203 2951
is_linear=0
shrinkage=0.05


Tree=49
num_leaves=31
num_cat=3
split_feature=0 12 0 0 12 11 1 8 7 11 12 0 7 7 7 4 4 11 8 8 4 8 7 10 0 9 4 9 5 4
split_gain=4.30397e+08 1.86435e+08 5.94743e+07 4.47879e+07 1.66234e+07 1.47928e+07 1.46555e+07 1.31018e+07 9.17709e+06 7.64459e+06 7.59967e+06 1.36808e+07 7.35085e+06 6.81914e+06 7.6163e+06 1.14127e+07 7.7311e+06 6.4979e+06 6.40194e+06 5.92568e+06 6.90857e+06 5.19686e+06 6.27351e+06 6.01137e+06 5.08673e+06 5.00486e+06 4.68282e+06 4.6395e+06 5.06283e+06 5.4387e+06
threshold=15.339964343803407 0 18.742363650087714 11.959972063575746 1 197.59788178585998 0.0999997706656897 29.583333333333353 2.9395833333333337 7.3565387915560505 2 10.645000149766956 2.652083333333334 3.0753787878787886 4.3270833333333343 1.9929166666666671 5.8254166666666682 278.99955054364256 345.04166666666669 299.04166666666669 9.9383333333333344 70.023148148148167 5.4020833333333345 103.94517543859651 10.220005861970135 0.30250730994152053 15.823750000000002 0.20002604166666671 278.36363636363643 2.6908333333333343
decision_type=2 1 2 2 1 2 2 2 2 2 1 2 2 2 2 2 2 2 2 2 2 2 2 2 2 2 2 2 2 2
left_child=1 3 4 5 13 6 8 -8 -1 -3 11 17 18 -2 16 -16 -15 -11 -5 20 -14 22 -4 -24 -7 -13 -12 -23 29 -29
right_child=2 9 21 12 -6 24 7 -9 -10 10 26 25 19 14 15 -17 -18 -19 -20 -21 -22 27 23 -25 -26 -27 -28 28 -30 -31
leaf_value=-3.9073754619150116 0.18255513798380729 -5.4474408527929858 9.4872572997036233 10.783548330248429 -4.0188420399281348 -6.2311777554364971 -13.129066050393241 3.2492175198456077 -0.20863847338990499 -3.028230117840113 -4.7138707216765319 8.4062988679727937 3.0627665271286495 6.4021867743161671 -0.013870422382881806 5.4275990136934364 12.729167543765774 -6.5011496262668871 -8.267372433409399 0.4571042787067911 9.0121060713334007 9.6374830666351041 7.849805140746267 -11.673215907027084 -1.4582770178821971 0.13074238323049459 1.7492275600301472 9.6768724850002599 8.6148866503423989 14.90450246154667
leaf_weight=1807 632 7088 405 463 505 1311 125 3979 23151 18129 12918 313 10540 3065 1131 6509 574 1455 48 2128 511 2490 75 81 973 437 286 685 668 1902
leaf_count=1807 632 7088 405 463 505 1311 125 3979 23151 18129 12918 313 10540 3065 1131 6509 574 1455 48 2128 511 2490 75 81 973 437 286 685 668 1902
internal_value=0.00177222 -1.49921 6.86917 0.716244 4.86014 -0.325804 -0.0212406 2.74729 -0.476579 -3.9551 -3.63956 -3.03273 3.10207 5.2369 5.52007 4.62217 7.4034 -3.28657 8.98137 2.87345 3.33866 10.8234 6.21211 -2.2969 -4.19942 3.59101 -4.57376 11.2725 12.52 13.5246
internal_weight=104384 85662 18722 45036 12416 31346 29062 4104 24958 40626 33538 20334 13690 11911 11279 7640 3639 19584 511 13179 11051 6306 561 156 2284 750 13204 5745 3255 2587
internal_count=104384 85662 18722 45036 12416 31346 29062 4104 24958 40626 33538 20334 13690 11911 11279 7640 3639 19584 511 13179 11051 6306 561 156 2284 750 13204 5745 3255 2587
cat_boundaries=0 1 2 3
cat_threshold=2 2 1
is_linear=0
shrinkage=0.05


Tree=50
num_leaves=31
num_cat=2
split_feature=12 11 4 8 8 5 4 4 9 9 7 8 10 11 7 10 7 8 10 11 8 5 11 6 10 12 8 4 8 5
split_gain=3.83839e+08 6.3249e+07 2.24949e+07 2.17309e+07 1.85892e+07 1.54418e+07 1.4722e+07 6.07917e+07 1.27438e+08 5.89665e+07 2.08708e+07 1.6872e+07 1.42996e+07 1.05421e+07 1.05052e+07 9.3899e+06 9.31618e+06 1.03892e+07 9.07475e+06 8.05103e+06 7.8108e+06 9.75942e+06 6.89375e+06 7.41831e+06 7.23501e+06 6.52198e+06 8.44636e+06 7.09424e+06 5.95678e+06 8.68537e+06
threshold=0 121.31720883073699 4.4004166666666675 261.12500000000006 50.375000000000007 296.68939393939405 1.9301515151515154 1.9501515151515154 0.23261363636363638 0.25752450980392166 2.4520833333333338 80.004629629629633 315.02884615384625 227.89723681478856 3.2267045454545458 207.02500000000003 6.2187500000000009 260.04166666666674 170.01562500000003 226.09322441914176 122.33854166666669 107.70833333333336 7.3565387915560505 1.4608333333333337 71.513157894736864 1 268.04166666666669 3.152083333333334 289.89583333333343 337.04166666666674
decision_type=1 2 2 2 2 2 2 2 2 2 2 2 2 2 2 2 2 2 2 2 2 2 2 2 2 1 2 2 2 2
left_child=1 6 13 4 -4 -6 12 8 -8 -10 18 -12 16 14 15 -3 -1 -18 -9 -16 -15 -22 -2 25 -25 26 27 -24 -26 -30
right_child=22 2 3 -5 5 -7 7 10 9 -11 11 -13 -14 20 19 -17 17 -19 -20 -21 21 -23 23 24 28 -27 -28 -29 29 -31
leaf_value=0.013030277576215409 -5.1726178564994605 1.4488457146137379 0.75600502785792656 2.7554694318665014 8.3577225344366859 -1.789002392909405 -0.21921909718474081 -9.313034328677805 120.61636234372162 15.814153908320836 -3.924036849428914 1.9525290345702875 -8.3511193670810737 5.8225115820133828 2.6856459519001952 -5.8042596237464066 -8.1888889347570988 3.9718911717600869 6.2346621627807615 -4.1468769835098289 0.089925628459782345 4.0410093493405759 -2.4499554503776313 -3.004759810380222 -5.0064314592088577 -3.9875816488072404 -3.4569808585154931 0.80347686645632099 -7.6253879684158337 -21.965202465057374
leaf_weight=6940 7126 1035 1070 5015 6951 396 120 648 42 20 1339 13807 647 3669 10924 783 725 231 109 448 2084 6250 3944 3585 3915 10449 8042 2912 1041 117
leaf_count=6940 7126 1035 1070 5015 6951 396 120 648 42 20 1339 13807 647 3669 10924 783 725 231 109 448 2084 6250 3944 3585 3915 10449 8042 2912 1041 117
internal_value=0.00170908 2.44666 3.70915 5.3617 6.91403 7.81065 0.466576 1.35746 30.0113 87.5969 1.02766 1.43278 -1.21076 2.82788 1.85196 -1.67649 -0.624693 -5.24937 -7.06905 2.41614 3.90007 3.05313 -3.7582 -3.46166 -4.72547 -3.0298 -2.35781 -1.06818 -5.94063 -9.09194
internal_weight=104384 63253 38625 13432 8417 7347 24628 16085 182 62 15903 15146 8543 25193 13190 1818 7896 956 757 11372 12003 8334 41131 34005 8658 25347 14898 6856 5073 1158
internal_count=104384 63253 38625 13432 8417 7347 24628 16085 182 62 15903 15146 8543 25193 13190 1818 7896 956 757 11372 12003 8334 41131 34005 8658 25347 14898 6856 5073 1158
cat_boundaries=0 1 2
cat_threshold=2 1
is_linear=0
shrinkage=0.05


Tree=51
num_leaves=31
num_cat=0
split_feature=0 3 0 0 11 1 8 7 6 1 6 5 1 8 1 1 11 5 8 7 8 7 11 0 7 6 8 7 7 6
split_gain=3.65151e+08 1.65931e+08 4.61974e+07 3.83563e+07 1.38224e+07 1.31917e+07 1.15833e+07 8.94773e+06 6.94346e+06 6.63848e+06 8.80601e+06 7.1475e+06 9.09042e+06 8.22345e+06 6.75532e+06 5.90811e+06 5.17213e+06 5.1959e+06 4.80809e+06 5.73377e+06 4.66243e+06 5.6029e+06 4.4241e+06 4.29347e+06 4.22964e+06 5.28504e+06 4.42207e+06 4.20332e+06 4.15396e+06 3.95329e+06
threshold=15.819963573837283 25250.000000000004 11.959972063575746 18.742363650087714 197.59788178585998 0.11999972465400027 29.583333333333353 4.8506172839506183 2.8375000000000008 0.019999953988310573 1.5208333333333337 241.7537878787879 12.499970791847231 279.04166666666669 13.939961554808542 18.579956991500861 38.593007338145675 258.37500000000006 50.375000000000007 4.7504629629629642 70.023148148148167 5.4020833333333345 267.93661157518937 10.220005861970135 3.152083333333334 0.18768939393939396 84.041666666666671 10.952083333333336 7.4392045454545466 1.050138888888889
decision_type=2 2 2 2 2 2 2 2 2 2 2 2 2 2 2 2 2 2 2 2 2 2 2 2 2 2 2 2 2 2
left_child=1 9 4 15 5 7 -7 -3 16 -1 14 13 -13 -12 22 18 -4 -18 19 -2 21 -5 -11 -6 25 -20 -26 -22 -10 -23
right_child=3 2 8 20 23 6 -8 -9 28 10 11 12 -14 -15 -16 -17 17 -19 24 -21 27 29 -24 -25 26 -27 -28 -29 -30 -31
leaf_value=-4.472449175716843 5.9413188028769843 0.34254465623026908 9.7466718754149682 8.7766273096526781 -5.9738413462083697 -12.407279123840333 3.0554916090277602 -1.5621742258690992 -0.63114839501814413 -1.6380902914896371 -2.0170741719411001 -4.867706947139137 -11.094993656256174 -6.9314534978059603 -4.072825057843299 -7.7553794407314731 3.3256710719267581 1.4177339271311227 7.5466873350584436 -1.1528792248738042 10.653677091700887 9.2828965324401853 -4.2839705515565001 -1.5884577669877202 9.1359057461281186 -3.6972624160394525 5.3903088315475358 0.30910775942967672 15.189468450532871 -7.7270207601123388
leaf_weight=13738 524 13989 262 405 1311 124 3925 11024 54 12274 3402 2545 762 1135 5303 89 10465 5418 172 622 5645 49 1813 973 893 263 6821 100 177 107
leaf_count=13738 524 13989 262 405 1311 124 3925 11024 54 12274 3402 2545 762 1135 5303 89 10465 5418 172 622 5645 49 1813 973 893 263 6821 100 177 107
internal_value=0.0016624 -1.24217 0.761706 7.03253 -0.362735 -0.068328 2.579 -0.496952 2.91394 -3.57613 -3.12384 -4.53753 -6.30552 -3.24774 -2.55175 5.00508 2.79032 2.67497 5.12808 2.09324 10.0483 5.68138 -1.9789 -4.10715 5.55456 0.755722 5.82504 10.4737 11.5043 -2.35903
internal_weight=104384 88694 47722 15690 31346 29062 4049 25013 16376 40972 27234 7844 3307 4537 19390 9384 16145 15883 9295 1146 6306 561 14087 2284 8149 435 7714 5745 231 156
internal_count=104384 88694 47722 15690 31346 29062 4049 25013 16376 40972 27234 7844 3307 4537 19390 9384 16145 15883 9295 1146 6306 561 14087 2284 8149 435 7714 5745 231 156
is_linear=0
shrinkage=0.05


Tree=52
num_leaves=31
num_cat=1
split_feature=0 12 0 1 2 11 7 0 6 7 0 9 9 8 6 1 6 10 1 1 6 7 11 8 11 4 7 4 7 8
split_gain=3.29944e+08 1.26911e+08 5.16739e+07 3.07128e+07 1.88806e+07 9.95368e+06 2.06186e+07 1.76634e+07 1.30464e+07 8.81558e+06 2.66055e+07 1.36599e+07 7.69129e+06 7.77057e+06 8.9687e+06 6.25565e+06 8.05995e+06 7.56035e+06 6.52593e+06 6.07025e+06 5.923e+06 6.77603e+06 5.84541e+06 5.58668e+06 5.41684e+06 5.56287e+06 7.56382e+06 5.25384e+06 6.53629e+06 5.25573e+06
threshold=15.199964433204654 0 17.999958659530645 1.0000000180025095e-35 7.4989146471023567 36.928172484557372 7.4645833333333345 0.20346191134857275 0.23990740740740746 4.9252314814814833 0.44520146530287003 0.25752450980392166 0.23677083333333337 355.04166666666669 1.7608333333333337 0.019999953988310573 2.1616666666666675 89.976562500000014 14.079967187583927 11.579968186739348 1.0803703703703706 2.7520833333333337 267.93661157518937 287.84803921568636 41.467459884849028 7.3841666666666681 6.0645833333333341 3.7587500000000005 6.3511363636363649 308.04166666666669
decision_type=2 1 2 2 10 2 2 2 2 2 2 2 2 2 2 2 2 2 2 2 2 2 2 2 2 2 2 2 2 2
left_child=1 3 4 5 -2 6 8 -8 -1 10 -7 -11 13 14 -5 -3 18 -18 22 -19 21 -14 -17 -22 -6 26 -26 -4 -29 -30
right_child=2 15 27 12 24 9 7 -9 -10 11 -12 -13 20 -15 -16 16 17 19 -20 -21 23 -23 -24 -25 25 -27 -28 28 29 -31
leaf_value=-7.8325034470924964 -4.043924183565152 -4.2488429739921134 7.5701031503955996 2.4719546698160051 14.211852292185245 -0.71474688836524047 4.8557459357422843 32.879024021879154 1.8956350647015108 -1.4412077752757151 11.231338181158236 -6.8790983062023789 9.2036091819134622 -10.430203709517961 8.9464054131240829 -1.8928805918239886 -3.0635126633613385 -5.5163425942610118 -4.2592502924966675 -13.123976874596558 5.8975256198965642 -0.80773388534966173 -4.3766369082136256 -1.3115559307149522 4.3284791529475974 6.6662366858708983 0.3966563500894123 11.654541775377401 8.8098168349125352 0.35002167395337141
leaf_weight=389 708 13738 2948 13019 137 12588 141 93 2963 6808 483 1390 175 112 557 16537 1207 604 5106 466 816 4260 2765 400 8328 1968 1434 2913 1111 220
leaf_count=389 708 13738 2948 13019 137 12588 141 93 2963 6808 483 1390 175 112 557 16537 1207 604 5106 466 816 4260 2765 400 8328 1968 1434 2913 1111 220
internal_value=0.00158323 -1.3571 5.81751 0.494827 3.88367 -0.667841 1.76865 16.0857 0.764683 -1.0787 -0.272489 -2.36395 1.98908 2.62973 2.73823 -3.38176 -2.93522 -5.78008 -2.6696 -8.83874 0.437088 -0.410711 -2.24889 3.52698 4.35694 4.24064 3.75101 9.19776 10.3263 7.41282
internal_weight=104384 84617 19767 44194 12575 24855 3586 234 3352 21269 13071 8198 19339 13688 13576 40423 26685 2277 24408 1070 5651 4435 19302 1216 11867 11730 9762 7192 4244 1331
internal_count=104384 84617 19767 44194 12575 24855 3586 234 3352 21269 13071 8198 19339 13688 13576 40423 26685 2277 24408 1070 5651 4435 19302 1216 11867 11730 9762 7192 4244 1331
cat_boundaries=0 1
cat_threshold=2
is_linear=0
shrinkage=0.05


Tree=53
num_leaves=31
num_cat=0
split_feature=0 3 0 0 11 7 11 1 2 6 0 5 0 7 1 0 10 6 6 5 1 1 7 6 1 6 7 0 6 1
split_gain=2.98433e+08 1.34965e+08 3.80074e+07 3.14733e+07 1.27103e+07 1.10705e+07 1.30489e+07 1.27821e+07 6.02008e+06 5.99786e+06 5.58362e+06 5.49996e+06 7.24234e+06 6.57865e+06 6.80178e+06 1.76797e+07 6.014e+06 5.20506e+06 5.03334e+06 7.39388e+06 5.47168e+06 6.53883e+06 5.00799e+06 1.02929e+07 5.69378e+06 4.98742e+06 4.76471e+06 4.17336e+06 4.11529e+06 3.9777e+06
threshold=15.819963573837283 25250.000000000004 11.959972063575746 19.019955969009406 197.59788178585998 2.9395833333333337 53.530094638705926 1.0000000180025095e-35 2.7159958660602572 2.8375000000000008 19.763287684494021 140.04166666666671 17.761495818405717 5.5336309523809533 17.349959723434452 17.999958659530645 195.01562500000003 2.2625000000000006 2.2070833333333337 337.04166666666674 0.019999953988310573 13.999955549440003 4.9252314814814833 1.1005882352941179 15.279964382118226 0.9004901960784315 6.7043560606060622 7.0572628705318561 0.5150555555555556 15.999962161239624
decision_type=2 2 2 2 2 2 2 2 10 2 2 2 2 2 2 2 2 2 2 2 2 2 2 2 2 2 2 2 2 2
left_child=1 8 4 11 5 6 -3 -7 -1 22 17 13 -13 14 25 -16 26 -5 20 -20 -10 -22 24 -24 -4 -2 -15 -21 -14 -18
right_child=3 2 9 10 -6 7 -8 -9 18 -11 -12 12 28 16 15 -17 29 -19 19 27 21 -23 23 -25 -26 -27 -28 -29 -30 -31
leaf_value=-7.068845505570768 4.636649503489866 4.5916268666737308 3.6496861452718052 11.408433008522994 -3.9262223881143172 -0.26714988560657954 -5.3828767673153468 2.6477164409991385 -3.842724458030506 10.62042851397832 7.9156013085125698 4.9381029487849197 2.1365746895084534 -6.4913742148995102 -13.075438338869569 10.022610111626442 -1.5025572098274991 -2.3911138846169058 -4.7467863329112525 -2.552533221774631 -2.114852458621026 -4.0049458505691353 0.12163520717722834 3.8530070026151515 -2.5618315714382085 11.060721112642023 2.7242678758570995 -22.979732866499162 12.303708010730537 5.7881769650273291
leaf_weight=995 1909 403 8037 2412 2284 22397 1743 4519 12703 231 3535 4963 122 400 172 158 286 70 2061 35 19066 6023 4660 3062 386 359 215 89 551 538
leaf_count=995 1909 403 8037 2412 2284 22397 1743 4519 12703 231 3535 4963 122 400 172 158 286 70 2061 35 19066 6023 4660 3062 386 359 215 89 551 538
internal_value=0.00153348 -1.12294 0.68431 6.35772 -0.335601 -0.0532863 -3.50848 0.222315 -3.22789 2.63647 9.19713 4.59072 5.6 3.18063 4.68234 -2.01949 0.468048 11.0184 -3.13211 -5.46567 -2.99705 -2.56874 2.52158 1.60154 3.36476 5.65794 -3.27045 -17.2806 10.4665 3.2589
internal_weight=104384 88694 47722 15690 31346 29062 2146 26916 40972 16376 6017 9673 5636 4037 2598 330 1439 2482 39977 2185 37792 25089 16145 7722 8423 2268 615 124 673 824
internal_count=104384 88694 47722 15690 31346 29062 2146 26916 40972 16376 6017 9673 5636 4037 2598 330 1439 2482 39977 2185 37792 25089 16145 7722 8423 2268 615 124 673 824
is_linear=0
shrinkage=0.05


Tree=54
num_leaves=31
num_cat=0
split_feature=0 3 0 1 3 11 7 9 7 7 0 9 11 0 8 1 7 1 11 8 7 8 1 1 11 8 8 7 10 9
split_gain=2.69845e+08 1.01423e+08 4.30388e+07 2.41381e+07 1.85213e+07 8.4876e+06 5.39555e+07 7.21885e+07 1.56495e+07 8.65367e+06 2.29782e+07 1.23377e+07 7.59754e+06 1.03644e+07 9.98527e+06 8.51138e+06 7.91676e+06 5.8684e+06 5.24246e+06 5.98193e+06 6.76923e+06 6.26563e+06 4.80008e+06 5.03373e+06 4.75319e+06 4.7309e+06 4.2526e+06 5.0189e+06 5.11614e+06 4.03987e+06
threshold=15.150765967678394 25250.000000000004 18.742363650087714 0.19999954060724254 25250.000000000004 20.876902363572629 6.6514705882352949 0.14668750000000003 4.8250771604938274 5.2016666666666671 0.44520146530287003 0.25752450980392166 248.50768118551136 11.799972907264712 29.583333333333353 3.7799912001055689 2.652083333333334 13.659968197303774 7.3565387915560505 271.01470588235298 7.4645833333333345 354.20833333333343 18.579956991500861 16.039962506454472 89.657376712882581 18.541666666666671 70.023148148148167 5.4020833333333345 103.94517543859651 0.25011904761904769
decision_type=2 2 2 2 2 2 2 2 2 2 2 2 2 2 2 2 2 2 2 2 2 2 2 2 2 2 2 2 2 2
left_child=1 18 4 5 -2 6 8 -8 -3 10 -7 -11 14 -14 -5 -16 -15 -6 -1 24 -21 -22 23 -19 -20 -26 27 -4 -29 -28
right_child=2 3 26 12 17 9 7 -9 -10 11 -12 -13 13 16 15 -17 -18 22 19 20 21 -23 -24 -25 25 -27 29 28 -30 -31
leaf_value=-4.2896876703081466 -3.7274440775100945 5.1910963529237648 7.3932371374249017 -7.8081026366722215 16.421726481691007 -0.48208807636933798 8.2495976426358713 71.541081759545108 -5.1922991918027401 -1.259384007409958 10.129056614984599 -6.5390454130445761 -3.9941680818298511 11.387163146915237 6.6950006455123434 2.3689659234656912 1.0492019619308479 3.3093423403239308 -1.4467839881267723 -2.649221821814757 -5.5408105149297731 -1.1831390142268106 -7.508199692514208 5.3531279085477639 -1.5578757362623472 -3.9797112361557319 7.9505910820675929 6.2267930271751002 -11.787692294702298 10.66886466312393
leaf_weight=7046 802 645 405 221 95 15994 166 61 827 6447 526 1335 1053 190 1299 9096 6106 7929 9966 8745 5041 987 89 4868 3266 5278 3454 75 81 2291
leaf_count=7046 802 645 405 221 95 15994 166 61 827 6447 526 1335 1053 190 1299 9096 6106 7929 9966 8745 5041 987 89 4868 3266 5278 3454 75 81 2291
internal_value=0.00146423 -1.23959 5.20885 0.421474 3.643 -0.55235 2.86321 25.4966 -0.642071 -0.791247 -0.143634 -2.16583 1.83086 0.594908 2.68631 2.91016 1.36294 4.09861 -3.05043 -2.78796 -3.53837 -4.82762 4.0065 4.08716 -2.18889 -3.05424 8.63019 4.46317 -3.14235 9.03626
internal_weight=104384 84295 20089 43966 13783 26001 1699 227 1472 24302 16520 7782 17965 7349 10616 10395 6296 12981 40329 33283 14773 6028 12886 12797 18510 8544 6306 561 156 5745
internal_count=104384 84295 20089 43966 13783 26001 1699 227 1472 24302 16520 7782 17965 7349 10616 10395 6296 12981 40329 33283 14773 6028 12886 12797 18510 8544 6306 561 156 5745
is_linear=0
shrinkage=0.05


Tree=55
num_leaves=31
num_cat=0
split_feature=0 3 0 0 2 4 11 11 5 8 0 5 6 4 0 4 6 11 5 8 3 6 5 8 4 4 6 9 6 8
split_gain=2.43538e+08 9.15413e+07 3.88443e+07 2.21783e+07 1.67169e+07 1.22643e+07 1.11848e+07 9.32106e+06 5.27578e+06 9.1703e+06 1.15282e+07 7.76237e+06 8.0973e+06 7.89677e+06 5.21454e+06 5.05248e+06 6.9017e+06 6.06634e+06 5.49419e+06 5.57892e+06 5.26321e+06 4.61171e+06 5.73541e+06 4.52961e+06 4.40643e+06 4.11205e+06 4.04786e+06 3.91877e+06 4.1353e+06 3.98145e+06
threshold=15.150765967678394 25250.000000000004 18.742363650087714 11.959972063575746 7.4989146471023567 10.933750000000002 181.04542460651254 172.00503490767841 116.70833333333336 136.5984848484849 17.319960113349918 283.70833333333343 2.3608333333333338 5.3604166666666675 10.220005861970135 13.426666666666669 2.1616666666666675 7.3565387915560505 337.04166666666674 74.041666666666671 7250.0000000000009 0.11348484848484851 235.37500000000003 69.534722222222243 12.101666666666668 1.082916666666667 2.6408333333333336 0.17502083333333338 1.3802380952380955 272.00490196078437
decision_type=2 2 2 2 10 2 2 2 2 2 2 2 2 2 2 2 2 2 2 2 2 2 2 2 2 2 2 2 2 2
left_child=1 15 4 5 -2 6 7 -3 9 -6 -11 13 -13 -10 -8 16 17 -1 19 -18 -19 22 -5 25 -25 -23 -20 -4 -29 -30
right_child=2 3 27 21 8 -7 14 -9 11 10 -12 12 -14 -15 -16 -17 18 20 26 -21 -22 23 -24 24 -26 -27 -28 28 29 -31
leaf_value=-4.1500601624759126 -3.5413039615679107 -0.36669807121836673 6.5456511568663416 2.3911172669293164 4.1362598915112816 25.210065888749796 -5.5155122190473804 2.6671630019425563 4.5124082798218801 1.5257728527290586 -9.347317643633076 1.6461544545025799 12.431267221126966 8.6298148055883441 -0.90990047033952937 1.1254867766716083 -11.77144378567094 -2.0104395030561819 -7.1876544233049664 -4.0217646456640495 -3.3683100680812412 10.396777354649135 10.890381058656807 2.0596811793100533 11.05255184126937 -2.9490695131256341 -24.867018380543545 9.8488358625524448 9.7117413986789316 1.8360765659758025
leaf_weight=6992 802 25984 2297 500 2865 46 1439 2804 4310 1198 305 2519 186 1598 1073 765 270 19141 69 1644 11386 62 329 10902 137 690 62 3363 297 349
leaf_count=6992 802 25984 2297 500 2865 46 1439 2804 4310 1198 305 2519 186 1598 1073 765 270 19141 69 1644 11386 62 329 10902 137 690 62 3363 297 349
internal_value=0.00144131 -1.17757 4.94849 0.400504 3.4609 -0.312054 -0.350367 -0.0711123 3.89375 2.47737 -0.685421 4.61168 2.39208 5.62736 -3.54937 -2.89793 -2.97576 -2.82143 -5.80432 -5.12056 -2.51699 2.17027 5.77323 1.91648 2.17228 -1.83639 -15.68 8.19885 9.14419 5.46635
internal_weight=104384 84295 20089 43966 13783 31346 31300 28788 12981 4368 1503 8613 2705 5908 2512 40329 39564 37519 2045 1914 30527 12620 829 11791 11039 752 131 6306 4009 646
internal_count=104384 84295 20089 43966 13783 31346 31300 28788 12981 4368 1503 8613 2705 5908 2512 40329 39564 37519 2045 1914 30527 12620 829 11791 11039 752 131 6306 4009 646
is_linear=0
shrinkage=0.05


Tree=56
num_leaves=31
num_cat=0
split_feature=3 1 1 4 11 7 1 11 6 7 6 9 1 7 2 7 4 6 8 8 1 8 2 1 1 1 11 4 7 7
split_gain=2.07805e+08 1.15732e+08 3.78363e+07 1.04328e+07 1.00342e+07 1.01397e+07 8.48607e+06 7.36108e+06 6.9999e+06 9.05093e+06 9.48377e+06 7.67063e+06 5.29003e+06 2.06823e+07 5.08634e+06 4.2775e+06 4.23845e+06 6.66694e+06 4.96864e+06 6.22346e+06 5.95131e+06 4.58809e+06 8.97964e+06 4.16527e+06 3.93155e+06 3.82276e+06 3.8355e+06 3.7627e+06 5.12422e+06 4.65598e+06
threshold=25250.000000000004 16.039962506454472 11.708306160100303 10.698750000000002 175.85592669041588 2.9395833333333337 17.699958294967654 175.85592669041588 2.8375000000000008 5.0509259259259265 1.1005882352941179 0.90958333333333352 17.349959723434452 5.1020833333333346 2.7159958660602572 3.9517045454545463 13.426666666666669 2.1616666666666675 74.041666666666671 285.85049019607851 8.529976677823953 33.041666666666679 7.334843802452089 9.6799775244879189 19.399954428695683 16.939961004837041 47.072313264058906 2.8229166666666674 8.7562500000000032 5.9003676470588244
decision_type=2 2 2 2 2 2 2 2 2 2 2 2 2 2 10 2 2 2 2 2 2 2 10 2 2 2 2 2 2 2
left_child=14 2 3 4 5 -2 7 25 9 11 -11 -4 -9 -14 -1 24 17 21 20 -20 -19 22 -16 -6 -8 -3 -27 29 -29 -17
right_child=1 6 8 -5 23 -7 15 12 -10 10 -12 -13 13 -15 16 27 -18 18 19 -21 -22 -23 -24 -25 -26 26 -28 28 -30 -31
leaf_value=-6.295666137440616 -3.3837968824324629 7.0354577638538265 3.188841331694849 22.304692760542331 -5.3652776081854254 0.1996631300224635 12.616569043258854 4.6085797576464262 9.9833822277178541 -0.25559772651256885 3.0385327902634653 21.911520204023883 -12.40362350498234 7.6572863172644476 -5.2130394921101963 2.5232908821473532 0.87723743574172619 -5.8394581608413967 -1.8505142272429844 -7.7823947397695923 -20.782182328657672 -2.8426499150845252 -0.38106177407818487 -1.2527486676435531 6.2082454935336608 35.243684678511187 12.857877105017502 8.2417500273845938 0.98360817054907468 7.8980738659559782
leaf_weight=995 2131 448 11435 50 1280 26647 702 3287 304 5099 3822 54 221 304 1198 901 821 172 977 808 109 31196 4855 1187 368 21 179 3823 260 730
leaf_count=995 2131 448 11435 50 1280 26647 702 3287 304 5099 3822 54 221 304 1198 901 821 172 977 808 109 31196 4855 1187 368 21 179 3823 260 730
internal_value=0.00139158 1.80036 0.805867 -0.291324 -0.328196 -0.0657989 6.39987 4.70379 2.46345 2.35096 1.15588 3.27874 3.86438 -0.794918 -2.76511 7.51407 -2.67743 -2.75168 -5.51623 -4.5385 -11.6889 -2.5982 -1.3381 -3.38784 10.4204 9.62821 15.3721 6.9681 7.77992 4.93229
internal_weight=104384 63253 52009 31295 31245 28778 11244 4460 20714 20410 8921 11489 3812 525 41131 6784 40136 39315 2066 1785 281 37249 6053 2467 1070 648 200 5714 4083 1631
internal_count=104384 63253 52009 31295 31245 28778 11244 4460 20714 20410 8921 11489 3812 525 41131 6784 40136 39315 2066 1785 281 37249 6053 2467 1070 648 200 5714 4083 1631
is_linear=0
shrinkage=0.05


Tree=57
num_leaves=31
num_cat=0
split_feature=0 3 1 0 6 7 7 0 11 7 9 9 7 0 11 8 8 0 2 6 7 7 6 8 1 1 0 1 7 6
split_gain=2.00133e+08 8.91156e+07 2.54331e+07 2.07296e+07 7.57731e+06 7.68643e+06 7.4716e+06 1.58765e+07 7.45026e+06 4.90425e+07 6.48432e+07 1.46719e+07 8.64866e+06 2.10831e+07 1.19746e+07 7.33771e+06 5.5812e+06 4.76663e+06 4.58335e+06 4.52274e+06 4.03691e+06 6.03087e+06 4.83766e+06 4.71267e+06 4.54722e+06 1.80526e+07 3.77382e+06 6.37332e+06 3.73173e+06 5.16174e+06
threshold=15.819963573837283 25250.000000000004 0.0999997706656897 19.019955969009406 1.0803703703703706 7.4392045454545466 5.0253858024691374 3.4999918791847233 20.876902363572629 6.683712121212122 0.13945955882352942 0.13712019230769232 5.2016666666666671 0.44520146530287003 95.557937423290767 29.583333333333353 299.04166666666669 19.763287684494021 2.7159958660602572 2.2625000000000006 4.3002840909090922 3.152083333333334 0.18768939393939396 52.041666666666679 17.879958365402228 17.349959723434452 17.019960953750616 18.579956991500861 3.5003787878787884 1.4608333333333337
decision_type=2 2 2 2 2 2 2 2 2 2 2 2 2 2 2 2 2 2 10 2 2 2 2 2 2 2 2 2 2 2
left_child=1 18 8 20 6 16 15 -8 9 11 -11 -3 13 -10 -14 -4 -6 19 -1 -5 21 22 -2 -22 25 -23 -25 -28 -20 -30
right_child=3 2 4 17 5 -7 7 -9 12 10 -12 -13 14 -15 -16 -17 -18 -19 28 -21 23 24 -24 26 -26 -27 27 -29 29 -31
leaf_value=-5.9811988895868202 6.1798181738881022 2.1076327046233789 -5.9347930560622899 9.5563631370035615 3.9656584824960461 9.776511814501692 9.4751917413564826 -0.80730883462713676 -0.42101541902051925 5.9224930876688253 63.569866078694659 -9.7087408137112323 -3.6768667458784403 9.7644405001992283 0.37188545496019604 2.2550027160456105 -1.0069800956252188 6.3277581111993859 -4.1022355046276013 -3.2951254736537665 -0.36674123683853638 6.4615600419368224 -4.5694872753170301 2.6642431674986944 15.604804704310531 -12.28012396535167 6.4801937082900238 -3.8033247957400933 -2.0604102021612181 -3.4507349477994143
leaf_weight=995 172 1132 279 2412 2803 469 402 5481 15743 152 71 341 4761 524 2962 11896 706 3535 3516 70 882 2701 264 3667 117 134 1570 166 27657 8804
leaf_count=995 172 1132 279 2412 2803 469 402 5481 15743 152 71 341 4761 524 2962 11896 706 3535 3516 70 882 2701 264 3667 117 134 1570 166 27657 8804
internal_value=0.00136691 -0.919472 0.549061 5.2065 1.79523 3.77048 1.35992 -0.103188 -0.520058 2.68164 24.4785 -0.632589 -0.746508 -0.0923365 -2.1242 2.06685 2.96518 7.51088 -2.62991 9.19273 3.77245 5.16402 -0.324486 3.02161 5.9745 5.57169 3.5747 5.49524 -2.54635 -2.39621
internal_weight=104384 88694 47722 15690 22036 3978 18058 5883 25686 1696 223 1473 23990 16267 7723 12175 3509 6017 40972 2482 9673 3388 436 6285 2952 2835 5403 1736 39977 36461
internal_count=104384 88694 47722 15690 22036 3978 18058 5883 25686 1696 223 1473 23990 16267 7723 12175 3509 6017 40972 2482 9673 3388 436 6285 2952 2835 5403 1736 39977 36461
is_linear=0
shrinkage=0.05


Tree=58
num_leaves=31
num_cat=0
split_feature=0 3 0 0 4 11 7 11 1 5 7 6 1 4 1 11 6 7 5 4 1 4 11 1 6 4 5 4 7 5
split_gain=1.80623e+08 8.04326e+07 2.35281e+07 1.87087e+07 1.01003e+07 9.96166e+06 1.59773e+07 7.51916e+06 4.50242e+06 4.46968e+06 5.9445e+06 6.11119e+06 6.54231e+06 5.88767e+06 5.87128e+06 4.46132e+06 4.35739e+06 8.90256e+06 6.21409e+06 4.27982e+06 4.63455e+06 5.18316e+06 4.72829e+06 4.1189e+06 3.98219e+06 3.73884e+06 3.6144e+06 3.56021e+06 4.6464e+06 3.42498e+06
threshold=15.819963573837283 25250.000000000004 11.959972063575746 19.019955969009406 10.933750000000002 36.928172484557372 7.4645833333333345 178.95663949190643 19.099955547164921 140.04166666666671 5.5336309523809533 0.9004901960784315 17.349959723434452 3.0854012345679016 17.19995954115296 38.593007338145675 1.1005882352941179 5.0008487654320994 320.04166666666674 2.757083333333334 14.059955358937602 13.426666666666669 278.99955054364256 16.089955774073143 2.2625000000000006 3.9587500000000007 313.36029411764713 1.0570833333333336 4.8250771604938274 259.52083333333343
decision_type=2 2 2 2 2 2 2 2 2 2 2 2 2 2 2 2 2 2 2 2 2 2 2 2 2 2 2 2 2 2
left_child=1 19 4 9 5 6 -3 -7 24 10 11 12 -2 -12 27 -4 17 -17 -18 -1 21 22 -21 -15 -5 -16 -27 28 -11 -22
right_child=3 2 15 8 -6 7 -8 -9 -10 14 13 -13 -14 23 25 16 18 -19 -20 20 29 -23 -24 -25 -26 26 -28 -29 -30 -31
leaf_value=-3.2378503910775387 3.6440717417206905 1.1828991374489775 8.5183867620696585 9.169759764451987 22.880516375277907 -0.40134881228559594 14.438744654032204 -3.2648518909451201 6.0177197107046636 4.1215742250364658 -5.3764697732483908 9.1198172434987939 -4.9290478313655139 -2.6271329825631025 5.4853662603969706 2.4764381638441746 4.5451861107989622 -0.31477064494009155 -1.0603139029779902 -1.7541728176651181 -2.8759964580991881 3.0938992342809613 -4.7323105910278827 4.0105213974996117 -2.8973614032167783 15.289374528501945 0.7124400637700008 4.2047263033405438 -9.265257892793624 -6.1775891795315232
leaf_weight=13247 1909 4009 262 2330 46 24523 240 2528 3617 146 404 438 251 355 384 8409 2778 4326 601 20485 4334 521 1425 680 70 258 51 4682 115 960
leaf_count=13247 1909 4009 262 2330 46 24523 240 2528 3617 146 404 438 251 355 384 8409 2778 4326 601 20485 4334 521 1425 680 70 258 51 4682 115 960
internal_value=0.00134599 -0.873459 0.521698 4.94627 -0.280758 -0.315527 1.93486 -0.669063 7.13544 3.58392 2.31305 3.74054 2.64602 -0.264975 4.49365 2.05764 1.95207 1.52833 3.54815 -2.49844 -2.14504 -1.83083 -1.94807 1.73349 8.81674 8.80241 12.8935 3.88791 -1.78967 -3.47575
internal_weight=104384 88694 47722 15690 31346 31300 4249 27051 6017 9673 4037 2598 2160 1439 5636 16376 16114 12735 3379 40972 27725 22431 21910 1035 2400 693 309 4943 261 5294
internal_count=104384 88694 47722 15690 31346 31300 4249 27051 6017 9673 4037 2598 2160 1439 5636 16376 16114 12735 3379 40972 27725 22431 21910 1035 2400 693 309 4943 261 5294
is_linear=0
shrinkage=0.05


Tree=59
num_leaves=31
num_cat=0
split_feature=0 3 0 0 7 4 9 9 0 9 6 7 7 5 5 4 2 0 2 4 5 0 5 0 7 4 6 5 0 2
split_gain=1.63018e+08 7.2594e+07 2.13882e+07 1.68843e+07 8.27892e+06 8.66638e+06 8.11315e+06 6.95882e+06 5.51315e+06 5.44477e+06 4.68453e+06 9.64285e+06 6.02465e+06 5.10298e+06 4.50981e+06 4.14141e+06 4.09664e+06 1.28179e+07 6.92849e+06 4.94916e+06 6.77498e+06 4.0851e+06 4.06444e+06 5.8761e+06 5.38383e+06 5.71971e+06 4.49235e+06 4.58491e+06 4.55535e+06 3.9458e+06
threshold=15.819963573837283 25250.000000000004 10.645000149766956 19.019955969009406 2.9395833333333337 9.7508333333333344 0.26995098039215693 0.29338861476608197 8.4677270478442779 0.066710526315789498 1.0803703703703706 5.0008487654320994 7.4020833333333345 87.041666666666671 282.35984848484856 3.152083333333334 7.2949045658111578 10.220005861970135 7.4563735008239762 11.477083333333335 304.87500000000006 19.763287684494021 145.54166666666671 17.761495818405717 5.5336309523809533 3.0854012345679016 0.9004901960784315 134.37500000000003 17.319960113349918 7.334843802452089
decision_type=2 2 2 2 2 2 2 2 2 2 2 2 2 2 2 2 10 2 10 2 2 2 2 2 2 2 2 2 2 10
left_child=1 16 4 22 7 6 -6 9 -7 -3 11 13 14 -4 -12 -13 19 -18 29 -1 -21 -5 24 -24 26 -26 28 -28 -2 -19
right_child=3 2 10 21 5 8 -8 -9 -10 -11 12 15 -14 -15 -16 -17 17 18 -20 20 -22 -23 23 -25 25 -27 27 -29 -30 -31
leaf_value=-3.2011059301283313 3.7524359448567632 0.92636532027837704 -0.27555231035279343 8.3355954256236853 0.18213634730630157 20.489059522390367 -2.3863756008138193 6.4489544127230163 -8.5160743495396201 -5.5696009959935475 4.0523735194819954 0.99515486386876606 9.2093745074318907 2.9140943011742944 0.019361086549615721 -1.9450577986475475 -2.1482988038353716 -1.9035279428958891 -8.7728606050864038 0.67080080041525758 -11.235013692525719 5.6836476161114335 3.7081987114279933 8.8361737857426554 -5.1579452480757215 1.7559121552555372 10.072879561838143 -4.7049966064828341 -1.8800338157412733 8.0704764848628017
leaf_weight=16320 1811 409 1493 2482 24288 79 3519 166 20 1521 2149 2615 407 7825 1023 2208 22299 121 86 1477 129 3535 4865 631 417 1051 391 60 447 540
leaf_count=16320 1811 409 1493 2482 24288 79 3519 166 20 1521 2149 2615 407 7825 1023 2208 22299 121 86 1477 129 3535 4865 631 417 1051 391 60 447 540
internal_value=0.00131223 -0.829767 0.495664 4.69907 -0.317834 -0.0901509 -0.142985 -3.34771 14.6028 -4.19323 1.87295 1.46378 3.48879 2.40305 2.75211 -0.351016 -2.37353 -1.93242 4.50621 -2.9405 -0.291912 6.77877 3.40485 4.29845 2.22832 -0.210209 3.54934 8.10079 2.63708 6.24455
internal_weight=104384 88694 47722 15690 30002 27906 27807 2096 99 1930 17720 14141 3579 9318 3172 4823 40972 23046 747 17926 1606 6017 9673 5496 4177 1468 2709 451 2258 661
internal_count=104384 88694 47722 15690 30002 27906 27807 2096 99 1930 17720 14141 3579 9318 3172 4823 40972 23046 747 17926 1606 6017 9673 5496 4177 1468 2709 451 2258 661
is_linear=0
shrinkage=0.05


Tree=60
num_leaves=31
num_cat=0
split_feature=0 3 0 1 2 8 11 6 8 11 9 8 9 4 11 7 1 7 11 1 9 1 6 8 1 4 8 8 4 7
split_gain=1.47368e+08 5.42946e+07 2.35515e+07 1.4963e+07 1.05288e+07 7.52024e+06 1.97507e+07 3.84427e+07 1.28268e+07 7.18689e+06 7.93445e+06 7.14079e+06 9.33016e+06 9.12587e+06 6.02993e+06 7.07955e+06 5.3492e+06 5.24445e+06 4.26133e+06 4.95694e+06 4.32056e+06 4.16172e+06 6.50992e+06 4.3583e+06 8.92633e+06 4.28738e+06 3.97749e+06 4.80188e+06 3.81924e+06 4.808e+06
threshold=15.150765967678394 25250.000000000004 17.999958659530645 1.0000000180025095e-35 7.4989146471023567 80.004629629629633 20.876902363572629 0.43993827160493837 153.04166666666671 18.762716287834049 0.20836309523809529 297.04166666666674 0.15669871794871801 11.477083333333335 60.679466652429532 2.5604166666666672 13.699968171760561 1.9687500000000002 41.467459884849028 16.80995403041177 0.045885416666666672 0.019999953988310573 1.5208333333333337 287.84803921568636 10.519975712721836 11.477083333333335 337.04166666666669 252.04166666666671 3.7587500000000005 8.8104166666666686
decision_type=2 2 2 2 10 2 2 2 2 2 2 2 2 2 2 2 2 2 2 2 2 2 2 2 2 2 2 2 2 2
left_child=1 21 4 5 -2 9 7 -7 -8 -3 -11 12 17 -14 -13 -16 -6 -5 19 -18 -20 26 -23 25 -25 -24 27 -1 -4 -30
right_child=2 3 28 11 16 6 8 -9 -10 10 -12 14 13 -15 15 -17 18 -19 20 -21 -22 22 23 24 -26 -27 -28 -29 29 -31
leaf_value=-3.3540188754122791 -2.9743995570143684 -14.865012122802131 4.7561946735420753 -7.8371117373107495 14.178445323986669 -3.9331084298563761 1.404796384000137 13.491377007643633 -1.3479813101783515 -3.7804853617464036 8.0452866187920957 -5.5626645442341367 0.4504132688034721 12.18340208150226 13.960584054734973 -0.31536510867105988 7.1678754881125393 3.267991029261355 -5.2758988835438201 32.226613216400146 2.8505086701758326 -1.3730109600882201 -2.7489380462693003 -2.7815859751484928 -9.5210382043714343 2.3607029106019595 -5.8774536757522426 -1.2507478562185699 7.4928791329468716 -0.16346840551371949
leaf_weight=8730 802 130 2948 107 104 568 5757 713 15964 1568 155 554 8569 168 89 2475 117 7149 165 23 11686 18826 5063 1533 723 446 1068 3940 4028 216
leaf_count=8730 802 130 2948 107 104 568 5757 713 15964 1568 155 554 8569 168 89 2475 117 7149 165 23 11686 18826 5063 1533 723 446 1068 3940 4028 216
internal_value=0.00126503 -0.915879 3.84953 0.299462 2.57076 -0.509359 -0.262435 5.76825 -0.618345 -3.57273 -2.71259 1.35135 1.77809 0.677391 -0.837342 0.18542 2.93866 3.10317 2.84001 11.4841 2.73693 -2.2408 -1.87557 -3.09369 -4.9447 -2.33492 -2.94753 -2.70011 6.14199 7.10326
internal_weight=104384 84295 20089 43966 12897 24855 23002 1281 21721 1853 1723 19111 15993 8737 3118 2564 12095 7256 11991 140 11851 40329 26591 7765 2256 5509 13738 12670 7192 4244
internal_count=104384 84295 20089 43966 12897 24855 23002 1281 21721 1853 1723 19111 15993 8737 3118 2564 12095 7256 11991 140 11851 40329 26591 7765 2256 5509 13738 12670 7192 4244
is_linear=0
shrinkage=0.05


Tree=61
num_leaves=31
num_cat=0
split_feature=0 3 1 0 8 8 7 10 8 7 5 8 5 10 6 8 7 10 2 8 5 8 1 6 8 7 0 4 4 5
split_gain=1.33181e+08 5.90508e+07 1.79206e+07 1.38627e+07 6.78834e+06 1.14035e+07 3.82375e+07 8.96102e+06 1.26492e+07 6.44081e+06 7.15562e+06 6.62745e+06 7.44343e+06 7.09799e+06 5.68266e+06 4.07286e+06 4.84385e+06 4.78513e+06 3.84134e+06 3.82783e+06 3.72095e+06 9.1649e+06 1.37349e+07 6.92926e+06 6.00705e+06 5.37029e+06 5.01916e+06 4.90655e+06 3.84387e+06 5.34502e+06
threshold=15.819963573837283 25250.000000000004 1.0000000180025095e-35 19.019955969009406 80.004629629629633 153.04166666666671 4.8506172839506183 87.008333333333354 43.041666666666671 7.4392045454545466 224.37500000000003 297.04166666666674 316.04166666666674 191.29166666666671 2.7958333333333338 70.023148148148167 5.4020833333333345 103.94517543859651 2.7159958660602572 64.708333333333357 145.54166666666671 148.18560606060609 17.349959723434452 0.98058823529411787 50.375000000000007 4.8751543209876553 17.761495818405717 7.3004166666666679 6.0070833333333349 250.62500000000003
decision_type=2 2 2 2 2 2 2 2 2 2 2 2 2 2 2 2 2 2 10 2 2 2 2 2 2 2 2 2 2 2
left_child=1 18 4 20 7 6 -6 19 -9 11 -11 12 -4 -13 -7 16 -5 -18 -1 -3 21 24 23 -23 27 -24 -22 -2 -28 -30
right_child=3 2 9 15 5 14 -8 8 -10 10 -12 13 -14 -15 -16 -17 17 -19 -20 -21 26 22 25 -25 -26 -27 28 -29 29 -31
leaf_value=-5.210147210065152 -3.7220913600082128 -1.676876813925597 1.9550505961100548 4.8324429233584008 4.5230534881453348 -0.8821347761192796 -3.3021825023281766 6.1198555471110598 -7.7290322139506209 1.4906103632992203 10.77041533143799 -2.4666975451806907 -1.8662843356565586 2.1396255870165359 -12.898018436431887 6.5386133105056929 3.189018697665162 -15.003622406986025 -2.0658081979473635 6.6992792286309246 3.3841310054425686 3.3684921295130303 -19.546979913711549 -7.2144425782592352 4.6091059623953887 -5.7366845110550377 5.6651959658448519 7.8386841302855403 23.8573792766053 6.3659480982410663
leaf_weight=995 425 317 17125 393 4050 16315 2539 193 1105 452 384 2171 1376 1359 98 5481 72 71 39977 238 4865 795 111 191 2346 193 454 116 80 97
leaf_count=995 425 317 17125 393 4050 16315 2539 193 1105 452 384 2171 1376 1359 98 5481 72 71 39977 238 4865 795 111 191 2346 193 454 116 80 97
internal_value=0.00122614 -0.749957 0.445461 4.24737 -0.483893 -0.249292 1.50764 -3.39438 -5.66671 1.45559 5.76089 1.29196 1.67076 -0.693223 -0.954662 6.13181 1.96745 -5.88512 -2.14229 1.92064 3.07466 1.94903 -1.55386 1.31321 3.51423 -10.8268 3.92963 -1.23336 8.12339 14.3613
internal_weight=104384 88694 47722 15690 24855 23002 6589 1853 1298 22867 836 22031 18501 3530 16413 6017 536 143 40972 555 9673 4177 1290 986 2887 304 5496 541 631 177
internal_count=104384 88694 47722 15690 24855 23002 6589 1853 1298 22867 836 22031 18501 3530 16413 6017 536 143 40972 555 9673 4177 1290 986 2887 304 5496 541 631 177
is_linear=0
shrinkage=0.05


Tree=62
num_leaves=31
num_cat=0
split_feature=0 3 0 1 2 11 9 0 11 1 6 11 11 6 10 1 10 6 4 6 1 6 11 4 2 0 6 11 4 0
split_gain=1.20428e+08 4.32394e+07 1.95278e+07 1.16592e+07 9.99212e+06 6.96518e+06 1.69054e+07 2.09171e+07 6.7632e+06 6.92861e+06 6.19324e+06 6.00422e+06 1.75989e+07 7.27037e+06 5.38406e+06 5.22576e+06 4.94257e+06 4.68983e+06 4.23345e+06 4.35392e+06 4.99084e+06 4.23313e+06 3.80022e+06 3.78454e+06 4.36083e+06 8.5326e+06 7.68269e+06 4.90531e+06 4.2911e+06 3.29699e+06
threshold=15.105127586337195 25250.000000000004 17.761495818405717 1.0000000180025095e-35 7.4989146471023567 36.928172484557372 0.0791885964912281 0.14001774458882627 248.50768118551136 9.6799775244879189 1.9908333333333335 95.557937423290767 50.651647877876762 0.5150555555555556 182.83771929824564 13.939961554808542 210.37500000000003 0.48022222222222227 4.436250000000002 3.101666666666667 17.19995954115296 2.8375000000000008 41.467459884849028 1.9929166666666671 5.5858000000000017 9.9403491686412639 0.28854166666666675 276.38051498725684 15.823750000000002 19.763287684494021
decision_type=2 2 2 2 10 2 2 2 2 2 2 2 2 2 2 2 2 2 2 2 2 2 2 2 10 2 2 2 2 2
left_child=1 23 4 5 -2 6 14 -8 10 -10 16 12 -7 -13 -3 -6 -5 -11 -4 20 -20 22 -17 -1 28 27 -27 -26 -25 -22
right_child=2 3 18 8 15 11 7 -9 9 17 -12 13 -14 -15 -16 21 -18 -19 19 -21 29 -23 -24 24 25 26 -28 -29 -30 -31
leaf_value=-3.0120407654373675 -2.8044150208974732 -1.4182075218451802 4.3348876853998251 2.5790410864872784 12.326012975720394 -0.055000733119827665 0.64464921349964754 10.784971901956073 -6.5058331231089301 1.9152371345185495 11.115847815670362 -0.83778382435771892 -4.316354781269661 1.9626023132966723 -10.015960991029388 10.663544333184113 0.41626766804963716 -0.73004323219136147 17.468318516297774 -5.3950748335172056 8.0071680500695948 9.7336187294822452 2.3142632021633576 -2.5583235502179824 -1.2894928208496585 26.962140355110172 2.1285162087319369 -4.2798482948298728 3.4572057743316442 4.8674783280695202
leaf_weight=7749 902 1163 3896 7266 137 6389 1415 793 387 2850 180 7655 3902 3323 215 137 4151 4063 109 72 1908 200 11541 14085 15376 31 1181 1505 302 1501
leaf_count=7749 902 1163 3896 7266 137 6389 1415 793 387 2850 180 7655 3902 3323 215 137 4151 4063 109 72 1908 200 11541 14085 15376 31 1181 1505 302 1501
internal_value=0.00117155 -0.835929 3.44664 0.251975 2.26876 -0.459717 1.57843 4.28977 1.18803 -0.00422105 1.93846 -0.803412 -1.67103 0.0099838 -2.76595 2.64982 1.7928 0.360636 5.47848 6.71799 6.96737 2.53719 2.41312 -2.01908 -1.7821 -1.26535 2.78541 -1.55633 -2.43182 6.62658
internal_weight=104384 83981 20403 43752 12917 24855 3586 2208 18897 7300 11597 21269 10291 10978 1378 12015 11417 6913 7486 3590 3518 11878 11678 40229 32480 18093 1212 16881 14387 3409
internal_count=104384 83981 20403 43752 12917 24855 3586 2208 18897 7300 11597 21269 10291 10978 1378 12015 11417 6913 7486 3590 3518 11878 11678 40229 32480 18093 1212 16881 14387 3409
is_linear=0
shrinkage=0.05


Tree=63
num_leaves=31
num_cat=0
split_feature=1 3 1 11 11 8 1 1 1 5 7 6 5 6 5 10 10 6 1 5 1 6 11 1 8 1 7 11 7 8
split_gain=1.02703e+08 5.42266e+07 1.78938e+07 9.09252e+06 8.74893e+06 8.40851e+06 6.64966e+06 6.30465e+06 6.75783e+06 1.41447e+07 4.54613e+06 4.34095e+06 5.02273e+06 8.80779e+06 7.39567e+06 3.68722e+06 3.42231e+06 8.51153e+06 6.51181e+06 6.01366e+06 4.38527e+06 3.66097e+06 6.60529e+06 3.28618e+06 3.11407e+06 2.93172e+06 2.73584e+06 2.70764e+06 2.67025e+06 2.62463e+06
threshold=15.859963177536013 25250.000000000004 11.708306160100303 175.85592669041588 172.00503490767841 249.04166666666671 1.0000000180025095e-35 17.436626025792446 17.349959723434452 67.02500000000002 4.6758487654321002 3.2641666666666671 283.70833333333343 0.12022727272727275 107.70833333333336 225.04166666666671 89.976562500000014 2.6158333333333341 10.679975307694123 277.37500000000006 0.79999816532109491 1.4008333333333336 34.663429674957491 9.6799775244879189 62.041666666666679 13.259969379631045 3.9517045454545463 123.50874130301567 5.5336309523809533 77.030303030303045
decision_type=2 2 2 2 2 2 2 2 2 2 2 2 2 2 2 2 2 2 2 2 2 2 2 2 2 2 2 2 2 2
left_child=1 16 3 4 5 -3 -6 8 15 10 -10 12 14 -14 -4 24 20 21 -19 -20 -1 22 -18 -5 -2 27 -9 -22 -17 -28
right_child=7 2 11 23 6 -7 -8 26 9 -11 -12 -13 13 -15 -16 28 17 18 19 -21 25 -23 -24 -25 -26 -27 29 -29 -30 -31
leaf_value=-2.1705255281840938 -0.7841900541670801 0.24944615038730064 0.53548105609298513 -4.8983284254558237 1.6772857350225765 -1.8340673213151026 8.6181360379554857 7.497978547043644 -20.260666044729732 9.4238043934822091 -0.51503012255924507 11.936334805534884 9.4369937723326398 -0.44588153911838369 2.8572015736685987 7.1655638331832696 -2.7602304994235092 3.2559392968678882 -7.7620390395157877 -25.571062876383465 2.179306851436086 -3.4405627551620301 -1.0683435037117883 -1.2476753727449879 3.1579803863637315 -1.310457555298876 1.6884334267760961 -0.88279053309955491 2.4241063074012534 5.1459605247085056
leaf_weight=6560 593 19622 5207 1280 2372 6428 403 1113 107 99 40 102 238 3974 10053 896 11380 58 107 86 1642 4650 11703 1190 3214 3494 612 1287 446 5428
leaf_count=6560 593 19622 5207 1280 2372 6428 403 1113 107 99 40 102 238 3974 10053 896 11380 58 107 86 1642 4650 11703 1190 3214 3494 612 1287 446 5428
internal_value=0.00115536 -0.578589 0.511745 -0.229906 0.019621 -0.264724 2.68802 4.24388 2.95243 -5.1291 -14.9275 1.69745 1.64321 0.114659 2.06507 3.33945 -1.93244 -2.24374 -11.3924 -15.7886 -1.26135 -2.16053 -1.90253 -3.14073 2.54388 -0.332578 5.21739 0.83398 5.59277 4.79597
internal_weight=104384 91836 50869 31295 28825 26050 2775 12548 5395 246 147 19574 19472 4212 15260 5149 40967 27984 251 193 12983 27733 23083 2470 3807 6423 7153 2929 1342 6040
internal_count=104384 91836 50869 31295 28825 26050 2775 12548 5395 246 147 19574 19472 4212 15260 5149 40967 27984 251 193 12983 27733 23083 2470 3807 6423 7153 2929 1342 6040
is_linear=0
shrinkage=0.05


Tree=64
num_leaves=31
num_cat=0
split_feature=0 3 0 0 11 7 0 4 4 7 6 8 7 6 6 5 1 1 7 7 4 7 4 0 5 6 8 5 2 0
split_gain=9.86314e+07 4.32666e+07 1.355e+07 1.0575e+07 7.95262e+06 1.34466e+07 1.27651e+07 9.45241e+06 7.81998e+06 1.27626e+07 1.17192e+07 5.67203e+06 1.19344e+07 4.94174e+06 7.11934e+06 4.27943e+06 3.69106e+06 3.65261e+06 3.50922e+06 5.50974e+06 5.50387e+06 6.83198e+06 5.15942e+06 9.7485e+06 5.10091e+06 4.3659e+06 3.81032e+06 4.17791e+06 3.38415e+06 1.04919e+07
threshold=15.819963573837283 25250.000000000004 12.780964191841049 19.019955969009406 36.928172484557372 7.4645833333333345 0.1999995406292677 4.5704166666666675 3.5679166666666671 5.1520833333333345 0.52044444444444449 297.04166666666674 3.2267045454545458 0.12022727272727275 0.34007575757575764 283.70833333333343 14.259966887260438 19.099955547164921 4.3002840909090922 3.152083333333334 2.0537500000000004 5.6758928571428582 5.8254166666666682 17.319960113349918 259.52083333333343 0.18768939393939396 52.041666666666679 21.375000000000004 7.2949045658111578 10.220005861970135
decision_type=2 2 2 2 2 2 2 2 2 2 2 2 2 2 2 2 2 2 2 2 2 2 2 2 2 2 2 2 10 2
left_child=1 28 4 18 5 7 -7 -3 9 -6 -10 13 15 -4 -15 -13 -14 -5 19 25 21 -20 23 -21 -24 -2 -22 -28 -1 -30
right_child=3 2 11 17 8 6 -8 -9 10 -11 -12 12 16 14 -16 -17 -18 -19 20 22 26 -23 24 -25 -26 -27 27 -29 29 -31
leaf_value=-2.3524387348200686 4.8658394148997495 0.10190602987471237 6.3381488033672753 6.8145103478436058 0.83384946530436554 3.2050875223719553 26.402736165364583 6.7200845207950444 -4.1772063267974273 -1.8691652106322181 -0.27020778536985901 -4.5591520967254615 -0.82492070814019547 -0.18411610494041242 2.632942674640804 -15.166591667762171 3.5090873954858766 4.2952586169902096 1.8499621520364327 5.0696809156011851 -0.67704070510754766 -6.6673157922767068 12.762601651757597 -3.9697854077790171 0.16279732524791612 -5.3466567647136607 -8.3553070097622015 3.3228800540191843 -1.6315955405758922 4.388840338485763
leaf_weight=17926 172 3408 652 2400 14804 137 104 640 3147 6193 4918 288 1113 3085 8213 142 878 3617 598 2170 772 387 331 345 106 264 77 4451 22299 747
leaf_count=17926 172 3408 652 2400 14804 137 104 640 3147 6193 4918 288 1113 3085 8213 142 878 3617 598 2170 772 387 331 345 106 264 77 4451 22299 747
internal_value=0.00109869 -0.645347 0.377906 3.6552 -0.175159 1.8344 13.2834 1.14966 -0.471784 0.0365524 -1.79507 1.66134 -0.545374 2.10841 1.86378 -8.08915 1.08711 5.30108 2.63096 3.92808 1.93121 -1.49978 4.70279 3.82859 9.71372 -1.31595 2.56902 3.12249 -1.83716 -1.43627
internal_weight=104384 88694 47722 15690 33351 4289 241 4048 29062 20997 8065 14371 2421 11950 11298 430 1991 6017 9673 3388 6285 985 2952 2515 437 436 5300 4528 40972 23046
internal_count=104384 88694 47722 15690 33351 4289 241 4048 29062 20997 8065 14371 2421 11950 11298 430 1991 6017 9673 3388 6285 985 2952 2515 437 436 5300 4528 40972 23046
is_linear=0
shrinkage=0.05


Tree=65
num_leaves=31
num_cat=0
split_feature=0 3 1 0 4 4 0 5 8 6 6 7 0 8 7 8 9 7 7 4 6 5 6 7 3 4 4 7 7 1
split_gain=8.90194e+07 4.0385e+07 1.31699e+07 8.35599e+06 6.26921e+06 4.96787e+07 1.53737e+08 8.50493e+06 7.84542e+06 6.56115e+06 5.44854e+06 6.18902e+06 1.50103e+07 5.8776e+06 5.43996e+06 3.81471e+06 3.70538e+06 3.63958e+06 3.56628e+06 3.37162e+06 3.63319e+06 5.35362e+06 4.4499e+06 4.19031e+06 4.19297e+06 3.1178e+06 3.09339e+06 8.14325e+06 3.10261e+06 3.58021e+06
threshold=15.97996235939026 25250.000000000004 0.0999997706656897 19.019955969009406 1.9301515151515154 1.9501515151515154 0.44520146530287003 214.04166666666671 80.004629629629633 0.09416666666666669 1.0937254901960787 5.0253858024691374 3.4999918791847233 29.583333333333353 7.4392045454545466 8.8750000000000018 0.15837500000000004 3.7504629629629638 5.4517857142857151 2.757083333333334 1.5208333333333337 337.04166666666674 2.6408333333333336 3.6502840909090915 7250.0000000000009 11.759166666666667 1.8487500000000001 5.4517857142857151 3.152083333333334 18.769956406723029
decision_type=2 2 2 2 2 2 2 2 2 2 2 2 2 2 2 2 2 2 2 2 2 2 2 2 2 2 2 2 2 2
left_child=1 19 4 26 7 6 -6 18 -7 -9 11 13 -13 -4 15 -12 -5 -18 -3 -1 23 25 -23 -21 -25 -22 27 -2 -28 -30
right_child=3 2 10 16 5 8 -8 9 -10 -11 14 12 -14 -15 -16 -17 17 -19 -20 20 21 22 -24 24 -26 -27 28 -29 29 -31
leaf_value=-2.4024857849053962 2.6543048317082487 0.50536037195627204 -5.5407137758864309 3.1631056532885715 -4.4542447000122065 -3.8992150652116004 95.949459882129318 7.3225263778755778 0.19954298759148362 -3.8911642230175092 19.423233161345124 8.8964749287806519 -1.0765998744865886 1.6855088632614335 7.8575961096382434 2.0804851466887149 10.108636871929511 5.3441221707017954 -2.4290125431434628 -2.8330119911084575 -2.5136383778300466 -5.7861544630221573 -20.868824782182301 -0.097240453015965955 -1.6304691612630435 1.0289069386985448 -1.9521434144507972 -6.3372004669073174 3.1611122593863099 22.931741997262705
leaf_weight=13254 1004 4033 287 1839 124 1262 54 135 15437 3249 31 403 5705 12354 485 3682 450 3728 1392 3005 5872 225 62 9519 8388 694 301 335 7053 22
leaf_count=13254 1004 4033 287 1839 124 1262 54 135 15437 3249 31 403 5705 12354 485 3682 450 3728 1392 3005 5872 225 62 9519 8388 694 301 335 7053 22
internal_value=0.00106159 -0.590847 0.383754 3.60293 -0.39394 0.170415 26.3711 -1.47507 -0.110429 -3.44178 1.25425 0.889591 -0.417237 1.52102 2.8823 2.23047 5.03612 5.85959 -0.247878 -1.74633 -1.43304 -2.43214 -9.1056 -1.10552 -0.815487 -2.13911 2.61297 0.401696 3.01428 3.22582
internal_weight=104384 89652 48633 14732 25686 16877 178 8809 16699 3384 22947 18749 6108 12641 4198 3713 6017 4178 5425 41019 27765 6853 287 20912 17907 6566 8715 1339 7376 7075
internal_count=104384 89652 48633 14732 25686 16877 178 8809 16699 3384 22947 18749 6108 12641 4198 3713 6017 4178 5425 41019 27765 6853 287 20912 17907 6566 8715 1339 7376 7075
is_linear=0
shrinkage=0.05


Tree=66
num_leaves=31
num_cat=0
split_feature=0 3 0 1 3 9 8 8 4 6 0 7 6 5 1 9 1 1 10 6 7 4 7 6 1 7 0 6 8 0
split_gain=8.05387e+07 2.84312e+07 1.3279e+07 8.26402e+06 7.27633e+06 6.45127e+06 6.7271e+06 5.84689e+06 5.77917e+06 8.82594e+06 2.28525e+07 1.37347e+07 5.0005e+06 5.26592e+06 4.69253e+06 4.05667e+06 7.09033e+06 4.52314e+06 4.0313e+06 3.5421e+06 5.78524e+06 3.45687e+06 4.49012e+06 4.17656e+06 4.20677e+06 3.84829e+06 5.27356e+06 4.13448e+06 3.61303e+06 3.2308e+06
threshold=15.105127586337195 25250.000000000004 17.761495818405717 1.0000000180025095e-35 25250.000000000004 0.24984848484848488 355.04166666666669 23.041666666666668 1.6104166666666668 0.23990740740740746 0.44520146530287003 5.2770833333333345 0.080833333333333354 210.54166666666671 14.079967187583927 0.32041666666666674 1.2999969742627144 14.399966612480165 224.98302469135805 2.8375000000000008 6.0415441176470592 4.436250000000002 9.5520833333333357 3.101666666666667 17.19995954115296 5.925735294117648 19.35995519575501 0.61966666666666681 199.01515151515153 0.8504674470996485
decision_type=2 2 2 2 2 2 2 2 2 2 2 2 2 2 2 2 2 2 2 2 2 2 2 2 2 2 2 2 2 2
left_child=1 29 4 8 -2 6 7 -5 12 11 -11 -10 18 -14 -6 16 -7 -17 -3 20 -16 25 23 24 -23 26 27 -4 -27 -1
right_child=2 3 21 5 14 15 -8 -9 9 10 -12 -13 13 -15 19 17 -18 -19 -20 -21 -22 22 -24 -25 -26 28 -28 -29 -30 -31
leaf_value=-2.1668616139565491 -2.481735248772607 6.5486733608773067 2.4712585107362051 -5.5560401168789557 10.706767032701265 -8.0312789689723072 -10.548819931515478 1.7965374246202932 -1.1676508964900136 0.27975409376864713 11.562090114782855 -12.342573255304563 -0.88009944497454173 -3.9397233761870574 2.4735199132474457 1.8113555932719398 -0.79515292345930744 -4.9953966204375568 -3.9809146842845653 8.6403608192762942 -0.39982496713234372 15.837281729698184 -3.6721837543400504 -5.9047375818801253 5.878769527692711 1.3408183040758361 3.6479653061633011 -5.4934601118383988 7.2183991839042081 -1.2595899891312385
leaf_weight=16994 902 308 321 275 158 394 113 13416 4053 13724 463 294 3561 2324 9510 2053 2370 276 128 200 2147 109 125 72 3284 358 1914 329 974 23235
leaf_count=16994 902 308 321 275 158 394 113 13416 4053 13724 463 294 3561 2324 9510 2053 2370 276 128 200 2147 109 125 72 3284 358 1914 329 974 23235
internal_value=0.00106916 -0.683497 2.81872 0.198664 1.84741 0.98673 1.54785 1.64846 -0.400509 0.0447647 0.648748 -1.92611 -1.70591 -2.08882 2.1726 -0.534132 -1.82917 1.00292 3.45537 2.05798 1.94431 4.49421 5.61407 5.95003 6.20326 3.46114 2.327 -1.56235 5.64088 -1.64289
internal_weight=104384 83981 20403 43752 12917 18897 13804 13691 24855 18534 14187 4347 6321 5885 12015 5093 2764 2329 436 11857 11657 7486 3590 3465 3393 3896 2564 650 1332 40229
internal_count=104384 83981 20403 43752 12917 18897 13804 13691 24855 18534 14187 4347 6321 5885 12015 5093 2764 2329 436 11857 11657 7486 3590 3465 3393 3896 2564 650 1332 40229
is_linear=0
shrinkage=0.05


Tree=67
num_leaves=31
num_cat=0
split_feature=1 3 1 11 7 4 11 11 7 4 9 8 10 7 2 8 7 7 1 4 11 1 1 7 2 11 10 1 8 2
split_gain=6.94201e+07 3.65173e+07 1.2481e+07 1.10728e+07 7.97734e+06 1.18276e+07 1.06906e+07 4.88935e+06 4.58211e+06 7.27129e+06 4.97572e+06 4.24036e+06 4.28472e+06 3.20577e+06 3.17185e+06 3.21654e+06 5.24612e+06 4.82377e+06 7.14721e+06 4.78102e+06 2.75266e+06 2.84037e+06 4.42212e+06 3.07227e+06 2.6482e+06 3.08229e+06 2.58924e+06 2.56667e+06 2.45039e+06 1.99609e+06
threshold=15.939963033760074 25250.000000000004 10.359971439942887 175.85592669041588 2.9395833333333337 7.8620833333333335 53.530094638705926 38.814310056685947 5.0509259259259265 7.6604166666666673 0.80875000000000019 43.041666666666671 283.19517543859655 5.3520833333333346 2.7159958660602572 281.02083333333343 3.8502314814814818 8.0770833333333361 10.679975307694123 11.477083333333335 178.95663949190643 17.879958365402228 17.349959723434452 3.9517045454545463 5.5575500000000009 41.467459884849028 207.02500000000003 0.35999917323786407 84.041666666666671 7.7019032955169688
decision_type=2 2 2 2 2 2 2 2 2 2 2 2 2 2 10 2 2 2 2 2 2 2 2 2 10 2 2 2 2 10
left_child=1 14 3 4 6 -6 -3 -4 10 -10 -9 13 20 -2 -1 16 27 29 -19 -18 24 22 -22 -23 -13 -26 -15 -16 -14 -17
right_child=11 2 7 -5 5 -7 -8 8 9 -11 -12 12 28 26 15 17 19 18 -20 -21 21 23 -24 -25 25 -27 -28 -29 -30 -31
leaf_value=-4.3633469148939961 2.3337237109641236 4.3870052617240551 7.0257049487675394 -4.3892756868852638 0.15495950644877984 16.510887159485002 -4.6954524967931119 1.8279961708688643 -0.34276881228285061 2.9063301882080701 15.296769110638165 -2.4460564651803298 10.867089878210036 -2.5797854520532821 -3.0455698174663381 -1.2920958366485751 -0.96661669022612495 -2.0815759954241737 -6.7939831250968554 2.9551392200174753 2.6841373513992339 6.8591270531068247 -2.3639628942160917 3.2691365418106821 14.863243264110611 5.1752750310202318 -17.222300023215158 -0.1106670670278896 5.371628916560387 -3.2650844693301355
leaf_weight=995 479 399 371 1522 26191 110 1707 11573 7253 2257 68 106 236 224 4520 8954 19760 2338 1227 808 3012 719 506 3498 86 1574 34 892 1469 1496
leaf_count=995 479 399 371 1522 26191 110 1707 11573 7253 2257 68 106 236 224 4520 8954 19760 2338 1227 808 3012 719 506 3498 86 1574 34 892 1469 1496
internal_value=0.00101885 -0.462462 0.424548 -0.235833 -0.0131515 0.223991 -2.97343 1.34286 1.24285 0.428561 1.90798 3.58818 3.82978 -0.0854266 -1.57583 -1.50637 -1.17695 -2.11689 -3.70494 -0.812417 3.41491 3.00751 1.95759 3.88271 5.19662 5.68583 -4.56848 -2.56195 6.13822 -1.57483
internal_weight=104384 92441 51451 29929 28407 26301 2106 21522 21151 9510 11641 11943 11206 737 40990 39995 25980 14015 3565 20568 9501 7735 3518 4217 1766 1660 258 5412 1705 10450
internal_count=104384 92441 51451 29929 28407 26301 2106 21522 21151 9510 11641 11943 11206 737 40990 39995 25980 14015 3565 20568 9501 7735 3518 4217 1766 1660 258 5412 1705 10450
is_linear=0
shrinkage=0.05


Tree=68
num_leaves=31
num_cat=0
split_feature=1 3 1 7 5 8 8 7 10 8 8 5 6 8 8 6 6 4 1 1 8 6 8 8 1 1 1 1 5 8
split_gain=6.2771e+07 3.364e+07 1.18438e+07 5.69063e+06 6.55001e+06 5.69026e+06 9.16036e+06 3.27803e+07 7.88344e+06 1.12276e+07 5.59001e+06 5.82637e+06 5.01644e+06 3.81055e+06 4.31592e+06 6.04093e+06 4.54878e+06 3.9447e+06 3.93328e+06 4.35058e+06 3.59262e+06 2.91784e+06 5.23611e+06 5.92123e+06 7.83667e+06 4.80033e+06 3.92218e+06 3.90441e+06 4.23048e+06 3.55906e+06
threshold=16.039962506454472 25250.000000000004 1.0000000180025095e-35 7.4392045454545466 224.37500000000003 80.004629629629633 153.04166666666671 4.8506172839506183 87.008333333333354 43.041666666666671 355.04166666666669 283.70833333333343 2.7958333333333338 52.041666666666679 262.0222222222223 1.1005882352941179 0.86058823529411776 5.76700980392157 18.59995679335022 17.089960260223396 74.041666666666671 2.2070833333333337 74.041666666666671 287.03030303030306 12.499970791847231 8.529976677823953 0.019999953988310573 14.139960988067484 261.68137254901967 337.04166666666669
decision_type=2 2 2 2 2 2 2 2 2 2 2 2 2 2 2 2 2 2 2 2 2 2 2 2 2 2 2 2 2 2
left_child=1 21 5 10 -5 8 7 -7 20 -10 11 -4 -8 -2 15 17 18 -15 19 -16 -3 26 25 -24 -25 -23 29 28 -28 -1
right_child=13 2 3 4 -6 6 12 -9 9 -11 -12 -13 -14 14 16 -17 -18 -19 -20 -21 -22 22 23 24 -26 -27 27 -29 -30 -31
leaf_value=-1.8444368087690846 0.26133695525863837 -0.72803643636444071 1.4462776644535094 1.0276146462534008 9.702448786700149 4.2098339683855777 -0.72086570761357616 -3.035522451042667 5.9363600262300569 -7.1107018788246465 -9.1797623705819476 -0.37941298270439899 -12.010369013487692 3.0552962724067867 4.0936812989643068 7.2224806977713705 -0.065825470027757224 6.286052398623502 6.7899727951433348 -2.8578875072881949 7.9796469320923267 -4.9348472561926213 -0.11826691932010192 -2.7853810674826849 -14.152835894654437 -19.606216565713115 -0.14914740587497385 -2.2237401143885043 -1.6682162000455472 -4.8537650138724029
leaf_weight=12622 836 385 20602 463 410 4050 16315 2539 193 1105 133 5546 98 4789 717 1524 1296 1178 686 327 170 158 1152 585 204 86 12578 5362 7210 1065
leaf_count=12622 836 385 20602 463 410 4050 16315 2539 193 1105 133 5546 98 4789 717 1524 1296 1178 686 327 170 158 1152 585 204 86 12578 5362 7210 1065
internal_value=0.000990195 -0.427348 0.417061 1.13892 5.10815 -0.371586 -0.1568 1.41788 -3.03629 -5.16765 1.00689 1.05905 -0.789002 3.51069 3.76893 4.41276 2.17417 3.69406 3.85129 1.91567 1.94873 -1.4979 -3.27554 -2.4047 -5.7387 -10.1648 -1.39781 -1.02706 -0.702695 -2.07893
internal_weight=104384 93031 52009 27154 873 24855 23002 6589 1853 1298 26281 26148 16413 11353 10517 7491 3026 5967 1730 1044 555 41022 2185 1941 789 244 38837 25150 19788 13687
internal_count=104384 93031 52009 27154 873 24855 23002 6589 1853 1298 26281 26148 16413 11353 10517 7491 3026 5967 1730 1044 555 41022 2185 1941 789 244 38837 25150 19788 13687
is_linear=0
shrinkage=0.05


Tree=69
num_leaves=31
num_cat=1
split_feature=0 3 0 8 11 4 9 11 8 10 10 12 1 4 1 9 8 10 1 4 2 0 11 8 2 1 8 11 1 4
split_gain=5.99326e+07 2.06675e+07 9.9664e+06 7.12675e+06 1.09098e+07 9.02221e+06 7.389e+06 1.12209e+07 7.61986e+06 6.48524e+06 6.23457e+06 5.66745e+06 5.36831e+06 5.30253e+06 4.19027e+06 3.10365e+06 3.06445e+06 2.96727e+06 2.93714e+06 2.93148e+06 3.61173e+06 1.06658e+07 5.23763e+06 4.60439e+06 3.7035e+06 3.65703e+06 3.33131e+06 2.77377e+06 2.41801e+06 2.30291e+06
threshold=15.105127586337195 25250.000000000004 17.761495818405717 292.01715686274514 60.679466652429532 10.933750000000002 0.26995098039215693 38.814310056685947 71.0138888888889 117.01250000000002 316.8397435897437 0 13.29996935408783 4.130416666666668 13.939961554808542 0.045885416666666672 275.04166666666669 94.013157894736864 17.089960260223396 2.757083333333334 7.3262480735778821 10.220005861970135 276.38051498725684 33.041666666666679 7.4653149604797369 7.5399825772449205 299.04166666666669 41.467459884849028 14.099966989433289 2.9320833333333338
decision_type=2 2 2 2 2 2 2 2 2 2 2 1 2 2 2 2 2 2 2 2 10 2 2 2 10 2 2 2 2 2
left_child=1 19 11 5 9 6 8 -8 -3 -5 -11 -2 -7 17 -13 16 -16 -6 -4 -1 23 22 -22 25 -23 -21 -25 -17 -15 -20
right_child=2 3 18 4 13 12 7 -9 -10 10 -12 14 -14 28 15 27 -18 -19 29 20 21 24 -24 26 -26 -27 -28 -29 -30 -31
leaf_value=-2.0205160442385015 -2.230588657145625 -2.2284989866239586 12.317861490810621 -7.2471330447528377 -1.3459512026753102 23.044324568430586 9.4082048958998463 -1.7793595092074694 0.88197719517607764 0.048101331406026272 -9.5711307291614212 10.540866677790698 5.7455086555254598 -4.0747894059944407 -0.44486780239105228 9.0030080207277248 -14.719483381200721 1.9317963397447333 2.3887418172851289 -0.33137443317212756 -0.46863489988252804 7.2995982480794188 -3.6165109635975421 -1.0028633668251998 -7.9911242578195969 -6.7671511086380933 -3.0266841135994969 1.7924545228557254 1.1994766005549513 4.3330336602423909
leaf_weight=13138 902 2111 101 992 954 59 233 5319 29077 924 205 137 182 919 124 134 53 2493 2155 314 11562 527 1491 9850 42 743 2562 11567 284 5230
leaf_count=13138 902 2111 101 992 954 59 233 5319 29077 924 205 137 182 919 124 134 53 2493 2155 314 11562 527 1491 9850 42 743 2562 11567 284 5230
internal_value=0.000926095 -0.589608 2.43154 0.162525 -1.32871 0.435589 0.372196 -1.30824 0.671376 -4.29951 -1.70545 1.59007 10.0582 0.0269955 1.87706 1.77625 -4.7779 1.02451 3.88309 -1.40759 -1.11029 -0.536159 -0.828456 -1.69085 6.15889 -4.85742 -1.42082 1.87579 -2.82969 3.76608
internal_weight=104384 83981 20403 43752 6771 36981 36740 5552 31188 2121 1129 12917 241 4650 12015 11878 177 3447 7486 40229 27091 13622 13053 13469 569 1057 12412 11701 1203 7385
internal_count=104384 83981 20403 43752 6771 36981 36740 5552 31188 2121 1129 12917 241 4650 12015 11878 177 3447 7486 40229 27091 13622 13053 13469 569 1057 12412 11701 1203 7385
cat_boundaries=0 1
cat_threshold=4
is_linear=0
shrinkage=0.05


Tree=70
num_leaves=31
num_cat=0
split_feature=1 3 1 4 4 8 11 5 6 7 6 8 11 10 7 8 10 6 8 6 1 8 7 8 6 7 8 6 1 4
split_gain=5.14896e+07 2.73256e+07 1.0394e+07 5.30029e+06 4.35053e+07 1.15377e+08 7.20108e+06 7.11313e+06 5.71828e+06 4.67955e+06 5.73678e+06 4.86713e+06 4.93044e+06 3.58282e+06 3.40197e+06 3.21573e+06 3.22906e+06 3.25756e+06 6.23062e+06 3.1582e+06 4.65781e+06 3.02926e+06 2.99927e+06 2.99732e+06 2.83576e+06 2.82297e+06 3.30092e+06 5.32383e+06 6.1513e+06 4.35387e+06
threshold=16.039962506454472 25250.000000000004 0.11999972465400027 1.9301515151515154 1.9501515151515154 130.01515151515153 34.157793897804034 214.04166666666671 0.29527777777777781 7.4020833333333345 1.6008333333333338 355.04166666666669 175.85592669041588 283.19517543859655 6.2895833333333346 70.023148148148167 146.29166666666671 1.1005882352941179 318.04166666666669 1.8608333333333336 18.699957285629278 345.04166666666669 5.4517857142857151 80.004629629629633 0.75023809523809526 3.402083333333334 281.02083333333343 2.6408333333333336 12.499970791847231 11.477083333333335
decision_type=2 2 2 2 2 2 2 2 2 2 2 2 2 2 2 2 2 2 2 2 2 2 2 2 2 2 2 2 2 2
left_child=1 25 3 7 5 -5 -6 22 -9 11 -11 12 -4 15 -15 -2 17 24 -19 20 -18 -21 -3 -16 -17 -1 29 -28 -29 -27
right_child=13 2 9 4 6 -7 -8 8 -10 10 -12 -13 -14 14 23 16 19 18 -20 21 -22 -23 -24 -25 -26 26 27 28 -30 -31
leaf_value=-2.8553664498206923 0.26230413391871493 0.47804784963861846 1.963230728130398 79.856077216440625 2.7260589446001879 -4.3517708734404144 -0.46731027644161172 0.58863003729236951 -4.2571487326672539 1.1421061897360087 9.170959242979432 -8.55693104263562 0.49169526010863135 6.3690650512254328 -17.663593533833822 4.3588836792050456 1.0246811254009305 8.8669000426269395 -1.6960324917720824 -0.54151020775833536 4.4551908124787758 -14.364935127258301 -2.2109664984173549 1.8918386740173903 1.1637948294723748 -1.0253565185196967 -1.719383652443877 -0.80443340651748729 -15.875474936564764 2.3913356710387248
leaf_weight=2901 1100 4048 8676 61 2005 118 14717 794 2606 517 390 133 16551 1379 20 2316 2163 716 173 333 1824 44 1393 292 993 23498 13382 128 143 970
leaf_count=2901 1100 4048 8676 61 2005 118 14717 794 2606 517 390 133 16551 1379 20 2316 2163 716 173 333 1824 44 1393 292 993 23498 13382 128 143 970
internal_value=0.000889872 -0.387052 0.373991 -0.340018 0.178903 24.629 -0.0842787 -1.33193 -3.12568 1.07371 4.60073 0.947394 0.99784 3.1796 5.303 2.80746 3.13438 4.12451 6.81174 2.18118 2.59482 -2.1886 -0.21067 0.585841 3.40071 -1.35191 -1.23743 -1.86029 -8.7862 -0.889814
internal_weight=104384 93031 52009 25742 16901 179 16722 8841 3400 26267 907 25360 25227 11353 1691 9662 8562 4198 889 4364 3987 377 5441 312 3309 41022 38121 13653 271 24468
internal_count=104384 93031 52009 25742 16901 179 16722 8841 3400 26267 907 25360 25227 11353 1691 9662 8562 4198 889 4364 3987 377 5441 312 3309 41022 38121 13653 271 24468
is_linear=0
shrinkage=0.05


Tree=71
num_leaves=31
num_cat=0
split_feature=0 3 0 1 9 7 7 7 7 11 9 5 7 11 7 7 3 5 5 6 4 1 4 7 10 0 1 7 6 7
split_gain=4.93531e+07 1.66684e+07 8.1012e+06 5.47362e+06 6.05749e+06 8.19877e+06 7.43314e+06 5.89231e+06 5.63766e+06 5.41641e+06 1.45689e+07 2.57141e+07 8.49929e+06 5.4464e+06 1.60856e+07 8.14028e+06 5.06948e+06 3.79019e+06 6.6543e+06 6.45548e+06 5.18261e+06 4.06712e+06 6.92756e+06 4.21996e+06 3.25843e+06 2.86075e+06 4.35662e+06 9.53075e+06 4.28972e+06 4.06532e+06
threshold=15.105127586337195 25250.000000000004 18.742363650087714 1.0000000180025095e-35 0.15585416666666668 2.2020833333333338 2.652083333333334 6.5761363636363646 5.1020833333333346 36.928172484557372 0.0791885964912281 67.02500000000002 4.3002840909090922 95.557937423290767 6.2187500000000009 6.4011363636363647 25250.000000000004 116.70833333333336 283.70833333333343 1.2958333333333336 5.8920833333333347 17.349959723434452 4.041875000000001 5.0509259259259265 81.181372549019628 0.92332403387878881 12.919964401295308 6.0415441176470592 1.4491666666666669 7.8009259259259274
decision_type=2 2 2 2 2 2 2 2 2 2 2 2 2 2 2 2 2 2 2 2 2 2 2 2 2 2 2 2 2 2
left_child=1 25 16 9 5 24 -6 -8 -7 10 12 -12 -3 14 -11 -15 -2 21 20 -20 -19 23 -23 -18 -5 -1 27 -27 -29 -28
right_child=2 3 -4 4 6 8 7 -9 -10 13 11 -13 -14 15 -16 -17 17 18 19 -21 -22 22 -24 -25 -26 26 29 28 -30 -31
leaf_value=-1.7380577208371215 -2.0848384170574144 3.4450133206374596 3.6961275224027226 -11.40949366940055 7.4657017382178452 3.1158916999801143 -0.70455900251931658 3.163968406675254 0.45963870927241263 -0.65878138386770102 -7.0092604247802912 6.6165064542491949 -5.1369339158826568 -0.26643507010113898 -6.2547800520665824 4.8667071529861055 2.670235566830919 2.5398266645126708 -1.1385746773973104 4.2978668852467488 6.0796400195773668 -9.7383693921516965 0.94317993332868744 -0.69927821455082295 -0.63256962467334243 -1.6686016548875537 -0.8581765786222324 1.8605175121480002 -0.80321734505903053 -3.057530441415107
leaf_weight=18005 902 410 6306 156 319 4966 8881 1106 3342 8788 429 1779 968 10143 1503 835 2161 4688 1993 751 1327 242 404 1629 127 6711 5097 4588 2253 3575
leaf_count=18005 902 410 6306 156 319 4966 8881 1106 3342 8788 429 1779 968 10143 1503 835 2161 4688 1993 751 1327 242 404 1629 127 6711 5097 4588 2253 3575
internal_value=0.000869723 -0.535014 2.20655 0.140443 0.781807 1.76221 -0.0355434 -0.275869 2.04756 -0.34719 1.45013 3.96713 -2.58287 -0.650276 -1.47661 0.124405 1.54 1.78793 2.39095 0.350336 3.32164 0.596977 -3.06713 1.22216 -6.59248 -1.26961 -0.89003 -0.329978 0.983259 -1.7651
internal_weight=104384 83981 20403 43752 18897 8591 10306 9987 8308 24855 3586 2208 1378 21269 10291 10978 14097 13195 8759 2744 6015 4436 646 3790 283 40229 22224 13552 6841 8672
internal_count=104384 83981 20403 43752 18897 8591 10306 9987 8308 24855 3586 2208 1378 21269 10291 10978 14097 13195 8759 2744 6015 4436 646 3790 283 40229 22224 13552 6841 8672
is_linear=0
shrinkage=0.05


Tree=72
num_leaves=31
num_cat=0
split_feature=0 3 0 11 9 5 4 0 8 10 5 5 8 4 8 10 8 5 0 5 8 4 2 4 3 0 2 8 8 10
split_gain=4.5133e+07 2.00303e+07 7.90803e+06 6.39675e+06 1.10251e+07 2.15119e+07 8.81565e+06 1.00238e+07 7.46169e+06 6.09842e+06 5.43818e+06 7.3645e+06 1.03714e+07 5.68952e+06 3.99985e+06 3.65764e+06 3.1713e+06 4.27185e+06 3.92394e+06 3.60269e+06 3.34814e+06 3.05852e+06 2.74596e+06 2.49933e+06 2.32477e+06 8.91764e+06 3.74345e+06 2.24654e+06 2.22368e+06 1.92607e+06
threshold=16.159962429824834 25250.000000000004 13.739968146217349 36.928172484557372 0.076698717948717979 67.02500000000002 3.5679166666666671 0.39999907691371445 96.009259259259281 1.0000000180025095e-35 112.37500000000001 258.37500000000006 248.04166666666671 4.1604166666666673 7.5416666666666679 259.17592592592598 70.023148148148167 97.009803921568633 19.45995494651795 305.87500000000006 127.70833333333336 1.1702941176470592 2.7159958660602572 15.823750000000002 7250.0000000000009 10.645000149766956 5.5858000000000017 355.04166666666669 153.04166666666671 193.54166666666671
decision_type=2 2 2 2 2 2 2 2 2 2 2 2 2 2 2 2 2 2 2 2 2 2 10 2 2 2 10 2 2 2
left_child=1 22 3 4 8 -6 7 -5 -3 -8 14 13 -13 -12 -4 16 29 18 20 21 -18 -19 -1 24 25 -24 -26 -16 -17 -2
right_child=15 2 10 6 5 -7 9 -9 -10 -11 11 12 -14 -15 27 28 17 19 -20 -21 -22 -23 23 -25 26 -27 -28 -29 -30 -31
leaf_value=-3.8138648232494492 -0.90142755237514227 -6.3027887626621455 17.239178315401077 -0.48107080815634584 -5.1268250818420071 5.985779698368499 4.3838020275712601 1.7806860829179687 0.82860359244260273 -1.8714808828420406 1.9135271147851824 -3.8144312090347299 1.9579711272465401 5.3413994053485041 -0.4192730709699124 5.0544393914264951 1.6290251133599829 -0.73205439216051349 3.9501978019061994 1.008400654534388 -2.8805035097094898 4.0951044556984133 -1.0648834320372493 3.1518556511522591 -1.635918964341148 4.4358010663009786 -13.756497024297715 -16.825618867420015 1.8756564180458319 3.3855558961227845
leaf_weight=995 1130 539 31 16378 547 2123 406 6988 1143 9170 3062 1069 2852 2003 3284 2171 837 350 670 1475 808 5188 24176 333 14735 759 63 20 739 340
leaf_count=995 1130 539 31 16378 547 2123 406 6988 1143 9170 3062 1069 2852 2003 3284 2171 837 350 670 1475 808 5188 24176 333 14735 759 63 20 739 340
internal_value=0.000824961 -0.403425 0.272619 -0.0902177 1.71117 3.70808 -0.328245 0.195393 -1.45905 -1.60584 1.3708 2.01068 0.383642 3.2699 -0.353416 2.6747 2.25033 2.59045 0.727711 3.20515 -0.586391 3.78995 -1.22029 -1.15579 -1.19197 -0.897276 -1.68845 -0.523648 4.2481 0.0917437
internal_weight=104384 90676 49615 37294 4352 2670 32942 23366 1682 9576 12321 8986 3921 5065 3335 13708 10798 9328 2315 7013 1645 5538 41061 40066 39733 24935 14798 3304 2910 1470
internal_count=104384 90676 49615 37294 4352 2670 32942 23366 1682 9576 12321 8986 3921 5065 3335 13708 10798 9328 2315 7013 1645 5538 41061 40066 39733 24935 14798 3304 2910 1470
is_linear=0
shrinkage=0.05


Tree=73
num_leaves=31
num_cat=1
split_feature=0 12 0 8 10 4 9 5 5 8 6 10 8 8 10 8 5 0 1 5 6 10 6 1 5 4 6 1 2 8
split_gain=4.07344e+07 1.80779e+07 7.13724e+06 6.29769e+06 8.08126e+06 7.49776e+06 7.19749e+06 4.90809e+06 6.64693e+06 9.36093e+06 7.1518e+06 4.41503e+06 3.7786e+06 3.62151e+06 3.30128e+06 2.86198e+06 3.85526e+06 3.5419e+06 4.37254e+06 3.25142e+06 6.60781e+06 2.64197e+06 5.92437e+06 5.48931e+06 4.82382e+06 4.10523e+06 3.0759e+06 3.16598e+06 3.02441e+06 2.82004e+06
threshold=16.159962429824834 0 13.739968146217349 292.01715686274514 90.041666666666686 11.181666666666668 0.24984848484848488 112.37500000000001 258.37500000000006 248.04166666666671 0.37916666666666676 316.8397435897437 213.02083333333334 7.5416666666666679 259.17592592592598 70.023148148148167 97.009803921568633 19.45995494651795 17.349959723434452 305.87500000000006 1.1405882352941179 89.976562500000014 2.580833333333334 11.209969343024381 277.37500000000006 10.145833333333334 1.3175000000000003 0.079999816677379113 7.7068481445312509 43.041666666666671
decision_type=2 1 2 2 2 2 2 2 2 2 2 2 2 2 2 2 2 2 2 2 2 2 2 2 2 2 2 2 10 2
left_child=1 2 3 5 -5 6 -1 13 10 -10 -9 -6 -7 -4 15 -2 17 18 -17 20 -18 25 26 -24 -25 29 27 -23 -28 -3
right_child=14 21 7 4 11 12 -8 8 9 -11 -12 -13 -14 -15 -16 16 19 -19 -20 -21 -22 22 23 24 -26 -27 28 -29 -30 -31
leaf_value=0.50062745293414779 0.087240783648741438 0.6379681097560278 16.404155554473402 -4.4550818742208458 0.20306953315862741 1.7087426948547364 -1.4764357664099474 0.55362039477197833 -3.6238879023009094 1.860106869697544 4.4891655129074097 -5.4588324316696353 25.168091128031417 -0.49772611485883805 4.0358186829374736 1.1295663126960642 2.8124308940948683 3.7529822547989173 -4.4927056026921761 0.95801481643420194 7.3897757256281214 -1.6148664058750954 2.2981060315341484 -5.9448285658359525 -21.616096105889962 2.066904805751117 -2.8696948932930404 -0.40806395950524144 0.52895614899948018 -1.2688754908350346
leaf_weight=26017 1470 2452 31 1743 3489 28 5592 1780 1069 2852 3285 381 44 3304 2910 1152 4586 670 493 1475 952 12624 81 109 90 1324 4824 9544 757 9256
leaf_count=26017 1470 2452 31 1743 3489 28 5592 1780 1069 2852 3285 381 44 3304 2910 1152 4586 670 493 1475 952 12624 81 109 90 1324 4824 9544 757 9256
internal_value=0.000787735 -0.383259 0.258993 -0.0857079 -1.62918 0.187796 0.150826 1.30228 1.91017 0.364436 3.10647 -0.355607 16.1935 -0.335745 2.54103 2.13786 2.46097 0.691384 -0.557109 3.04493 3.60048 -1.15929 -1.43277 -8.65677 -13.105 -0.571042 -1.35957 -1.09534 -2.40869 -0.869505
internal_weight=104384 90676 49615 37294 5613 31681 31609 12321 8986 3921 5065 3870 72 3335 13708 10798 9328 2315 1645 7013 5538 41061 28029 280 199 13032 27749 22168 5581 11708
internal_count=104384 90676 49615 37294 5613 31681 31609 12321 8986 3921 5065 3870 72 3335 13708 10798 9328 2315 1645 7013 5538 41061 28029 280 199 13032 27749 22168 5581 11708
cat_boundaries=0 1
cat_threshold=2
is_linear=0
shrinkage=0.05


Tree=74
num_leaves=31
num_cat=0
split_feature=0 3 0 11 9 5 4 6 0 8 8 6 6 6 5 11 0 6 6 4 6 6 9 5 6 4 2 0 8 11
split_gain=3.67642e+07 1.6317e+07 6.50032e+06 5.61156e+06 1.01983e+07 1.97486e+07 7.32471e+06 9.50116e+06 8.67352e+06 6.34724e+06 4.74419e+06 5.6169e+06 5.7376e+06 4.33135e+06 6.7244e+06 3.03734e+06 3.62293e+06 4.36118e+06 3.8032e+06 3.08424e+06 3.7883e+06 3.15422e+06 2.69768e+06 2.51209e+06 3.19636e+06 2.45515e+06 2.89044e+06 7.81765e+06 5.33719e+06 3.96935e+06
threshold=16.159962429824834 25250.000000000004 13.038104330365876 36.928172484557372 0.080065789473684243 67.02500000000002 3.5679166666666671 0.52044444444444449 0.39999907691371445 99.361111111111128 299.04166666666669 0.12022727272727275 0.34007575757575764 0.40068181818181825 283.70833333333343 175.85592669041588 18.742363650087714 2.3608333333333338 2.5020833333333337 1.8487500000000001 0.72041666666666682 0.24053030303030307 0.19008928571428577 259.52083333333343 1.0202380952380954 1.9929166666666671 7.2949045658111578 9.9403491686412639 196.19318181818184 246.27150400024991
decision_type=2 2 2 2 2 2 2 2 2 2 2 2 2 2 2 2 2 2 2 2 2 2 2 2 2 2 10 2 2 2
left_child=1 25 3 4 9 -6 8 -8 -5 -3 11 -4 -13 14 -12 -2 17 19 -19 20 -17 -21 -18 -24 -25 -1 -27 29 -29 -28
right_child=15 2 10 6 5 -7 7 -9 -10 -11 13 12 -14 -15 -16 16 22 18 -20 21 -22 -23 23 24 -26 26 27 28 -30 -31
leaf_value=-1.9002531193233105 4.0329066513974423 -5.5109281776056953 5.9133664411198055 -0.45239105395705703 -5.0924753131697766 5.7268257031428345 -3.7823951058346985 -0.3131267862087464 1.9210156464960502 0.83076228066973512 -1.6761540689596739 -0.5786168715843798 1.864165258608808 0.54702447074415139 -13.196039097037497 0.090357717881202712 1.6151214109693914 26.405849298547817 5.8668401038977844 5.1147394986912937 -7.5513043450258213 1.0998133064954929 4.8095589604712385 5.0881275421992331 -1.3199836527414672 -1.4064545632289791 -0.29757286702991115 9.1665165691091062 0.89012633455131496 -2.1628876415591889
leaf_weight=7792 2392 615 673 16378 529 2067 3195 5160 5031 1097 641 3252 9211 1609 157 749 1970 26 143 547 206 4570 2319 350 436 15725 13099 334 466 3645
leaf_count=7792 2392 615 673 16378 529 2067 3195 5160 5031 1097 641 3252 9211 1609 157 749 1970 26 143 547 206 4570 2319 350 436 15725 13099 334 466 3645
internal_value=0.000759316 -0.364092 0.246079 -0.14047 1.54595 3.52101 -0.384604 -1.64009 0.10541 -1.44924 1.09339 1.46731 1.22677 -0.946992 -3.95628 2.41404 2.07151 1.26443 9.16346 1.04311 -1.56417 1.52992 3.06357 3.98174 1.53633 -1.10136 -0.914203 -0.472933 4.35266 -0.703738
internal_weight=104384 90676 49615 34072 4308 2596 29764 8355 21409 1712 15543 13136 12463 2407 798 13708 11316 6241 169 6072 955 5117 5075 3105 786 41061 33269 17544 800 16744
internal_count=104384 90676 49615 34072 4308 2596 29764 8355 21409 1712 15543 13136 12463 2407 798 13708 11316 6241 169 6072 955 5117 5075 3105 786 41061 33269 17544 800 16744
is_linear=0
shrinkage=0.05


Tree=75
num_leaves=31
num_cat=0
split_feature=0 3 0 7 8 11 8 6 7 11 6 7 5 7 6 8 11 0 6 6 11 7 8 6 1 11 11 7 0 7
split_gain=3.32117e+07 1.4892e+07 5.96025e+06 6.01246e+06 1.33566e+07 1.79983e+07 1.67938e+07 1.16567e+07 1.03321e+07 7.26646e+06 4.31312e+06 5.29279e+06 7.11224e+06 7.05051e+06 4.31797e+06 3.84081e+06 2.85693e+06 3.15903e+06 3.87354e+06 3.34048e+06 2.57463e+06 2.45281e+06 3.06002e+06 4.4448e+06 5.02664e+06 3.52585e+06 3.42927e+06 2.45098e+06 2.37117e+06 2.63571e+06
threshold=16.219962576889042 25250.000000000004 13.739968146217349 4.8506172839506183 153.04166666666671 79.705660969726708 80.004629629629633 0.32007575757575768 5.2520833333333341 20.876902363572629 0.33992424242424252 5.9502450980392165 259.52083333333343 6.842129629629631 0.13015151515151518 309.02272727272731 175.85592669041588 18.742363650087714 2.3608333333333338 2.5020833333333337 278.10763530731896 3.5003787878787884 281.02083333333343 2.6408333333333336 12.499970791847231 7.355930341194008 267.93661157518937 9.0895833333333353 19.719954595108039 3.8261363636363641
decision_type=2 2 2 2 2 2 2 2 2 2 2 2 2 2 2 2 2 2 2 2 2 2 2 2 2 2 2 2 2 2
left_child=1 21 3 4 6 -6 -3 8 -5 -9 14 12 -12 -13 15 -4 -2 18 -18 -20 -16 -1 25 27 -25 -23 -27 -24 29 -19
right_child=16 2 10 7 5 -7 -8 9 -10 -11 11 13 -14 -15 20 -17 17 28 19 -21 -22 22 23 24 -26 26 -28 -29 -30 -31
leaf_value=-2.275522455994643 3.9254405596557627 -1.8595355817658981 4.9181721165623218 -0.2627223998212832 -3.4688290100082528 0.64903095504819253 3.6208382205968705 4.1447775877820412 -6.9897297183507341 -0.5480333542143494 3.5909020936262666 -3.1769746033821384 0.11188109439383349 2.1230057713263566 -2.2263566203758161 -5.778574225589483 1.0105296650293256 9.3919232341576997 25.134456448025176 5.6007551363354828 1.1151388592933165 -1.9470356976101106 -1.1735185733119582 -0.63867194819098072 -14.261736128363346 -0.1172614723013054 -2.5148187993082165 -3.4782112130284681 2.0488817433782951 3.6117717873723487
leaf_weight=3693 2315 1883 554 1007 3610 10007 5419 879 1317 13172 4556 1119 2168 1426 1914 98 5826 222 26 121 824 3957 11976 128 143 18272 1623 1276 3106 1747
leaf_count=3693 2315 1883 554 1007 3610 10007 5419 879 1317 13172 4556 1119 2168 1426 1914 98 5826 222 26 121 824 3957 11976 128 143 18272 1623 1276 3106 1747
internal_value=0.000738475 -0.340997 0.238895 -0.0793134 0.482368 -0.442828 2.20753 -0.796845 -4.07626 -0.254187 1.17628 1.73438 2.46936 -0.20765 -0.349741 3.30398 2.32829 1.9933 1.21364 9.20221 -1.22069 -1.04634 -0.924823 -1.52566 -7.85325 -0.584126 -0.312967 -1.39568 2.91049 4.26791
internal_weight=104384 91021 49953 37294 20919 13617 7302 16375 2324 14051 12659 9269 6724 2545 3390 652 13363 11048 5973 147 2738 41068 37375 13523 271 23852 19895 13252 5075 1969
internal_count=104384 91021 49953 37294 20919 13617 7302 16375 2324 14051 12659 9269 6724 2545 3390 652 13363 11048 5973 147 2738 41068 37375 13523 271 23852 19895 13252 5075 1969
is_linear=0
shrinkage=0.05


Tree=76
num_leaves=31
num_cat=0
split_feature=0 3 0 7 8 6 11 6 11 9 8 7 5 5 7 8 11 0 6 6 0 9 7 6 6 2 6 8 8 0
split_gain=2.99785e+07 1.34407e+07 5.41922e+06 5.51607e+06 1.08977e+07 1.69613e+07 1.60315e+07 9.90868e+06 9.58435e+06 9.12822e+06 4.3088e+06 1.25768e+07 5.70448e+06 5.06653e+06 4.34437e+06 3.56693e+06 2.57802e+06 2.8506e+06 3.5052e+06 3.02925e+06 2.53591e+06 2.42305e+06 2.4104e+06 2.35526e+06 2.32937e+06 2.2843e+06 2.34878e+06 4.83412e+06 4.81576e+06 3.84088e+06
threshold=16.219962576889042 25250.000000000004 13.038104330365876 4.8506172839506183 153.04166666666671 0.45993827160493833 79.705660969726708 0.32007575757575768 172.00503490767841 0.22676587301587306 299.04166666666669 3.2267045454545458 283.70833333333343 88.94852941176471 4.5000771604938281 8.8750000000000018 175.85592669041588 18.742363650087714 2.3608333333333338 2.5020833333333337 15.379964503639224 0.17502083333333338 7.5604166666666677 3.2641666666666671 0.1801515151515152 2.7159958660602572 2.2070833333333337 74.041666666666671 275.04166666666669 7.9612387325791962
decision_type=2 2 2 2 2 2 2 2 2 2 2 2 2 2 2 2 2 2 2 2 2 2 2 2 2 10 2 2 2 2
left_child=1 25 3 4 5 -3 -6 8 -5 -9 13 12 -12 15 -15 -4 -2 18 24 -20 -13 -19 23 -23 -18 -1 -27 29 -29 -28
right_child=16 2 10 7 6 -7 -8 9 -10 -11 11 20 -14 14 -16 -17 17 21 19 -21 -22 22 -24 -25 -26 26 27 28 -30 -31
leaf_value=-3.3595290971759812 3.7292532680982755 3.6237872237164441 15.044072204033535 -5.4705369762578488 -3.3071494129195376 -2.0167184020169522 0.67733814312645424 0.39602180470393211 3.171267164992599 -2.8515586647368174 -4.5339428028618851 -0.37971361928860853 -16.835500165338384 3.038791220436889 0.99194885387331999 -0.80030455743833451 4.2967151566875792 1.2362462037320361 23.924278842784741 5.3230127291210358 3.6269577867018143 4.1658560808468703 -0.55849434048489288 -6.581972497380697 0.66035168109575904 -0.84301554799382239 -4.4670321606690031 0.85488773523133332 -4.1117638864679753 -17.591222264520052
leaf_weight=995 2315 4822 35 1815 3504 1841 9023 9911 389 2767 269 1492 145 4385 6343 2676 479 1717 26 121 536 2984 323 51 5347 37877 158 951 1001 86
leaf_count=995 2315 4822 35 1815 3504 1841 9023 9911 389 2767 269 1492 145 4385 6343 2676 479 1717 26 121 536 2984 323 51 5347 37877 158 951 1001 86
internal_value=0.000711262 -0.323963 0.226946 -0.128605 0.431633 2.06523 -0.437361 -0.851001 -3.94453 -0.312938 0.989727 -0.942034 -8.87266 1.34079 1.82879 -0.590274 2.21207 1.89385 1.15322 8.75249 0.680512 2.76512 3.54625 3.98314 0.960012 -0.994051 -0.935234 -2.52473 -1.69285 -9.14571
internal_weight=104384 91021 49953 34072 19190 6663 12527 14882 2204 12678 15881 2442 414 13439 10728 2711 13363 11048 5973 147 2028 5075 3358 3035 5826 41068 40073 2196 1952 244
internal_count=104384 91021 49953 34072 19190 6663 12527 14882 2204 12678 15881 2442 414 13439 10728 2711 13363 11048 5973 147 2028 5075 3358 3035 5826 41068 40073 2196 1952 244
is_linear=0
shrinkage=0.05


Tree=77
num_leaves=31
num_cat=0
split_feature=1 3 1 10 11 5 11 9 11 8 7 5 9 8 7 8 5 10 6 8 10 6 1 5 1 6 11 1 6 10
split_gain=2.61914e+07 1.3108e+07 5.44391e+06 4.70583e+06 1.52231e+07 1.21304e+07 9.41384e+06 4.0335e+07 1.83171e+07 7.34074e+06 4.25604e+06 5.48776e+06 4.24564e+06 5.90565e+06 5.06112e+06 2.60233e+06 2.85533e+06 2.5573e+06 2.40354e+06 2.35049e+06 2.30988e+06 4.76801e+06 4.65919e+06 4.1106e+06 3.32554e+06 2.72124e+06 3.78933e+06 2.45494e+06 2.23311e+06 2.21684e+06
threshold=16.039962506454472 25250.000000000004 1.0000000180025095e-35 314.95833333333343 37.746023660788687 78.041666666666671 50.651647877876762 0.23261363636363638 79.705660969726708 252.04166666666671 7.4392045454545466 234.04166666666671 0.13945955882352942 293.92708333333343 2.4520833333333338 43.041666666666671 351.87500000000006 283.19517543859655 1.0700490196078434 82.171296296296319 89.976562500000014 2.580833333333334 11.209969343024381 277.37500000000006 0.79999816532109491 1.2754761904761909 35.992682306176619 14.139960988067484 3.2641666666666671 269.96250000000003
decision_type=2 2 2 2 2 2 2 2 2 2 2 2 2 2 2 2 2 2 2 2 2 2 2 2 2 2 2 2 2 2
left_child=1 20 3 6 9 -6 7 -3 -8 -5 12 -12 13 -4 -14 18 17 28 -2 -19 24 25 -23 -24 -1 26 -22 -27 -17 -20
right_child=15 2 10 4 5 -7 8 -9 -10 -11 11 -13 14 -15 -16 16 -18 19 29 -21 21 22 23 -25 -26 27 -28 -29 -30 -31
leaf_value=-1.1863356958115279 1.2202660705482782 0.46265935332590208 2.0759659867934803 -0.72056925533711924 -5.6048258080848585 2.6050500308622055 -4.8554709365404136 16.362679746926329 -0.0093001918634426309 -11.64942061752312 0.83205729135166617 8.8739677934640042 6.7203404245945819 -1.2548609558514134 0.046889728481039734 2.2998723587291585 -3.5717187078876202 9.7989350984199763 -3.2254574573173951 3.7176508429391064 -1.5276387906958313 2.4089456279884751 -5.1732729740955614 -19.63445937942673 0.4123433747748404 -1.6439209863695408 -0.20634885836804165 -4.443334680882244 -7.0779700585827232 -18.639238692036383
leaf_weight=6560 468 8715 7589 219 660 1408 2392 417 10529 515 511 362 288 1613 16791 8793 192 178 177 1456 10956 81 109 90 6451 5099 10751 925 63 26
leaf_count=6560 468 8715 7589 219 660 1408 2392 417 10529 515 511 362 288 1613 16791 8793 192 178 177 1456 10956 81 109 90 6451 5099 10751 925 63 26
internal_value=0.000676198 -0.276009 0.251091 -0.283587 -2.21331 -0.0165633 -0.0383118 1.19042 -0.906754 -8.39406 0.740492 4.17308 0.626314 1.49204 0.15981 2.26777 2.45749 2.56817 -0.751616 4.38571 -0.944273 -1.19998 -7.68065 -11.779 -0.393721 -1.13427 -0.873273 -2.07444 2.23237 -5.28135
internal_weight=104384 93031 52009 24855 2802 2068 22053 9132 12921 734 27154 873 26281 9202 17079 11353 10682 10490 671 1634 41022 28011 280 199 13011 27731 21707 6024 8856 203
internal_count=104384 93031 52009 24855 2802 2068 22053 9132 12921 734 27154 873 26281 9202 17079 11353 10682 10490 671 1634 41022 28011 280 199 13011 27731 21707 6024 8856 203
is_linear=0
shrinkage=0.05


Tree=78
num_leaves=31
num_cat=0
split_feature=0 3 4 6 7 11 4 4 6 7 11 11 7 6 7 10 7 4 11 4 11 3 7 9 10 6 0 6 11 7
split_gain=2.45546e+07 1.09281e+07 5.66862e+06 7.40181e+06 5.95898e+06 2.11472e+07 6.93813e+06 5.39384e+06 9.41785e+06 8.67716e+06 4.77725e+06 5.84487e+06 4.69395e+06 3.70279e+06 2.95448e+06 2.60099e+06 3.46387e+06 2.41121e+06 2.77149e+06 2.2403e+06 2.72738e+06 3.6055e+06 6.32907e+06 2.78075e+06 1.99213e+06 3.05248e+06 3.02402e+06 2.58378e+06 1.87372e+06 1.81897e+06
threshold=16.219962576889042 25250.000000000004 1.6104166666666668 0.09416666666666669 7.4020833333333345 34.663429674957491 7.6604166666666673 3.2420833333333339 0.22007575757575762 5.2016666666666671 163.48335287219297 163.34781497674814 8.2927083333333353 0.22007575757575762 3.6825757575757581 259.17592592592598 5.8758578431372559 5.3604166666666675 278.83075392663449 2.7336419753086427 278.99955054364256 7250.0000000000009 5.5020833333333341 0.39541666666666675 142.54166666666671 2.2408333333333341 19.35995519575501 1.8408333333333335 277.10028313804997 2.8802083333333335
decision_type=2 2 2 2 2 2 2 2 2 2 2 2 2 2 2 2 2 2 2 2 2 2 2 2 2 2 2 2 2 2
left_child=1 19 3 14 7 12 -7 9 -9 -4 11 -5 -6 -12 -3 24 17 -17 -19 29 21 22 -21 -23 25 -2 -26 -28 -27 -1
right_child=15 2 4 10 5 6 -8 8 -10 -11 13 -13 -14 -15 -16 16 -18 18 -20 20 -22 23 -24 -25 26 28 27 -29 -30 -31
leaf_value=-7.2553275408018809 2.0187314478179323 1.6689213068211481 1.6776103020042177 -1.7320273240025046 35.565735546458853 -0.27379375644295006 7.8571924541234113 -3.4623964025682739 0.1624723775872102 -0.81929101785367764 -1.7732877651828833 -11.987028667685433 15.576884459686282 1.4542637664774127 7.9549593568352144 3.0105508259995046 0.31624306224443743 9.1276077437207892 3.3050081424142577 -1.4869168227855554 -2.7505985861438838 -1.2688789536373022 0.7835299360161283 3.0633472208530494 -0.11751561761216556 0.77094043134074475 3.0603317996969168 -2.7523067530698557 10.094687018159759 -1.3767966757140087
leaf_weight=132 5368 586 12797 6537 43 1095 344 1996 17444 4778 1405 141 99 2414 274 1311 710 447 379 4595 1456 12279 9240 381 2928 75 1739 214 192 12985
leaf_count=132 5368 586 12797 6537 43 1095 344 1996 17444 4778 1405 141 99 2414 274 1311 710 447 379 4595 1456 12279 9240 381 2928 75 1739 214 192 12985
internal_value=0.000626774 -0.293213 0.203542 -0.778312 0.492469 3.49762 1.67406 0.364021 -0.209869 0.998786 -1.14378 -1.95032 21.8363 0.266701 3.6786 2.00196 3.34262 4.34749 6.46321 -0.897431 -0.644409 -0.528567 0.0293962 -1.13827 1.63872 2.27918 0.899021 2.42233 7.48832 -1.4365
internal_weight=104384 91021 49953 11357 38596 1581 1439 37015 19440 17575 10497 6678 142 3819 860 13363 2847 2137 826 41068 27951 26495 13835 12660 10516 5635 4881 1953 267 13117
internal_count=104384 91021 49953 11357 38596 1581 1439 37015 19440 17575 10497 6678 142 3819 860 13363 2847 2137 826 41068 27951 26495 13835 12660 10516 5635 4881 1953 267 13117
is_linear=0
shrinkage=0.05


Tree=79
num_leaves=31
num_cat=0
split_feature=3 7 11 7 6 7 11 8 8 7 11 5 11 5 10 5 11 5 8 8 7 10 7 6 11 11 10 2 2 2
split_gain=2.00073e+07 5.16759e+06 8.01071e+06 7.27929e+06 1.56791e+07 9.26297e+06 8.71974e+06 2.35586e+07 1.26744e+07 6.35889e+06 6.01353e+07 1.00607e+07 5.87439e+06 5.48017e+06 8.88433e+06 7.14864e+06 5.37912e+06 4.47203e+06 9.56839e+06 3.51455e+06 2.44701e+06 2.56702e+06 2.08794e+06 2.62402e+06 4.15766e+06 4.50219e+06 3.54034e+06 3.53938e+06 3.02496e+06 2.57739e+06
threshold=25250.000000000004 3.152083333333334 48.245206104620372 4.8506172839506183 0.34007575757575764 5.2520833333333341 18.762716287834049 80.004629629629633 99.361111111111128 6.5761363636363646 20.876902363572629 231.62500000000003 278.94763736680397 78.041666666666671 4.5416666666666679 299.51515151515156 120.53388579492743 78.041666666666671 182.04166666666669 182.04166666666669 2.652083333333334 213.76562500000003 3.402083333333334 1.3175000000000003 34.663429674957491 36.986709699773236 71.513157894736864 7.6279780387878429 7.7019032955169688 7.7068481445312509
decision_type=2 2 2 2 2 2 2 2 2 2 2 2 2 2 2 2 2 2 2 2 2 2 2 2 2 2 2 10 10 10
left_child=22 2 -2 6 5 19 7 -3 -9 11 -11 -6 17 14 -8 -15 -7 -4 -19 -5 -14 -22 -1 24 28 -26 27 -25 -24 -28
right_child=1 3 12 4 9 16 13 8 -10 10 -12 -13 20 15 -16 -17 -18 18 -20 -21 21 -23 23 26 25 -27 29 -29 -30 -31
leaf_value=-2.1496424845719626 4.0144504807820951 -14.302765248286262 -7.2197444085507883 -2.8720383973562686 1.0401018870206327 -7.9705624484280087 16.225929014859378 25.177627587216033 -0.78153232382304649 29.207889533140719 1.0621204517031633 -1.2976390309293198 6.2932208489646086 1.8663515426801458 -0.45263496241250051 -0.79577728266841996 -2.6829343292580852 4.9666218812819665 -3.1188083853547077 2.0144401213087533 2.1486563771522387 -4.8930136909808439 -1.0510237098636397 1.0750589226394707 2.6800555208587142 -0.22823743799900972 -2.4914682712694223 -1.6964034954271097 -5.5139472924051551 0.53190484873252863
leaf_weight=2906 695 76 470 645 11184 963 80 162 66 194 7090 7819 229 19579 5599 2894 963 425 2596 854 496 174 11268 2270 1472 13776 5910 2337 392 800
leaf_count=2906 695 76 470 645 11184 963 80 162 66 194 7090 7819 229 19579 5599 2894 963 425 2596 854 496 174 11268 2270 1472 13776 5910 2337 392 800
internal_value=0.000629166 0.558828 -0.969554 0.692453 0.145057 -3.03648 1.26398 9.67301 17.6925 0.559687 1.81565 0.0781939 -1.75933 1.17284 -0.214868 1.52351 -5.32952 -2.68736 -1.98007 -0.088657 1.84338 0.31535 -0.857786 -0.75952 -0.490828 0.0526782 -1.39828 -0.330887 -1.20152 -2.13098
internal_weight=104384 63253 5085 58168 29712 3425 28456 304 228 26287 7284 19003 4390 28152 5679 22473 1926 3491 3021 1499 899 670 41131 38225 26908 15248 11317 4607 11660 6710
internal_count=104384 63253 5085 58168 29712 3425 28456 304 228 26287 7284 19003 4390 28152 5679 22473 1926 3491 3021 1499 899 670 41131 38225 26908 15248 11317 4607 11660 6710
is_linear=0
shrinkage=0.05


Tree=80
num_leaves=31
num_cat=0
split_feature=0 3 4 7 11 4 4 7 0 7 7 11 10 7 10 7 4 2 0 11 11 4 11 11 9 9 11 4 0 7
split_gain=2.1401e+07 8.59935e+06 4.9016e+06 5.09054e+06 1.64926e+07 6.1211e+06 4.9541e+06 8.2321e+06 8.14433e+06 4.23505e+06 3.34921e+06 3.30966e+06 6.72668e+06 5.41348e+06 2.34558e+06 3.12745e+06 2.16193e+06 2.69529e+06 6.49327e+06 8.42232e+06 2.15179e+06 2.1326e+06 2.49956e+06 2.11135e+06 2.05036e+06 1.79632e+06 2.06168e+06 1.85607e+06 1.74824e+06 1.72878e+06
threshold=16.219962576889042 25250.000000000004 1.6512500000000003 7.4020833333333345 34.663429674957491 7.6604166666666673 3.2420833333333339 5.2016666666666671 13.739968146217349 8.2927083333333353 2.652083333333334 163.48335287219297 316.8397435897437 3.1979166666666674 259.17592592592598 5.8758578431372559 11.477083333333335 7.2949045658111578 9.4799780963516245 116.90209583102994 278.99955054364256 5.3604166666666675 278.83075392663449 94.363046025397111 0.15585416666666668 0.21013020833333337 175.85592669041588 1.0304166666666668 17.999958659530645 4.8751543209876553
decision_type=2 2 2 2 2 2 2 2 2 2 2 2 2 2 2 2 2 10 2 2 2 2 2 2 2 2 2 2 2 2
left_child=1 16 10 6 9 -6 7 -4 -8 -5 -3 12 -12 -13 25 21 17 -1 20 -20 -19 -16 28 24 -18 26 -2 29 -23 -27
right_child=14 2 3 4 5 -7 8 -9 -10 -11 11 13 -14 -15 15 -17 23 18 19 -21 -22 22 -24 -25 -26 27 -28 -29 -30 -31
leaf_value=-1.374678541461698 2.9256278104632667 3.691649114553476 1.6132402327304627 32.528595835945822 -0.24259969699528328 7.4125194336573292 -0.9746209704135762 -0.85474637915403007 1.1696676850252945 13.524125293517599 -1.1028700310712121 -5.5090797388617716 -7.0202051516047295 0.81242568111604097 2.8396232825400674 0.26653360789167563 -0.55666995128828889 -0.60578852096018787 6.8145707729997405 -1.5410393075469822 -2.6606777442571783 15.015701831908064 3.0876591870220089 -0.86268115508438292 4.495612337389864 4.3761799438044706 0.45881904489732839 2.4041195314404669 7.0553213271432824 -6.6445658873636795
leaf_weight=16399 1038 414 12468 43 1074 344 12619 4634 6821 97 6773 371 516 3779 1311 710 315 20397 663 552 1358 86 379 832 552 52 4587 4731 361 108
leaf_count=16399 1038 414 12468 43 1074 344 12619 4634 6821 97 6773 371 516 3779 1311 710 315 20397 663 552 1358 86 379 832 552 52 4587 4731 361 108
internal_value=0.00061628 -0.273706 0.166953 0.443208 3.24128 1.61841 0.323824 0.944497 -0.222223 19.5505 -0.720994 -0.881005 -1.52267 0.246106 1.86902 3.14214 -0.809692 -0.88506 -0.53546 3.02029 -0.734176 4.09696 6.08671 0.936201 2.66148 1.52408 0.914467 2.22485 8.61696 -3.05786
internal_weight=104384 91021 49953 38100 1558 1418 36542 17102 19440 140 11853 11439 7289 4150 13363 2847 41068 39369 22970 1215 21755 2137 826 1699 867 10516 5625 4891 447 160
internal_count=104384 91021 49953 38100 1558 1418 36542 17102 19440 140 11853 11439 7289 4150 13363 2847 41068 39369 22970 1215 21755 2137 826 1699 867 10516 5625 4891 447 160
is_linear=0
shrinkage=0.05


Tree=81
num_leaves=31
num_cat=0
split_feature=0 3 7 8 7 11 5 6 8 11 6 11 10 5 11 7 11 10 7 8 0 1 7 0 3 6 6 8 8 8
split_gain=1.93332e+07 8.37372e+06 4.73295e+06 1.1183e+07 1.27558e+07 4.48947e+07 1.12542e+07 1.34476e+07 9.8381e+06 9.63725e+06 9.52118e+06 9.46442e+06 8.67018e+06 8.55677e+06 7.11276e+06 5.81185e+06 4.36608e+06 2.41615e+06 2.25057e+06 3.17435e+06 2.10016e+06 3.44675e+06 3.6311e+06 4.4823e+06 2.86573e+06 2.6679e+06 2.51917e+06 4.38291e+06 2.38524e+06 2.41287e+06
threshold=16.540073909257895 25250.000000000004 4.8506172839506183 272.00490196078437 6.5761363636363646 20.876902363572629 231.62500000000003 0.35992424242424254 287.84803921568636 28.553654166726833 1.1921568627450982 159.60375984000589 261.02343750000006 85.194444444444471 52.850771244946998 2.4520833333333338 34.663429674957491 283.19517543859655 6.2895833333333346 60.041666666666679 0.8504674470996485 14.079967187583927 6.0415441176470592 12.261389200851037 7250.0000000000009 0.060833333333333343 0.87976190476190497 287.03030303030306 40.458333333333343 5.0416666666666679
decision_type=2 2 2 2 2 2 2 2 2 2 2 2 2 2 2 2 2 2 2 2 2 2 2 2 2 2 2 2 2 2
left_child=1 20 8 6 9 -6 7 -4 12 -5 -8 16 14 -14 -3 -13 -10 -2 -19 -20 25 22 24 -24 -22 -1 -23 -28 29 -27
right_child=17 2 3 4 5 -7 10 -9 11 -11 -12 15 13 -15 -16 -17 -18 18 19 -21 21 26 23 -25 -26 28 27 -29 -30 -31
leaf_value=-6.5930989282373851 1.6384785128313486 3.4047186931484115 -3.4980703030992384 -5.706741087580002 27.776445301678514 2.236806887462782 -4.3481920626605524 0.7399068034241707 4.0540632497297748 0.90679270381169685 0.150258483231929 8.4356128887054407 -3.3163447993440673 0.83492491983528083 1.0352075103038778 -0.2756965367239354 -4.900595698971614 4.5485950945355214 -18.880844366891044 1.2168903435683642 -1.3434153752354154 -0.47537970690477432 1.197611924762968 -1.1961429428289525 1.0910448961733683 -1.6679918263833942 -1.097575715434389 -5.0109176913778795 -1.4257726194353402 1.0748304470308423
leaf_weight=225 9667 4100 2361 628 192 1589 3678 9019 147 4432 1729 204 1990 3296 13915 2899 1730 1391 20 304 6621 3120 7045 2706 1478 1277 2022 1107 13341 2151
leaf_count=225 9667 4100 2361 628 192 1589 3678 9019 147 4432 1729 204 1990 3296 13915 2899 1730 1391 20 304 6621 3120 7045 2706 1478 1277 2022 1107 13341 2151
internal_value=0.000624054 -0.237433 0.184696 -0.33763 1.36622 5.00414 -1.03202 -0.139573 0.621083 0.0850162 -2.90996 -1.39593 1.05221 -0.728218 1.57464 0.299541 -4.19751 1.94563 3.675 -0.0779729 -0.770661 -0.470464 -0.116633 0.533266 -0.899066 -1.19631 -1.48099 -2.48323 -1.12351 0.0528832
internal_weight=104384 93002 51909 23628 6841 1781 16787 11380 28281 5060 5407 4980 23301 5286 18015 3103 1877 11382 1715 324 41093 24099 17850 9751 8099 16994 6249 3129 16769 3428
internal_count=104384 93002 51909 23628 6841 1781 16787 11380 28281 5060 5407 4980 23301 5286 18015 3103 1877 11382 1715 324 41093 24099 17850 9751 8099 16994 6249 3129 16769 3428
is_linear=0
shrinkage=0.05


Tree=82
num_leaves=31
num_cat=0
split_feature=0 3 8 5 11 5 7 8 5 8 7 7 4 5 7 8 7 4 8 5 5 8 7 8 5 8 4 4 5 11
split_gain=1.75307e+07 6.9833e+06 4.29677e+06 8.22102e+06 7.59219e+06 6.51358e+06 6.1805e+06 1.21039e+07 8.23917e+06 6.15188e+06 5.09191e+06 7.25182e+06 4.13679e+06 3.0247e+06 3.02395e+06 2.07513e+06 4.31726e+06 2.25341e+06 4.96527e+06 2.93346e+06 4.13039e+06 8.79264e+06 4.53662e+06 2.53645e+06 2.94917e+06 2.41724e+06 2.29155e+06 1.96134e+06 2.29003e+06 5.28414e+06
threshold=16.219962576889042 25250.000000000004 292.01715686274514 316.04166666666674 60.679466652429532 302.67156862745105 4.8506172839506183 273.98529411764713 273.54166666666669 275.04166666666669 2.4520833333333338 3.5496212121212127 4.041875000000001 209.29166666666671 5.2016666666666671 43.041666666666671 5.3520833333333346 6.0779166666666677 263.04166666666669 67.02500000000002 59.861111111111121 122.33854166666669 4.3002840909090922 249.04166666666671 257.25378787878793 344.04166666666669 7.2204166666666678 2.757083333333334 262.86363636363643 57.66614639130723
decision_type=2 2 2 2 2 2 2 2 2 2 2 2 2 2 2 2 2 2 2 2 2 2 2 2 2 2 2 2 2 2
left_child=1 27 3 6 5 13 8 -8 -3 12 -6 -12 -5 -4 -11 16 -2 19 23 20 22 -22 -17 24 -19 -20 -27 -1 -29 -30
right_child=15 2 4 9 10 -7 7 -9 -10 14 11 -13 -14 -15 -16 17 -18 18 25 -21 21 -23 -24 -25 -26 26 -28 28 29 -31
leaf_value=-1.2311241472007186 2.0970148819583567 0.76886176354870417 -2.4895086880668149 -2.8324106815107508 8.6567871112134096 1.2832086535427305 -0.69555491108524281 2.9982856770611188 4.1065748599235921 -2.3864466850051902 -3.3276112641917481 0.83056712068096972 -9.0317670387220925 -6.9082168623514129 5.4065630161347773 6.2650305361278731 -4.7044748117741308 4.3191459623500785 1.0188672496812508 1.9124071906559579 2.7376275943622885 -13.054450645725439 -0.57126674437650826 9.1015990082296252 -2.9187403180123934 1.630097182867202 -13.567175291653337 -0.19533316474362394 0.26730637067663116 -2.276860273562622
leaf_weight=13258 606 19754 665 1378 165 539 15536 2586 2039 211 1407 4106 334 932 301 304 378 1798 1046 7191 175 176 1187 250 152 43 57 19479 3573 4758
leaf_count=13258 606 19754 665 1378 165 539 15536 2586 2039 211 1407 4106 334 932 301 304 378 1798 1046 7191 175 176 1187 250 152 43 57 19479 3573 4758
internal_value=0.000593144 -0.247688 0.149413 0.349106 -0.92739 -3.46769 0.51398 -0.168309 1.08132 -2.60885 0.0286827 -0.231072 -4.04643 -5.07095 2.19659 1.69163 -0.517871 1.86729 2.9757 1.45643 -0.323734 -5.19548 0.825847 4.36532 3.75375 0.306523 -7.08086 -0.730692 -0.492083 -1.18582
internal_weight=104384 91021 49953 42139 7814 2136 39915 18122 21793 2224 5678 5513 1712 1597 512 13363 984 12379 3346 9033 1842 351 1491 2200 1950 1146 100 41068 27810 8331
internal_count=104384 91021 49953 42139 7814 2136 39915 18122 21793 2224 5678 5513 1712 1597 512 13363 984 12379 3346 9033 1842 351 1491 2200 1950 1146 100 41068 27810 8331
is_linear=0
shrinkage=0.05


Tree=83
num_leaves=31
num_cat=0
split_feature=1 3 1 8 11 6 10 8 8 11 8 1 8 6 5 8 8 8 6 6 1 1 8 10 6 1 1 5 8 6
split_gain=1.55441e+07 6.79813e+06 4.33661e+06 4.61699e+06 9.02237e+06 2.50302e+07 7.04551e+06 7.95184e+06 6.12477e+06 4.58092e+06 9.1255e+06 7.05062e+06 6.52352e+06 4.44236e+06 3.31629e+06 2.23982e+06 2.10842e+06 2.22767e+06 4.32539e+06 3.56509e+06 2.4902e+06 3.61761e+06 2.14878e+06 2.10126e+06 2.0134e+06 1.91191e+06 6.2129e+06 3.9442e+06 3.68932e+06 6.6157e+06
threshold=16.039962506454472 25250.000000000004 1.0000000180025095e-35 80.004629629629633 20.876902363572629 0.43993827160493837 195.01562500000003 43.041666666666671 153.04166666666671 175.85592669041588 33.041666666666679 10.359971439942887 293.92708333333343 0.2488333333333333 95.414215686274517 284.00980392156868 54.041666666666679 261.12500000000006 1.1005882352941179 0.86058823529411776 18.59995679335022 17.089960260223396 230.75833333333335 288.03947368421058 1.1603921568627453 0.79999816532109491 12.599970727989197 261.68137254901967 298.00980392156868 1.2801388888888889
decision_type=2 2 2 2 2 2 2 2 2 2 2 2 2 2 2 2 2 2 2 2 2 2 2 2 2 2 2 2 2 2
left_child=1 25 3 6 5 -5 13 -8 -6 10 23 15 -12 -3 -13 -11 24 18 -18 20 21 -19 -20 -4 -2 -1 27 -27 -28 -30
right_child=16 2 9 4 8 -7 7 -9 -10 11 12 14 -14 -15 -16 -17 17 19 22 -21 -22 -23 -24 -25 -26 26 28 -29 29 -31
leaf_value=-0.97309121543709054 0.66154628529767856 -4.0619375840086027 -9.0202778094271086 -3.8679437830305687 1.0407157321045639 10.191385025401242 7.6659842230259692 -8.4592573625109271 -0.86148433697275939 -5.4276748875052157 2.2216842422332745 -0.96763875901048013 -1.5821022410499519 2.3388215389975797 0.72266390894136578 2.6143903907621748 1.8033212621142884 2.7368684402412384 3.661053664965177 -1.1585946146597805 4.6310146361780031 -3.5784481105244526 7.9397779438424099 7.5581498041607098 -5.1139675046248767 1.9857890546238661 -0.49356766500960997 -0.45471640926381118 -1.1338739809247118 -6.7612845439758988
leaf_weight=24575 691 452 242 568 5757 713 86 641 15964 709 8363 3764 1302 674 12656 98 5913 724 1103 1313 687 329 401 20 192 3706 7139 2991 1890 721
leaf_count=24575 691 452 242 568 5757 713 86 641 15964 709 8363 3764 1302 674 12656 98 5913 724 1103 1313 687 329 401 20 192 3706 7139 2991 1890 721
internal_value=0.000557362 -0.212595 0.166999 -0.310212 -0.11674 3.95927 -2.71049 -6.54382 -0.357295 0.603802 1.45925 0.110795 1.70915 -0.231897 0.335156 -4.44903 1.74708 1.94495 2.41284 0.80782 2.29149 0.762179 4.80638 -7.7308 -0.598643 -0.693849 -0.276573 0.89591 -1.08193 -2.68982
internal_weight=104384 93031 52009 24855 23002 1281 1853 727 21721 27154 9927 17227 9665 1126 16420 807 11353 10470 7417 3053 1740 1053 1504 262 883 41022 16447 6697 9750 2611
internal_count=104384 93031 52009 24855 23002 1281 1853 727 21721 27154 9927 17227 9665 1126 16420 807 11353 10470 7417 3053 1740 1053 1504 262 883 41022 16447 6697 9750 2611
is_linear=0
shrinkage=0.05


Tree=84
num_leaves=31
num_cat=1
split_feature=0 7 7 0 11 6 7 8 10 6 10 11 6 6 6 10 5 5 8 1 6 8 8 5 6 7 11 5 7 12
split_gain=1.44787e+07 4.40026e+06 7.20409e+06 4.71531e+06 4.57786e+06 6.72092e+06 6.34339e+06 4.34341e+06 6.11989e+06 1.00917e+07 9.64192e+06 1.6788e+07 6.32397e+06 6.11494e+06 5.37784e+06 7.99685e+06 4.27281e+06 4.16364e+06 5.52968e+06 3.97965e+06 3.90557e+06 6.89642e+06 3.85693e+06 4.90598e+06 3.79635e+06 3.58206e+06 3.40442e+06 4.92566e+06 4.85788e+06 4.38179e+06
threshold=15.019983925529987 4.3270833333333343 3.152083333333334 17.019960953750616 278.99955054364256 0.92029411764705893 5.8758578431372559 290.97303921568636 224.98302469135805 0.12022727272727275 219.01234567901238 36.972016444086492 0.48022222222222227 0.020833333333333339 0.080833333333333354 254.00781250000003 298.54166666666669 90.291666666666686 244.70833333333334 13.963295117490748 0.18768939393939396 294.36274509803928 157.04166666666671 215.04166666666671 2.6408333333333336 1.9687500000000002 71.907647277601754 302.67156862745105 2.4520833333333338 0
decision_type=2 2 2 2 2 2 2 2 2 2 2 2 2 2 2 2 2 2 2 2 2 2 2 2 2 2 2 2 2 1
left_child=7 2 20 4 16 -6 -7 8 9 13 12 -12 -11 -1 15 -10 -3 -16 -19 -4 -2 -22 -21 -24 26 -15 27 29 -28 -9
right_child=1 3 19 -5 5 6 -8 24 14 10 11 -13 -14 25 17 -17 -18 18 -20 22 21 -23 23 -25 -26 -27 28 -29 -30 -31
leaf_value=-5.3930464358310752 2.7836146844188705 -0.41827633147316928 13.680371730131263 1.7059612176178867 -1.8277629327383467 6.4226023141085467 0.5921223449678209 -4.5835058457461004 -10.529099335429089 -0.89321735085473097 15.760060292284443 -0.87903098494779897 0.42340700251828622 -4.7995799761943454 -1.4325932858129704 0.45757033558735938 -4.4566728636099144 0.69871012297747837 -1.5260135712991092 4.1706635341411413 -1.4946686013750261 -14.860572953349667 -0.74290241891087305 3.3462704738334477 -7.208784514104039 4.408685462649836 7.473074280302324 0.15161667894016495 -0.39009273274880479 -1.5645687270280157
leaf_weight=187 362 4355 84 6223 1010 850 1033 1670 341 14169 264 354 25591 110 9429 321 770 8381 4188 2627 631 113 1313 1660 241 2257 200 2735 8626 4289
leaf_count=187 362 4355 84 6223 1010 850 1033 1670 341 14169 264 354 25591 110 9429 321 770 8381 4188 2627 631 113 1313 1660 241 2257 200 2735 8626 4289
internal_value=0.000531335 1.17282 2.22015 0.673347 -0.128206 1.46165 3.22606 -0.295263 -0.107441 0.243436 0.050603 6.2429 -0.0458 3.29086 -0.772201 -5.20906 -1.02577 -0.638449 -0.0426315 2.93849 -1.4709 -3.54193 2.77495 1.54068 -0.988852 3.97891 -0.902886 -1.60509 -0.211084 -2.41125
internal_weight=104384 21031 6790 14241 8018 2893 1883 83353 65592 42932 40378 618 39760 2554 22660 662 5125 21998 12569 5684 1106 744 5600 2973 17761 2367 17520 8694 8826 5959
internal_count=104384 21031 6790 14241 8018 2893 1883 83353 65592 42932 40378 618 39760 2554 22660 662 5125 21998 12569 5684 1106 744 5600 2973 17761 2367 17520 8694 8826 5959
cat_boundaries=0 1
cat_threshold=2
is_linear=0
shrinkage=0.05


Tree=85
num_leaves=31
num_cat=0
split_feature=0 7 7 0 2 1 1 7 6 0 1 6 5 6 7 9 2 7 6 5 10 6 7 6 6 9 5 5 9 9
split_gain=1.30675e+07 3.97796e+06 6.41358e+06 4.61314e+06 3.87154e+06 5.42845e+06 7.96257e+06 6.38278e+06 4.14562e+06 3.78711e+06 3.70307e+06 3.52651e+06 4.51723e+06 3.44441e+06 2.80451e+06 3.97444e+06 3.57857e+06 2.34193e+06 3.96829e+06 4.7072e+06 3.30528e+06 2.28976e+06 2.1611e+06 2.11359e+06 2.0592e+06 1.9244e+06 1.92142e+06 1.88746e+06 1.61412e+06 1.51123e+06
threshold=15.019983925529987 4.3511363636363649 3.152083333333334 17.019960953750616 7.3140944242477426 0.99999769051669152 3.7799912001055689 6.4837121212121227 2.7958333333333338 10.220005861970135 13.963295117490748 0.18768939393939396 283.70833333333343 0.24053030303030307 3.0753787878787886 0.062521929824561423 7.530397439002992 5.9794117647058833 1.1405882352941179 253.70075757575762 85.924019607843164 0.45993827160493833 2.3520833333333342 2.8375000000000008 3.2641666666666671 0.77541666666666687 353.54166666666669 288.25378787878793 0.012500000000000004 0.1050245098039216
decision_type=2 2 2 2 10 2 2 2 2 2 2 2 2 2 2 2 10 2 2 2 2 2 2 2 2 2 2 2 2 2
left_child=4 2 11 17 -1 8 -7 9 14 -8 -4 -2 22 -9 15 -6 -16 18 20 -20 -3 -5 -13 29 26 28 -23 -25 -12 -19
right_child=1 3 10 21 5 6 7 13 -10 -11 25 12 -14 -15 16 -17 -18 23 19 -21 -22 24 -24 27 -26 -27 -28 -29 -30 -31
leaf_value=-0.95011752446415931 2.6448173703735609 2.2878055613798858 13.055538568330366 -1.410015336231909 2.4177572026373686 5.1980852458719475 -1.5003329252246327 -9.1109938795175136 -10.636663848414567 0.32469011321673052 -8.2109840282712661 12.656227528865521 -11.286576762289839 2.3243960495958813 0.05271875082442401 -2.9619224719945638 -0.8951748475661564 0.50085585345026284 6.0371840493850577 -0.51065611679318956 -1.1340219037947907 2.2104224146409615 -2.0835592368431395 -0.52597476778668362 -7.0982453178205809 11.295293946039109 -4.0629353065109255 8.7602973187466482 2.5679572825536638 -2.201703002595897
leaf_weight=17145 362 948 85 551 413 884 3682 66 98 12456 34 25 144 3955 26795 2015 15844 671 621 491 2752 5385 575 127 61 62 124 95 5666 2252
leaf_count=17145 362 948 85 551 413 884 3682 66 98 12456 34 25 144 3955 26795 2015 15844 671 621 491 2752 5385 575 127 61 62 124 95 5666 2252
internal_value=0.000504316 1.1142 2.09262 0.630861 -0.280506 -0.107094 0.556174 0.352371 -0.416125 -0.0917688 2.75301 -1.39797 -3.36594 2.13448 -0.393665 -2.04622 -0.299517 -0.162999 0.530448 3.14814 -0.256912 1.6627 -1.44936 -1.22384 1.96686 2.59879 2.06851 3.46932 2.50223 -1.58135
internal_weight=104384 21031 6953 14078 83353 66208 21043 20159 45165 16138 5847 1106 744 4021 45067 2428 42639 7957 4812 1112 3700 6121 600 3145 5570 5762 5509 222 5700 2923
internal_count=104384 21031 6953 14078 83353 66208 21043 20159 45165 16138 5847 1106 744 4021 45067 2428 42639 7957 4812 1112 3700 6121 600 3145 5570 5762 5509 222 5700 2923
is_linear=0
shrinkage=0.05


Tree=86
num_leaves=31
num_cat=0
split_feature=0 4 6 8 10 7 7 6 8 7 7 0 4 6 10 6 8 8 3 10 10 6 8 4 8 1 7 10 1 0
split_gain=1.17946e+07 3.97689e+06 4.70867e+06 4.59528e+06 6.0588e+06 7.05111e+06 1.25741e+07 6.75028e+06 5.62215e+06 3.59668e+06 5.87565e+06 3.822e+06 3.58881e+06 3.48959e+06 3.28e+06 3.18314e+06 5.79457e+06 3.13658e+06 3.08109e+06 3.04463e+06 3.00789e+06 2.74985e+06 3.11465e+06 2.70443e+06 2.70617e+06 2.68208e+06 2.50533e+06 2.12415e+06 2.06602e+06 3.06127e+06
threshold=15.019983925529987 1.6104166666666668 0.09416666666666669 290.97303921568636 261.86666666666673 4.9252314814814833 3.8490740740740743 0.35992424242424254 119.03030303030305 4.3270833333333343 3.152083333333334 17.019960953750616 4.3412500000000014 2.6408333333333336 224.98302469135805 0.18768939393939396 294.36274509803928 72.537878787878796 25250.000000000004 270.01562500000006 135.01190476190479 0.19962121212121217 173.04166666666671 2.0537500000000004 266.04166666666669 14.819952945907202 5.9502450980392165 55.541666666666679 0.73999829899484537 2.4516427825716445
decision_type=2 2 2 2 2 2 2 2 2 2 2 2 2 2 2 2 2 2 2 2 2 2 2 2 2 2 2 2 2 2
left_child=1 2 14 4 5 6 -3 -7 18 10 15 23 21 -5 20 -2 -17 -13 -6 -10 -1 -12 -23 24 26 -14 -11 -25 -4 -30
right_child=9 3 28 13 8 7 -8 -9 19 11 12 17 25 -15 -16 16 -18 -19 -20 -21 -22 22 -24 27 -26 -27 -28 -29 29 -31
leaf_value=1.6527009967838553 2.5129407873569116 -0.41026630514584678 -1.5570708461582745 -0.78887273595880247 -1.3399968903789636 -2.6392526815915569 2.3613437408308098 0.13452072162889145 -2.0057842755709654 -1.9940442724034346 4.2603011139128482 -1.8600271007433218 8.5477871610209295 -6.8442262016840223 -2.0353033811954861 -1.321166486117541 -13.572756447457431 1.9073932661319912 -4.0325637525740294 0.63859857352059379 8.7892086635080613 2.4382627140636171 -1.0803297245755585 2.5524601632070762 2.7794692334149955 3.4843940646700178 -7.9017331039424761 -0.067863577505449038 4.2574039785204345 -0.65306273631697209
leaf_weight=358 362 7088 10738 14197 3608 2432 9680 22273 1379 775 734 612 298 241 267 631 113 5611 1506 5152 251 1337 1186 889 217 2129 233 5904 345 3838
leaf_count=358 362 7088 10738 14197 3608 2432 9680 22273 1379 775 734 612 298 241 267 631 113 5611 1506 5152 251 1337 1186 889 217 2129 233 5904 345 3838
internal_value=0.000482807 -0.26649 -0.980674 -0.0994765 0.115521 0.398486 1.1898 -0.13863 -0.892187 1.05855 2.00543 0.606978 2.65416 -0.890416 2.58009 -1.32798 -3.19769 1.53665 -2.13355 0.0800231 4.60362 1.56887 0.784485 -0.114666 -2.27607 4.10937 -3.36609 0.275383 -1.18988 -0.247142
internal_weight=104384 83353 15797 67556 53118 41473 16768 24705 11645 21031 6790 14241 5684 14438 876 1106 744 6223 5114 6531 609 3257 2523 8018 1225 2427 1008 6793 14921 4183
internal_count=104384 83353 15797 67556 53118 41473 16768 24705 11645 21031 6790 14241 5684 14438 876 1106 744 6223 5114 6531 609 3257 2523 8018 1225 2427 1008 6793 14921 4183
is_linear=0
shrinkage=0.05


Tree=87
num_leaves=31
num_cat=1
split_feature=0 12 4 6 5 11 9 4 11 7 5 1 11 7 5 10 7 4 4 6 5 10 0 7 0 0 9 6 7 6
split_gain=1.06791e+07 4.99952e+06 4.30534e+06 6.44104e+06 4.76844e+06 4.46037e+06 3.80397e+07 8.30997e+07 1.55813e+07 1.07722e+07 7.29429e+06 6.93153e+06 3.8468e+06 3.15651e+06 2.45926e+06 1.89038e+06 1.85177e+06 2.07174e+06 1.84485e+06 3.31488e+06 2.1673e+06 1.95647e+06 3.18038e+06 1.93964e+06 3.54328e+06 1.84408e+06 1.7837e+06 1.76279e+06 1.66117e+06 1.60375e+06
threshold=16.540073909257895 0 1.6512500000000003 0.09416666666666669 183.54166666666671 41.953151611830769 0.23261363636363638 1.9501515151515154 76.622426155062485 7.2554924242424255 152.04166666666671 8.1199810039901745 163.48335287219297 5.4258928571428582 243.04166666666671 283.19517543859655 6.3187500000000014 6.4858333333333347 11.477083333333335 2.1616666666666675 337.04166666666674 108.01470588235296 8.9482511799928321 5.5336309523809533 12.261389200851037 10.645000149766956 0.29002923976608197 0.67055555555555568 9.5520833333333357 3.2641666666666671
decision_type=2 1 2 2 2 2 2 2 2 2 2 2 2 2 2 2 2 2 2 2 2 2 2 2 2 2 2 2 2 2
left_child=1 2 3 14 13 6 9 -8 11 -4 -10 -7 -6 -5 26 29 27 -18 19 23 -20 28 -23 25 -25 -3 -1 -17 -21 -2
right_child=15 18 5 4 12 8 7 -9 10 -11 -12 -13 -14 -15 -16 16 17 -19 20 21 -22 22 -24 24 -26 -27 -28 -29 -30 -31
leaf_value=1.0598992704431029 1.2259974207991164 -1.3089480797838613 0.31443398772494313 0.75228254650347171 -3.1229205700675031 -4.7088893672870737 63.911944309488938 5.568718858545477 -0.55390338353668012 11.354727734891993 1.0960364154265603 0.62984078710122104 -0.35229118148308514 -1.7823525805941145 8.990050533402643 1.9547065780015309 0.77788161351099039 -13.462324694905963 1.3829413170629161 -2.4345966082890116 -7.7274856885741743 -1.5607182431712256 -8.326894699531401 0.06364940240597465 -1.3068994268652607 0.31371320413353465 7.4678135527090266 5.509124804637664 2.1207152942315797 -6.8428888927736597
leaf_weight=638 9606 10915 7143 4044 3348 2226 74 329 10504 227 18487 836 2002 1763 158 690 290 27 1639 945 67 363 333 18119 6374 2085 130 708 253 61
leaf_count=638 9606 10915 7143 4044 3348 2226 74 329 10504 227 18487 836 2002 1763 158 690 290 27 1639 945 67 363 333 18119 6374 2085 130 708 253 61
internal_value=0.000456843 -0.176471 0.149704 -0.676961 -1.00962 0.40052 1.47495 16.4136 0.139928 0.655976 0.498233 -3.25156 -2.0864 -0.0174039 3.32793 1.44602 2.97558 -0.473511 -0.588491 -0.65822 1.02083 -2.69855 -4.80529 -0.555081 -0.293058 -1.04869 2.15288 3.75745 -1.47161 1.17438
internal_weight=104384 93002 51909 12083 11157 39826 7773 403 32053 7370 28991 3062 5350 5807 926 11382 1715 317 41093 39387 1706 1894 696 37493 24493 13000 768 1398 1198 9667
internal_count=104384 93002 51909 12083 11157 39826 7773 403 32053 7370 28991 3062 5350 5807 926 11382 1715 317 41093 39387 1706 1894 696 37493 24493 13000 768 1398 1198 9667
cat_boundaries=0 1
cat_threshold=2
is_linear=0
shrinkage=0.05


Tree=88
num_leaves=31
num_cat=0
split_feature=0 8 4 11 11 6 11 1 6 11 0 2 1 6 2 4 8 11 11 1 6 11 2 11 6 11 9 4 11 4
split_gain=9.70632e+06 3.40057e+06 5.3343e+06 4.62893e+06 8.92346e+06 8.77988e+06 7.33596e+06 3.30691e+06 3.2558e+06 4.64249e+06 3.55956e+06 2.96323e+06 4.99783e+06 3.02118e+06 2.89406e+06 2.90081e+06 3.33239e+06 2.79712e+06 2.7898e+06 2.7306e+06 2.69057e+06 2.6442e+06 2.27882e+06 2.25007e+06 2.35791e+06 2.1039e+06 1.99081e+06 1.84346e+06 1.82134e+06 1.81337e+06
threshold=15.019983925529987 290.97303921568636 10.933750000000002 17.963562687527723 41.953151611830769 0.22007575757575762 74.184791746501446 13.659968197303774 1.3558333333333337 70.311670125367542 0.544309263797634 7.4989146471023567 13.29996935408783 1.5808333333333338 7.4989146471023567 3.7587500000000005 50.375000000000007 72.667141910237405 172.48958797418496 11.209969343024381 0.1801515151515152 25.632744012084355 7.4653149604797369 278.83075392663449 2.7004166666666674 189.73420378078126 0.19336309523809528 6.4187500000000002 38.814310056685947 0.49791666666666662
decision_type=2 2 2 2 2 2 2 2 2 2 2 10 2 2 10 2 2 2 2 2 2 2 10 2 2 2 2 2 2 2
left_child=1 2 3 -1 5 -5 -6 -2 9 10 21 26 -13 -14 -9 20 25 -11 -18 22 -16 -3 -10 24 -21 -17 -4 -19 -22 -12
right_child=7 8 11 4 6 -7 -8 14 19 17 29 12 13 -15 15 16 18 27 -20 23 28 -23 -24 -25 -26 -27 -28 -29 -30 -31
leaf_value=-1.256307064792769 9.6471452795146817 0.58336299681870829 0.14889849308040123 -1.9996976486060316 -1.858436517279856 1.5098770661936158 -0.068095220491530967 -1.5767300074856623 3.7056677457218257 5.4895691606453596 13.416305129528045 20.519999235788983 -11.443313039030349 6.7282673068143559 2.4979085298375328 -7.6719898455231288 3.6242829149577744 0.62268309812530265 1.4740891028863645 -4.3398243508329593 7.2748843222996769 -3.1230717826797494 -1.6227595977470177 -0.70675813974618307 -12.278341591426305 -0.3173477433641691 3.9670868850353393 -1.5151523559844899 -0.086818318857577986 -0.37433887190983695
leaf_weight=8191 108 574 728 2056 6898 13336 33530 1103 220 261 23 59 27 125 1260 107 1845 5379 8274 893 84 2966 2184 392 104 977 642 1240 7273 3525
leaf_count=8191 108 574 728 2056 6898 13336 33530 1103 220 261 23 59 27 125 1260 107 1845 5379 8274 893 84 2966 2184 392 104 977 642 1240 7273 3525
internal_value=0.000463232 -0.241725 -0.0755345 -0.146418 0.0164666 1.04098 -0.37361 0.960304 -0.855434 -0.502587 -1.40057 2.79263 8.29504 3.44669 0.915005 1.05375 1.58422 0.422613 1.86645 -2.15434 0.363972 -2.52209 -1.13379 -3.91856 -5.17939 -1.04972 1.93974 0.222013 -0.00178667 -0.281184
internal_weight=104384 83353 65592 64011 55820 15392 40428 21031 17761 13968 7088 1581 211 152 20923 19820 11203 6880 10119 3793 8617 3540 2404 1389 997 1084 1370 6619 7357 3548
internal_count=104384 83353 65592 64011 55820 15392 40428 21031 17761 13968 7088 1581 211 152 20923 19820 11203 6880 10119 3793 8617 3540 2404 1389 997 1084 1370 6619 7357 3548
is_linear=0
shrinkage=0.05


Tree=89
num_leaves=31
num_cat=1
split_feature=1 1 12 7 0 11 0 11 7 11 8 6 8 6 4 11 11 11 7 8 11 4 11 11 10 4 6 11 11 11
split_gain=8.97325e+06 9.15257e+06 8.28718e+06 4.26545e+06 7.18093e+06 5.3643e+06 8.20161e+06 5.02557e+06 3.93326e+06 7.00715e+06 3.77898e+06 6.63477e+06 4.41394e+06 5.33931e+06 3.70291e+06 4.7167e+06 5.50054e+06 4.34295e+06 6.34003e+06 9.00545e+06 6.2502e+06 3.21055e+07 5.53275e+06 4.8389e+06 4.31126e+06 3.3959e+06 3.24151e+06 2.67788e+06 1.07638e+07 4.773e+06
threshold=0.99999769051669152 3.7799912001055689 0 6.4837121212121227 10.645000149766956 104.05408871323856 8.8257749581760265 21.749337827658128 2.9395833333333337 38.592034641495182 33.041666666666679 1.8608333333333336 298.00980392156868 1.2537500000000004 1.6104166666666668 163.48335287219297 163.34781497674814 19.020390382422935 4.8250771604938274 80.004629629629633 20.876902363572629 4.5704166666666675 18.762557873974824 246.27150400024991 326.00961538461542 9.9383333333333344 0.28854166666666675 153.11144539855789 171.16656316259125 172.48958797418496
decision_type=2 2 1 2 2 2 2 2 2 2 2 2 2 2 2 2 2 2 2 2 2 2 2 2 2 2 2 2 2 2
left_child=8 -2 10 4 -4 6 -5 -6 9 -1 11 -3 25 -14 15 16 24 18 19 -16 21 -19 -20 -22 -10 -12 -7 -11 -29 -30
right_child=1 2 3 5 7 26 -8 -9 14 27 12 -13 13 -15 17 -17 -18 20 22 -21 23 -23 -24 -25 -26 -27 -28 28 29 -31
leaf_value=3.1811084257627056 4.7035579644922292 -2.2701279862086952 -1.4975901470053619 -0.016921274036323066 13.236027059197426 -6.0465008930563933 6.5891431164273833 0.68636569663242331 -1.2807569367858462 -5.2720637892189206 -0.57577907666111994 -15.362082429305369 -0.88328236063059828 -5.6025033929249002 -1.549362397103438 1.2403614488017511 -11.609483284599641 1.2038905195926866 -2.1676228665710675 3.5436734381724238 0.18234109389580863 32.100407205599808 -8.8615216691584404 -1.9285008020032848 -7.4667797538668843 1.915118587380789 1.173324574107953 9.2088128040903836 -8.3949555666753088 0.68106776495247479
leaf_weight=448 1239 614 4175 773 79 159 1197 28663 8828 1161 5587 114 2040 848 4156 1696 135 978 1011 1096 27453 91 444 3012 290 1811 5507 180 355 244
leaf_count=448 1239 614 4175 773 79 159 1197 28663 8828 1161 5587 114 2040 848 4156 1696 135 978 1011 1096 27453 91 444 3012 290 1811 5507 180 355 244
internal_value=0.000454901 0.458612 0.356529 0.686859 0.439848 1.75146 3.99832 0.721319 -0.46861 -2.44988 -0.859677 -4.33851 -0.613062 -2.27044 -0.372379 -1.18307 -1.62735 -0.140239 -1.29551 -0.486062 0.10551 3.86154 -4.21498 -0.026409 -1.4783 0.0341582 0.969689 -3.7512 -1.48069 -4.7029
internal_weight=104384 52806 51567 40553 32917 7636 1970 28742 51578 2388 11014 728 10286 2888 49190 10949 9253 38241 6707 5252 31534 1069 1455 30465 9118 7398 5666 1940 779 599
internal_count=104384 52806 51567 40553 32917 7636 1970 28742 51578 2388 11014 728 10286 2888 49190 10949 9253 38241 6707 5252 31534 1069 1455 30465 9118 7398 5666 1940 779 599
cat_boundaries=0 1
cat_threshold=4
is_linear=0
shrinkage=0.05


Tree=90
num_leaves=31
num_cat=0
split_feature=0 2 1 2 1 8 8 6 6 8 6 8 0 2 2 1 1 8 2 5 8 10 7 8 8 5 5 8 1 8
split_gain=8.33373e+06 3.97986e+06 5.31299e+06 6.62373e+06 6.53811e+06 4.02834e+06 3.90041e+06 4.78892e+06 3.60732e+06 3.66099e+06 3.0868e+06 3.04096e+06 2.94446e+06 2.73733e+06 2.52112e+06 2.09137e+06 5.32488e+06 4.38077e+06 3.04156e+06 1.74499e+06 1.71484e+06 1.6908e+06 1.66552e+06 2.53069e+06 1.63028e+06 2.1078e+06 4.38904e+06 7.2979e+06 2.38472e+06 2.92186e+06
threshold=16.540073909257895 7.3310961961746228 0.99999769051669152 7.3940989494323732 3.7799912001055689 10.04166666666667 36.291666666666679 1.7408333333333337 2.7958333333333338 335.04166666666669 0.32007575757575768 58.166666666666686 6.1068796667851233 5.5858000000000017 7.7320325136184707 0.13999967864231086 11.019974511635423 298.00980392156868 7.2544859409332281 24.958333333333339 292.01715686274514 283.19517543859655 6.2895833333333346 60.041666666666679 70.023148148148167 70.041666666666671 59.861111111111121 124.02272727272729 19.509954821899417 261.12500000000006
decision_type=2 10 2 10 2 2 2 2 2 2 2 2 2 8 10 2 2 2 10 2 2 2 2 2 2 2 2 2 2 2
left_child=1 6 8 11 -5 -6 7 13 9 10 -3 19 -9 -1 -11 20 18 -18 -17 -4 -8 24 -23 -24 -2 26 -26 -28 29 -27
right_child=21 2 3 4 5 -7 15 12 -10 14 -12 -13 -14 -15 -16 16 17 -19 -20 -21 -22 22 23 -25 25 28 27 -29 -30 -31
leaf_value=-1.4164554795977766 -0.73048744343762939 -0.77608601844745406 17.705616506657133 4.685903114150495 4.2947136727527342 0.22274278078014614 -1.6321793736396288 5.6476065539746063 -9.8691720781422632 -2.4672542431809754 0.12308757092762013 2.1950523951524743 -14.779490752563479 -8.0129034304455988 2.5924370001732782 2.3449441855682767 0.095151898167179963 -2.2172507003677469 14.699315684025104 7.8161097197899458 1.2273572792907899 3.475501699633575 -17.290975385393416 0.65419438854495038 1.0504528075825406 2.8836759925912645 2.2336895385924835 -12.050874711008783 -0.39912939937542313 0.52288193237362735
leaf_weight=1124 1168 14734 70 880 620 27695 5394 20 98 2708 27096 166 124 182 270 1218 6938 2905 51 129 580 1391 20 304 1193 3734 170 187 1195 2020
leaf_count=1124 1168 14734 70 880 620 27695 5394 20 98 2708 27096 166 124 182 270 1218 6938 2905 51 129 580 1391 20 304 1193 3734 170 187 1195 2020
internal_value=0.000431595 -0.155865 0.00732614 0.527864 0.444047 0.312053 -0.811428 -3.30029 -0.335329 -0.314257 -0.193644 7.2125 -11.923 -2.34115 -2.0078 -0.60003 -0.194385 -0.587471 2.85264 11.366 -1.35439 1.27743 2.72396 -0.503311 1.02054 1.26124 -0.405772 -5.26145 1.63308 2.05513
internal_weight=104384 93002 74466 29560 29195 28315 18536 1450 44906 44808 41830 365 144 1306 2978 17086 11112 9843 1269 199 5974 11382 1715 324 9667 8499 1550 357 6949 5754
internal_count=104384 93002 74466 29560 29195 28315 18536 1450 44906 44808 41830 365 144 1306 2978 17086 11112 9843 1269 199 5974 11382 1715 324 9667 8499 1550 357 6949 5754
is_linear=0
shrinkage=0.05


Tree=91
num_leaves=31
num_cat=0
split_feature=0 2 0 2 11 7 6 8 8 6 7 11 0 2 11 9 11 9 0 8 6 11 2 2 6 6 5 0 0 0
split_gain=7.52011e+06 3.59998e+06 4.33343e+06 6.59606e+06 4.88608e+06 4.1906e+06 7.45911e+06 3.5901e+06 3.52049e+06 4.31601e+06 3.18739e+06 5.29082e+06 2.66276e+06 2.5743e+06 2.49343e+06 2.16675e+06 1.56433e+06 1.52035e+06 1.50111e+06 3.34291e+06 4.79564e+06 2.50499e+06 1.57501e+06 1.4958e+06 1.44097e+06 1.33342e+06 4.51567e+06 1.87118e+06 2.61668e+06 2.49228e+06
threshold=16.540073909257895 7.3140944242477426 10.220005861970135 7.4373547077178968 275.50993669654093 5.0509259259259265 1.1405882352941179 153.04166666666671 36.291666666666679 1.7408333333333337 2.9395833333333337 53.530094638705926 6.1068796667851233 5.5858000000000017 121.31720883073699 0.35791666666666677 178.95663949190643 0.65041666666666675 0.69983697289668767 298.00980392156868 1.2537500000000004 92.717059551879103 2.7159958660602572 7.3691513538360605 3.2641666666666671 2.3608333333333338 334.04166666666669 18.742363650087714 17.119960333755497 19.719954595108039
decision_type=2 10 2 10 2 2 2 2 2 2 2 2 2 8 2 2 2 2 2 2 2 2 10 10 2 2 2 2 2 2
left_child=1 8 4 15 10 7 -7 -5 9 13 11 -3 -11 -1 -12 23 17 -2 21 22 -21 -10 -20 -4 25 27 -27 28 -18 -29
right_child=16 2 3 5 -6 6 -8 -9 18 12 14 -13 -14 -15 -16 -17 24 -19 19 20 -22 -23 -24 -25 -26 26 -28 29 -30 -31
leaf_value=-1.3456956550535892 2.1826648175715841 2.9841150036999284 15.780343698961984 2.2835614139714338 -2.6534283885669256 -1.4815810552382687 1.2898455628201668 0.4630730061637664 -2.0000922225857849 5.378672949245999 -0.28792019178157768 -3.2726781522473072 -14.046427930603029 -7.8194237461987512 0.51982926326076295 2.2383245024303111 1.0792375575918285 9.2599093109142938 -2.3060091142848136 -0.49551408842297828 -4.8453423689066861 1.0417234435647622 0.34164405772372314 6.8777685548635565 -6.6622209039618898 8.5878206160940778 -3.8705551045763809 2.9564921107587843 -1.5080887303893755 0.62185978073985859
leaf_weight=1124 2004 420 57 4027 2026 5791 4179 8267 3373 20 34588 1713 124 177 13199 245 2571 78 599 2271 878 846 8798 280 61 204 112 1894 1575 2883
leaf_count=1124 2004 420 57 4027 2026 5791 4179 8267 3373 20 34588 1713 124 177 13199 245 2571 78 599 2271 878 846 8798 280 61 204 112 1894 1575 2883
internal_value=0.00041139 -0.148059 0.00544146 0.579318 -0.246957 0.44182 -0.319904 1.05953 -0.778483 -3.14566 -0.149239 -2.03986 -11.33 -2.23177 -0.0648096 5.82942 1.21347 2.45213 -0.574276 -0.29986 -1.70948 -1.39004 0.172645 8.42579 0.935934 0.986816 4.1739 0.873493 0.0962253 1.54793
internal_weight=104384 93002 74792 22846 51946 22264 9970 12294 18210 1445 49920 2133 144 1301 47787 582 11382 2082 16765 12546 3149 4219 9397 337 9300 9239 316 8923 4146 4777
internal_count=104384 93002 74792 22846 51946 22264 9970 12294 18210 1445 49920 2133 144 1301 47787 582 11382 2082 16765 12546 3149 4219 9397 337 9300 9239 316 8923 4146 4777
is_linear=0
shrinkage=0.05


Tree=92
num_leaves=31
num_cat=1
split_feature=0 4 6 12 8 11 8 5 11 6 10 5 11 11 6 10 8 8 6 9 6 10 5 11 11 4 11 0 10 0
split_gain=6.78749e+06 3.59956e+06 5.06503e+06 3.89164e+06 5.35672e+06 5.54092e+06 5.26732e+06 1.6418e+07 1.04124e+07 3.87393e+06 2.78879e+06 2.53148e+06 2.46255e+06 4.94617e+06 3.33967e+06 2.88739e+06 2.2236e+06 2.10722e+06 2.01993e+06 1.83834e+06 1.62716e+06 2.73718e+06 2.21932e+06 1.86196e+06 3.65233e+06 2.27551e+06 1.56612e+06 1.5271e+06 1.50926e+06 1.46283e+06
threshold=16.540073909257895 1.6104166666666668 0.09416666666666669 0 71.0138888888889 269.85961589127294 153.04166666666671 273.54166666666669 20.876902363572629 0.13969696969696974 90.041666666666686 243.04166666666671 163.48335287219297 163.34781497674814 0.22007575757575762 316.8397435897437 63.041666666666679 270.02083333333343 0.83015151515151531 0.29002923976608197 1.5208333333333337 75.041666666666686 259.52083333333343 34.663429674957491 36.986709699773236 15.823750000000002 172.48958797418496 15.419964292716982 283.19517543859655 6.1068796667851233
decision_type=2 2 2 1 2 2 2 2 2 2 2 2 2 2 2 2 2 2 2 2 2 2 2 2 2 2 2 2 2 2
left_child=1 2 11 4 5 10 7 -6 -8 -7 -3 19 13 15 16 -4 -14 -15 -16 27 23 29 -23 25 -25 -5 -13 -1 -2 -22
right_child=28 3 12 20 6 9 8 -9 -10 -11 -12 26 14 17 18 -17 -18 -19 -20 -21 21 22 -24 24 -26 -27 -28 -29 -30 -31
leaf_value=-0.11744486422499444 0.9101592779202442 -0.94502064000080377 -1.1061001165938125 -0.73436785057396325 0.99194658587411877 9.938893360137941 7.8620824762632555 9.6242926849916444 0.02756461138833487 -0.0092974901766412783 -4.9072829403233058 13.046236986509342 9.4011053430466429 -14.100815027025014 1.765916547358092 -4.7748395026262225 -2.2711491216271908 0.16725362764086044 -1.0957023112566109 7.0585742744918951 -0.83859955455679625 -0.74413070591313302 -3.0174889799721978 2.5672002740089184 -0.084188158657695189 8.3728875029626959 2.906000022479466 9.5257698648626157 2.5195037954361426 1.2670478253380084
leaf_weight=613 9667 724 10607 11625 9433 104 430 584 26478 1439 1150 86 41 107 2130 564 1465 34 867 128 1965 2196 2101 1420 15111 68 69 43 1715 1420
leaf_count=613 9667 724 10607 11625 9433 104 430 584 26478 1439 1150 86 41 107 2130 564 1465 34 867 128 1965 2196 2101 1420 15111 68 69 43 1715 1420
internal_value=0.000396232 -0.140657 -0.804229 0.00515841 0.342152 -1.55156 0.517432 1.49613 0.153051 0.667222 -3.37783 2.76174 -1.01612 -1.40974 -0.0272102 -1.29174 -1.94735 -10.6833 0.93799 1.60201 -0.373468 -1.01859 -1.85612 -0.197849 0.143705 -0.680693 8.57979 0.528185 1.15285 0.0448267
internal_weight=104384 93002 16754 76248 40342 3417 36925 10017 26908 1543 1874 939 15815 11312 4503 11171 1506 141 2997 784 35906 7682 4297 28224 16531 11693 155 656 11382 3385
internal_count=104384 93002 16754 76248 40342 3417 36925 10017 26908 1543 1874 939 15815 11312 4503 11171 1506 141 2997 784 35906 7682 4297 28224 16531 11693 155 656 11382 3385
cat_boundaries=0 1
cat_threshold=2
is_linear=0
shrinkage=0.05


Tree=93
num_leaves=31
num_cat=1
split_feature=1 1 12 7 0 11 0 11 7 11 9 7 11 11 11 4 4 11 11 10 7 7 5 6 11 9 6 11 10 11
split_gain=6.29338e+06 7.76659e+06 6.01096e+06 3.78456e+06 5.89079e+06 4.68985e+06 6.84188e+06 4.40743e+06 3.26821e+06 5.90781e+06 3.98684e+06 3.22662e+06 3.10918e+06 6.11296e+06 9.84442e+06 6.84451e+06 5.81682e+06 5.49955e+06 8.77579e+06 8.48649e+06 2.61231e+06 2.46846e+06 2.49367e+06 3.42199e+06 2.22441e+06 1.9477e+06 3.30192e+06 1.83935e+06 1.45858e+06 1.41481e+06
threshold=0.99999769051669152 3.7799912001055689 0 6.4837121212121227 10.645000149766956 104.05408871323856 8.8257749581760265 21.749337827658128 2.9395833333333337 38.592034641495182 0.062521929824561423 8.7011904761904777 267.93661157518937 121.31720883073699 121.56743733502135 3.8670833333333339 9.4204166666666698 56.279287858403407 85.189214138531426 319.59935897435906 2.2020833333333338 7.8009259259259274 334.04166666666669 2.9541666666666671 227.46626986163585 0.22257812500000004 0.11348484848484851 95.555931740717114 77.547619047619051 95.847699199211903
decision_type=2 2 1 2 2 2 2 2 2 2 2 2 2 2 2 2 2 2 2 2 2 2 2 2 2 2 2 2 2 2
left_child=8 24 21 4 20 6 -5 -6 9 -1 29 -7 13 17 15 -15 -16 19 -19 -10 -4 -3 28 -24 27 26 -12 -2 -23 -11
right_child=1 2 3 5 7 11 -8 -9 12 10 25 -13 -14 14 16 -17 -18 18 -20 -21 -22 22 23 -25 -26 -27 -28 -29 -30 -31
leaf_value=2.9719310198428905 3.2514602491840723 -0.13780480743277085 -10.858668500449923 0.0076676070070235934 12.31342283779383 1.3757014368985274 6.0413711355601709 0.56092682461389687 0.041687898937868686 -1.9909575606258223 -0.39454281344074588 -1.8291292841701261 -2.0019634838307225 6.8889825009807897 0.4187691927693547 30.928188587535516 10.0570951040136 -3.5176336535312056 -0.43558809123464298 -4.800515319414604 -1.2500965911115902 -0.17508904179521262 -4.7023621461795626 -25.44155592138117 -3.4795246621342595 -8.4508472645693811 -5.6168486911000004 7.3428177698263726 -2.1110796745389591 4.1441719238565424
leaf_weight=448 699 6637 71 773 79 4725 1197 28663 24888 178 477 941 2557 302 10127 32 158 3538 6650 938 4104 1564 218 21 85 260 828 455 2574 197
leaf_count=448 699 6637 71 773 79 4725 1197 28663 24888 178 477 941 2557 302 10127 32 158 3538 6650 938 4104 1564 218 21 85 260 828 455 2574 197
internal_value=0.000401911 0.384093 0.290058 0.571387 0.338721 1.57418 3.67504 0.593657 -0.392424 -2.19844 -3.39334 0.843219 -0.304705 -0.2116 0.842597 9.2776 0.567799 -0.522452 -1.50613 -0.13436 -1.41606 -0.745742 -1.66733 -6.62307 4.29444 -4.50232 -3.70977 4.86957 -1.37957 1.23447
internal_weight=104384 52806 51567 40553 32917 7636 1970 28742 51578 2388 1940 5666 49190 46633 10619 334 10285 36014 10188 25826 4175 11014 4377 239 1239 1565 1305 1154 4138 375
internal_count=104384 52806 51567 40553 32917 7636 1970 28742 51578 2388 1940 5666 49190 46633 10619 334 10285 36014 10188 25826 4175 11014 4377 239 1239 1565 1305 1154 4138 375
cat_boundaries=0 1
cat_threshold=4
is_linear=0
shrinkage=0.05


Tree=94
num_leaves=31
num_cat=0
split_feature=3 4 6 8 5 11 8 4 11 10 11 7 6 5 11 11 7 6 7 8 8 7 8 4 8 4 8 4 6 8
split_gain=5.22806e+06 4.80134e+06 5.80292e+06 5.38504e+06 5.72066e+06 1.18692e+07 9.63527e+06 9.83999e+06 8.98323e+06 8.59269e+06 5.18909e+06 5.70307e+06 4.30816e+06 3.97685e+06 3.12556e+06 4.91812e+06 2.64988e+06 6.02048e+06 2.39025e+06 2.37732e+06 3.30359e+06 2.1174e+06 1.96328e+06 1.60285e+06 1.54114e+06 1.51839e+06 1.46015e+06 1.37789e+06 2.23849e+06 3.04715e+06
threshold=25250.000000000004 1.6512500000000003 0.09416666666666669 70.023148148148167 67.02500000000002 28.553654166726833 153.04166666666671 1.9704166666666671 20.876902363572629 12.79166666666667 172.00897615464345 5.7008578431372561 0.95992424242424257 183.54166666666671 121.59622677996582 112.62422041420211 5.4258928571428582 0.30688888888888893 3.3997159090909097 18.541666666666671 58.166666666666686 3.6825757575757581 134.23484848484853 8.5004166666666681 304.00245098039221 4.8166911764705889 113.85227272727273 11.477083333333335 2.1616666666666675 75.041666666666671
decision_type=2 2 2 2 2 2 2 2 2 2 2 2 2 2 2 2 2 2 2 2 2 2 2 2 2 2 2 2 2 2
left_child=27 2 21 10 5 26 7 -6 -8 -7 19 12 -12 16 15 -15 22 -18 -16 25 -21 24 -4 -13 -2 -3 -5 28 -1 -30
right_child=1 3 13 4 6 9 8 -9 -10 -11 11 23 -14 14 18 -17 17 -19 -20 20 -22 -23 -24 -25 -26 -27 -28 -29 29 -31
leaf_value=-0.41406999578757131 2.4017572598131252 -11.654935743690643 2.1650504879919157 -12.845008681529956 6.8149397349574192 10.467050701682739 7.6048422347399125 1.6796642081188669 0.30593382885934306 -0.5995009479719825 0.27061158632076499 -4.5118306385391751 5.8299114315381182 -1.9989828478462517 -4.8980921968561137 -7.3765147881920514 -6.1081556564672042 0.097758371786141579 -0.21161466038882126 -0.48808916872757768 -5.7015413059691946 6.3352660930795333 -0.062522333101848945 0.66638189490865041 -4.6633420882064298 -0.54927038645962389 -4.6710971226707683 0.94943439172859057 -6.8928280421618773 -1.3222525437280612
leaf_weight=37524 583 134 1502 209 1031 180 427 9727 28019 5675 1821 695 430 2340 301 519 522 1546 2747 662 561 335 2893 190 88 40 76 1713 289 1605
leaf_count=37524 583 134 1502 209 1031 180 427 9727 28019 5675 1821 695 430 2340 301 519 522 1546 2747 662 561 335 2893 190 88 40 76 1713 289 1605
internal_value=0.000386189 0.285728 -0.55544 0.511319 0.675589 -0.743423 0.897843 2.17239 0.415761 -0.257552 -1.13168 -0.00229329 1.3347 -0.852507 -1.79014 -2.97742 0.00460907 -1.47092 -0.675876 -3.66511 -2.88225 3.09458 0.699073 -3.40062 1.46962 -9.11967 -10.6893 -0.43842 -0.498756 -2.17544
internal_weight=104384 63253 13376 49877 45344 6140 39204 10758 28446 5855 4533 3136 2251 12370 5907 2859 6463 2068 3048 1397 1223 1006 4395 885 671 174 285 41131 39418 1894
internal_count=104384 63253 13376 49877 45344 6140 39204 10758 28446 5855 4533 3136 2251 12370 5907 2859 6463 2068 3048 1397 1223 1006 4395 885 671 174 285 41131 39418 1894
is_linear=0
shrinkage=0.05


Tree=95
num_leaves=31
num_cat=0
split_feature=0 7 7 6 8 7 9 6 11 11 11 7 8 8 5 6 11 9 5 7 8 8 5 6 6 0 7 1 0 8
split_gain=5.45302e+06 2.98423e+06 3.39178e+06 6.01222e+06 8.06484e+06 5.86032e+06 5.12603e+06 5.59596e+06 4.59616e+06 3.83583e+06 4.85837e+06 4.65286e+06 3.7396e+06 3.57539e+06 3.11246e+06 3.67559e+06 3.20027e+06 1.4825e+06 2.53727e+06 5.61934e+06 1.94883e+06 2.75023e+06 1.76592e+06 2.42624e+06 1.87942e+06 3.04696e+06 3.33293e+06 1.53797e+06 1.41065e+06 1.33471e+06
threshold=16.540073909257895 1.9687500000000002 4.8506172839506183 0.32007575757575768 182.04166666666669 3.8502314814814818 0.15837500000000004 0.12022727272727275 172.00503490767841 94.363046025397111 51.885076554379133 3.152083333333334 50.375000000000007 274.99264705882359 328.04166666666674 2.7658333333333336 43.515947665517395 0.21013020833333337 64.583333333333357 3.7755681818181825 271.01470588235298 86.0138888888889 307.04166666666669 0.53015151515151526 1.8608333333333336 17.999958659530645 6.9752450980392169 19.55995469728089 19.599954671737674 60.041666666666679
decision_type=2 2 2 2 2 2 2 2 2 2 2 2 2 2 2 2 2 2 2 2 2 2 2 2 2 2 2 2 2 2
left_child=1 -1 5 4 12 9 13 -8 -6 10 -3 -11 -4 -7 16 -16 -5 18 19 -2 21 -21 24 -24 -19 26 -26 29 -25 -20
right_child=17 2 3 14 8 6 7 -9 -10 11 -12 -13 -14 -15 15 -17 -18 22 27 20 -22 -23 23 28 25 -27 -28 -29 -30 -31
leaf_value=-4.3771996959021493 -18.627838910285465 -0.51671641774679355 2.0596636909839368 0.62026193283315245 -1.2930434125448915 2.1201372590301344 4.1379731640520756 -0.25387475144367799 3.915542918528661 -1.1583209228071953 -3.2833330052583296 1.208214741409716 -5.3259039772828736 -0.20576157766590575 -1.3926492430605379 -13.771811500455513 -0.33650411970649802 1.749178314515599 -1.4965234177994233 1.6557093553188122 3.430439523832471 -4.2940239937042497 7.0796372166644321 -3.5816180017870156 27.902867085774744 2.8994813561329136 3.9713352861404427 -1.3956387690474592 1.1976652656283537 1.5985129053507805
leaf_weight=410 46 7526 190 11925 2625 7928 781 10003 504 3277 2010 5668 1706 2087 3586 60 32716 4604 383 313 203 509 88 396 29 161 29 599 252 3770
leaf_count=410 46 7526 190 11925 2625 7928 781 10003 504 3277 2010 5668 1706 2087 3586 60 32716 4604 383 313 203 509 88 396 29 161 29 599 252 3770
internal_value=0.000352789 -0.126076 -0.107205 -0.366961 -2.01275 0.245344 0.821013 0.0645459 -0.453092 -0.402539 -1.10015 0.341201 -4.58509 1.63548 -0.195653 -1.60009 -0.0809139 1.03332 0.475648 -1.72178 -0.945653 -2.02923 1.61729 -0.663223 1.96537 6.4816 16.2073 0.971162 -1.72402 1.31279
internal_weight=104384 93002 92592 53312 5025 39280 20799 10784 3129 18481 9536 8945 1896 10015 48287 3646 44641 11382 5823 1071 1025 822 5559 736 4823 219 58 4752 648 4153
internal_count=104384 93002 92592 53312 5025 39280 20799 10784 3129 18481 9536 8945 1896 10015 48287 3646 44641 11382 5823 1071 1025 822 5559 736 4823 219 58 4752 648 4153
is_linear=0
shrinkage=0.05


Tree=96
num_leaves=31
num_cat=1
split_feature=1 1 12 2 11 5 4 1 11 4 8 6 8 8 11 11 11 11 10 11 11 11 8 4 4 11 6 11 6 11
split_gain=5.22493e+06 7.10129e+06 4.96835e+06 5.36471e+06 3.65075e+06 7.13436e+06 7.04309e+06 4.19944e+06 3.11783e+06 2.94509e+06 2.87097e+06 4.4415e+06 3.10907e+06 2.66595e+06 2.61815e+06 3.84829e+06 9.54414e+06 7.82388e+06 7.82182e+06 7.68415e+06 6.451e+06 6.58287e+06 6.12294e+06 6.0387e+06 5.60539e+06 5.30704e+06 3.45685e+06 2.01962e+06 2.00157e+06 1.63547e+06
threshold=0.99999769051669152 3.7799912001055689 0 5.5858000000000017 175.85592669041588 290.79166666666669 1.8926136363636366 11.708306160100303 17.963562687527723 7.2204166666666678 33.041666666666679 1.8608333333333336 287.84803921568636 82.171296296296319 275.50993669654093 121.31720883073699 121.56743733502135 53.530094638705926 319.59935897435906 33.920180761862021 79.705660969726708 73.493986445789304 201.01893939393941 3.8670833333333339 9.4204166666666698 37.746023660788687 2.2625000000000006 227.46626986163585 0.81007575757575767 95.555931740717114
decision_type=2 2 1 8 2 2 2 2 2 2 2 2 2 2 2 2 2 2 2 2 2 2 2 2 2 2 2 2 2 2
left_child=14 27 3 10 5 6 -4 13 -7 -9 11 -3 -12 -6 15 17 23 18 19 -1 21 -19 -22 -17 26 -20 -18 29 -26 -2
right_child=1 2 4 -5 7 8 -8 9 -10 -11 12 -13 -14 -15 -16 16 24 20 25 -21 22 -23 -24 -25 28 -27 -28 -29 -30 -31
leaf_value=-0.79730231398693618 3.1111573327977746 -1.9308195673494755 -0.39723435654179934 -14.285413280063208 3.1959501542455904 11.528047317886353 2.6788072530282157 0.12969035071632112 -1.058735198914224 1.4950183036136089 0.29217893032109515 -12.644105622830599 -1.5145705281977397 -2.1289934876075329 -2.5677834949650333 6.5353795337244236 -0.0088608624617880875 -1.6788998752846926 -7.1672885884241158 0.94725797594272765 -1.9811312316342757 -5.7824914776359631 0.97498413805255746 29.116051411484229 15.577366989786562 0.85676118763541087 6.3158818850381815 -3.318405720020623 4.2597413537945856 6.9693078520946345
leaf_weight=12445 699 613 2510 71 258 49 7192 19979 3091 4922 6439 114 3777 2552 1305 302 12003 2617 633 12806 4178 1560 3015 32 73 305 219 85 85 455
leaf_count=12445 699 613 2510 71 258 49 7192 19979 3091 4922 6439 114 3777 2552 1305 302 12003 2617 633 12806 4178 1560 3015 32 73 305 219 85 85 455
internal_value=0.000337176 0.349944 0.260027 -0.681668 0.515797 1.21264 1.88305 0.192827 -0.858708 0.399614 -0.592107 -3.62582 -0.375884 -1.63912 -0.357593 -0.30017 0.451691 -0.554686 -0.0791744 0.0874506 -1.64985 -3.2125 -0.742089 8.77927 0.22633 -4.56005 0.104976 4.08906 9.55389 4.63707
internal_weight=104384 52806 51567 11014 40553 12842 9702 27711 3140 24901 10943 727 10216 2810 51578 50273 12714 37559 26189 25251 11370 4177 7193 334 12380 938 12222 1239 158 1154
internal_count=104384 52806 51567 11014 40553 12842 9702 27711 3140 24901 10943 727 10216 2810 51578 50273 12714 37559 26189 25251 11370 4177 7193 334 12380 938 12222 1239 158 1154
cat_boundaries=0 1
cat_threshold=4
is_linear=0
shrinkage=0.05


Tree=97
num_leaves=31
num_cat=0
split_feature=1 1 2 2 8 8 3 6 6 7 11 9 4 4 8 8 11 11 6 11 11 7 0 4 4 8 8 8 4 11
split_gain=4.71478e+06 6.40992e+06 4.2435e+06 5.77768e+06 5.11446e+06 3.33606e+06 4.64549e+06 4.23418e+06 3.19128e+06 2.72476e+06 5.06936e+06 3.55455e+06 2.88661e+06 2.22436e+07 5.28046e+07 7.99615e+07 3.49676e+06 5.07033e+06 3.27374e+06 2.96115e+06 5.93156e+06 5.9077e+06 2.71989e+06 7.43229e+06 3.00787e+06 2.02456e+06 1.98661e+06 1.93679e+06 2.99284e+06 1.82385e+06
threshold=0.99999769051669152 3.7799912001055689 7.334843802452089 7.383930659294129 33.041666666666679 298.00980392156868 7250.0000000000009 1.2537500000000004 1.8803571428571433 2.9395833333333337 38.592034641495182 0.062521929824561423 1.9301515151515154 1.9501515151515154 131.70833333333334 103.04166666666667 163.48335287219297 163.34781497674814 0.09416666666666669 19.020390382422935 20.876902363572629 4.8250771604938274 13.739968146217349 4.5704166666666675 7.2204166666666678 58.166666666666686 270.02083333333343 252.04166666666671 2.3836274509803927 227.46626986163585
decision_type=2 2 10 10 2 2 2 2 2 2 2 2 2 2 2 2 2 2 2 2 2 2 2 2 2 2 2 2 2 2
left_child=9 29 4 25 8 6 -6 -7 -3 10 -1 -12 16 14 15 -14 17 18 -11 21 -21 -15 23 -5 -24 -4 -19 -13 -29 -2
right_child=1 2 3 22 5 7 -8 -9 -10 12 11 27 13 19 -16 -17 -18 26 -20 20 -22 -23 24 -25 -26 -27 -28 28 -30 -31
leaf_value=2.8006801333844269 4.4056561317127763 -3.0936968410489412 12.050228905810251 0.76489267551760043 7.9687084126597298 -0.53730340552581612 0.07093158080781603 -4.6866957422862319 -12.097437873097649 4.4390402690181165 1.2739047525026539 -6.3019687299829421 -1.5637881799925257 -0.25669494581787661 -3.0653582373746606 85.260683601667296 1.0046342606863978 -13.676656071087264 -1.1675564847170234 3.8305792110785113 -0.04975843630881583 -3.9928924699677211 0.48940197093449422 -1.6373288144826095 1.8696098477186258 2.0182829177228712 0.61997326374053952 2.0935784554112056 -4.358687647190397 -3.1544147722388423
leaf_weight=448 1154 775 143 8736 190 2230 7398 848 112 265 375 624 53 4441 171 52 2195 110 12371 1021 27092 1388 21104 5098 4855 78 31 241 700 85
leaf_count=448 1154 775 143 8736 190 2230 7398 848 112 265 375 624 53 4441 171 52 2195 110 12371 1021 27092 1388 21104 5098 4855 78 31 241 700 85
internal_value=0.000337909 0.332439 0.247011 0.490728 -0.597075 -0.293511 0.269713 -1.68163 -4.24293 -0.33967 -1.98871 -3.09559 -0.259576 -0.00621 14.1051 41.8336 -0.838597 -1.15531 -1.04963 -0.121369 0.0912976 -1.14689 0.445841 -0.12041 0.747599 8.53461 -10.5512 -4.14274 -2.70572 3.88488
internal_weight=104384 52806 51567 40014 11553 10666 7588 3078 887 51578 2388 1940 49190 34218 276 105 14972 12777 12636 33942 28113 5829 39793 13834 25959 221 141 1565 941 1239
internal_count=104384 52806 51567 40014 11553 10666 7588 3078 887 51578 2388 1940 49190 34218 276 105 14972 12777 12636 33942 28113 5829 39793 13834 25959 221 141 1565 941 1239
is_linear=0
shrinkage=0.05


Tree=98
num_leaves=31
num_cat=0
split_feature=1 4 6 7 7 10 10 5 9 11 11 11 8 11 1 11 7 8 1 5 5 8 7 6 10 7 2 10 10 8
split_gain=4.26949e+06 2.892e+06 3.89518e+06 2.95635e+06 6.70893e+06 1.3987e+07 6.75025e+06 4.8321e+06 4.23178e+06 3.30904e+06 6.75129e+06 4.64169e+06 3.22111e+06 2.60185e+06 3.74804e+06 2.40869e+06 2.27684e+06 2.21018e+06 2.17101e+06 1.82785e+06 1.74334e+06 2.75594e+06 2.74609e+06 3.15894e+06 2.38585e+06 1.79867e+06 1.77334e+06 1.60994e+06 1.50854e+06 1.43139e+06
threshold=16.039962506454472 1.6104166666666668 0.09416666666666669 3.7010416666666672 4.8506172839506183 261.02343750000006 216.67438271604942 83.430555555555571 0.10000000000000003 19.020390382422935 18.762557873974824 20.876902363572629 290.97303921568636 278.94763736680397 12.499970791847231 92.717059551879103 3.5003787878787884 86.0138888888889 13.599968220170341 241.7537878787879 183.54166666666671 304.00245098039221 6.2187500000000009 0.32007575757575768 326.00961538461542 3.2630681818181824 7.4791815996170055 230.67543859649126 155.29166666666671 43.041666666666671
decision_type=2 2 2 2 2 2 2 2 2 2 2 2 2 2 2 2 2 2 2 2 2 2 2 2 2 2 10 2 2 2
left_child=1 2 16 8 5 6 -5 -7 12 10 -6 -11 15 17 -15 -3 27 -10 -14 -18 22 24 23 -4 -22 -23 -24 28 -1 -2
right_child=29 3 20 4 9 7 -8 -9 13 11 -12 -13 18 14 -16 -17 19 -19 -20 -21 21 25 26 -25 -26 -27 -28 -29 -30 -31
leaf_value=0.1117698507015954 -1.3229466960472722 -2.5988348205060827 -0.72800201801020437 1.2173452268152789 -0.79119791223782099 -2.9616189310774583 3.977550027024932 0.16477216365961522 -1.5149526850599511 2.9677721894487341 -7.2341505144877916 -0.13926648900410277 -3.7355471782846266 8.6219053150065914 0.75779981245151184 0.73356916642167758 4.1335423113923104 0.19660579275516871 -11.654473292400965 14.439679883823676 -1.6318957471786903 -9.5713457565307607 0.83578296834514265 1.5863098902439199 -6.0264140265338995 1.2279969985699084 -2.7380684806852389 -3.5866732985916592 6.322830249193597 1.0564198771016906
leaf_weight=296 671 1212 4057 10939 3146 2357 2777 2597 2933 1238 466 40306 1013 190 734 980 287 5281 94 50 5939 39 440 2315 325 1072 1636 167 145 10682
leaf_count=296 671 1212 4057 10939 3146 2357 2777 2597 2933 1238 466 40306 1013 190 734 980 287 5281 94 50 5939 39 440 2315 325 1072 1636 167 145 10682
internal_value=0.000355174 -0.111356 -0.705862 0.0193665 0.156789 0.953992 1.77644 -1.32299 -0.685834 -0.172833 -1.62421 -0.0466082 -2.22054 -0.131592 2.38246 -1.10933 2.41085 -0.414655 -4.41789 5.70085 -0.892143 -1.45381 -0.401701 0.112923 -1.86083 0.840631 -1.98056 0.580899 2.16365 0.915687
internal_weight=104384 93031 16768 76263 63826 18670 13716 4954 12437 45156 3612 41544 3299 9138 924 2192 945 8214 1107 337 15823 7375 8448 6372 6264 1111 2076 608 441 11353
internal_count=104384 93031 16768 76263 63826 18670 13716 4954 12437 45156 3612 41544 3299 9138 924 2192 945 8214 1107 337 15823 7375 8448 6372 6264 1111 2076 608 441 11353
is_linear=0
shrinkage=0.05


Tree=99
num_leaves=31
num_cat=0
split_feature=0 4 7 7 4 0 7 11 11 1 5 8 11 1 11 11 11 7 8 5 11 8 2 8 8 8 7 7 7 5
split_gain=3.91172e+06 2.53438e+06 2.8049e+06 8.08216e+06 5.05004e+06 5.77677e+06 5.08503e+06 4.83356e+06 5.35086e+06 3.39701e+06 3.32685e+06 5.72005e+06 3.25213e+06 3.22312e+06 2.95532e+06 6.08507e+06 4.21952e+06 2.48907e+06 3.56432e+06 4.11891e+06 3.26173e+06 3.17763e+06 2.42939e+06 2.21434e+06 2.21063e+06 3.40593e+06 2.54262e+06 2.2901e+06 1.9638e+06 1.59286e+06
threshold=16.540073909257895 1.6104166666666668 3.8502314814814818 4.8506172839506183 3.3786728395061734 13.579968433769229 4.550154320987656 94.363046025397111 34.157793897804034 13.099969481803894 116.70833333333336 289.89583333333343 33.920180761862021 15.439964279945377 19.020390382422935 18.762557873974824 20.876902363572629 4.151041666666667 233.04166666666671 168.04166666666671 65.36560507059913 248.04166666666671 7.728088235855104 103.04166666666667 214.85416666666671 88.037037037037052 2.7520833333333337 3.1187500000000008 2.8312500000000003 120.79166666666669
decision_type=2 2 2 2 2 2 2 2 2 2 2 2 2 2 2 2 2 2 2 2 2 2 10 2 2 2 2 2 2 2
left_child=1 17 7 4 6 -6 -4 8 12 -10 13 -12 -3 -9 15 -5 -16 24 19 22 21 -20 -19 -21 25 28 -26 -28 -1 -27
right_child=-2 2 3 14 5 -7 -8 10 9 -11 11 -13 -14 -15 16 -17 -18 18 20 23 -22 -23 -24 -25 26 29 27 -29 -30 -31
leaf_value=-7.1916481610099936 0.87522210516148913 -0.53250251191901321 1.2391499772302446 -0.75891427426708069 -0.77094112231107437 2.0723564616762058 4.0410508091324058 -0.77276006524816032 -3.5782925752175192 0.64259191279121142 1.8475374161521398 -2.4657875624708598 7.0826010133767952 -8.1466678810489856 2.8136863819958222 -6.873217572347766 -0.14640156056793582 -0.51998751887341432 4.7631145480319637 -1.2452285689149913 1.0974410578848437 -1.7375068352233258 -14.59826154155116 -4.4392586241142702 2.5800533793951681 0.87125791761338522 -6.4024254812325472 -1.1397951273188947 -0.03595060202470704 4.1431099512553073
leaf_weight=100 11382 4238 6042 3166 5125 2741 2212 1867 2955 568 4100 945 144 160 1240 466 40279 2682 200 779 2533 2913 30 1795 402 651 235 1673 1892 869
leaf_count=100 11382 4238 6042 3166 5125 2741 2212 1867 2955 568 4100 945 144 160 1240 466 40279 2682 200 779 2533 2913 30 1795 402 651 235 1673 1892 869
internal_value=0.000333638 -0.106747 0.0156056 0.165541 1.12658 0.219976 1.99043 -0.597751 -1.44727 -2.89778 0.351898 1.03926 -0.280697 -1.35855 -0.17759 -1.54508 -0.0579303 -0.663548 -1.10827 -2.04121 -0.234599 -1.31847 -0.681046 -3.47347 0.171547 0.961614 -1.02952 -1.79099 -0.398603 2.74331
internal_weight=104384 93002 76248 61271 16120 7866 8254 14977 7905 3523 7072 5045 4382 2027 45151 3632 41519 16754 10932 5286 5646 3113 2712 2574 5822 3512 2310 1908 1992 1520
internal_count=104384 93002 76248 61271 16120 7866 8254 14977 7905 3523 7072 5045 4382 2027 45151 3632 41519 16754 10932 5286 5646 3113 2712 2574 5822 3512 2310 1908 1992 1520
is_linear=0
shrinkage=0.05


Tree=100
num_leaves=31
num_cat=0
split_feature=1 1 2 2 8 6 8 3 6 5 5 6 5 11 11 11 11 9 11 4 4 11 11 9 11 6 2 0 11 11
split_gain=3.5711e+06 5.92702e+06 3.46903e+06 5.37792e+06 4.62978e+06 3.31284e+06 3.04951e+06 4.2032e+06 3.85916e+06 2.90406e+06 5.29921e+06 4.81187e+06 2.48974e+06 2.41381e+06 3.25957e+06 8.60704e+06 6.79334e+06 6.336e+06 6.63252e+06 5.4865e+06 4.99945e+06 4.38514e+06 4.37321e+06 9.01278e+06 6.13297e+06 3.13026e+06 1.95937e+06 1.80043e+06 1.64049e+06 1.43777e+06
threshold=0.99999769051669152 3.7799912001055689 7.334843802452089 7.3940989494323732 36.291666666666679 1.8608333333333336 293.92708333333343 7250.0000000000009 1.2801388888888889 257.25378787878793 99.041666666666686 0.12022727272727275 24.958333333333339 275.50993669654093 121.31720883073699 121.56743733502135 53.530094638705926 0.22919270833333338 113.26472074577529 3.8670833333333339 9.4204166666666698 113.42715472994669 33.920180761862021 0.23261363636363638 26.695935969762441 2.2625000000000006 5.5858000000000017 0.14001774458882627 227.46626986163585 95.555931740717114
decision_type=2 2 10 10 2 2 2 2 2 2 2 2 2 2 2 2 2 2 2 2 2 2 2 2 2 2 10 2 2 2
left_child=13 28 4 12 5 26 7 -6 -8 10 -5 -11 -4 14 16 19 22 21 -19 -16 25 -18 24 -24 -1 -17 -3 -22 29 -2
right_child=1 2 3 9 6 -7 8 -9 -10 11 -12 -13 -14 -15 15 20 17 18 -20 -21 27 -23 23 -25 -26 -27 -28 -29 -30 -31
leaf_value=-0.33379418713773062 2.7688965780645614 -1.5708615226100282 13.743890488094756 -0.19825310741451502 7.7715147429285825 -11.710117209618835 -0.46742519483783085 0.1354363402050833 -4.2416203974980808 4.1949151057315586 1.2580893652800751 -0.42214119910822689 4.0946806780117733 -2.4177904001128212 6.2208865542262304 0.014540620242197084 -0.41414457766885227 -4.4433791350666212 2.2381288572453903 27.74426838614724 14.759208028638689 -4.2658309401879233 -0.18899882372912524 2.7131189180552031 -3.9938192888793753 6.0331046303619047 -7.6767824389294894 4.0256060784951195 -2.9708678921086844 6.3857113280212676
leaf_weight=11269 699 665 89 10347 184 118 2538 6962 923 589 15759 12964 266 1305 302 12003 7565 2553 434 32 73 818 9995 3652 1273 219 163 85 85 455
leaf_count=11269 699 665 89 10347 184 118 2538 6962 923 589 15759 12964 266 1305 302 12003 7565 2553 434 32 73 818 9995 3652 1273 219 163 85 85 455
internal_value=0.000303874 0.289332 0.207186 0.427543 -0.555996 -3.9057 -0.256907 0.333116 -1.47489 0.372615 0.680889 -0.221193 6.5456 -0.295606 -0.240471 0.451492 -0.474711 -1.4952 -3.47216 8.35969 0.237479 -0.790451 -0.0316228 0.587763 -0.705572 0.122869 -2.78069 9.04647 3.70534 4.19924
internal_weight=104384 52806 51567 40014 11553 946 10607 7146 3461 39659 26106 13553 355 51578 50273 12714 37559 11370 2987 334 12380 8383 26189 13647 12542 12222 828 158 1239 1154
internal_count=104384 52806 51567 40014 11553 946 10607 7146 3461 39659 26106 13553 355 51578 50273 12714 37559 11370 2987 334 12380 8383 26189 13647 12542 12222 828 158 1239 1154
is_linear=0
shrinkage=0.05


Tree=101
num_leaves=31
num_cat=0
split_feature=0 10 8 3 5 0 5 8 1 7 1 0 8 8 5 9 0 9 9 1 1 3 5 0 8 4 7 9 5 7
split_gain=3.36587e+06 2.70553e+06 4.16727e+06 3.33145e+06 5.96042e+06 3.07116e+06 2.74838e+06 8.67128e+06 6.71656e+06 6.60003e+06 5.7936e+06 3.14393e+06 2.44626e+06 7.63787e+06 2.00624e+07 9.51416e+07 6.68775e+06 2.86082e+06 5.04247e+06 3.84249e+06 2.30677e+06 2.37073e+06 3.30594e+06 2.4303e+06 2.07851e+06 1.70122e+06 1.47661e+06 1.29909e+06 2.23468e+06 5.09472e+06
threshold=16.540073909257895 142.54166666666671 305.04166666666669 25250.000000000004 309.54166666666669 15.239964407661441 243.04166666666671 253.04166666666671 0.019999953988310573 5.9794117647058833 0.079999815953242293 15.879962886695862 86.0138888888889 127.70833333333336 273.54166666666669 0.23346354166666672 0.26004182463998643 0.36541666666666678 0.23677083333333337 14.559959909138673 16.359962302108766 7250.0000000000009 78.041666666666671 8.719979832981112 10.04166666666667 1.3004166666666668 9.0895833333333353 0.21013020833333337 64.583333333333357 3.7493055555555563
decision_type=2 2 2 2 2 2 2 2 2 2 2 2 2 2 2 2 2 2 2 2 2 2 2 2 2 2 2 2 2 2
left_child=1 2 6 26 25 -6 9 24 -9 10 -1 -11 20 14 16 -16 -14 18 -15 -19 21 23 -23 -3 -8 -5 -4 28 29 -2
right_child=27 12 3 4 5 -7 7 8 -10 11 -12 -13 13 17 15 -17 -18 19 -20 -21 -22 22 -24 -25 -26 -27 -28 -29 -30 -31
leaf_value=0.46043933287174454 -18.842842327299575 -0.66941621751079816 0.11502797145869566 0.049718168945128219 -0.17189484031841262 8.6857714516397504 1.9233422630849022 3.0727158583382117 -0.039679799906894214 -0.22762616737461722 2.391295372162181 -7.8270803466201704 3.2767196871953175 -0.2277946810890939 -2.461527612748684 56.639626533446773 -0.96692491363352051 1.63429270132411 -1.9283936042534706 -5.0310838153099615 13.933851952552795 -3.5370231030802013 -0.84177539640074928 3.0921651741901686 -2.0359268323598521 -4.8241462865064157 -2.3731871741500639 1.3585121246102809 0.75491976937667515 -1.0752005294995848
leaf_weight=8843 41 7928 4196 206 438 125 354 2321 6838 9879 6929 137 1598 19807 254 92 2213 2583 5588 235 25 1822 3029 453 5049 1366 694 5559 4752 1030
leaf_count=8843 41 7928 4196 206 438 125 354 2321 6838 9879 6929 137 1598 19807 254 92 2213 2583 5588 235 25 1822 3029 453 5049 1366 694 5559 4752 1030
internal_value=0.000316836 -0.0990124 0.165645 -0.95815 -2.60551 1.80663 0.361318 -0.187816 0.749287 0.671399 1.30881 -0.332344 -0.373806 -0.139501 1.86111 13.3712 0.81288 -0.434333 -0.602062 1.07686 -0.945863 -0.975027 -1.85461 -0.465754 -1.77621 -4.18583 -0.238517 0.811871 0.289868 -1.77233
internal_weight=104384 93002 47375 7025 2135 563 40350 14562 9159 25788 15772 10016 45627 32370 4157 346 3811 28213 25395 2818 13257 13232 4851 8381 5403 1572 4890 11382 5823 1071
internal_count=104384 93002 47375 7025 2135 563 40350 14562 9159 25788 15772 10016 45627 32370 4157 346 3811 28213 25395 2818 13257 13232 4851 8381 5403 1572 4890 11382 5823 1071
is_linear=0
shrinkage=0.05


Tree=102
num_leaves=31
num_cat=2
split_feature=4 4 5 5 8 0 6 10 10 8 6 12 5 12 0 11 11 10 5 8 7 5 7 10 7 0 8 6 8 2
split_gain=3.24997e+06 1.11316e+07 4.94542e+07 6.53451e+07 5.26958e+06 3.27823e+06 2.85548e+06 3.10655e+06 2.8039e+06 3.84663e+06 3.70578e+06 3.68942e+06 3.16027e+06 2.72603e+06 2.70244e+06 2.19697e+06 4.37978e+06 4.2235e+06 3.10979e+06 2.55311e+06 2.41648e+06 2.58421e+06 2.41051e+06 2.09584e+06 2.0452e+06 3.00465e+06 1.95864e+06 1.91543e+06 1.81525e+06 1.72977e+06
threshold=1.9301515151515154 1.9501515151515154 273.54166666666669 284.87500000000006 122.33854166666669 16.159962429824834 0.09416666666666669 222.00617283950621 138.70833333333337 304.00245098039221 2.9541666666666671 0 67.02500000000002 1 15.419964292716982 163.48335287219297 163.34781497674814 315.02884615384625 314.76715686274514 324.70833333333343 5.6267857142857149 12.458333333333336 3.3761363636363639 135.01190476190479 3.152083333333334 16.339962500259404 266.04166666666669 0.37340909090909097 270.02083333333343 7.7019032955169688
decision_type=2 2 2 2 2 2 2 2 2 2 2 1 2 1 2 2 2 2 2 2 2 2 2 2 2 2 2 2 2 10
left_child=6 2 -2 4 -4 8 7 23 9 13 12 -11 -10 -3 -9 16 17 29 -19 20 22 -22 -17 -1 25 -7 -25 -21 -18 -8
right_child=1 5 3 -5 -6 24 15 14 10 11 -12 -13 -14 -15 -16 19 28 18 -20 27 21 -23 -24 26 -26 -27 -28 -29 -30 -31
leaf_value=1.3489481675963284 -1.7585980441293856 0.9568485119904615 86.072086713636253 -0.1682852303414118 49.444815302762123 -14.78371627683225 -0.58427112914137591 -2.7650034055040127 -1.114326076371726 -3.0036585011048604 -7.9587026567459107 -0.13276471367768539 -0.0073143679685261287 0.014491995680197182 8.4588586638403722 -2.3243445549009034 -12.605770199868532 -2.3430878163375581 -8.9697959944180088 10.524950552314152 -12.866725992584229 -1.3519753351276542 0.8753058033190142 8.7594776035091595 1.0053787169615185 -1.0705728846464575 1.1078956595993044 2.1493202808046559 0.41405180679427256 -3.5197969276058276
leaf_weight=492 344 15690 36 62 21 45 14406 444 9096 1550 159 4019 22132 15021 60 684 112 599 251 80 49 1943 4184 258 11224 305 124 440 35 519
leaf_count=492 344 15690 36 62 21 45 14406 444 9096 1550 159 4019 22132 15021 60 684 112 599 251 80 49 1943 4184 258 11224 305 124 440 35 519
internal_value=0.00032221 0.155571 7.87744 35.5154 73.6631 0.110353 -0.501038 1.70979 -0.0226561 0.276707 -0.368686 -0.932207 -0.329787 0.49595 -1.41472 -0.631846 -0.962362 -0.881982 -4.30816 0.0812585 -0.174989 -1.64154 0.425339 3.51112 0.887924 -2.8708 6.28511 3.45562 -9.52393 -0.68658
internal_weight=104384 79704 463 119 57 79241 24680 1378 67667 36280 31387 5569 31228 30711 504 23302 15922 15775 850 7380 6860 1992 4868 874 11574 350 382 520 147 14925
internal_count=104384 79704 463 119 57 79241 24680 1378 67667 36280 31387 5569 31228 30711 504 23302 15922 15775 850 7380 6860 1992 4868 874 11574 350 382 520 147 14925
cat_boundaries=0 1 2
cat_threshold=2 2
is_linear=0
shrinkage=0.05


Tree=103
num_leaves=31
num_cat=0
split_feature=0 7 6 10 10 5 8 10 6 7 2 10 8 11 7 7 6 9 5 7 5 0 8 7 6 10 8 8 0 6
split_gain=2.71546e+06 2.24552e+06 2.53261e+06 7.5094e+06 8.67317e+06 7.67651e+06 5.90135e+06 3.24082e+06 3.08057e+06 6.31106e+06 4.43575e+06 3.37703e+06 2.69361e+06 4.07659e+06 3.09188e+06 1.90243e+06 1.40059e+06 1.38203e+06 2.01198e+06 4.61864e+06 1.83008e+06 1.39746e+06 1.31771e+06 1.89699e+06 1.8804e+06 1.31977e+06 1.30457e+06 2.64939e+06 1.92883e+06 1.30375e+06
threshold=16.540073909257895 1.9687500000000002 0.11348484848484851 217.51543209876544 243.03906250000003 236.79166666666671 211.02500000000003 170.01562500000003 0.2267592592592593 5.3008928571428582 5.5858000000000017 316.8397435897437 293.92708333333343 43.515947665517395 3.4503787878787886 3.9517045454545463 3.2641666666666671 0.21013020833333337 64.583333333333357 3.7755681818181825 62.275000000000006 20.339953272293094 72.537878787878796 5.5336309523809533 1.0135294117647062 193.54166666666671 254.04166666666671 238.3416666666667 19.35995519575501 0.040833333333333346
decision_type=2 2 2 2 2 2 2 2 2 2 10 2 2 2 2 2 2 2 2 2 2 2 2 2 2 2 2 2 2 2
left_child=1 -1 3 5 6 7 -5 -3 9 11 -11 -4 13 -10 -14 -7 17 18 19 -2 -21 -20 23 25 -25 -19 27 -24 -28 -6
right_child=16 2 8 4 29 15 -8 -9 12 10 -12 -13 14 -15 -16 -17 -18 22 21 20 -22 -23 26 24 -26 -27 28 -29 -30 -31
leaf_value=-3.7764885471569074 -17.05058512423901 -0.058923423426092282 -0.2395570748787165 -10.730355635052902 -1.6158411569130884 8.301377836418153 2.3495657315644727 4.638798125099771 0.73121569793630514 -0.90793154758932959 -6.6694121039173044 -3.9585048584280109 -3.0264775585766421 -0.1443119560178486 -0.39840018152660855 1.1909084514284556 -6.7658517557959401 -1.5324117005133369 0.82715311248458656 -0.41761778525319926 -8.4331630405822349 -4.1418144443932254 1.692357047777771 2.9703603854709204 -9.2363126540184037 3.7990253317201197 -1.2711399544114237 6.3434073880917872 2.3012772719404428 1.9695308126685678
leaf_weight=410 46 1464 10030 340 384 599 115 489 19529 605 746 649 1216 41646 13926 112 61 272 4606 949 76 145 3019 44 107 201 808 340 708 742
leaf_count=410 46 1464 10030 340 384 599 115 489 19529 605 746 649 1216 41646 13926 112 61 272 4606 949 76 145 3019 44 107 201 808 340 708 742
internal_value=0.000351015 -0.0888665 -0.0724969 1.12031 -1.60887 2.74 -7.42653 1.11908 -0.129823 -0.873435 -4.09191 -0.46592 -0.0125955 0.135192 -0.609638 7.18456 0.729289 0.770269 0.233299 -1.72339 -1.01959 0.67466 1.33863 -0.823673 -5.68323 0.736392 1.61552 2.16489 0.397659 0.746457
internal_weight=104384 93002 92592 4245 1581 2664 455 1953 88347 12030 1351 10679 76317 61175 15142 711 11382 11321 5822 1071 1025 4751 5499 624 151 473 4875 3359 1516 1126
internal_count=104384 93002 92592 4245 1581 2664 455 1953 88347 12030 1351 10679 76317 61175 15142 711 11382 11321 5822 1071 1025 4751 5499 624 151 473 4875 3359 1516 1126
is_linear=0
shrinkage=0.05


Tree=104
num_leaves=31
num_cat=1
split_feature=1 1 12 11 5 6 1 11 8 11 11 0 11 11 11 6 10 11 11 11 10 6 11 11 9 11 5 11 5 9
split_gain=2.83644e+06 4.55824e+06 3.20199e+06 3.54438e+06 5.74099e+06 5.50591e+06 3.21678e+06 2.92609e+06 2.30785e+06 2.07809e+06 4.68613e+06 3.09295e+06 4.49256e+06 2.92976e+06 7.75194e+06 8.74598e+06 6.66314e+06 5.57195e+06 5.14654e+06 3.58245e+06 1.99032e+06 3.31805e+06 1.90844e+06 1.90044e+06 1.97372e+06 2.67562e+06 1.87747e+06 1.8755e+06 1.85901e+06 1.6916e+06
threshold=0.79999816532109491 4.559989464361192 0 175.85592669041588 290.79166666666669 0.3467424242424243 11.708306160100303 18.763233794326226 82.171296296296319 246.27150400024991 171.83167905709141 0.039999890417299407 172.73573143991823 53.530094638705926 85.189214138531426 1.9470833333333337 327.67948717948724 73.493986445789304 33.920180761862021 37.746023660788687 97.517857142857153 2.4608333333333339 271.57484153562677 104.05408871323856 0.19008928571428577 87.141502936962553 223.20833333333337 172.73666716826514 95.414215686274517 0.34375000000000006
decision_type=2 2 1 2 2 2 2 2 2 2 2 2 2 2 2 2 2 2 2 2 2 2 2 2 2 2 2 2 2 2
left_child=9 22 20 4 5 -4 8 -6 -5 10 13 12 26 16 17 -16 18 -15 -1 -18 29 -22 23 24 -2 -26 -12 -25 -8 -3
right_child=1 2 3 6 7 -7 28 -9 -10 -11 11 -13 -14 14 15 -17 19 -19 -20 -21 21 -23 -24 27 25 -27 -28 -29 -30 -31
leaf_value=-0.64500131639211045 3.3571718189721595 -0.11887024063310975 -0.19020509529620588 3.00826039099175 10.851423269307839 2.4462426962847093 -0.50453129976234745 -0.9987798509950232 -1.9999593505582725 -1.4678907014209317 0.6858715436074837 1.9396044764592095 -3.2195733863812586 -1.2889296105475934 -0.5110642289408448 6.491052858567766 -8.2711099345950032 -5.0137752716486315 0.77472888771168424 0.35196528518666104 -0.98402417082192439 -6.9459303938511958 -4.6277371055534084 6.8980384045167176 0.89579772856864293 -10.25632021233217 6.2738264050929962 0.58211409612546994 0.49110863255322412 3.6364869547817502
leaf_weight=12455 687 5000 2798 252 52 6774 6263 3057 2544 3353 736 3953 841 2599 11466 463 371 1636 13092 178 5381 243 82 469 272 66 188 157 18638 318
leaf_count=12455 687 5000 2798 252 52 6774 6263 3057 2544 3353 736 3953 841 2599 11466 463 371 1636 13092 178 5381 243 82 469 272 66 188 157 18638 318
internal_value=0.000312724 0.256685 0.171491 0.377086 1.06937 1.67564 0.0600974 -0.797151 -1.54766 -0.26466 -0.180541 1.16271 -0.577367 -0.362314 -0.891265 -0.238769 -0.0346575 -2.7287 0.0825655 -5.47972 -0.587157 -1.24281 2.77801 3.14841 1.8198 -1.30565 1.82837 5.31748 0.240679 0.106329
internal_weight=104384 53053 51320 40378 12681 9572 27697 3109 2796 51331 47978 5718 1765 42260 16164 11929 26096 4235 25547 549 10942 5624 1733 1651 1025 338 924 626 24901 5318
internal_count=104384 53053 51320 40378 12681 9572 27697 3109 2796 51331 47978 5718 1765 42260 16164 11929 26096 4235 25547 549 10942 5624 1733 1651 1025 338 924 626 24901 5318
cat_boundaries=0 1
cat_threshold=4
is_linear=0
shrinkage=0.05


Tree=105
num_leaves=31
num_cat=0
split_feature=1 1 7 8 5 1 9 0 7 10 8 7 11 9 11 11 11 3 11 11 6 1 2 7 8 5 11 11 10 11
split_gain=2.55998e+06 4.11348e+06 3.29934e+06 5.85121e+06 4.99094e+06 3.29683e+06 2.559e+06 3.57696e+06 2.49389e+06 2.31827e+06 2.27432e+06 2.16666e+06 4.01515e+06 3.13582e+06 2.11775e+06 6.03095e+06 5.55431e+06 6.11624e+06 3.57801e+06 1.27244e+07 3.74892e+06 2.52789e+06 2.08814e+06 4.14784e+06 3.30421e+06 2.01669e+06 6.4779e+06 1.72369e+06 1.72259e+06 1.71607e+06
threshold=0.79999816532109491 4.559989464361192 4.3270833333333343 161.53125000000003 136.20833333333337 17.089960260223396 0.24984848484848488 13.579968433769229 3.5253787878787883 89.976562500000014 118.03030303030305 2.9395833333333337 38.592034641495182 0.066710526315789498 246.27150400024991 171.83167905709141 172.48958797418496 25250.000000000004 147.19915526419507 143.97753043880303 0.060833333333333343 0.022499948315836956 7.334843802452089 6.5011363636363644 71.0138888888889 253.70075757575762 147.19915526419507 271.57484153562677 325.25961538461542 104.05408871323856
decision_type=2 2 2 2 2 2 2 2 2 2 2 2 2 2 2 2 2 2 2 2 2 2 10 2 2 2 2 2 2 2
left_child=11 27 3 6 5 -5 7 -3 -6 -4 -8 12 -1 -14 15 18 21 -18 19 -13 -20 -17 24 -24 -11 28 -27 29 -15 -2
right_child=1 2 9 4 8 -7 10 -9 -10 22 -12 14 13 25 -16 16 17 -19 20 -21 -22 -23 23 -25 -26 26 -28 -29 -30 -31
leaf_value=2.5464935803700084 1.728516266865912 5.7709100985736699 0.51442383415094795 -1.6561668302359953 -0.44944466116454457 -9.4661446862966852 -1.2828803045372619 2.0165574816288441 1.4369828194871364 -3.8646994187545474 3.4896660829022736 -0.27095841929288156 1.2267603863311232 -6.0263792974366055 -1.3926170853111819 3.560913905529433 1.976484923387072 -2.3387877084759694 7.4655635607734174 8.9246582142255804 -2.5708238176461551 16.967671482132541 -0.52330061109521542 1.1277663177277704 -0.65390691732239703 -3.652205100269295 10.898536472532486 -4.3991380530093087 0.34287505223499082 5.0521984817280163
leaf_weight=446 1025 795 11268 1685 3033 146 840 3138 4146 948 354 37597 400 811 3352 1674 2205 1307 96 379 2309 35 14682 5133 5152 509 89 82 122 626
leaf_count=446 1025 795 11268 1685 3033 146 840 3138 4146 948 354 37597 400 811 3352 1674 2205 1307 96 379 2309 35 14682 5133 5152 509 89 82 122 626
internal_value=0.000297869 0.243856 0.162925 0.813076 0.0456905 -2.28375 2.16138 2.77672 0.640048 -0.0842785 0.133828 -0.25143 -1.7253 -2.71276 -0.179831 -0.0906562 1.5083 0.370335 -0.297424 -0.178954 -2.16726 3.84525 -0.344608 -0.0955625 -1.15345 -3.74217 -1.47204 2.63902 -5.19405 2.99104
internal_weight=104384 53053 51320 14137 9010 1831 5127 3933 7179 37183 1194 51331 2377 1931 48954 45602 5221 3512 40381 37976 2405 1709 25915 19815 6100 1531 598 1733 933 1651
internal_count=104384 53053 51320 14137 9010 1831 5127 3933 7179 37183 1194 51331 2377 1931 48954 45602 5221 3512 40381 37976 2405 1709 25915 19815 6100 1531 598 1733 933 1651
is_linear=0
shrinkage=0.05


Tree=106
num_leaves=31
num_cat=0
split_feature=4 4 5 5 8 8 4 9 7 0 2 10 4 2 8 9 11 8 7 8 8 11 8 5 10 10 8 8 8 10
split_gain=2.91776e+06 1.00651e+07 4.47336e+07 5.90499e+07 4.74857e+06 2.62593e+06 3.63936e+06 3.28796e+06 3.48111e+06 3.84673e+06 3.26419e+06 3.85734e+06 2.69664e+06 3.32508e+06 2.49221e+06 2.07227e+06 2.58783e+06 4.08842e+06 4.35182e+06 3.44245e+06 4.64366e+06 2.67134e+06 2.3663e+06 1.84699e+06 1.8444e+06 1.83749e+06 1.83221e+06 1.77441e+06 3.66854e+06 3.51774e+06
threshold=1.9301515151515154 1.9501515151515154 273.54166666666669 284.87500000000006 122.33854166666669 290.97303921568636 11.477083333333335 0.10169270833333337 3.8502314814814818 15.419964292716982 5.5858000000000017 117.01250000000002 4.7837500000000004 7.6558114767074601 213.02083333333334 0.11504166666666669 104.05408871323856 148.18560606060609 4.9252314814814833 221.02083333333334 248.04166666666671 37.472367610754716 306.04166666666669 34.041666666666679 315.02884615384625 51.019736842105267 75.041666666666671 134.23484848484853 203.02272727272728 166.50781250000003
decision_type=2 2 2 2 2 2 2 2 2 2 10 2 2 10 2 2 2 2 2 2 2 2 2 2 2 2 2 2 2 2
left_child=15 2 -2 4 -4 6 10 8 9 -7 -3 -12 13 -9 -8 16 17 18 23 21 -21 -19 27 -1 -10 -14 -20 -17 29 -29
right_child=1 5 3 -5 -6 7 14 12 24 -11 11 -13 25 -15 -16 22 -18 19 26 20 -22 -23 -24 -25 -26 -27 -28 28 -30 -31
leaf_value=0.0018280027172256957 -1.6745495851307675 -0.62713956561105777 81.823244556736313 -0.14567646796504657 47.037565375241371 -3.3127119500853364 -0.50872122898909422 1.2630195142285434 -0.55463027692282363 -16.329065264383953 0.87005060563232883 -0.014985071943495541 1.9576161137064372 -1.5721094292954907 3.6908141651805595 -0.41985260284933301 1.0265863666582582 0.0072204223621723258 3.2085265789139856 3.3524304752916394 -1.9744104122238655 -7.4482532448616654 0.850839177959551 4.6206690248161442 -6.7010516250790575 -1.0949192161147405 -2.7170601228102473 -0.47536590254349503 -0.94434031153660813 -5.0907482057017397
leaf_weight=302 344 10222 36 62 21 1084 492 5043 3144 59 21041 29672 543 1300 1250 5992 4232 171 162 504 2155 403 1837 763 126 5265 654 627 5669 1209
leaf_count=302 344 10222 36 62 21 1084 492 5043 3144 59 21041 29672 543 1300 1250 5992 4232 171 162 504 2155 403 1837 763 126 5265 654 627 5669 1209
internal_value=0.00030046 0.1474 7.49005 33.7759 70.0395 0.104404 0.252371 -0.455475 -1.62424 -3.99829 0.18793 0.352229 -0.0309036 0.681802 2.50511 -0.474745 0.112112 -0.644698 1.20832 -1.72285 -0.963852 -5.23104 -0.832415 3.31215 -0.793443 -0.809244 -1.53816 -1.06156 -1.57377 -3.5157
internal_weight=104384 79704 463 119 57 79241 62677 16564 4413 1143 60935 50713 12151 6343 1742 24680 9346 5114 1881 3233 2659 574 15334 1065 3270 5808 816 13497 7505 1836
internal_count=104384 79704 463 119 57 79241 62677 16564 4413 1143 60935 50713 12151 6343 1742 24680 9346 5114 1881 3233 2659 574 15334 1065 3270 5808 816 13497 7505 1836
is_linear=0
shrinkage=0.05


Tree=107
num_leaves=31
num_cat=1
split_feature=4 6 12 5 10 9 7 10 6 6 4 5 4 7 5 7 0 1 4 7 7 7 6 0 2 5 10 5 2 10
split_gain=2.67827e+06 3.07661e+06 2.75557e+06 3.25402e+06 7.06823e+06 6.28132e+06 6.16505e+06 3.79102e+06 3.30149e+06 1.15862e+07 5.28645e+07 1.10479e+07 9.20189e+06 4.26285e+06 3.25594e+06 1.78877e+06 1.42281e+06 1.40332e+06 2.24776e+06 1.65388e+06 2.24777e+06 1.48873e+06 1.36689e+06 1.23457e+06 1.16937e+06 1.16026e+06 1.21178e+06 1.14569e+06 2.02957e+06 1.70639e+06
threshold=1.6512500000000003 0.09416666666666669 0 67.02500000000002 14.031250000000002 0.30002923976608192 4.6252840909090915 123.01225490196079 0.32674242424242433 0.33992424242424252 1.9704166666666671 231.62500000000003 3.5679166666666671 6.4011363636363647 163.04166666666671 3.5003787878787884 14.539561841274361 14.299966861717225 13.426666666666669 5.5760416666666677 7.2837121212121216 5.0008487654320994 0.87976190476190497 14.011457475470676 5.5858000000000017 241.7537878787879 159.79166666666671 183.54166666666671 7.7019032955169688 323.85897435897442
decision_type=2 2 1 2 2 2 2 2 2 2 2 2 2 2 2 2 2 2 2 2 2 2 2 2 8 2 2 2 10 2
left_child=1 15 3 4 6 7 -2 -6 12 10 -10 -11 14 -14 -5 23 -8 18 19 21 -21 -4 -19 -1 -24 -17 -27 28 -3 -29
right_child=2 27 17 8 5 -7 16 -9 9 11 -12 -13 13 -15 -16 25 -18 22 -20 20 -22 -23 24 -25 -26 26 -28 29 -30 -31
leaf_value=-0.40935614605956039 28.9960728255395 -0.18008786670364973 -0.40182186272196313 -0.91272777444204767 1.0115904815957968 2.8799341077385043 7.8605714477634443 -2.0390626052012499 36.959333042263985 1.6497763058342194 -3.0314247458433745 -0.26916607410974502 -2.4600350499316579 -14.190307232081892 1.1449809503726593 3.5555818654268045 -1.5369496769905091 -0.17155344261865671 3.0033928512122325 0.79966196346930463 -0.2945372441452464 -2.0273580861835345 -1.7535689970391894 5.9583824858882215 -12.631509506988525 20.166809667504353 5.3371044556090714 -0.96092519716996572 -4.1481705503585102 -4.2774993733623452
leaf_weight=563 30 9158 8538 2700 1272 974 124 5096 119 15089 265 14913 2488 79 6669 348 59 2380 574 7455 12667 1686 2337 87 24 22 37 7891 333 407
leaf_count=563 30 9158 8538 2700 1272 974 124 5096 119 15089 265 14913 2488 79 6669 348 59 2380 574 7455 12667 1686 2337 87 24 22 37 7891 333 407
internal_value=0.000332416 -0.539224 0.119214 0.359173 -0.596634 -0.857606 8.3609 -1.42963 0.529807 0.80658 9.42534 0.695956 -0.174794 -2.82642 0.551947 2.08035 4.83886 -0.216404 -0.09357 -0.152247 0.110872 -0.670055 -1.01732 0.450777 -1.86945 4.67538 11.1109 -0.694984 -0.319734 -1.12409
internal_weight=104384 18846 85538 49877 7555 7342 213 6368 42322 30386 384 30002 11936 2567 9369 1057 183 35661 30920 30346 20122 10224 4741 650 2361 407 59 17789 9491 8298
internal_count=104384 18846 85538 49877 7555 7342 213 6368 42322 30386 384 30002 11936 2567 9369 1057 183 35661 30920 30346 20122 10224 4741 650 2361 407 59 17789 9491 8298
cat_boundaries=0 1
cat_threshold=2
is_linear=0
shrinkage=0.05


Tree=108
num_leaves=31
num_cat=0
split_feature=4 4 8 8 9 0 11 7 7 7 10 10 9 4 6 6 10 0 10 7 11 11 7 10 11 11 10 11 8 6
split_gain=2.44094e+06 8.43181e+06 2.59038e+07 4.77399e+07 2.54147e+07 2.35647e+06 4.74921e+06 4.68263e+06 2.92605e+06 4.77769e+06 2.83707e+06 6.12189e+06 4.6126e+06 2.63477e+06 2.53194e+06 2.13348e+06 2.52252e+06 2.28618e+06 2.10813e+06 1.9385e+06 2.66819e+06 1.82762e+06 1.88521e+06 2.80453e+06 1.74942e+06 3.85922e+06 3.27301e+06 2.93165e+06 2.1202e+06 2.14209e+06
threshold=1.9301515151515154 1.9501515151515154 131.70833333333334 103.04166666666667 0.23346354166666672 14.859965577217103 248.50768118551136 2.8802083333333335 3.152083333333334 4.3002840909090922 223.54349922839509 219.01234567901238 0.10000000000000003 8.6004166666666695 1.1334523809523811 0.09416666666666669 222.00617283950621 15.419964292716982 108.01470588235296 2.2020833333333338 278.99955054364256 172.73573143991823 2.2020833333333338 64.291666666666686 163.48335287219297 163.34781497674814 316.8397435897437 37.026206013103618 326.04166666666669 0.37340909090909097
decision_type=2 2 2 2 2 2 2 2 2 2 2 2 2 2 2 2 2 2 2 2 2 2 2 2 2 2 2 2 2 2
left_child=15 2 3 -2 -5 6 10 -8 19 13 11 -3 -12 -10 -9 16 21 -18 -11 -7 -21 22 -1 -24 25 26 -17 -28 -26 -30
right_child=1 5 -4 4 -6 8 7 14 9 18 12 -13 -14 -15 -16 24 17 -19 -20 20 -22 -23 23 -25 28 -27 27 -29 29 -31
leaf_value=-0.042932719624443366 -0.44060237060722551 0.294914235623354 -1.8733730154937487 7.6860478775609629 73.828009262279579 9.2266476694313262 6.9989012481220847 -2.0766229241456013 1.7126134107516742 1.1669684596423389 -2.2854071641474119 6.208961590609217 -0.032701219222711179 5.8626079267981801 -0.36923819336780733 -0.60053841236825667 -2.5804762414208291 7.7429387760162358 -0.19473831971078379 -4.8334636763154712 0.3734248630157968 -0.70135697568179201 2.2752780841588973 9.9882687634051379 -0.13978573875085906 -8.8787996754130809 -7.4322761569727067 -1.2902681427534646 11.773674243241549 1.9726257344866533
leaf_weight=170 94 35780 300 21 48 36 173 4684 4418 4151 2786 442 12306 418 4048 14979 444 60 9010 533 456 232 239 233 6879 147 336 460 63 438
leaf_count=170 94 35780 300 21 48 36 173 4684 4418 4151 2786 442 12306 418 4048 14979 444 60 9010 533 456 232 239 233 6879 147 336 460 63 438
internal_value=0.000348176 0.134893 6.85543 22.8342 54.0953 0.0955391 -0.0577084 -1.12354 0.580661 0.728689 0.127273 0.36725 -0.448677 2.07246 -1.28524 -0.434151 1.47684 -1.33859 0.234802 -2.01659 -2.43476 3.10007 4.47275 6.09583 -0.54722 -0.842155 -0.766707 -3.88895 0.0891169 3.2261
internal_weight=104384 79704 463 163 69 79241 60219 8905 19022 17997 51314 36222 15092 4836 8732 24680 1378 504 13161 1025 989 874 642 472 23302 15922 15775 796 7380 501
internal_count=104384 79704 463 163 69 79241 60219 8905 19022 17997 51314 36222 15092 4836 8732 24680 1378 504 13161 1025 989 874 642 472 23302 15922 15775 796 7380 501
is_linear=0
shrinkage=0.05


Tree=109
num_leaves=31
num_cat=0
split_feature=4 2 2 5 4 8 5 11 5 8 1 7 2 10 10 7 11 11 11 7 7 7 8 10 11 11 7 8 8 10
split_gain=2.2059e+06 2.50115e+06 4.44424e+06 3.49858e+06 2.73164e+06 2.72764e+06 2.35051e+06 5.10776e+06 3.73194e+06 2.28001e+06 1.95858e+06 2.41469e+06 2.04312e+06 1.79033e+06 1.72867e+06 1.66956e+06 1.99215e+06 3.41002e+06 2.61734e+06 1.88205e+06 1.68917e+06 2.46961e+06 1.8498e+06 1.66644e+06 3.6508e+06 1.74466e+06 1.54824e+06 1.48531e+06 1.39789e+06 1.37996e+06
threshold=1.6512500000000003 7.334843802452089 7.3940989494323732 28.958333333333339 7.2204166666666678 58.166666666666686 241.7537878787879 53.530094638705926 149.04166666666671 33.041666666666679 7.5399825772449205 8.3340686274509839 5.5858000000000017 1.0000000180025095e-35 217.51543209876544 3.7997685185185195 163.48335287219297 163.34781497674814 172.73666716826514 6.1219362745098049 3.152083333333334 2.7520833333333337 265.03333333333336 326.00961538461542 37.472367610754716 162.74490812503146 10.443750000000003 92.458333333333357 270.02083333333343 256.0092592592593
decision_type=2 10 10 2 2 2 2 2 2 2 2 2 10 2 2 2 2 2 2 2 2 2 2 2 2 2 2 2 2 2
left_child=15 9 5 4 13 29 8 -8 -5 10 -2 12 -12 -4 -6 20 17 23 19 -18 21 27 -23 25 -25 -17 -20 -1 -19 -3
right_child=1 2 3 6 14 -7 7 -9 -10 -11 11 -13 -14 -15 -16 16 18 28 26 -21 -22 22 -24 24 -26 -27 -28 -29 -30 -31
leaf_value=-5.8337346450487777 0.41743998582279079 10.270975396931172 10.640116043090821 0.096119702480099684 0.32410665287077428 0.52954975904442203 1.0650813122287164 -0.48941071815467191 1.1067674975336386 -0.27314565402798591 -0.87368409325902763 -9.0087722964816628 -7.3584920342368383 -1.4182126954463219 9.2695810168198882 -0.93808605190106809 2.928507533679904 -11.412790671161245 -0.70946497278692655 -3.4673915338149435 1.0776745613508005 -1.1179277943039343 -7.1310540239375078 -9.2221131126744602 1.2419433705343141 11.562352531978062 5.6595956558597331 1.8017828644805374 0.28762101762435016 3.9868904882492053
leaf_weight=71 389 187 30 19772 119 253 7325 18961 16977 15783 496 179 160 4642 98 9509 1006 111 3630 129 2826 294 226 183 152 27 97 552 33 167
leaf_count=71 389 187 30 19772 119 253 7325 18961 16977 15783 496 179 160 4642 98 9509 1006 111 3630 129 2826 294 226 183 152 27 97 552 33 167
internal_value=0.000385049 0.108275 0.242964 0.204866 -1.0835 4.49878 0.304808 -0.0562033 0.563028 -0.434446 -2.51243 -3.87623 -2.46414 -1.33852 4.38801 -0.489284 -0.732352 -1.13546 0.0980494 2.19916 0.421762 -1.19946 -3.74001 -1.02353 -4.48466 -0.901483 -0.542227 0.923641 -8.74792 7.32605
internal_weight=104384 85538 68531 67924 4889 607 63035 26286 36749 17007 1224 835 656 4672 217 18846 14877 10015 4862 1135 3969 1143 520 9871 335 9536 3727 623 144 354
internal_count=104384 85538 68531 67924 4889 607 63035 26286 36749 17007 1224 835 656 4672 217 18846 14877 10015 4862 1135 3969 1143 520 9871 335 9536 3727 623 144 354
is_linear=0
shrinkage=0.05


Tree=110
num_leaves=31
num_cat=0
split_feature=1 1 7 8 5 6 9 1 4 8 5 6 6 11 11 8 6 6 6 5 5 4 4 5 7 8 11 11 3 7
split_gain=2.21307e+06 4.63351e+06 2.72263e+06 4.96668e+06 4.32942e+06 3.12417e+06 2.57931e+06 3.15652e+06 2.34207e+06 2.09559e+06 2.07989e+06 3.16402e+06 2.30924e+06 5.35062e+06 4.83311e+06 2.25529e+06 1.97258e+06 1.99348e+06 1.38681e+07 3.45652e+07 6.11848e+07 5.6988e+06 3.64249e+06 5.78175e+06 3.56473e+06 3.745e+06 2.89457e+06 2.28181e+06 2.18465e+06 2.65835e+06
threshold=0.99999769051669152 3.7799912001055689 4.3270833333333343 161.53125000000003 136.20833333333337 0.42006172839506178 0.24984848484848488 13.159969443489077 1.7887500000000001 118.03030303030305 316.04166666666674 3.2641666666666671 1.1005882352941179 248.50768118551136 264.84630576242739 255.29166666666671 2.7958333333333338 0.32007575757575768 0.33992424242424252 273.54166666666669 283.70833333333343 2.648676470588236 2.757083333333334 227.85416666666671 4.9753086419753094 80.004629629629633 246.27150400024991 153.11144539855789 7250.0000000000009 5.1758928571428582
decision_type=2 2 2 2 2 2 2 2 2 2 2 2 2 2 2 2 2 2 2 2 2 2 2 2 2 2 2 2 2 2
left_child=16 -2 3 6 5 -5 7 -3 -6 -8 12 15 13 -4 -14 -12 17 21 19 -19 -21 24 23 -20 25 -1 -24 -26 -23 -30
right_child=1 2 10 4 8 -7 9 -9 -10 -11 11 -13 14 -15 -16 -17 -18 18 22 20 -22 28 26 -25 27 -27 -28 -29 29 -31
leaf_value=-0.82021023093244061 3.248230495785513 5.2356380507794302 0.37364195845962372 -1.1594094719718564 -1.3930180617284207 -6.5170405724441567 -1.3632126333934464 1.8414190795147567 0.99964249175264741 3.1952842635334879 -2.9662313523436739 -15.737415816848344 -0.11239403754942577 -1.2387623534636456 2.0074557186089512 -0.25073434460247096 -6.383926828604479 -0.93520383471345658 0.12135453721502208 74.754596749163682 8.6836115990877172 -0.40261759455666657 0.53852265245254338 -1.9760178799268815 -2.7216814563086573 1.2191448846540798 -1.270042084818962 3.7545157597740495 -1.962353390395402 -5.6310296731729395
leaf_weight=3715 1239 881 13255 1512 1233 331 863 3077 5976 355 1078 36 7848 8408 4089 2625 129 375 7839 46 139 1918 17290 5656 1470 5710 2536 149 4044 562
leaf_count=3715 1239 881 13255 1512 1233 331 863 3077 5976 355 1078 36 7848 8408 4089 2625 129 375 7839 46 139 1918 17290 5656 1470 5710 2536 149 4044 562
internal_value=0.000367246 0.227897 0.155265 0.743795 0.0373379 -2.12465 1.97903 2.59806 0.590274 -0.0330513 -0.0690072 -1.18751 0.055491 -0.252204 0.613864 -1.04185 -0.232579 -0.217032 0.00708694 7.80309 25.4257 -0.649235 -0.124165 -0.757773 0.0429347 0.415301 0.307131 -2.12371 -1.82079 -2.41111
internal_weight=104384 52806 51567 14228 9052 1843 5176 3958 7209 1218 37339 3739 33600 21663 11937 3703 51578 51449 33881 560 185 17568 33321 13495 11044 9425 19826 1619 6524 4606
internal_count=104384 52806 51567 14228 9052 1843 5176 3958 7209 1218 37339 3739 33600 21663 11937 3703 51578 51449 33881 560 185 17568 33321 13495 11044 9425 19826 1619 6524 4606
is_linear=0
shrinkage=0.05


Tree=111
num_leaves=31
num_cat=0
split_feature=2 2 8 5 5 6 7 9 8 10 10 8 11 10 11 8 6 2 7 7 2 2 3 6 2 11 2 7 6 5
split_gain=1.97266e+06 2.62007e+06 3.3537e+06 2.3488e+06 2.10388e+06 5.47629e+06 5.89906e+06 5.39867e+06 4.94497e+06 7.54685e+06 5.869e+06 2.03681e+06 2.07767e+06 2.44811e+06 2.25527e+06 1.93951e+06 2.18857e+06 2.12303e+06 961644 1.15186e+06 914307 1.04463e+06 1.14825e+06 8.23366e+06 2.68788e+06 887432 781103 719744 597209 682554
threshold=7.3310961961746228 7.3940989494323732 46.69444444444445 28.958333333333339 241.7537878787879 0.33992424242424252 5.2016666666666671 0.068377192982456161 242.50757575757578 225.04166666666671 321.02884615384625 355.04166666666669 278.94763736680397 168.70833333333337 122.81556862416126 36.291666666666679 1.7008333333333336 5.5858000000000017 9.2604166666666696 5.8504901960784323 2.7159958660602572 5.0131500000000004 7250.0000000000009 0.62007575757575772 5.5858000000000017 7.3182521484678587 4.7748000000000008 3.2630681818181824 0.39583333333333343 26.375000000000004
decision_type=10 10 2 2 2 2 2 2 2 2 2 2 2 2 2 2 2 8 2 2 10 10 2 2 10 2 10 2 2 2
left_child=15 2 18 11 5 6 -5 -7 9 -6 -10 12 14 -14 -3 16 17 27 19 -2 25 -22 23 -23 -24 -17 -18 -1 -4 -30
right_child=1 3 28 4 8 7 -8 -9 10 -11 -12 -13 13 -15 -16 20 26 -19 -20 -21 21 22 24 -25 -26 -27 -28 -29 29 -31
leaf_value=-6.1226848318616485 3.0929515701493155 -0.5134450438991125 -0.28242798589795753 -0.028261881504024595 -2.0253263563226644 2.7930439344090541 -2.8921533851609431 0.52725066179013202 0.38421687340763722 1.2040177825015286 -4.1566905460870602 -12.090299179434776 -2.6502850909513587 4.6766713039237766 -2.8517872931276371 -1.51127140056703 -3.8301749893266761 -6.556971955159324 3.6754735609812617 13.520289591979981 0.41353530144525585 -0.22594160529191787 -0.56300046033878137 16.869915859668289 -10.840882380232216 -9.856134704243054 -11.204057016947184 -0.44813939121603508 5.0084400175213819 0.73653337725589985
leaf_weight=58 37 4616 380 13226 6660 2892 2080 28818 21441 2483 735 39 169 346 1327 961 66 182 77 99 4560 825 10607 76 63 32 82 1062 159 226
leaf_count=58 37 4616 380 13226 6660 2892 2080 28818 21441 2483 735 39 169 346 1327 961 66 182 77 99 4560 825 10607 76 63 32 82 1062 159 226
internal_value=0.000374319 0.101501 2.67334 0.0718203 0.147593 0.359077 -0.417613 0.733976 -0.169887 -1.14828 0.233532 -0.841661 -0.771868 2.27181 -1.03596 -0.466803 -2.222 -1.56373 8.20681 10.7268 -0.318058 -0.227352 -0.479932 1.2332 -0.624696 -1.78984 -7.96351 -0.747204 1.12394 2.50919
internal_weight=104384 85810 978 84832 78335 47016 15306 31710 31319 9143 22176 6497 6458 515 5943 18574 1450 1302 213 136 17124 16131 11571 901 10670 993 148 1120 765 385
internal_count=104384 85810 978 84832 78335 47016 15306 31710 31319 9143 22176 6497 6458 515 5943 18574 1450 1302 213 136 17124 16131 11571 901 10670 993 148 1120 765 385
is_linear=0
shrinkage=0.05


Tree=112
num_leaves=31
num_cat=0
split_feature=1 1 7 8 9 0 0 7 11 9 6 11 11 9 11 11 6 11 11 11 2 6 8 6 11 8 7 1 8 11
split_gain=1.99213e+06 4.18931e+06 2.45604e+06 4.44448e+06 2.32438e+06 3.17432e+06 2.07017e+06 1.8906e+06 3.51345e+06 2.77259e+06 1.8435e+06 1.69321e+06 7.33229e+06 9.58869e+06 3.64955e+06 3.60432e+06 5.35623e+06 1.65234e+06 8.57655e+06 1.5646e+06 4.28399e+06 9.55611e+06 3.26817e+06 3.25613e+06 4.89505e+06 4.07267e+06 1.55193e+06 1.68055e+06 1.62626e+06 1.404e+06
threshold=0.99999769051669152 3.7799912001055689 4.3270833333333343 161.53125000000003 0.24984848484848488 13.520061420306867 14.980364223293687 2.9395833333333337 38.592034641495182 0.062521929824561423 2.7958333333333338 95.557937423290767 72.667141910237405 0.28672041623667016 71.907647277601754 246.27150400024991 0.50083333333333346 171.16656316259125 153.11144539855789 175.85592669041588 7.334843802452089 0.33992424242424252 71.0138888888889 1.0937254901960787 259.32885354690455 281.02083333333343 1.9687500000000002 8.6999797472453455 227.04166666666671 172.73666716826514
decision_type=2 2 2 2 2 2 2 2 2 2 2 2 2 2 2 2 2 2 2 2 10 2 2 2 2 2 2 2 2 2
left_child=7 29 3 4 5 -3 -6 8 -1 -10 11 12 14 -14 -9 16 -13 18 -11 20 22 -22 -4 25 -25 -21 27 -5 -28 -2
right_child=1 2 19 26 6 -7 -8 10 9 17 -12 15 13 -15 -16 -17 -18 -19 -20 23 21 -23 -24 24 -26 -27 28 -29 -30 -31
leaf_value=2.3928662639212503 3.7148046637074361 5.2762180077914147 -3.1745501373645664 -13.622793963296074 -2.2603648290562166 1.7490954187766095 1.8712107799421074 -0.11329944349497936 1.342842030996021 -4.0816576800075861 -6.1002405530306012 -0.25726641246140253 -1.061642916960486 -6.9351211923062799 6.3525091368081901 -1.2106433117204023 1.7070016605583722 -6.0001477832953141 9.0323469668605956 -1.425111964759965 -3.318358195688027 1.749884169088932 -0.13802688270373256 -1.2963201479939099 1.304422972317381 0.64828490642592762 -0.92042412180214406 -1.4245079789107498 0.55578153497451532 -1.4219698410388082
leaf_weight=448 1088 799 999 41 562 3159 656 27271 375 974 129 7870 3237 884 219 3373 6207 449 142 8980 1066 7248 7782 2745 5303 3216 2655 87 6269 151
leaf_count=448 1088 799 999 41 562 3159 656 27271 375 974 129 7870 3237 884 219 3373 6207 449 142 8980 1066 7248 7782 2745 5303 3216 2655 87 6269 151
internal_value=0.000343251 0.216217 0.147155 0.706128 1.87462 2.46227 -0.0354347 -0.22067 -1.59428 -2.51579 -0.153954 -0.138195 -0.356432 -2.32295 -0.06156 0.257143 0.608902 -3.44065 -2.40643 -0.0658551 0.286347 1.09973 -0.48381 -0.363271 0.417314 -0.878363 0.037841 -5.40712 0.116538 3.08813
internal_weight=104384 52806 51567 14228 5176 3958 1218 51578 2388 1940 49190 49061 31611 4121 27490 17450 14077 1565 1116 37339 17095 8314 8781 20244 8048 12196 9052 128 8924 1239
internal_count=104384 52806 51567 14228 5176 3958 1218 51578 2388 1940 49190 49061 31611 4121 27490 17450 14077 1565 1116 37339 17095 8314 8781 20244 8048 12196 9052 128 8924 1239
is_linear=0
shrinkage=0.05


Tree=113
num_leaves=31
num_cat=0
split_feature=4 4 5 5 8 8 4 9 7 0 4 2 2 5 8 9 11 8 7 8 8 9 8 8 2 8 7 11 2 8
split_gain=1.81993e+06 6.82324e+06 3.3014e+07 4.32581e+07 4.95674e+06 2.22237e+06 3.26799e+06 2.80603e+06 3.03328e+06 3.47452e+06 2.29139e+06 2.84525e+06 2.28599e+06 3.01962e+06 2.15012e+06 1.71959e+06 2.13849e+06 3.46561e+06 3.63271e+06 3.09377e+06 4.04677e+06 2.42852e+06 1.98388e+06 1.74276e+06 1.67417e+06 1.58405e+06 1.57158e+06 1.56822e+06 1.56318e+06 1.55411e+06
threshold=1.9301515151515154 1.9501515151515154 273.54166666666669 283.70833333333343 122.33854166666669 290.97303921568636 11.477083333333335 0.10169270833333337 3.8502314814814818 14.980364223293687 4.7837500000000004 7.6558114767074601 5.5858000000000017 67.02500000000002 213.02083333333334 0.11504166666666669 104.05408871323856 148.18560606060609 4.9252314814814833 221.02083333333334 248.04166666666671 0.10169270833333337 306.04166666666669 56.041666666666679 7.4989146471023567 75.041666666666671 9.3012254901960798 43.515947665517395 7.6524315118789685 134.23484848484853
decision_type=2 2 2 2 2 2 2 2 2 2 2 10 10 2 2 2 2 2 2 2 2 2 2 2 10 2 2 2 10 2
left_child=15 2 -2 4 -4 6 12 8 9 -7 11 -9 -3 -14 -8 16 17 18 23 21 -21 -19 29 -1 -16 -20 -12 -10 -24 -17
right_child=1 5 3 -5 -6 7 14 10 27 -11 26 -13 13 -15 24 22 -18 19 25 20 -22 -23 28 -25 -26 -27 -28 -29 -30 -31
leaf_value=-5.1181552036082643 -1.7102660144101021 -0.5259424518218152 74.801534164891095 1.565391604686851 39.814119097102775 -3.0338725519692575 -0.44747176839480779 1.1528780806031553 -1.984247361779004 -14.696759609895594 -0.5397011508079621 -1.4697156661882895 -0.43708166092438899 0.49734824408910311 2.1982106585903716 -0.30995850771352595 0.99102123798731645 -6.8643009995868418 3.0816523300248422 3.2278458524836178 -1.7448315763269275 0.38423146081452053 1.6589152981052029 3.5951513899557632 6.1276485701655989 -2.4278504885296335 -3.8419102329251218 0.22360092964154454 -1.7556129784973302 -1.389853480604631
leaf_weight=60 344 10222 32 66 21 1076 492 5043 1424 67 5423 1300 11055 39658 852 5992 4232 414 162 504 2155 160 1397 1005 398 654 385 1846 440 7505
leaf_count=60 344 10222 32 66 21 1076 492 5043 1424 67 5423 1300 11055 39658 852 5992 4232 414 162 504 2155 160 1397 1005 398 654 385 1846 440 7505
internal_value=0.0003179 0.116494 6.16208 28.7438 61.9327 0.0810922 0.217216 -0.433971 -1.51369 -3.72978 -0.0417466 0.615229 0.156151 0.293646 2.35192 -0.37486 0.159726 -0.528256 1.17778 -1.52091 -0.801425 -4.84664 -0.700677 3.09992 3.45325 -1.33161 -0.759222 -0.738171 0.840551 -0.910492
internal_weight=104384 79704 463 119 53 79241 62677 16564 4413 1143 12151 6343 60935 50713 1742 24680 9346 5114 1881 3233 2659 574 15334 1065 1250 816 5808 3270 1837 13497
internal_count=104384 79704 463 119 53 79241 62677 16564 4413 1143 12151 6343 60935 50713 1742 24680 9346 5114 1881 3233 2659 574 15334 1065 1250 816 5808 3270 1837 13497
is_linear=0
shrinkage=0.05


Tree=114
num_leaves=31
num_cat=1
split_feature=1 1 8 4 10 0 3 1 11 8 4 6 11 6 12 8 10 6 6 4 8 8 11 3 11 10 11 11 8 4
split_gain=1.74147e+06 3.81526e+06 1.87578e+06 3.52416e+06 3.05807e+06 2.55404e+06 5.34224e+06 2.33594e+06 2.30427e+06 3.48222e+06 2.21534e+06 4.25029e+06 2.08395e+06 3.14366e+06 1.94677e+06 1.77204e+06 1.65071e+06 1.6472e+06 1.57131e+06 4.90833e+06 3.49937e+06 4.00666e+06 3.87512e+06 2.92211e+06 2.865e+06 8.98116e+06 8.27829e+06 5.15199e+06 6.22614e+06 3.78727e+06
threshold=0.99999769051669152 2.9599918329492101 261.12500000000006 3.3537500000000002 118.51973684210527 13.520061420306867 25250.000000000004 12.699970664131166 175.85592669041588 249.04166666666671 2.9104166666666673 0.09416666666666669 278.44569124894218 0.12022727272727275 0 50.375000000000007 205.17708333333334 2.7958333333333338 0.26044444444444442 2.8904166666666673 201.01893939393941 192.12500000000003 76.622426155062485 25250.000000000004 41.953151611830769 314.95833333333343 35.992682306176619 95.557288046654875 263.96078431372558 9.4204166666666698
decision_type=2 2 2 2 2 2 2 2 2 2 2 2 2 2 1 2 2 2 2 2 2 2 2 2 2 2 2 2 2 2
left_child=17 -2 4 12 8 6 -5 -7 14 -10 11 -6 16 -14 -3 -12 -4 18 19 20 21 -1 -22 -21 25 26 -20 28 -26 -29
right_child=1 2 3 5 10 7 -8 -9 9 -11 15 -13 13 -15 -16 -17 -18 -19 24 23 22 -23 -24 -25 27 -27 -28 29 -30 -31
leaf_value=-0.50350515816055152 3.2721611950209617 0.66867250363063868 -0.38896489201313567 -0.33366569599904805 3.762017716987363 15.098101162242891 -3.6739916223247016 -0.20856399619764443 0.011257452170481366 3.735842107358343 -0.89323051840003298 -1.1370883574479616 -3.6282870530264049 2.9871240057246835 2.4949703090775892 0.67477454314736041 1.545870719398295 -5.8274421125742109 -0.19494603359698948 -0.38743834391149456 -1.4103136381262826 -6.6236144549686591 2.1693089079585506 -3.0784668371390786 -3.0593529703324105 -4.2724815350192751 2.2168063617557219 0.097729342459031823 -0.28329866008828036 7.0445877267248065
leaf_weight=4865 992 2593 3678 3207 477 24 1909 8358 6553 693 2224 6001 203 1507 3339 9475 1573 129 8700 1629 1049 282 2701 2650 3303 930 6019 13926 5197 198
leaf_count=4865 992 2593 3678 3207 477 24 1909 8358 6553 693 2224 6001 203 1507 3339 9475 1573 129 8700 1629 1049 282 2701 2650 3303 930 6019 13926 5197 198
internal_value=0.000345594 0.202181 0.143343 -0.229084 0.386349 -0.700323 -1.58056 -0.16294 0.96625 0.36794 -0.0340978 -0.775823 0.68466 2.20012 1.69691 0.376643 0.190821 -0.206295 -0.192088 -0.663008 0.00630359 -0.840044 1.16786 -2.05433 -0.0299543 0.490176 0.791368 -0.389734 -1.36227 0.195607
internal_weight=104384 52806 51814 20459 31355 13498 5116 8382 13178 7246 18177 6478 6961 1710 5932 11699 5251 51578 51449 13176 8897 5147 3750 4279 38273 15649 14719 22624 8500 14124
internal_count=104384 52806 51814 20459 31355 13498 5116 8382 13178 7246 18177 6478 6961 1710 5932 11699 5251 51578 51449 13176 8897 5147 3750 4279 38273 15649 14719 22624 8500 14124
cat_boundaries=0 1
cat_threshold=4
is_linear=0
shrinkage=0.05


Tree=115
num_leaves=31
num_cat=1
split_feature=7 6 11 11 5 11 5 11 11 4 10 9 10 6 7 2 1 10 11 6 12 11 7 5 7 11 9 6 10 6
split_gain=1.74299e+06 3.36816e+06 4.25454e+06 2.87274e+06 3.15742e+06 2.81099e+06 2.65204e+06 2.30496e+06 2.52219e+06 2.45262e+06 2.68797e+06 3.53984e+06 3.39877e+06 2.21206e+06 5.97108e+06 3.36835e+06 2.15326e+06 2.05719e+06 3.50054e+06 2.05662e+06 2.02607e+06 4.81585e+06 3.76326e+07 3.58203e+06 2.00359e+06 2.24268e+06 1.80084e+06 1.73029e+06 1.62892e+06 1.62457e+06
threshold=3.152083333333334 0.13015151515151518 37.746023660788687 264.84630576242739 122.87500000000001 36.971814666046562 302.67156862745105 50.651647877876762 29.151013328920875 4.967083333333334 193.54166666666671 0.28002923976608196 65.541666666666671 0.22007575757575762 5.3520833333333346 5.5858000000000017 15.859963177536013 316.8397435897437 110.2701612581685 0.26044444444444442 0 20.876902363572629 6.6011363636363649 316.04166666666674 3.8490740740740743 113.61401437796748 0.21507575757575761 0.17507575757575761 261.86666666666673 0.2191666666666667
decision_type=2 2 2 2 2 2 2 2 2 2 2 2 2 2 2 10 2 2 2 2 1 2 2 2 2 2 2 2 2 2
left_child=6 2 5 24 16 -2 7 8 -1 10 12 -12 -9 14 17 -16 -5 27 -19 28 21 22 -15 -23 25 -4 -6 -3 -8 -17
right_child=1 13 3 4 26 -7 19 9 -10 -11 11 -13 -14 20 15 29 -18 18 -20 -21 -22 23 -24 -25 -26 -27 -28 -29 -30 -31
leaf_value=-1.1587872804518542 0.26402654243885787 0.88255172014064187 -0.92275761437734405 -8.2840877428720159 3.7872106421653862 -6.4787951588928712 6.6356406437398823 -3.0617885062164429 3.2516372434873682 1.0184893588455948 -2.4733826056840496 -8.3449678668308405 0.67462604026634221 0.25397873838058849 -0.77720669833975931 -5.2668213029540052 3.2758285564858962 1.650282806888357 -6.4947972176895918 -3.2100810413997056 -0.21415050800628915 0.32991972317313378 24.058249653188938 -1.1548584214884041 4.2757331792562985 3.2925348749158001 -3.9411385022295584 -0.6431817869284876 0.034694206437019454 -13.194155872133045
leaf_weight=749 434 3113 542 171 297 239 262 1163 570 739 1116 333 1275 1481 512 690 52 221 325 117 35378 42892 186 4486 1365 753 100 4607 145 71
leaf_count=749 434 3113 542 171 297 239 262 1163 570 739 1116 333 1275 1481 512 690 52 221 325 117 35378 42892 186 4486 1365 753 100 4607 145 71
internal_value=0.000333034 0.0528527 1.4824 2.22537 -0.838495 -2.13658 -0.794491 -1.09516 0.748174 -1.62079 -2.12271 -3.82758 -1.10828 -0.00730358 -0.728986 -3.91528 -5.58589 -0.237868 -3.20098 2.61228 0.0742473 0.28228 2.92284 0.189312 2.93956 1.52894 1.8355 -0.0279123 4.28981 -6.02278
internal_weight=104384 97915 3953 3280 620 673 6469 5945 1319 4626 3887 1449 2438 93962 9539 1273 223 8266 546 524 84423 49045 1667 47378 2660 1295 397 7720 407 761
internal_count=104384 97915 3953 3280 620 673 6469 5945 1319 4626 3887 1449 2438 93962 9539 1273 223 8266 546 524 84423 49045 1667 47378 2660 1295 397 7720 407 761
cat_boundaries=0 1
cat_threshold=2
is_linear=0
shrinkage=0.05


Tree=116
num_leaves=31
num_cat=0
split_feature=4 4 5 5 10 6 10 9 9 11 5 10 9 6 10 5 11 4 6 7 5 9 9 11 7 10 7 1 6 2
split_gain=1.65188e+06 6.16148e+06 2.9761e+07 3.90929e+07 3.11888e+06 1.71744e+06 2.85905e+06 2.02195e+06 2.00434e+06 1.86828e+06 1.69381e+06 1.63911e+06 2.4357e+06 2.40272e+06 3.12124e+06 2.00538e+06 4.35647e+06 1.89211e+06 1.77731e+06 3.5791e+06 2.61699e+06 2.51305e+06 1.31343e+06 1.57867e+06 2.53011e+06 2.02785e+06 2.4688e+06 1.48656e+06 1.32379e+06 1.43466e+06
threshold=1.9301515151515154 1.9501515151515154 273.54166666666669 283.70833333333343 224.98302469135805 0.11348484848484851 222.00617283950621 0.25011904761904769 0.31250730994152054 113.61401437796748 241.7537878787879 44.958333333333343 0.076698717948717979 0.53015151515151526 187.70175438596493 67.02500000000002 41.953151611830769 7.2204166666666678 0.46696969696969709 4.7760030864197542 83.430555555555571 0.5804166666666668 0.11504166666666669 104.05408871323856 3.0354166666666673 314.95833333333343 4.9502840909090926 14.93995890648227 1.1533823529411766 7.4608322858810432
decision_type=2 2 2 2 2 2 2 2 2 2 2 2 2 2 2 2 2 2 2 2 2 2 2 2 2 2 2 2 2 10
left_child=5 2 -2 4 -4 6 7 10 -9 -8 -1 18 13 14 -13 17 -17 -14 21 20 -20 -3 23 25 -25 26 -7 -26 -24 -30
right_child=1 11 3 -5 -6 22 9 8 -10 -11 -12 12 15 -15 -16 16 -18 -19 19 -21 -22 -23 28 24 27 -27 -28 -29 29 -31
leaf_value=0.21283535953417221 -1.6185203356708304 -0.13702727460369993 40.301345297206538 1.4598663455247882 69.427201505718813 1.3078122141581601 -4.0809015465249194 10.767783485665918 2.5415336260523116 0.76952844546391408 5.1843565761297947 -0.70961469308868941 -0.61844380385823916 0.055727049326455516 -3.4080489333276334 1.2443005244436316 0.027357114211917194 1.8499171385280837 8.1475543701292121 0.5260111840238898 2.3803115291188455 -10.231441667647589 -0.64217704458487945 -6.4242129565901678 1.4462161487037433 -4.5223831412885405 -1.1574632626919648 -1.3868199271918871 4.9679775434634728 -2.9382809669910817
leaf_weight=729 344 2893 21 66 32 1534 344 129 174 467 223 3950 11426 5292 1470 9170 37123 832 233 5544 1246 62 13006 117 3052 306 3000 545 60 994
leaf_count=729 344 2893 21 66 32 1534 344 129 174 467 223 3950 11426 5292 1470 9170 37123 832 233 5544 1246 62 13006 117 3052 306 3000 545 60 994
internal_value=0.000310663 0.110993 5.85593 27.2962 58.8469 -0.357127 1.02249 2.51693 6.06771 -1.29035 1.38161 0.0773519 -0.00896346 -0.702134 -1.44197 0.117863 0.268438 -0.450769 0.676458 1.10927 3.29377 -0.352213 -0.483208 0.00532963 0.780626 -0.589636 -0.323275 1.0167 -0.78041 -2.48392
internal_weight=104384 79704 463 119 53 24680 2066 1255 303 811 952 79241 69263 10712 5420 58551 46293 12258 9978 7023 1479 2955 22614 8554 3714 4840 4534 3597 14060 1054
internal_count=104384 79704 463 119 53 24680 2066 1255 303 811 952 79241 69263 10712 5420 58551 46293 12258 9978 7023 1479 2955 22614 8554 3714 4840 4534 3597 14060 1054
is_linear=0
shrinkage=0.05


Tree=117
num_leaves=31
num_cat=0
split_feature=6 6 10 10 0 10 4 6 7 2 10 11 4 11 5 5 6 7 2 2 4 0 9 7 9 9 11 11 0 5
split_gain=1.62741e+06 2.03477e+06 4.79641e+06 6.55231e+06 6.38552e+06 3.49188e+06 2.68966e+06 2.33119e+06 4.53574e+06 2.7389e+06 2.47161e+06 3.75949e+06 2.16372e+06 1.77945e+06 1.75757e+06 2.55077e+06 4.59216e+06 3.11855e+06 1.89117e+06 3.02986e+06 2.67522e+06 1.69627e+06 1.595e+06 2.05844e+06 1.2865e+06 1.09675e+06 1.00522e+06 2.54211e+06 1.0309e+06 829881
threshold=0.020833333333333339 0.12022727272727275 217.51543209876544 243.03906250000003 11.659972996665955 90.041666666666686 3.0404166666666672 0.23342592592592595 5.1758928571428582 5.5858000000000017 318.02884615384625 99.462654092432331 1.9929166666666671 5.4946598705377818 28.958333333333339 241.7537878787879 0.33992424242424252 5.9003676470588244 7.4791815996170055 7.334843802452089 7.2204166666666678 16.039962506454472 0.14002083333333337 3.0354166666666673 0.045885416666666672 0.052500000000000019 172.73573143991823 110.28524329966014 0.06023571162254697 243.04166666666671
decision_type=2 2 2 2 2 2 2 2 2 10 2 2 2 2 2 2 2 2 8 10 2 2 2 2 2 2 2 2 2 2
left_child=-1 2 5 4 -4 26 12 8 10 13 21 -12 -7 -10 18 17 -17 -16 19 -9 -20 -3 23 -5 -11 -8 27 -2 -28 -24
right_child=1 7 3 22 -6 6 25 14 9 24 11 -13 -14 -15 15 16 -18 -19 20 -21 -22 -23 29 -25 -26 -27 28 -29 -30 -31
leaf_value=-3.478995622560153 -0.74241008802147535 -0.33668415614890862 -9.2214920641048241 -0.65052417532511031 3.5662908906828275 2.9353774267396244 -8.8762740886211393 -0.63764152258157802 -5.6109781903297673 -11.080521231976952 2.1946326676795356 -5.9726197350315955 6.8128749651258635 0.4623194464298841 0.70031917673570243 1.6177841241658351 -0.4313996723945433 -0.11139581856635705 -1.6688283772291168 3.2694497242180414 4.0194461616443116 1.9023043231909207 -1.2577484796136549 5.0918143592978069 -4.4692909302859682 0.72888212770741756 -6.9741853616112159 3.8454093014188411 -0.58737400755088587 3.2769569913822671
leaf_weight=334 757 8702 377 280 131 920 31 2017 154 81 208 433 593 543 26946 3023 28507 21096 4008 657 217 936 823 351 777 416 75 501 376 114
leaf_count=334 757 8702 377 280 131 920 31 2017 154 81 208 433 593 543 26946 3023 28507 21096 4008 657 217 936 823 351 777 416 75 501 376 114
internal_value=0.000350098 0.0115522 0.926107 -0.994214 -5.92332 2.01264 3.45244 -0.0419038 -0.700047 -3.21588 -0.319177 -3.32311 4.45861 -0.885666 0.0481735 0.114552 -0.234885 0.343887 -0.717326 0.32319 -1.37579 -0.119068 0.60547 2.5467 -5.10561 0.0444153 0.360325 1.08629 -1.66257 -0.703123
internal_weight=104384 104050 5745 2076 508 3669 1960 98305 11834 1555 10279 641 1513 697 86471 79572 31530 48042 6899 2674 4225 9638 1568 631 858 447 1709 1258 451 937
internal_count=104384 104050 5745 2076 508 3669 1960 98305 11834 1555 10279 641 1513 697 86471 79572 31530 48042 6899 2674 4225 9638 1568 631 858 447 1709 1258 451 937
is_linear=0
shrinkage=0.05


Tree=118
num_leaves=31
num_cat=0
split_feature=7 6 4 4 8 8 0 7 10 8 8 7 0 0 9 8 8 10 7 6 0 10 10 8 4 1 8 10 4 9
split_gain=1.54939e+06 2.7813e+06 1.83185e+06 6.73252e+06 2.123e+07 3.1958e+07 2.47883e+06 3.47231e+06 1.82939e+06 1.72672e+06 2.4302e+06 3.37754e+06 1.95468e+06 1.81392e+06 1.54002e+06 2.40057e+06 2.52124e+06 2.19039e+06 1.6061e+06 2.36703e+06 2.00623e+06 1.46717e+06 4.14759e+06 4.24747e+06 3.22153e+06 2.66777e+06 2.54489e+06 2.22999e+06 3.03777e+06 2.8448e+06
threshold=3.152083333333334 0.13015151515151518 1.9301515151515154 1.9501515151515154 131.70833333333334 103.04166666666667 14.859965577217103 4.3002840909090922 52.539473684210535 295.04166666666669 268.04166666666669 3.8502314814814818 0.11993492842096491 0.17999958815944198 0.11504166666666669 308.04166666666669 134.23484848484853 232.36979166666671 5.4517857142857151 0.30688888888888893 15.199964433204654 193.54166666666671 75.041666666666686 157.04166666666671 2.8904166666666673 15.239964407661441 324.70833333333343 254.00781250000003 9.1008333333333358 0.24984848484848488
decision_type=2 2 2 2 2 2 2 2 2 2 2 2 2 2 2 2 2 2 2 2 2 2 2 2 2 2 2 2 2 2
left_child=21 9 14 4 5 -4 8 -8 -5 10 11 12 -2 -13 18 16 -16 -17 20 -20 -3 22 23 -1 -24 -26 27 28 29 -23
right_child=1 2 3 6 -6 -7 7 -9 -10 -11 -12 13 -14 -15 15 17 -18 -19 19 -21 -22 26 24 -25 25 -27 -28 -29 -30 -31
leaf_value=2.3477759512734337 -2.4733538800372572 1.1072923205196616 0.37051027229170741 0.51623604283679569 -2.0895484034284144 47.184947018231924 1.7765177355572055 0.17801920323711015 -0.22667642021667933 -1.0077377170228041 5.6023781856012356 5.4717953008448585 1.1843012023389679 1.7432030389284634 -0.17955418060825043 -0.58216222706222043 -1.6577102764194738 3.172628622391501 -3.6856519414938136 -0.11661714000272963 -2.6712160284054747 -2.0329611286153701 3.690901755921324 -3.1570092276356241 1.045710705166923 -4.5670874475677108 4.4805092201661916 -0.86746853098797028 10.253641846312417 -7.7112019918292765
leaf_weight=462 621 4018 80 10192 258 66 4592 13051 44303 649 374 506 884 919 5248 872 6406 699 541 3252 384 494 885 1442 867 279 156 1450 35 399
leaf_count=462 621 4018 80 10192 258 66 4592 13051 44303 649 374 506 884 919 5248 872 6406 699 541 3252 384 494 885 1442 867 279 156 1450 35 399
internal_value=0.000322197 0.0498393 -0.00482554 0.11514 6.54373 21.7103 0.0790471 0.594143 -0.0877252 1.34889 1.81196 1.32638 -0.325574 3.07009 -0.411093 -0.744807 -0.992144 1.08944 0.127476 -0.626511 0.777148 -0.749062 -0.144691 -1.82076 1.42669 -0.323542 -1.68715 -2.09347 -4.0061 -4.57584
internal_weight=104384 97915 93962 72542 404 146 72138 17643 54495 3953 3304 2930 1505 1425 21420 13225 11654 1571 8195 3793 4402 6469 3935 1904 2031 1146 2534 2378 928 893
internal_count=104384 97915 93962 72542 404 146 72138 17643 54495 3953 3304 2930 1505 1425 21420 13225 11654 1571 8195 3793 4402 6469 3935 1904 2031 1146 2534 2378 928 893
is_linear=0
shrinkage=0.05


Tree=119
num_leaves=31
num_cat=0
split_feature=6 6 5 4 7 11 9 11 4 6 7 2 10 11 8 4 9 9 6 7 8 4 11 1 11 2 1 11 9 10
split_gain=1.49866e+06 1.71233e+06 4.2023e+06 3.53005e+06 2.66228e+06 2.39549e+06 4.69095e+06 2.33171e+06 2.21734e+06 2.03433e+06 3.98859e+06 3.21953e+06 2.28173e+06 3.45639e+06 1.92444e+06 2.94727e+06 2.65592e+06 1.91168e+06 2.64102e+06 2.56671e+06 1.82746e+06 1.72324e+06 1.62607e+06 1.40373e+06 1.29758e+06 1.21012e+06 1.14484e+06 1.06833e+06 994409 961975
threshold=0.020833333333333339 0.12022727272727275 164.70833333333334 3.5453395061728403 3.2630681818181824 113.61401437796748 0.070083333333333345 236.96908857027941 1.6512500000000003 0.23342592592592595 5.3520833333333346 5.5858000000000017 318.02884615384625 99.462654092432331 293.92708333333343 11.477083333333335 0.13945955882352942 0.11002083333333336 1.3408333333333335 3.8502314814814818 213.02083333333334 2.1554166666666674 276.38051498725684 16.579961976242071 38.592034641495182 5.4121500000000013 11.979972277558968 5.4946598705377818 0.045885416666666672 332.41987179487188
decision_type=2 2 2 2 2 2 2 2 2 2 2 10 2 2 2 2 2 2 2 2 2 2 2 2 2 10 2 2 2 2
left_child=-1 2 4 5 21 6 -4 24 -7 10 12 27 22 -14 15 16 -11 19 -19 -16 -17 29 -3 -9 -6 -23 -5 -12 -13 -2
right_child=1 9 3 26 7 8 -8 23 -10 14 11 28 13 -15 17 20 -18 18 -20 -21 -22 25 -24 -25 -26 -27 -28 -29 -30 -31
leaf_value=-3.3385529310970079 -1.5030966372403316 -0.37592128038441425 -4.4091601107871696 -2.5970237940463039 -1.4141586524599037 1.4828188757235639 2.9017138491734649 -6.3021372348797682 5.4807475846862506 0.52786587573691202 -4.8433909559353543 -10.472363627116856 2.081189569688239 -5.7131375857983553 -3.8312285018333085 -0.51469974150597042 -0.1248309695122649 0.48102828321435259 -1.1670089930712906 -0.75193471691320168 3.1092390757220159 -0.61666245678123444 1.5089896531154339 2.9089800599705091 2.4088058772507837 -6.851687041194527 2.1365477626881431 0.47500396714574011 -4.6287911249100331 7.0607235815184453
leaf_weight=334 522 8424 291 473 292 533 882 169 997 24324 114 81 210 437 781 471 43382 7573 3579 5034 1327 105 1323 54 917 302 174 527 718 34
leaf_count=334 522 8424 291 473 292 533 882 169 997 24324 114 81 210 437 781 471 43382 7573 3579 5034 1327 105 1323 54 917 302 174 527 718 34
internal_value=0.000333439 0.0110833 0.850051 1.99321 -0.749107 2.78711 1.0858 0.617977 4.08989 -0.0379546 -0.652766 -3.11799 -0.310962 -3.18398 0.046192 0.162735 0.109661 -0.4312 -0.0479314 -1.1661 2.16016 -2.78053 -0.119946 -4.06859 1.48507 -5.24861 -1.32267 -0.47692 -5.23355 -0.967665
internal_weight=104384 104050 5745 3350 2395 2703 1173 1432 1530 98305 11834 1440 10394 647 86471 69504 67706 16967 11152 5815 1798 963 9747 223 1209 407 647 641 799 556
internal_count=104384 104050 5745 3350 2395 2703 1173 1432 1530 98305 11834 1440 10394 647 86471 69504 67706 16967 11152 5815 1798 963 9747 223 1209 407 647 641 799 556
is_linear=0
shrinkage=0.05


Tree=120
num_leaves=31
num_cat=1
split_feature=4 0 5 12 0 6 6 4 4 5 10 6 10 2 8 8 0 0 8 1 5 6 1 6 5 8 10 4 5 6
split_gain=1.41119e+06 3.6551e+06 3.05659e+06 2.03687e+06 1.87749e+06 2.53705e+06 1.78744e+06 1.67709e+06 5.36342e+06 2.52685e+07 2.39011e+06 1.72184e+06 2.07218e+06 1.59746e+06 1.47385e+06 1.26898e+06 1.05121e+06 971635 3.80191e+06 1.92515e+06 892283 500082 724186 807899 552006 1.11758e+06 484971 477932 470978 364258
threshold=8.6004166666666695 0.039999907976621146 329.67647058823536 0 7.0572628705318561 3.101666666666667 2.7958333333333338 1.9301515151515154 1.9501515151515154 273.54166666666669 39.958333333333343 0.11348484848484851 217.51543209876544 5.5858000000000017 134.23484848484853 31.015151515151533 19.239955272384645 16.159962429824834 324.70833333333343 14.409960460546442 209.29166666666671 0.50083333333333346 1.0000000180025095e-35 0.21354166666666671 188.37500000000003 33.041666666666679 168.70833333333337 11.477083333333335 178.04166666666671 1.640714285714286
decision_type=2 2 2 1 2 2 2 2 2 2 2 2 2 8 2 2 2 2 2 2 2 2 2 2 2 2 2 2 2 2
left_child=3 20 15 13 -4 16 7 11 9 -9 -10 12 -5 21 -13 29 -6 19 -19 -17 27 22 23 -1 28 -26 -8 -2 -23 -3
right_child=1 2 4 6 5 -7 26 8 10 -11 -12 14 -14 -15 -16 17 -18 18 -20 -21 -22 24 -24 -25 25 -27 -28 -29 -30 -31
leaf_value=-2.5341860652880506 19.848270392241304 -0.49583612885194661 6.0939594118935716 2.4190556540134782 -3.9757410091511609 -20.56450857979911 -0.49908038157449908 -1.7076065684436039 1.0528475090556413 25.450385399059222 0.029161434510854692 0.091554830185342523 -0.92550793940633502 -10.927975888503227 -0.76563601529455283 1.2231667329814087 1.0153390281428309 2.8515099109839706 -12.672587920863455 -0.61123106255787552 3.2071703778982164 -1.1055020862054747 0.25033626443134338 0.10180536637930837 -3.0707675961814926 -0.1649938077833987 -6.7282592515647428 9.7036736120496485 -2.7273321668954127 -4.7530811445675196
leaf_weight=592 26 84 55 1178 476 20 42 312 6373 117 54082 7947 762 37 13588 4674 135 1050 40 2060 24 3069 2698 570 368 3206 123 27 524 125
leaf_count=592 26 84 55 1178 476 20 42 312 6373 117 54082 7947 762 37 13588 4674 135 1050 40 2060 24 3069 2698 570 368 3206 123 27 524 125
internal_value=0.000303872 0.606313 0.509855 -0.0554667 -2.69131 -3.4655 0.0280418 0.038241 0.176672 5.74107 0.137091 -0.32078 1.10556 -0.69338 -0.44932 0.783529 -2.8731 0.886379 2.27072 0.661997 11.382 -0.658051 -0.199164 -1.24216 -0.905135 -0.464966 -5.15524 14.9558 -1.34272 -3.05257
internal_weight=104384 8796 8719 95588 686 631 84524 84359 60884 429 60455 23475 1940 11064 21535 8033 611 7824 1090 6734 77 11027 3860 1162 7167 3574 165 53 3593 209
internal_count=104384 8796 8719 95588 686 631 84524 84359 60884 429 60455 23475 1940 11064 21535 8033 611 7824 1090 6734 77 11027 3860 1162 7167 3574 165 53 3593 209
cat_boundaries=0 1
cat_threshold=4
is_linear=0
shrinkage=0.05


Tree=121
num_leaves=31
num_cat=0
split_feature=8 8 8 7 6 10 11 5 5 5 11 9 8 1 5 8 6 5 11 11 7 5 6 8 1 9 9 1 1 7
split_gain=1.38805e+06 3.25074e+06 3.15008e+06 4.43189e+06 6.71556e+06 4.38682e+06 3.89072e+06 3.66375e+06 3.49227e+06 4.29825e+07 3.07019e+07 3.33825e+06 5.00488e+06 3.64976e+06 3.00939e+06 2.81954e+06 2.65911e+06 2.3136e+06 2.29109e+06 1.00314e+07 6.99696e+06 5.75223e+06 6.58782e+06 5.79093e+06 2.0965e+06 2.06863e+06 1.87508e+06 1.81755e+06 1.02462e+07 2.23148e+06
threshold=67.020833333333357 63.041666666666679 153.04166666666671 4.8506172839506183 0.30015151515151522 89.976562500000014 18.763233794326226 147.37500000000003 273.54166666666669 290.79166666666669 36.972263130544995 0.13335317460317464 80.004629629629633 14.739959380533817 124.79166666666669 84.041666666666671 2.1908333333333343 173.12500000000003 76.622426155062485 73.493986445789304 5.5020833333333341 241.7537878787879 0.1003787878787879 243.76388888888891 0.43999898407208388 0.045885416666666672 0.18500000000000005 18.59995679335022 17.349959723434452 4.6758487654321002
decision_type=2 2 2 2 2 2 2 2 2 2 2 2 2 2 2 2 2 2 2 2 2 2 2 2 2 2 2 2 2 2
left_child=1 16 3 8 17 15 -7 27 11 10 -10 12 -2 -13 -3 -6 -1 25 19 20 -9 23 -23 -20 -21 -5 -19 28 -4 -30
right_child=2 14 7 4 5 6 -8 18 9 -11 -12 13 -14 -15 -16 -17 -18 26 21 24 -22 22 -24 -25 -26 -27 -28 -29 29 -31
leaf_value=-0.1061451727644762 -1.6924347447966253 -0.96304027737065301 -0.6817384796046202 -10.226401871704077 5.8876436690423999 -7.9767382711344599 -0.26365778996322181 -1.3036283351873361 49.34245571997107 0.28271757942561759 4.5289205294929138 -0.51042969463285182 2.6324422219516785 1.8845922274447386 -5.580347954082403 1.2902916222053515 -5.5159855103647564 -4.9539878894515601 2.1206175744332989 -5.227181812835247 0.71164903243623712 5.0859518318988313 -0.38155944809833486 0.019784147727852149 -0.62581554553243857 -1.4089606479889021 -13.136501819694438 2.2882658722297728 -15.722708521242495 -6.7257091238558306
leaf_weight=13623 801 983 14469 72 410 168 5026 6631 81 1144 72 5147 4038 2301 550 1774 230 316 7221 1174 12285 568 17356 6010 314 756 90 468 107 199
leaf_count=13623 801 983 14469 72 410 168 5026 6631 81 1144 72 5147 4038 2301 550 1774 230 316 7221 1174 12285 568 17356 6010 314 756 90 468 107 199
internal_value=0.000288242 -0.43821 0.0761 0.592143 -0.295176 0.276001 -0.514626 -0.0953695 1.15467 3.62127 28.4201 0.894021 1.91634 0.229646 -2.62217 2.15565 -0.196356 -3.70766 0.105969 -0.305877 0.00516212 0.375697 -0.208023 1.16642 -4.25727 -2.18711 -6.79568 -0.776355 -0.873576 -9.9127
internal_weight=104384 15386 88998 22196 8612 7378 5194 66802 13584 1297 153 12287 4839 7448 1533 2184 13853 1234 51559 20404 18916 31155 17924 13231 1488 828 406 15243 14775 306
internal_count=104384 15386 88998 22196 8612 7378 5194 66802 13584 1297 153 12287 4839 7448 1533 2184 13853 1234 51559 20404 18916 31155 17924 13231 1488 828 406 15243 14775 306
is_linear=0
shrinkage=0.05


Tree=122
num_leaves=31
num_cat=0
split_feature=6 6 10 10 0 8 4 6 0 8 4 4 11 8 11 10 0 9 6 5 5 8 8 9 5 11 8 11 8 5
split_gain=1.31655e+06 1.40761e+06 3.70078e+06 5.50141e+06 5.2586e+06 3.04464e+06 4.04578e+06 1.68141e+06 1.78451e+06 2.3098e+06 2.48372e+06 2.27105e+06 1.65452e+06 1.54354e+06 2.58432e+06 5.3802e+06 2.75348e+06 1.70005e+06 2.40852e+06 2.01581e+06 1.45643e+06 1.38384e+06 1.36045e+06 1.33922e+06 1.47686e+06 1.18772e+06 1.17246e+06 923235 826304 733789
threshold=0.020833333333333339 0.12022727272727275 217.51543209876544 243.03906250000003 11.659972996665955 289.89583333333343 3.4251543209876547 0.23342592592592595 0.49999881609046465 324.70833333333343 2.5037500000000006 1.7887500000000001 277.10028313804997 293.92708333333343 43.515947665517395 314.95833333333343 13.101294980980116 0.11002083333333336 1.3408333333333335 332.54166666666669 164.70833333333334 103.04166666666667 211.02500000000003 0.14002083333333337 78.041666666666671 278.99955054364256 190.31250000000003 110.28524329966014 63.041666666666679 274.8522727272728
decision_type=2 2 2 2 2 2 2 2 2 2 2 2 2 2 2 2 2 2 2 2 2 2 2 2 2 2 2 2 2 2
left_child=29 2 5 4 22 6 20 8 9 10 -3 21 -13 14 15 -9 -16 19 -19 -15 -2 -10 -4 24 -5 27 -8 -7 -25 -1
right_child=1 7 3 23 -6 25 26 13 11 -11 -12 12 -14 17 16 -17 -18 18 -20 -21 -22 -23 -24 28 -26 -27 -28 -29 -30 -31
leaf_value=-2.4134572588623322 1.5772315985091607 -0.38448249185916583 -9.4715885637634241 -0.6174480747785055 3.1796066270723489 -1.5381897954466881 1.63007440399985 0.82493027117811268 0.11391765697921974 9.1798260495295896 -2.6220735716041919 0.22100386039426301 2.8162193931151522 -1.4113050891179606 -0.39579733206291534 -2.9764030810047171 0.34758336763041697 0.48140758551404383 -1.0924164269885579 1.5218635460517942 4.4883754816340611 -2.0527966926872563 0.17023506550561818 8.3208359725952139 4.3102231824003834 -5.1337803338674401 -2.7716898543660435 1.7941605100867362 -0.89369662818619156 -10.890160006114414
leaf_weight=307 608 2695 336 254 131 448 257 18559 1320 51 2297 3035 769 5155 26313 979 23653 7573 3579 660 1476 1667 41 24 377 129 365 386 913 27
leaf_count=307 608 2695 336 254 131 448 257 18559 1320 51 2297 3035 769 5155 26313 979 23653 7573 3579 660 1476 1667 41 24 377 129 365 386 913 27
internal_value=0.000270491 0.010346 0.77101 -0.915773 -5.43233 1.72542 2.58441 -0.0341149 -0.593059 -1.30546 -1.4144 -0.0639146 0.746245 0.0423853 0.14676 0.634312 -0.0438944 -0.38516 -0.0237304 -1.07819 3.64023 -1.09557 -8.42532 0.550027 2.32881 -0.688484 -0.953249 0.00441665 -0.649054 -3.12918
internal_weight=104384 104050 5745 2076 508 3669 2706 98305 11834 5043 4992 6791 3804 86471 69504 19538 49966 16967 11152 5815 2084 2987 377 1568 631 963 622 834 937 334
internal_count=104384 104050 5745 2076 508 3669 2706 98305 11834 5043 4992 6791 3804 86471 69504 19538 49966 16967 11152 5815 2084 2987 377 1568 631 963 622 834 937 334
is_linear=0
shrinkage=0.05


Tree=123
num_leaves=31
num_cat=0
split_feature=7 7 10 1 8 1 8 8 11 11 8 11 0 8 7 1 0 0 8 0 10 8 7 5 11 11 11 8 8 8
split_gain=1.38985e+06 1.85878e+06 2.68536e+06 4.41984e+06 3.31831e+06 3.76726e+06 2.70071e+06 6.08183e+06 3.09991e+07 5.35492e+06 7.06897e+06 5.45193e+06 3.44046e+06 2.53703e+06 2.34436e+06 2.00936e+06 1.85472e+06 2.76275e+06 7.53173e+06 3.49038e+06 2.17782e+06 1.81569e+06 2.29501e+06 1.73023e+06 2.38574e+06 3.7267e+06 4.80365e+06 3.36516e+06 3.59848e+06 3.05591e+06
threshold=3.1979166666666674 4.8506172839506183 261.02343750000006 15.439964279945377 298.00980392156868 15.081625393593294 136.5984848484849 80.004629629629633 37.472367610754716 104.05408871323856 224.54166666666671 172.73573143991823 0.51314953863610346 94.01515151515153 4.5756944444444452 19.139955892379763 17.119960333755497 17.999958659530645 122.33854166666669 17.319960113349918 296.29166666666669 76.041666666666671 5.3520833333333346 302.67156862745105 165.12263666090334 149.23024062292276 147.19915526419507 86.0138888888889 50.375000000000007 271.01470588235298
decision_type=2 2 2 2 2 2 2 2 2 2 2 2 2 2 2 2 2 2 2 2 2 2 2 2 2 2 2 2 2 2
left_child=23 2 6 4 5 -4 7 12 -9 10 -8 -11 -2 -5 -6 -15 -3 18 20 -20 -18 22 -19 24 25 26 29 28 -26 -1
right_child=1 16 3 13 14 -7 9 8 -10 11 -12 -13 -14 15 -16 -17 17 21 19 -21 -22 -23 -24 -25 27 -27 -28 -29 -30 -31
leaf_value=0.85522640027611418 -1.7172301866670769 -0.20759421985670184 -0.85013532856947693 5.1453388018441402 1.3701581823073865 -7.7415308500951161 -2.9937901272440204 10.365184364201788 0.50535048952418771 2.2732877025778229 0.63930626956733994 -0.020304603880629841 0.95878362778534787 1.8033252231863639 10.333653809815647 -4.2106916049246257 -2.9239049395740544 2.1779250743240115 2.4323027454482187 16.081206427948818 9.7020522344037889 0.69845212732998618 -6.9973017808777955 2.0338111444141074 6.0151634759488317 5.4251385869713777 -10.756836150969779 -1.4218292165740589 -9.1626546462792078 -2.2789315618315853
leaf_weight=2237 1804 54758 8629 496 834 202 2571 997 3962 4087 2792 7075 3589 779 79 168 233 111 71 139 39 3909 174 538 45 279 111 2218 267 1191
leaf_count=2237 1804 54758 8629 496 834 202 2571 997 3962 4087 2792 7075 3589 779 79 168 233 111 71 139 39 3909 174 538 45 279 111 2218 267 1191
internal_value=0.0002552 0.0487447 0.321541 -0.329388 -0.711895 -1.00863 0.59248 1.22569 2.48935 0.195757 -1.10262 0.819629 0.0634831 2.25223 2.15621 0.733103 -0.125968 0.82975 4.41074 11.5 -1.08464 0.417246 -3.42865 -0.686209 -0.917018 -0.127838 -0.567021 -2.10744 -6.96131 -0.234029
internal_weight=104384 97498 38064 11187 9744 8831 26877 10352 4959 16525 5363 11162 5393 1443 913 947 59434 4676 482 210 272 4194 285 6886 6348 3818 3539 2530 312 3428
internal_count=104384 97498 38064 11187 9744 8831 26877 10352 4959 16525 5363 11162 5393 1443 913 947 59434 4676 482 210 272 4194 285 6886 6348 3818 3539 2530 312 3428
is_linear=0
shrinkage=0.05


Tree=124
num_leaves=31
num_cat=0
split_feature=7 6 5 6 8 5 8 1 10 9 8 6 9 7 2 9 10 6 6 8 8 3 9 5 10 9 7 7 8 8
split_gain=1.25465e+06 2.17498e+06 1.56184e+06 2.06427e+06 1.63108e+06 1.31523e+06 3.52728e+06 2.48942e+06 1.28503e+06 3.54992e+06 3.4248e+06 2.02537e+06 1.84826e+06 1.77721e+06 1.51607e+06 1.20698e+06 1.19842e+06 3.27766e+06 2.48112e+06 4.78576e+06 4.19793e+06 4.12907e+06 5.10276e+06 2.67291e+06 2.40013e+06 3.31121e+06 2.15295e+06 1.27673e+06 1.11675e+06 2.17625e+06
threshold=3.1979166666666674 0.13015151515151518 302.67156862745105 0.26044444444444442 327.70833333333343 283.70833333333343 295.04166666666669 0.022499948315836956 193.54166666666671 0.20836309523809529 157.04166666666671 0.17507575757575761 0.26259803921568631 2.2020833333333338 5.3225500000000006 0.15837500000000004 142.54166666666671 2.9541666666666671 0.48022222222222227 84.041666666666671 230.75833333333335 25250.000000000004 0.27753787878787889 240.62500000000003 180.04166666666671 0.080065789473684243 3.8490740740740743 9.0895833333333353 295.04166666666669 268.04166666666669
decision_type=2 2 2 2 2 2 2 2 2 2 2 2 2 2 10 2 2 2 2 2 2 2 2 2 2 2 2 2 2 2
left_child=2 28 5 4 -4 8 15 -8 9 10 -1 12 -10 -13 -11 -7 18 24 19 23 -21 27 -23 -3 26 -26 -18 -20 29 -2
right_child=1 16 3 -5 -6 6 7 -9 11 14 -12 13 -14 -15 -16 -17 17 -19 21 20 -22 22 -24 -25 25 -27 -28 -29 -30 -31
leaf_value=2.3099125097552986 1.1150952558687495 2.2710381880791153 2.1489834940610368 -3.6195123499818145 10.271116004194084 7.2282046899916255 -1.5204520564912314 -9.8759798194567381 -1.6292472993632228 -4.5154044341947879 -1.9189531021358683 12.744665276820843 -5.9449634442588222 -0.46296425732231139 3.5156018081488121 -1.2510648581186932 -2.943561289314363 -5.9981030490731682 0.081101481200197792 -1.797623384285306 0.16648939586827402 1.4953611922878642 -0.57658985150184427 -2.2901532177881667 -1.2807371954476188 0.19936608439335082 -0.59158052643931558 -1.0098143993456263 -0.71630138931866694 5.1804800564545381
leaf_weight=626 2871 2110 336 127 75 78 165 194 718 63 2025 25 379 1249 737 89 1105 240 14551 5653 5243 12083 3940 378 4272 32664 8099 3287 631 371
leaf_count=626 2871 2110 336 127 75 78 165 194 718 63 2025 25 379 1249 737 89 1105 240 14551 5653 5243 12083 3940 378 4272 32664 8099 3287 631 371
internal_value=0.000255637 0.0463264 -0.651966 1.93231 3.65247 -0.871257 -3.26335 -6.0506 -0.654614 -0.0388038 -0.919864 -1.55053 -3.12434 -0.193991 2.87831 2.72873 -0.00171113 -0.182256 0.175528 -0.400784 -0.852591 0.403329 0.985871 1.57742 -0.151875 0.0281479 -0.874241 -0.119966 1.20728 1.58178
internal_weight=104384 97498 6886 538 411 6348 526 359 5822 3451 2651 2371 1097 1274 800 167 93625 46380 47245 13384 10896 33861 16023 2488 46140 36936 9204 17838 3873 3242
internal_count=104384 97498 6886 538 411 6348 526 359 5822 3451 2651 2371 1097 1274 800 167 93625 46380 47245 13384 10896 33861 16023 2488 46140 36936 9204 17838 3873 3242
is_linear=0
shrinkage=0.05


Tree=125
num_leaves=31
num_cat=1
split_feature=4 0 8 0 4 6 12 6 2 4 4 8 11 0 8 1 6 10 11 9 10 6 9 9 6 9 11 0 1 1
split_gain=1.33211e+06 3.23671e+06 1.63391e+06 3.05963e+06 4.17578e+06 1.71903e+06 1.60965e+06 1.46558e+06 1.44936e+06 1.37332e+06 4.2641e+06 1.59567e+07 2.15559e+06 1.35527e+06 1.84724e+06 1.41042e+06 1.30463e+06 1.60016e+06 1.22798e+06 1.09547e+06 1.57682e+06 1.24935e+06 901886 805144 790511 663078 582698 921435 501181 779224
threshold=8.6004166666666695 0.039999907976621146 324.70833333333343 9.4799780963516245 9.9383333333333344 1.3755555555555559 0 2.7958333333333338 5.5858000000000017 1.9301515151515154 1.9501515151515154 130.01515151515153 248.50768118551136 16.039962506454472 86.0138888888889 14.93995890648227 0.11348484848484851 217.51543209876544 277.10028313804997 0.21924603174603177 116.34166666666668 1.1533823529411766 0.19169117647058828 0.21674479166666671 1.5808333333333338 0.092409844054580914 5.4946598705377818 0.37746196844266089 7.839981741104519 1.0000000180025095e-35
decision_type=2 2 2 2 2 2 1 2 8 2 2 2 2 2 2 2 2 2 2 2 2 2 2 2 2 2 2 2 2 2
left_child=6 22 13 -4 24 -6 8 9 25 16 11 -11 -12 14 23 -16 17 -8 -18 20 -15 -21 -2 -3 -5 28 27 -27 29 -1
right_child=1 2 3 4 5 -7 7 -9 -10 10 12 -13 -14 19 15 -17 18 -19 -20 21 -22 -23 -24 -25 -26 26 -28 -29 -30 -31
leaf_value=-0.056580832983607582 1.7798958396911619 -1.3308541164207459 3.6569628317713736 -1.0395109259964217 -2.3325201736225023 -9.3230540582126604 2.1004622268145932 -4.6731750902847713 -10.369581292052018 18.209365332371352 0.30775216455621901 -1.9629003378951122 -0.35400605388609729 11.270916638672352 0.92057321077016585 -1.2935452177508613 -0.53748798260957631 -0.83857188782326364 0.68709146839077195 5.3607140116986116 2.9346279461351652 0.33786172335495412 13.995074360328809 -6.2433850182994961 5.1075494070228089 -5.0162011286367978 -0.77494025261390309 -0.70900516142827918 -0.48468408199593843 2.5607993696656957
leaf_weight=1072 21 249 199 100 143 231 1178 165 37 150 43258 279 17197 67 5437 828 19245 762 2290 148 351 733 56 125 108 215 5936 293 3125 386
leaf_count=1072 21 249 199 100 143 231 1178 165 37 150 43258 279 17197 67 5437 828 19245 762 2290 148 351 733 56 125 108 215 5936 293 3125 386
internal_value=0.000243218 0.589028 0.498256 -1.68249 -3.51133 -6.66356 -0.0539422 0.020294 -0.621024 0.0295294 0.154798 5.11627 0.119506 0.712999 0.423845 0.627789 -0.295355 0.946218 -0.407242 2.18936 4.29455 1.18678 10.7293 -2.98503 2.16137 -0.587376 -0.914318 -2.53822 -0.127575 0.637638
internal_weight=104384 8796 8719 781 582 374 95588 84524 11064 84359 60884 429 60455 7938 6639 6265 23475 1940 21535 1299 418 881 77 374 208 11027 6444 508 4583 1458
internal_count=104384 8796 8719 781 582 374 95588 84524 11064 84359 60884 429 60455 7938 6639 6265 23475 1940 21535 1299 418 881 77 374 208 11027 6444 508 4583 1458
cat_boundaries=0 1
cat_threshold=4
is_linear=0
shrinkage=0.05


Tree=126
num_leaves=31
num_cat=0
split_feature=8 8 5 8 7 5 11 11 11 5 5 5 11 7 9 0 0 0 8 8 1 7 7 11 0 4 5 1 0 9
split_gain=1.29453e+06 2.90609e+06 2.56124e+06 2.45248e+06 3.81517e+06 4.05872e+06 4.66677e+06 6.92138e+06 6.87501e+06 3.13683e+06 3.03043e+06 3.72286e+07 2.64733e+07 2.88836e+06 2.8144e+06 4.15672e+06 3.23365e+06 2.63171e+06 4.71925e+06 4.00464e+06 4.01316e+06 3.20355e+06 3.13016e+06 3.06743e+06 2.21589e+06 1.87819e+06 3.86796e+06 2.16712e+06 2.11425e+06 1.79091e+06
threshold=67.020833333333357 63.041666666666679 124.79166666666669 153.04166666666671 4.8506172839506183 232.79166666666671 18.763233794326226 18.762557873974824 36.928172484557372 147.37500000000003 273.54166666666669 290.79166666666669 36.972263130544995 5.5020833333333341 0.13335317460317464 19.35995519575501 0.58271998343593412 13.520061420306867 169.04166666666671 299.04166666666669 13.808295406705176 7.601041666666668 4.0011363636363644 199.80677468231644 6.6199846035118117 6.1429166666666672 57.097222222222236 15.739963532234194 12.860829924512387 0.15585416666666668
decision_type=2 2 2 2 2 2 2 2 2 2 2 2 2 2 2 2 2 2 2 2 2 2 2 2 2 2 2 2 2 2
left_child=1 25 -3 4 10 6 7 -6 -8 -5 14 12 -12 24 15 -2 -16 18 22 20 -19 -21 -11 -20 -7 -1 27 -27 -28 -13
right_child=3 2 -4 9 5 13 8 -9 -10 17 11 29 -14 -15 16 -17 -18 19 23 21 -22 -23 -24 -25 -26 26 28 -29 -30 -31
leaf_value=0.023320076991102105 2.1961205101956125 -0.95746847995397888 -5.2172418904997508 -0.70795766502398483 3.3503603167641431 -2.4444731225805478 8.5919785302758704 -11.308735057993633 0.16121603211362065 -1.0159790722543234 45.856016370668641 3.6137126474901273 4.2422068462959706 -0.6664300299925795 -1.3391101928208646 -3.0266453226305305 0.90387428849946105 3.2264512877623925 0.17066001763196195 0.027747592542162171 0.70091247943623003 -3.2169908376115046 -8.551239152191318 -1.0143492824522167 -8.3096596698855105 -0.58536112336255242 -0.78238915022188105 5.6850862213921936 -5.5150991405544287 -0.91728117286748445
leaf_weight=12152 4423 983 550 15243 132 345 250 204 6608 280 81 292 72 770 2344 416 5104 1837 26884 3552 10916 967 271 6852 303 508 379 188 626 852
leaf_count=12152 4423 983 550 15243 132 345 250 204 6608 280 81 292 72 770 2344 416 5104 1837 26884 3552 10916 967 271 6852 303 508 379 188 626 852
internal_value=0.000241532 -0.423227 -2.48817 0.0734549 0.528786 -0.294482 0.187544 -5.55694 0.469758 -0.0778417 1.05071 3.34843 26.4278 -2.73837 0.807909 1.7466 0.197887 0.108457 -0.145082 0.611742 1.06493 -0.667136 -4.73086 -0.0700458 -5.19558 -0.194553 -1.75015 1.1141 -3.73288 0.241373
internal_weight=104384 15386 1533 88998 22196 8612 7194 336 6858 66802 13584 1297 153 1418 12287 4839 7448 51559 34287 17272 12753 4519 551 33736 648 13853 1701 696 1005 1144
internal_count=104384 15386 1533 88998 22196 8612 7194 336 6858 66802 13584 1297 153 1418 12287 4839 7448 51559 34287 17272 12753 4519 551 33736 648 13853 1701 696 1005 1144
is_linear=0
shrinkage=0.05


Tree=127
num_leaves=31
num_cat=0
split_feature=4 0 5 0 6 2 11 0 0 11 6 11 11 6 6 6 8 11 11 6 5 8 8 9 0 9 2 0 5 9
split_gain=1.17838e+06 2.92859e+06 2.39126e+06 1.59937e+06 2.13044e+06 1.43158e+06 1.29979e+06 2.78026e+06 2.5764e+06 5.0609e+06 3.87834e+06 2.65729e+06 3.97978e+06 2.49081e+06 2.18732e+06 3.19004e+06 3.07754e+06 1.7573e+06 1.50187e+06 2.8842e+06 2.61129e+06 1.13091e+06 2.00954e+06 1.7305e+06 1.53137e+06 1.50703e+06 1.47879e+06 893749 858909 812452
threshold=8.6004166666666695 0.039999907976621146 329.67647058823536 7.0572628705318561 3.101666666666667 5.5858000000000017 248.50768118551136 14.011457475470676 9.0573261553144579 38.814310056685947 1.8608333333333336 171.83167905709141 172.73573143991823 1.2754761904761909 0.48022222222222227 0.93984848484848504 243.76388888888891 35.992682306176619 278.99955054364256 1.6808333333333336 20.208333333333339 216.01041666666671 262.0222222222223 0.25531013257575763 15.75996379753113 0.24669270833333337 5.5858000000000017 19.239955272384645 155.04166666666671 0.19169117647058828
decision_type=2 2 2 2 2 10 2 2 2 2 2 2 2 2 2 2 2 2 2 2 2 2 2 2 2 2 10 2 2 2
left_child=5 29 21 -4 27 -1 8 14 11 17 -11 13 -13 -7 16 -16 -8 -10 20 -20 -9 24 23 -23 26 -24 -3 -5 -26 -2
right_child=1 2 3 4 -6 6 7 18 9 10 -12 12 -14 -15 15 -17 -18 -19 19 -21 -22 22 25 -25 28 -27 -28 -29 -30 -31
leaf_value=-0.53162658695361853 1.7045990779183129 -0.29200335083285434 5.7440070836884631 -3.5525093570657749 -18.746684679303851 -0.034952292535293188 -1.2147038159106909 -7.7394968495603482 2.9015698266911727 0.38476689113894708 7.9385651373308761 2.5300744301754805 -0.099520615759556313 -1.1937201770995862 -3.3537987595382135 -0.79738009787892095 2.4500543389754035 7.7233324467508426 0.80784373727388914 -3.7164245127858346 -0.33592146367688214 1.0814402439657804 1.3197408157667989 3.9288162030288691 3.273390734048728 -0.64969848312778122 -4.06915617486841 1.0489946626214421 -0.68065192367407423 13.29921362914537
leaf_weight=13318 21 1007 55 476 20 34490 1424 121 661 14107 171 2372 3655 5357 1714 4234 957 265 7355 369 5018 1303 1992 904 366 1894 348 135 219 56
leaf_count=13318 21 1007 55 476 20 34490 1424 121 661 14107 171 2372 3655 5357 1714 4234 957 265 7355 369 5018 1303 1992 904 366 1894 348 135 219 56
internal_value=0.000240548 0.554009 0.467667 -2.36375 -3.07842 -0.0507224 0.0271326 -0.310257 0.144199 0.708253 0.475785 -0.042757 0.935636 -0.190762 -1.02191 -1.53449 0.258688 4.2883 0.150591 0.591251 -0.511715 0.709728 1.04444 2.249 -0.341519 0.359933 -1.26437 -2.53575 1.79452 10.1995
internal_weight=104384 8796 8719 686 631 95588 82270 21192 61078 15204 14278 45874 6027 39847 8329 5948 2381 926 12863 7724 5139 8033 6093 2207 1940 3886 1355 611 585 77
internal_count=104384 8796 8719 686 631 95588 82270 21192 61078 15204 14278 45874 6027 39847 8329 5948 2381 926 12863 7724 5139 8033 6093 2207 1940 3886 1355 611 585 77
is_linear=0
shrinkage=0.05


Tree=128
num_leaves=31
num_cat=1
split_feature=7 6 11 11 11 5 9 1 5 11 11 11 8 8 8 5 1 11 1 7 8 1 8 5 8 10 6 12 11 8
split_gain=1.28167e+06 1.88553e+06 2.71833e+06 2.04424e+06 1.98698e+06 1.81832e+06 1.51739e+06 1.49397e+06 1.40122e+06 2.18653e+06 3.31989e+06 4.12602e+06 2.92472e+06 3.21306e+06 2.63983e+06 2.30015e+06 1.8982e+06 1.83754e+06 1.54146e+06 1.33857e+06 2.05225e+06 1.32923e+06 1.44614e+06 1.25883e+06 1.23779e+06 1.09725e+06 2.97274e+06 5.07907e+06 1.37255e+07 4.30162e+06
threshold=3.1979166666666674 0.13015151515151518 37.746023660788687 264.84630576242739 36.971814666046562 120.79166666666669 0.21507575757575761 15.859963177536013 302.67156862745105 165.12263666090334 149.23024062292276 147.19915526419507 86.0138888888889 50.375000000000007 271.01470588235298 283.70833333333343 13.359963216895524 172.48958797418496 14.339960514015937 3.8490740740740743 267.04166666666669 15.939963033760074 294.36274509803928 342.04166666666669 295.04166666666669 116.34166666666668 0.54037878787878801 0 20.876902363572629 84.041666666666671
decision_type=2 2 2 2 2 2 2 2 2 2 2 2 2 2 2 2 2 2 2 2 2 2 2 2 2 2 2 1 2 2
left_child=8 2 4 19 -2 7 -7 -5 9 10 11 14 13 -11 -1 17 23 -14 -12 20 -4 22 -18 -10 -17 26 29 28 -28 -3
right_child=1 25 3 5 -6 6 -8 -9 16 12 18 -13 15 -15 -16 24 21 -19 -20 -21 -22 -23 -24 -25 -26 -27 27 -29 -30 -31
leaf_value=0.79531087847904269 0.26437864304297626 1.4828240493791689 -0.023268581947200318 -7.246235138293553 -5.4139327330936995 2.9247933104713937 -4.1665530320191211 2.5318039240927068 5.2409312075175833 5.7298062567088914 6.467177489952995 -9.96948293411306 -4.2806703873712495 -8.611632372799205 -2.1176761673442122 -0.27829538702964779 -0.66319254452107002 -0.20815817526117925 -5.0746982984831845 3.4159721363890001 4.6598265943466091 2.4177576402715739 -13.032421296861438 -1.9867721334452693 -9.1727020226506628 -0.14136613127027994 11.236110461737553 -0.082294999171069402 1.0152200479714668 -0.87353458667005635
leaf_weight=2237 430 2391 935 151 239 289 101 52 296 45 247 111 330 267 1191 55 50 1698 32 1365 311 73 44 75 135 55002 338 15128 10588 10178
leaf_count=2237 430 2391 935 151 239 289 101 52 296 45 247 111 330 267 1191 55 50 1698 32 1365 311 73 44 75 135 55002 338 15128 10588 10178
internal_value=0.000232886 0.0467972 1.12774 1.733 -1.76924 -0.915885 1.08234 -4.74136 -0.658975 -0.86668 -0.111168 -0.525691 -2.00632 -6.53144 -0.217078 -1.36712 1.78884 -0.872631 5.12996 2.33473 1.14842 -2.62719 -6.52933 3.77838 -6.61297 0.00207 0.206332 0.511002 1.33241 -0.425202
internal_weight=104384 97498 3873 3204 669 593 390 203 6886 6348 3818 3539 2530 312 3428 2218 538 2028 279 2611 1246 167 94 371 190 93625 38623 26054 10926 12569
internal_count=104384 97498 3873 3204 669 593 390 203 6886 6348 3818 3539 2530 312 3428 2218 538 2028 279 2611 1246 167 94 371 190 93625 38623 26054 10926 12569
cat_boundaries=0 1
cat_threshold=2
is_linear=0
shrinkage=0.05


Tree=129
num_leaves=31
num_cat=0
split_feature=6 8 8 5 6 6 7 8 7 6 5 5 10 11 5 8 5 5 7 11 8 11 11 10 3 11 10 10 7 8
split_gain=1.1864e+06 1.08503e+06 2.65072e+06 2.60759e+06 2.48454e+06 2.07247e+06 2.27769e+06 2.05984e+06 3.59362e+06 5.77672e+06 3.96419e+06 2.90193e+06 2.74248e+06 6.38317e+06 2.04066e+06 2.99693e+06 1.97813e+06 1.96318e+06 1.78305e+06 1.70017e+06 4.20081e+06 2.98021e+06 1.4465e+06 1.31488e+06 1.24611e+06 1.22231e+06 1.0367e+06 661360 632014 545995
threshold=0.020833333333333339 67.020833333333357 62.041666666666679 124.79166666666669 0.19962121212121217 2.1908333333333343 6.7380681818181829 153.04166666666671 4.8506172839506183 0.30015151515151522 232.79166666666671 147.37500000000003 261.86666666666673 113.26472074577529 174.87500000000003 169.04166666666671 173.12500000000003 85.194444444444471 3.5003787878787884 211.90888241977547 276.03676470588238 162.74490812503146 275.50993669654093 102.77205882352943 25250.000000000004 116.90209583102994 77.547619047619051 45.041666666666671 4.0011363636363644 29.583333333333353
decision_type=2 2 2 2 2 2 2 2 2 2 2 2 2 2 2 2 2 2 2 2 2 2 2 2 2 2 2 2 2 2
left_child=27 2 4 22 25 6 -6 8 12 16 -11 19 13 -3 18 -16 -10 -14 -13 21 -21 -9 23 -4 -5 -2 -26 -1 -24 -7
right_child=1 7 3 24 5 29 -8 11 9 10 -12 14 17 -15 15 -17 -18 -19 -20 20 -22 -23 28 -25 26 -27 -28 -29 -30 -31
leaf_value=-10.065231587727865 1.523892529348293 2.6912521560931446 2.3305602977780873 -1.4235681795690265 -0.7271486229244094 -3.6028178204437875 0.64352275445433627 -0.78864788542073205 -2.0636210921981943 0.75734671984090862 -2.2976067749705762 -2.1577528869104321 -0.86697798606356891 -0.033388636062089791 -3.1867153361310856 0.07075314344789245 -6.3251104163103893 1.1703659571709351 1.4626833714934164 -3.2062166049627083 0.19668991443720185 1.1842600967639771 11.051948685986655 -2.0872828596178445 3.2076952907017304 6.7067855330445312 -6.8046078089223458 -2.2652503846166958 2.3961353020668028 -9.4319981182746169
leaf_weight=29 331 5025 202 200 7546 178 5064 9072 828 6093 1285 371 2660 3756 716 46374 406 2127 3976 1935 1706 2425 27 991 27 173 415 305 89 52
leaf_count=29 331 5025 202 200 7546 178 5064 9072 828 6093 1285 371 2660 3756 716 46374 406 2127 3976 1935 1706 2425 27 991 27 173 415 305 89 52
internal_value=0.000209175 0.00977375 -0.37916 -2.1001 -0.127406 -0.262686 -0.176698 0.0768017 0.494106 -0.304716 0.225036 -0.062232 1.00113 1.52594 0.116853 0.0211568 -3.46969 0.0383261 1.15327 -0.670709 -1.61216 -0.372446 -0.818595 -1.33792 -4.70768 3.31271 -6.18713 -2.97053 4.48813 -4.95587
internal_weight=104384 104050 15295 1951 13344 12840 12610 88755 22180 8612 7378 66575 13568 8781 51437 47090 1234 4787 4347 15138 3641 11497 1309 1193 642 504 442 334 116 230
internal_count=104384 104050 15295 1951 13344 12840 12610 88755 22180 8612 7378 66575 13568 8781 51437 47090 1234 4787 4347 15138 3641 11497 1309 1193 642 504 442 334 116 230
is_linear=0
shrinkage=0.05


Tree=130
num_leaves=31
num_cat=0
split_feature=7 6 11 11 11 5 7 1 6 11 11 6 4 11 1 8 2 6 4 8 4 7 5 10 7 8 4 8 8 11
split_gain=1.12548e+06 1.66567e+06 2.47166e+06 1.82777e+06 1.76968e+06 1.58841e+06 1.42997e+06 1.36223e+06 1.30144e+06 1.34546e+06 1.80259e+06 1.81406e+06 1.35498e+06 2.28857e+06 2.57184e+06 1.8883e+06 2.20506e+06 1.66007e+06 1.25949e+06 1.62012e+06 1.22473e+06 2.42562e+06 1.53796e+06 3.8732e+06 4.50839e+06 2.38556e+06 4.77415e+06 2.96463e+06 2.1415e+06 1.53474e+06
threshold=3.1979166666666674 0.13015151515151518 37.746023660788687 264.84630576242739 36.971814666046562 120.79166666666669 3.7493055555555563 15.859963177536013 0.76060606060606073 50.651647877876762 29.151013328920875 0.30015151515151522 4.967083333333334 278.94763736680397 12.139971875208955 260.04166666666674 7.4989146471023567 0.11348484848484851 3.6579166666666674 86.0138888888889 1.4737500000000001 3.7010416666666672 67.02500000000002 14.031250000000002 4.6002314814814822 70.023148148148167 5.3095833333333351 143.77272727272731 76.041666666666671 172.00503490767841
decision_type=2 2 2 2 2 2 2 2 2 2 2 2 2 2 2 2 10 2 2 2 2 2 2 2 2 2 2 2 2 2
left_child=8 2 4 18 -2 7 -7 -5 9 10 -1 -12 13 17 -15 16 -14 -11 19 -4 21 -3 23 24 -22 26 -24 -27 -25 -23
right_child=1 20 3 5 -6 6 -8 -9 -10 12 11 -13 15 14 -16 -17 -18 -19 -20 -21 22 29 25 28 -26 27 -28 -29 -30 -31
leaf_value=-0.97902863672842466 0.21666201893387155 1.5329786791321096 -1.4444792874956673 -6.8352489468572957 -5.1422386817932129 5.3349403041042391 -1.1057175058916664 2.5006961119849729 9.1412855139900664 -0.72779223445559049 3.7037796743260216 -2.3412574675339686 -0.13437323283913324 7.0039352904881049 -0.30388875491319056 -2.0205490137932967 6.6404073026860662 -2.9011994366458311 -0.58836448536302355 3.0751326496820757 20.084807299709041 -1.0640677018819225 2.7887385709750627e-05 0.049519007483081814 2.6929476959045449 1.061662012017734 -3.1844970030504149 0.12115379951919399 -1.1349593806967311 0.20284973729409508
leaf_weight=829 430 1374 219 151 239 127 263 52 33 1557 581 157 277 143 734 346 211 2018 349 2043 41 8081 5348 8345 335 10149 1508 48020 7030 3394
leaf_count=829 430 1374 219 151 239 127 263 52 33 1557 581 157 277 143 734 346 211 2018 349 2043 41 8081 5348 8345 335 10149 1508 48020 7030 3394
internal_value=0.000188197 0.043823 1.05979 1.63694 -1.70261 -0.867766 0.999892 -4.44322 -0.617548 -0.665868 0.620585 2.41634 -1.04728 -1.39372 0.894309 0.801521 2.80247 -1.9551 2.20591 2.63711 0.00178437 -0.451616 0.0739113 -0.369363 4.63766 0.18129 -0.70078 0.285264 -0.492105 -0.689362
internal_weight=104384 97498 3873 3204 669 593 390 203 6886 6853 1567 738 5286 4452 877 834 488 3575 2611 2262 93625 12849 80776 15751 376 65025 6856 58169 15375 11475
internal_count=104384 97498 3873 3204 669 593 390 203 6886 6853 1567 738 5286 4452 877 834 488 3575 2611 2262 93625 12849 80776 15751 376 65025 6856 58169 15375 11475
is_linear=0
shrinkage=0.05


Tree=131
num_leaves=31
num_cat=0
split_feature=1 1 2 11 11 7 7 7 0 9 1 0 0 1 3 7 2 0 6 11 7 11 11 11 11 6 6 11 9 7
split_gain=1.09778e+06 2.6289e+06 2.03908e+06 1.89975e+06 1.78642e+06 1.62271e+06 1.33933e+06 1.63808e+06 2.0522e+06 2.80216e+06 2.73663e+06 1.90639e+06 3.87577e+06 3.72939e+06 1.48682e+06 5.30855e+06 3.53138e+06 2.48245e+06 1.86138e+06 1.77244e+06 1.65135e+06 1.31005e+06 1.69841e+06 6.48464e+06 3.81343e+06 3.45662e+06 3.27984e+06 3.20852e+06 3.19389e+06 3.36648e+06
threshold=0.73999829899484537 4.559989464361192 7.5239886760711681 172.73666716826514 104.05408871323856 3.998863636363637 4.3002840909090922 3.8261363636363641 9.9403491686412639 0.15837500000000004 11.019974511635423 18.379957119216922 17.319960113349918 19.399954428695683 7250.0000000000009 5.5336309523809533 7.1956784248352061 12.860829924512387 2.8875000000000006 14.407848116095989 8.7562500000000032 278.99955054364256 121.31720883073699 121.56743733502135 116.90209583102994 1.2537500000000004 0.26044444444444442 92.717059551879103 0.099979166666666688 4.2015151515151521
decision_type=2 2 10 2 2 2 2 2 2 2 2 2 2 2 2 2 10 2 2 2 2 2 2 2 2 2 2 2 2 2
left_child=21 2 3 4 5 -2 7 11 9 -9 -10 12 -3 -13 15 19 -17 18 -16 -8 -19 22 24 28 25 26 -1 -27 29 -24
right_child=1 6 -4 -5 -6 -7 14 8 10 -11 -12 13 -14 -15 17 16 -18 20 -20 -21 -22 -23 23 -25 -26 27 -28 -29 -30 -31
leaf_value=-0.78623785657043443 -1.5730258564946351 -0.011101254334073862 -0.87372064666120242 -2.0127306775497589 5.9171967324140402 3.400901810840955 11.148384023860649 2.7567090361228459 9.9977759689870105 -4.2266254452470085 1.2979419773089882 4.4531185823958062 -6.2785261116561024 -2.4230421055848286 -1.3826479157580791 19.152433329264323 1.9020565676106191 0.13093060989134694 5.1406189830281903 -1.7789105311347246 -1.1019726908683907 -1.8092680725768346 8.8347708782335612 0.18718351888883705 -4.0406023034849348 -1.8382853373656809 0.30355179303204816 3.5758259870969269 4.9149002598043889 33.895095567249115
leaf_weight=10113 221 6770 487 177 483 629 26 229 91 382 5266 603 255 292 4696 29 2805 25200 111 1522 3043 1183 40 12355 667 4372 21753 291 273 20
leaf_count=10113 221 6770 487 177 483 629 26 229 91 382 5266 603 255 292 4696 29 2805 25200 111 1522 3043 1183 40 12355 667 4372 21753 291 273 20
internal_value=0.000194813 0.158883 1.93825 2.84514 3.49121 2.10735 0.089606 0.508932 1.13441 -1.60907 1.44757 0.0375266 -0.239464 2.20952 -0.0659815 0.799333 2.08527 -0.180732 -1.23098 -1.55473 -0.00194086 -0.165484 -0.126467 0.373044 -0.296861 -0.228394 -0.0423177 -1.49972 7.24765 17.607
internal_weight=104384 53317 1997 1510 1333 850 51320 13888 5968 611 5357 7920 7025 895 37432 4382 2834 33050 4807 1548 28243 51067 49884 12688 37196 36529 31866 4663 333 60
internal_count=104384 53317 1997 1510 1333 850 51320 13888 5968 611 5357 7920 7025 895 37432 4382 2834 33050 4807 1548 28243 51067 49884 12688 37196 36529 31866 4663 333 60
is_linear=0
shrinkage=0.05


Tree=132
num_leaves=31
num_cat=0
split_feature=4 0 5 0 2 2 7 5 10 11 5 7 5 7 7 9 9 1 4 5 11 11 9 7 9 2 7 7 2 0
split_gain=1.02132e+06 2.56213e+06 2.12394e+06 1.45572e+06 1.18505e+06 1.57967e+06 4.29656e+06 2.83601e+06 1.68243e+06 1.38591e+06 1.37934e+06 2.24106e+06 1.66476e+06 1.06793e+06 1.26519e+06 3.26193e+06 1.00306e+06 964658 1.18712e+06 751890 809287 749589 1.15997e+06 738243 695992 626814 1.80026e+06 534632 960457 1.07011e+06
threshold=8.6004166666666695 0.039999907976621146 329.67647058823536 7.0572628705318561 7.2949045658111578 7.4373547077178968 5.6017857142857155 24.958333333333339 35.541666666666679 6.4627382859028195 36.291666666666664 5.3008928571428582 241.7537878787879 3.6825757575757581 4.0501893939393954 0.30250730994152053 0.23346354166666672 14.099966989433289 12.101666666666668 13.375000000000004 137.12301093660236 263.05597234752685 0.20836309523809529 8.3863425925925945 0.19169117647058828 7.2804038047790538 4.9006944444444454 8.0770833333333361 5.1682500000000013 6.6199846035118117
decision_type=2 2 2 2 10 10 2 2 2 2 2 2 2 2 2 2 2 2 2 2 2 2 2 2 2 8 2 2 10 2
left_child=4 24 13 -4 25 6 19 -8 -9 -7 11 -11 -12 21 15 -15 -16 23 -19 -6 -21 22 -3 -5 -2 27 -27 -1 29 -29
right_child=1 2 3 17 5 9 7 8 -10 10 12 -13 -14 14 16 -17 -18 18 -20 20 -22 -23 -24 -25 -26 26 -28 28 -30 -31
leaf_value=-0.24364408442128821 1.6699875363436611 -1.1953069487432866 5.50147917581456 -4.467037593617774 2.4525107731230289 -6.5908996265903115 12.092242692833857 8.5866667562723169 1.9559267138503493 -0.0071761626777822971 0.25365481802723128 -1.771759910255569 -0.24311839767837673 1.0414265247127588 1.3164238347475168 11.305719021909379 0.096675565994898668 0.69654822316183995 -5.1337101439575648 -0.75797798296859653 5.1709063262939452 -4.2881993439338277 4.3178455481065061 -14.131591893109409 12.406845249334971 1.5771998000007939 -8.6986620757693327 1.4207638069444588 -1.9891527598903591 -0.96769098618748495
leaf_weight=9972 21 612 55 227 248 79 104 117 511 5051 43875 2794 27393 322 3318 101 3425 250 133 1417 59 143 112 21 56 86 83 636 1386 1777
leaf_count=9972 21 612 55 227 248 79 104 117 511 5051 43875 2794 27393 322 3318 101 3425 250 133 1417 59 143 112 21 56 86 83 636 1386 1777
internal_value=0.000226689 0.515772 0.435012 -2.23345 -0.0472186 0.0255269 1.27411 4.4807 3.20297 -0.0132112 -0.00655958 -0.63578 0.0627113 0.663143 0.863681 3.51313 0.696979 -2.9153 -1.33614 -0.0892019 -0.517639 -0.993442 -0.337657 -5.33889 9.53763 -0.473267 -3.49098 -0.435982 -0.940653 -0.337831
internal_weight=104384 8796 8719 686 95588 81648 2456 732 628 79192 79113 7845 71268 8033 7166 423 6743 631 383 1724 1476 867 724 248 77 13940 169 13771 3799 2413
internal_count=104384 8796 8719 686 95588 81648 2456 732 628 79192 79113 7845 71268 8033 7166 423 6743 631 383 1724 1476 867 724 248 77 13940 169 13771 3799 2413
is_linear=0
shrinkage=0.05


Tree=133
num_leaves=31
num_cat=0
split_feature=6 1 1 8 7 2 4 7 8 5 8 8 5 8 6 6 6 6 4 5 2 4 1 6 7 5 8 2 2 0
split_gain=1.06303e+06 980866 2.53342e+06 2.44813e+06 1.47869e+06 1.33482e+06 1.9028e+06 1.32323e+06 2.91882e+06 3.30586e+06 1.64571e+06 1.53742e+06 2.48704e+06 2.12604e+06 1.1078e+06 1.43122e+06 925491 8.63482e+06 3.90536e+06 619684 472002 370825 323725 238001 233897 328784 215886 95283.5 77592.2 81370.5
threshold=0.020833333333333339 0.73999829899484537 4.559989464361192 12.04166666666667 4.276041666666667 7.5239886760711681 4.1604166666666673 4.3002840909090922 161.53125000000003 201.29166666666671 130.01515151515153 10.04166666666667 13.375000000000004 71.0138888888889 2.7958333333333338 2.7004166666666674 0.32007575757575768 0.33992424242424252 2.5854166666666671 276.02272727272731 7.572619390487672 6.6841666666666679 8.529976677823953 1.7008333333333336 3.1979166666666674 74.7638888888889 263.04166666666669 5.2382500000000016 5.5575500000000009 11.659972996665955
decision_type=2 2 2 2 2 10 2 2 2 2 2 2 2 2 2 2 2 2 2 2 10 2 2 2 2 2 2 10 10 2
left_child=19 14 3 4 -3 6 -5 8 10 -10 -4 12 -9 -13 15 16 18 -18 -2 22 -7 -16 24 -6 26 -26 27 -1 -24 -30
right_child=1 2 7 5 23 20 -8 11 9 -11 -12 13 -14 -15 21 -17 17 -19 -20 -21 -22 -23 28 -25 25 -27 -28 -29 29 -31
leaf_value=-1.32351674054122 0.15890480314146804 -16.596535606384311 0.98273453873708361 2.0206422619143782 0.77272501175715158 -2.3393246635170533 6.1404410554628157 14.415998801934093 -1.4007228479670792 0.65325705720186233 3.147885830176758 -1.2146322982427695 1.3722359133632047 0.017217178996466815 -6.219972139549256 7.7140883386854471 6.2106508165437297 -0.095202473700485332 -1.381151629922357 -10.396235760498048 1.2251539090428596 0.11429192927575882 1.8294470436980086 -3.7947941315604981 3.9143102673689527 -3.4243793015252977 -8.9036155335799503 -4.4205148100986911 0.37884244668483735 -3.4157131661610176
leaf_weight=36 10558 20 3867 1052 43 153 382 37 2954 5811 1135 3925 967 32482 99 57 551 32866 6746 24 233 30 40 82 23 41 22 88 39 21
leaf_count=36 10558 20 3867 1052 43 153 382 37 2954 5811 1135 3925 967 32482 99 57 551 32866 6746 24 233 30 40 82 23 41 22 88 39 21
internal_value=0.000225599 0.00927924 0.15953 1.92089 -4.31161 2.41953 3.12162 0.0918653 0.510954 -0.0390601 1.47456 -0.0623659 1.8668 -0.115617 -0.147571 -0.135766 -0.14474 0.00895489 -0.441534 -2.81182 -0.19009 -4.7573 -2.19308 -2.22987 -3.30365 -0.767315 -4.40265 -3.53921 0.148667 -0.983393
internal_weight=104384 104050 53143 1965 145 1820 1434 51178 13767 8765 5002 37411 1004 36407 50907 50778 50721 33417 17304 334 386 129 310 125 210 64 146 124 100 60
internal_count=104384 104050 53143 1965 145 1820 1434 51178 13767 8765 5002 37411 1004 36407 50907 50778 50721 33417 17304 334 386 129 310 125 210 64 146 124 100 60
is_linear=0
shrinkage=0.05


Tree=134
num_leaves=31
num_cat=0
split_feature=4 7 9 0 1 11 11 6 7 11 11 11 4 11 9 0 4 5 6 6 5 6 4 6 0 2 6 6 5 2
split_gain=1.01074e+06 1.20263e+06 3.03668e+06 2.31447e+06 2.37881e+06 2.30596e+06 2.73882e+06 1.95972e+06 1.82247e+06 2.33228e+06 4.65648e+06 3.15975e+06 1.8435e+07 3.00036e+06 2.05766e+06 2.85984e+06 2.50099e+06 2.17742e+06 3.16805e+06 2.33212e+06 1.87022e+06 1.74143e+06 1.60945e+06 1.54679e+06 1.3593e+06 1.21234e+06 1.19872e+06 1.1851e+06 1.18337e+06 1.7085e+06
threshold=1.572916666666667 3.7010416666666672 0.10000000000000003 18.379957119216922 19.55995469728089 214.59360071016866 91.462744940372275 0.60083333333333344 4.8506172839506183 19.020390382422935 18.762557873974824 20.876902363572629 3.987083333333334 18.762716287834049 0.13335317460317464 19.719954595108039 3.286126543209877 145.54166666666671 1.1005882352941179 0.87976190476190497 32.791666666666679 0.09416666666666669 4.8166911764705889 0.76060606060606073 14.079961195165607 7.5910035133361822 0.59850000000000014 0.080833333333333354 183.54166666666671 7.7019032955169688
decision_type=2 2 2 2 2 2 2 2 2 2 2 2 2 2 2 2 2 2 2 2 2 2 2 2 2 10 2 2 2 10
left_child=27 2 5 7 -5 6 23 26 14 10 25 12 -11 -12 15 16 -3 18 -16 -19 -13 -7 -9 -2 -8 -10 -4 -1 29 -29
right_child=1 8 3 4 -6 21 24 22 9 11 13 20 -14 -15 17 -17 -18 19 -20 -21 -22 -23 -24 -25 -26 -27 -28 28 -30 -31
leaf_value=1.4457361510437066 -2.1279377760147944 2.1478461132357909 0.0099743954744085719 5.5403310121882265 -2.2530058236342891 4.8328574696293582 2.5450215785654473 -12.841999043623606 -0.20158676504125675 -0.64643811756674441 -10.417593475062674 -1.3470740995051063 14.072325503983917 -2.3631358814706553 -0.6762542571933885 -3.6739636481406337 0.33613357880832856 1.1066659170761339 7.6281947973039426 -1.1298234941551655 0.085925764592849285 -4.4579555044709602 -2.4539170039013816 8.7987352781584764 -2.8748165806853176 -3.3087015694700628 8.1901431193881571 0.087567334215657239 -0.90562596315319821 -3.6183041401544225
leaf_weight=870 1844 4329 9378 358 134 53 646 41 2839 976 204 2401 271 267 6244 293 3402 6638 116 1413 43708 805 341 32 140 352 44 8378 7545 322
leaf_count=870 1844 4329 9378 358 134 53 646 41 2839 976 204 2401 271 267 6244 293 3402 6638 116 1413 43708 805 341 32 140 352 44 8378 7545 322
internal_value=0.000207684 0.0691106 -0.358849 0.074616 3.41748 -1.6264 -0.899137 -0.0934719 0.149611 -0.0155483 -1.23107 0.0784711 2.56098 -5.86638 0.525172 1.16684 1.35076 0.167837 -0.523613 0.714056 0.0112785 -3.87908 -3.5995 -1.93696 1.57722 -0.545264 0.0490408 -0.35111 -0.447423 -0.049992
internal_weight=104384 87269 13816 10296 492 3520 2662 9804 73453 51018 3662 47356 1247 471 22435 8024 7731 14411 6360 8051 46109 858 382 1876 786 3191 9422 17115 16245 8700
internal_count=104384 87269 13816 10296 492 3520 2662 9804 73453 51018 3662 47356 1247 471 22435 8024 7731 14411 6360 8051 46109 858 382 1876 786 3191 9422 17115 16245 8700
is_linear=0
shrinkage=0.05


Tree=135
num_leaves=31
num_cat=0
split_feature=7 11 8 8 7 11 11 0 10 8 3 8 0 11 1 7 10 1 4 7 10 9 0 11 8 8 0 8 8 1
split_gain=966597 1.2924e+06 2.65006e+06 3.19655e+06 3.13543e+06 2.38301e+06 3.68935e+06 2.03955e+06 1.61637e+06 1.76293e+06 1.55807e+06 1.31235e+06 1.51918e+06 1.23585e+06 1.02081e+06 1.00866e+06 2.15422e+06 3.56294e+06 2.90438e+06 2.75181e+06 2.41327e+06 7.42492e+06 1.03947e+07 4.84801e+06 3.71288e+06 2.57578e+06 2.35467e+06 2.29856e+06 2.08234e+06 1.72034e+06
threshold=3.1979166666666674 171.16656316259125 88.037037037037052 50.375000000000007 2.4520833333333338 149.23024062292276 147.19915526419507 14.899965551673892 65.541666666666671 271.01470588235298 25250.000000000004 288.19607843137265 13.219969405174256 172.48958797418496 15.439964279945377 4.8506172839506183 261.02343750000006 15.439964279945377 3.8670833333333339 4.3511363636363649 213.76562500000003 0.076698717948717979 0.544309263797634 37.746023660788687 12.04166666666667 285.85049019607851 12.679970676902773 94.01515151515153 298.00980392156868 19.139955892379763
decision_type=2 2 2 2 2 2 2 2 2 2 2 2 2 2 2 2 2 2 2 2 2 2 2 2 2 2 2 2 2 2
left_child=1 5 3 -3 -4 6 8 -7 9 -1 -10 13 -13 -6 -5 16 20 18 28 -20 24 23 -23 -22 26 -26 -2 -19 -18 -29
right_child=15 2 4 14 11 7 -8 -9 10 -11 -12 12 -14 -15 -16 -17 17 27 19 -21 21 22 -24 -25 25 -27 -28 29 -30 -31
leaf_value=0.63823758824916399 -11.467650817469867 4.7309919170864294 3.6010758263055695 -6.4726087494854516 -4.3878856839046589 5.7238438042255879 -9.2702095629472652 -4.5052678125591603 -0.81691319283139985 -3.5514290860838074 1.6362009668753541 -0.76261213468468703 -5.4124094924529906 -0.07946374007067733 -14.554799930806062 -0.088065774795685878 -0.50745342628347201 4.7302133745344834 -1.3283746783739352 -5.5619699156709439 -9.4720067322933215 5.1669762724047592 0.47232192165376929 -0.31162462027567739 0.55258404872209566 -0.93382056376976252 -1.3183338434327911 1.5211105212775562 2.1713825463209426 -4.0434764260088905
leaf_weight=435 107 60 341 218 192 284 112 58 1152 592 1475 321 388 1210 48 59434 6735 496 1702 495 236 1714 3774 370 17039 3515 122 779 812 168
leaf_count=435 107 60 341 218 192 284 112 58 1152 592 1475 321 388 1210 48 59434 6735 496 1702 495 236 1714 3774 370 17039 3515 122 779 812 168
internal_value=0.000198025 -0.572277 -1.40505 -5.63332 -0.840817 -0.00891778 -0.372213 3.98099 -0.0970148 -1.77794 0.560551 -1.5597 -3.31126 -0.672201 -7.98012 0.0406358 0.24159 -0.341419 -0.684847 -2.28433 0.48426 1.35913 1.93922 -3.88877 0.227677 0.298356 -6.08985 1.97648 -0.218981 0.530711
internal_weight=104384 6886 2778 326 2452 4108 3766 342 3654 1027 2627 2111 709 1402 266 97498 38064 11187 9744 2197 26877 6094 5488 606 20783 20554 229 1443 7547 947
internal_count=104384 6886 2778 326 2452 4108 3766 342 3654 1027 2627 2111 709 1402 266 97498 38064 11187 9744 2197 26877 6094 5488 606 20783 20554 229 1443 7547 947
is_linear=0
shrinkage=0.05


Tree=136
num_leaves=31
num_cat=0
split_feature=6 4 8 2 9 6 2 6 10 10 0 8 4 9 4 7 8 11 10 8 8 11 10 8 10 10 6 2 0 9
split_gain=982794 947593 2.37688e+06 2.06332e+06 1.10617e+06 1.02506e+06 1.73074e+06 939135 2.53668e+06 4.08019e+06 3.8509e+06 2.17937e+06 3.34117e+06 1.05917e+06 1.00085e+06 1.12517e+06 2.23415e+06 1.30882e+06 1.0893e+06 1.563e+06 1.32127e+06 869978 642683 592389 613497 548784 470012 429577 290290 240184
threshold=0.020833333333333339 11.759166666666667 327.70833333333343 7.6674483060836804 0.15585416666666668 0.93984848484848504 7.4989146471023567 0.12022727272727275 217.51543209876544 243.03906250000003 11.659972996665955 277.04166666666669 3.4251543209876547 0.14002083333333337 1.572916666666667 3.7504629629629638 233.04166666666671 163.48335287219297 39.958333333333343 113.85227272727273 112.44907407407409 278.99955054364256 155.29166666666671 246.01470588235296 316.8397435897437 45.041666666666671 1.3358333333333337 4.8671000000000015 9.2999783966751099 0.085021929824561429
decision_type=2 2 2 10 2 2 10 2 2 2 2 2 2 2 2 2 2 2 2 2 2 2 2 2 2 2 2 10 2 2
left_child=25 7 4 26 23 6 -6 8 11 10 -10 12 -2 -11 15 16 -9 -17 19 -16 -20 -13 -7 24 -3 -1 -4 -25 29 -27
right_child=1 2 3 -5 5 22 -8 14 9 13 -12 21 -14 -15 18 17 -18 -19 20 -21 -22 -23 -24 27 -26 28 -28 -29 -30 -31
leaf_value=-9.1663868052164954 3.2251524216878984 -3.0050333804416058 -2.8275218740463259 3.7184867449760435 3.2897592178601118 2.3502081498877003 14.283335044600747 1.567710182933822 -7.240573433738537 2.0654020737608274 2.6904707659013347 0.1138522738426197 -1.1096465339859669 -0.5891571741738616 1.6770351419200591 -0.95829770977947148 -1.9584731984673773 0.11213654084737168 -0.37689975663816278 0.16169569271653286 0.092852594277520822 -4.0883402577127725 -0.40492884092633324 -5.5224587503346534 5.1307338254268355 -6.4173782416449656 -7.9185531406248773 1.7523680099208414 0.038564970051800769 -2.2330206608080094
leaf_weight=29 1929 218 74 74 198 949 43 1644 377 626 131 1024 577 937 2246 8627 617 4268 21305 7013 50328 139 272 21 25 44 123 265 107 154
leaf_count=29 1929 218 74 74 198 949 43 1644 377 626 131 1024 577 937 2246 8627 617 4268 21305 7013 50328 139 272 21 25 44 123 265 107 154
internal_value=0.00016228 0.00886754 1.02083 -3.36426 1.61909 2.3276 5.30221 -0.0136307 0.607573 -0.791222 -4.67935 1.39714 2.22703 0.474663 -0.0507609 -0.423628 0.605014 -0.604023 0.0191041 0.529421 -0.0468638 -0.391464 1.73662 -0.33974 -2.1504 -2.70368 -6.03015 1.2008 -2.06123 -3.19048
internal_weight=104384 104050 2262 271 1991 1462 241 101788 5740 2071 508 3669 2506 1563 96048 15156 2261 12895 80892 9259 71633 1163 1221 529 243 334 197 286 305 198
internal_count=104384 104050 2262 271 1991 1462 241 101788 5740 2071 508 3669 2506 1563 96048 15156 2261 12895 80892 9259 71633 1163 1221 529 243 334 197 286 305 198
is_linear=0
shrinkage=0.05


Tree=137
num_leaves=31
num_cat=0
split_feature=2 4 4 11 1 7 11 11 11 1 4 7 11 7 11 10 1 10 10 9 2 7 7 4 10 1 4 2 2 10
split_gain=886676 1.1005e+06 950441 1.00494e+06 1.35617e+06 964457 1.37696e+06 1.68167e+06 1.25287e+06 2.90307e+06 1.73113e+06 1.11998e+06 1.73626e+06 4.34711e+06 2.75822e+06 1.67177e+06 2.99852e+06 2.52848e+06 889198 770530 688445 2.77982e+06 2.64653e+06 1.12479e+06 484613 370327 303861 280016 234615 177166
threshold=2.7159958660602572 3.4504166666666669 11.759166666666667 94.363046025397111 14.239960797386468 3.152083333333334 48.245206104620372 29.151013328920875 278.94763736680397 12.899959041984003 4.967083333333334 4.8506172839506183 19.020390382422935 5.0754629629629635 20.876902363572629 261.86666666666673 15.439964279945377 213.76562500000003 152.03125000000003 0.15585416666666668 7.4989146471023567 3.8995370370370375 7.2087121212121223 12.101666666666668 265.42083333333341 14.479954025420803 12.101666666666668 4.9913000000000016 5.5575500000000009 294.66885964912291
decision_type=10 2 2 2 2 2 2 2 2 2 2 2 2 2 2 2 2 2 2 2 10 2 2 2 2 2 2 10 10 2
left_child=1 -1 5 4 19 6 7 24 10 -10 -8 15 13 -13 -14 17 -17 -7 -9 26 25 23 -23 -22 -2 29 -4 -21 -6 -5
right_child=2 -3 3 20 28 11 8 18 9 -11 -12 12 14 -15 -16 16 -18 -19 -20 27 21 22 -24 -25 -26 -27 -28 -29 -30 -31
leaf_value=-1.200571269801749 -1.8521843047815221 -11.259364722285952 -2.0643987470760683 -0.42695192211101879 -1.3094380206221117 0.18934598171421896 -1.8092790241560512 0.039614582862039768 6.0716777157117878 -0.79409169458920237 0.94739029734115909 -7.3315634784408408 2.1885264774537645 -0.67536321199742888 -0.089743507660929894 -0.62644851178650907 1.8325286336469213 1.3453580450900413 3.9169748186415534 8.2428156711374001 5.0586983574991642 -1.1326461266442354 6.8338980080142164 21.177903449846351 1.1083824501254342 -2.8915110863363598 2.3601980822105877 4.3712293514084415 4.0101511906540912 3.1889567499690585
leaf_weight=968 458 27 56 574 211 20435 3435 223 196 704 682 262 1362 3649 52468 9032 1436 6154 438 55 22 495 131 22 197 163 121 351 22 35
leaf_count=968 458 27 56 574 211 20435 3435 223 196 704 682 262 1362 3649 52468 9032 1436 6154 438 55 22 495 131 22 197 163 121 351 22 35
internal_value=0.000148636 -1.48456 0.0144515 1.02878 2.42984 -0.00820573 -0.605554 0.833514 -0.983126 0.706194 -1.3525 0.0317062 -0.105973 -1.12303 -0.0320593 0.24623 -0.288983 0.456945 2.61092 3.71669 0.234803 1.40645 0.542707 13.4099 -0.961414 -0.782539 0.956564 4.91468 -0.792147 -0.214246
internal_weight=104384 995 103389 2258 816 101131 6333 1316 5017 900 4117 94798 57741 3911 53830 37057 10468 26589 661 583 1442 670 626 44 655 772 177 406 233 609
internal_count=104384 995 103389 2258 816 101131 6333 1316 5017 900 4117 94798 57741 3911 53830 37057 10468 26589 661 583 1442 670 626 44 655 772 177 406 233 609
is_linear=0
shrinkage=0.05


Tree=138
num_leaves=31
num_cat=0
split_feature=8 8 10 2 0 9 6 5 8 8 8 11 9 0 10 5 6 6 0 5 6 0 8 11 5 6 6 1 0 11
split_gain=910652 2.19258e+06 2.20637e+06 1.81759e+06 2.26793e+06 2.10549e+06 1.7734e+06 1.7047e+06 1.61802e+06 2.70286e+06 2.29475e+06 1.0002e+07 8.12462e+06 2.58364e+07 4.91722e+06 4.63479e+06 4.37644e+06 6.28937e+06 3.98719e+06 4.42145e+06 3.24718e+06 2.52194e+06 2.09065e+06 2.13738e+06 2.02141e+06 1.88226e+06 4.31097e+06 4.63477e+06 2.38073e+06 1.85176e+06
threshold=67.020833333333357 63.041666666666679 102.77205882352943 5.5180500000000015 15.479964069023135 0.32937500000000008 2.1908333333333343 263.87500000000006 153.04166666666671 169.04166666666671 112.44907407407409 38.592034641495182 0.23261363636363638 0.66598468160432023 33.791666666666679 182.04166666666671 0.55950000000000022 0.17507575757575761 0.49999881609046465 252.70833333333337 0.97068181818181831 0.544309263797634 84.041666666666671 172.73666716826514 147.37500000000003 0.19962121212121217 0.4400617283950618 10.359971439942887 16.099962560829166 76.622426155062485
decision_type=2 2 2 8 2 2 2 2 2 2 2 2 2 2 2 2 2 2 2 2 2 2 2 2 2 2 2 2 2 2
left_child=1 6 -3 -4 5 -5 -1 -6 10 25 14 12 15 -14 22 -12 17 -13 19 -16 -18 -20 -2 -24 -11 -10 27 -27 -28 -26
right_child=8 2 3 4 7 -7 -8 -9 9 24 11 16 13 -15 18 -17 20 -19 21 -21 -22 -23 23 -25 29 26 28 -29 -30 -31
leaf_value=-0.082715940030855792 5.7922726021521598 2.0233901028669381 0.12561521703618414 -7.3946462738513947 5.26038608690705 -2.2082721785647039 -4.5006560012064396 -7.4503312222162883 1.2689104773300715 -0.53002770024029278 5.4393378378334747 2.7824380265097872 56.256828369140628 -3.3182285974888099 -1.9499976519323519 0.49789109559537503 2.707942386404254 -2.3451843052635133 7.2945481395539451 3.5537684619739802 -0.42606781233956942 0.29849290848456894 3.2064232925973211 -3.4077287578513054 -0.2302159950807878 -10.590988088188922 1.9041760057021333 -1.4429465373664532 -3.5908455981991509 0.38693874494884295
leaf_weight=13623 465 262 339 453 98 346 230 35 344 14517 1202 778 29 46 4062 784 1968 2574 130 400 1424 7737 427 170 20300 291 447 264 351 30288
leaf_count=13623 465 262 339 453 98 346 230 35 344 14517 1202 778 29 46 4062 784 1968 2574 130 400 1424 7737 427 170 20300 291 447 264 351 30288
internal_value=0.000160091 -0.355013 -2.14864 -3.00956 -4.14885 -5.15431 -0.156386 1.88479 0.0615659 -0.0613244 0.431408 1.05832 4.10578 20.1545 0.0191444 3.48987 0.126532 -1.15459 -0.262161 -1.45592 1.39251 0.415014 3.28206 1.32044 -0.00996175 -2.03067 -2.86991 -6.24992 -0.51427 0.139287
internal_weight=104384 15386 1533 1271 932 799 13853 133 88998 66802 22196 8805 2061 75 13391 1986 6744 3352 12329 4462 3392 7867 1062 597 65105 1697 1353 555 798 50588
internal_count=104384 15386 1533 1271 932 799 13853 133 88998 66802 22196 8805 2061 75 13391 1986 6744 3352 12329 4462 3392 7867 1062 597 65105 1697 1353 555 798 50588
is_linear=0
shrinkage=0.05


Tree=139
num_leaves=31
num_cat=1
split_feature=6 4 4 5 5 8 4 11 5 5 6 6 4 9 12 9 8 10 11 8 8 6 5 5 5 5 0 0 7 7
split_gain=850407 820362 2.91223e+06 1.68974e+07 2.54304e+07 3.55116e+06 1.16908e+06 1.62181e+06 1.47962e+06 1.11121e+06 1.76605e+06 1.4826e+06 1.35152e+06 1.48526e+06 1.2143e+06 1.07033e+06 1.53863e+06 1.4259e+06 1.3677e+06 1.7361e+06 1.34394e+06 1.27922e+06 872243 519660 499101 335183 311911 263327 205080 189430
threshold=0.020833333333333339 1.9301515151515154 1.9501515151515154 273.54166666666669 283.70833333333343 122.33854166666669 1.9101515151515154 38.592637596107217 211.70833333333337 329.67647058823536 2.8875000000000006 0.31933333333333336 11.759166666666667 0.15585416666666668 0 0.11504166666666669 308.04166666666669 232.36979166666671 104.05408871323856 148.18560606060609 50.375000000000007 2.080833333333334 265.00378787878793 276.02272727272731 272.37009803921575 51.208333333333343 0.25297908095009852 9.2999783966751099 7.538541666666668 3.1979166666666674
decision_type=2 2 2 2 2 2 2 2 2 2 2 2 2 2 1 2 2 2 2 2 2 2 2 2 2 2 2 2 2 2
left_child=23 6 3 22 5 -5 15 8 -8 12 11 -11 14 -14 -4 18 20 -18 19 -2 -17 -20 28 27 -10 -9 -6 29 -3 -1
right_child=1 2 9 4 26 -7 7 25 24 10 -12 -13 13 -15 -16 16 17 -19 21 -21 -22 -23 -24 -25 -26 -27 -28 -29 -30 -31
leaf_value=-3.9261726091520206 0.87956266791587867 -1.4190457934284784 -0.39297109952362835 56.297819620768237 -5.5242490950497718 27.533063347556375 0.081732362412046983 -5.2848285426764656 -11.540599258863011 2.1609641000329765 -11.300904022608048 -0.91820221678791514 -0.75538330335163684 2.2199535296285151 0.16273941868824907 1.2179389808056105 -0.31093681881672275 2.584143977697293 0.77792960108808018 -1.052141287014724 -0.77828950491525539 7.2841287337495135 -9.1591054608481279 -9.4597264984130849 -3.390243515876624 0.44184063628523856 1.7160804295928582 0.17865237851142882 1.9821640242249878 -0.65858815809396598
leaf_weight=147 1855 248 11722 32 21 21 56 28 90 433 38 3942 586 1471 60889 904 982 749 4065 3115 12356 76 34 24 25 214 45 99 53 64
leaf_count=147 1855 248 11722 32 21 21 56 28 90 433 38 3942 586 1471 60889 904 982 749 4065 3115 12356 76 34 24 25 214 45 99 53 64
internal_value=0.000175714 0.00827346 0.0862188 4.07492 20.1747 45.6215 -0.244601 -2.8791 -6.59118 0.0632686 -0.7076 -0.613027 0.108837 1.37238 0.0730237 -0.19934 -0.459087 0.942524 0.228044 -0.33112 -0.642115 0.899069 -1.68713 -2.51497 -9.81333 -0.23975 -0.635653 -1.94861 -0.815565 -2.94286
internal_weight=104384 104050 79535 454 119 53 24515 413 171 79081 4413 4375 74668 2057 72611 24102 14991 1731 9111 4970 13260 4141 335 334 115 242 66 310 301 211
internal_count=104384 104050 79535 454 119 53 24515 413 171 79081 4413 4375 74668 2057 72611 24102 14991 1731 9111 4970 13260 4141 335 334 115 242 66 310 301 211
cat_boundaries=0 1
cat_threshold=4
is_linear=0
shrinkage=0.05


Tree=140
num_leaves=31
num_cat=0
split_feature=7 6 6 5 6 5 6 1 10 10 9 6 6 7 3 6 0 6 10 5 7 7 6 4 4 4 10 5 7 10
split_gain=792975 1.33423e+06 1.04309e+06 938597 1.84685e+06 1.4068e+06 2.53172e+06 1.65529e+06 996030 898958 2.85067e+06 1.65885e+06 881157 3.2688e+06 2.201e+06 1.49874e+06 2.05692e+06 1.16027e+06 1.0887e+06 2.72746e+06 7.9154e+06 2.56468e+06 2.18402e+06 2.0376e+06 876182 873438 1.12255e+06 867367 830876 724017
threshold=3.1979166666666674 0.13015151515151518 0.76060606060606073 303.87500000000006 0.2488333333333333 283.70833333333343 0.11348484848484851 0.022499948315836956 261.86666666666673 193.54166666666671 0.20836309523809529 0.080833333333333354 0.22007575757575762 5.3520833333333346 25250.000000000004 0.17507575757575761 16.219962576889042 0.2191666666666667 116.34166666666668 241.7537878787879 6.0645833333333341 7.2554924242424255 3.2641666666666671 0.5604166666666669 3.4251543209876547 1.9704166666666671 67.541666666666671 164.70833333333334 3.9006944444444449 175.3484848484849
decision_type=2 2 2 2 2 2 2 2 2 2 2 2 2 2 2 2 2 2 2 2 2 2 2 2 2 2 2 2 2 2
left_child=2 24 3 5 8 9 -7 -8 -5 10 -1 -11 13 15 -15 28 -17 -16 19 21 -21 -14 23 -20 25 -2 -27 -28 -3 -24
right_child=1 12 -4 4 -6 6 7 -9 -10 11 -12 -13 18 14 17 16 -18 -19 22 20 -22 -23 29 -25 -26 26 27 -29 -30 -31
leaf_value=-0.77756454256440599 0.53327695118167806 -0.047038923411566826 8.2182731367560002 5.07565613784028 -4.0412730503287806 5.9018553451548765 -0.85209513976612206 -6.9554392497289914 -0.13270045361551297 -3.7688347399722768 2.6266354008965873 -0.55672741710923379 0.95219924778159903 -0.28233534462061433 -3.8820539396241096 -0.94542643692908124 2.8346111393142541 -10.575690735810333 3.286533222591824 -1.5545326728272126 0.95340489816810037 -0.17357933676068019 -0.13580733524786459 -0.11628533521439982 -0.6698017451840359 -0.47375727435567949 1.2502532641659689 4.0492208715284255 1.5408991905121874 -8.3370353317260761
leaf_weight=2647 1724 1677 33 246 115 66 186 276 146 512 800 1859 15490 513 689 4526 390 71 443 6447 6143 7512 36 47964 689 310 467 683 1618 106
leaf_count=2647 1724 1677 33 246 115 66 186 276 146 512 800 1859 15490 513 689 4526 390 71 443 6447 6143 7512 36 47964 689 310 467 683 1618 106
internal_value=0.000185914 0.0368123 -0.518332 -0.561596 1.50666 -0.727047 -3.19579 -4.50541 3.14039 -0.502489 0.0130334 -1.25166 -0.000811936 -0.457673 -2.81413 -0.0920389 -0.645029 -4.52046 0.0506881 0.26074 -0.330863 0.58455 -0.103306 -0.0850769 0.946099 1.29587 2.19538 2.91467 0.732943 -6.27338
internal_weight=104384 97498 6886 6853 507 6346 528 462 392 5818 3447 2371 93625 9484 1273 8211 4916 760 84141 35592 12590 23002 48549 48407 3873 3184 1460 1150 3295 142
internal_count=104384 97498 6886 6853 507 6346 528 462 392 5818 3447 2371 93625 9484 1273 8211 4916 760 84141 35592 12590 23002 48549 48407 3873 3184 1460 1150 3295 142
is_linear=0
shrinkage=0.05


Tree=141
num_leaves=31
num_cat=0
split_feature=8 8 5 4 5 9 1 8 7 5 5 7 8 7 4 5 11 7 7 4 8 9 11 11 5 9 5 1 1 7
split_gain=830533 1.96826e+06 2.06713e+06 1.47867e+06 3.12016e+06 1.86888e+06 1.85378e+06 1.42079e+06 2.79894e+06 3.13114e+06 3.00377e+06 2.93537e+06 2.41718e+06 2.60763e+06 2.16703e+06 2.16194e+06 4.68781e+06 1.17873e+07 3.23828e+06 2.05425e+06 1.98983e+06 5.59753e+06 2.75672e+06 1.97664e+06 1.99531e+06 1.86832e+06 1.80403e+06 1.81538e+06 9.36384e+06 1.71795e+06
threshold=67.020833333333357 62.041666666666679 124.79166666666669 5.9504166666666682 63.341666666666676 0.0791885964912281 15.859963177536013 153.04166666666671 5.2016666666666671 20.208333333333339 173.12500000000003 5.5760416666666677 169.04166666666671 4.1005681818181836 6.4858333333333347 67.02500000000002 43.515947665517395 4.5000771604938281 3.7504629629629638 5.2662500000000012 113.85227272727273 0.17338541666666671 37.746023660788687 106.93991843328517 258.37500000000006 0.0083333333333333367 147.37500000000003 18.59995679335022 17.089960260223396 3.6502840909090915
decision_type=2 2 2 2 2 2 2 2 2 2 2 2 2 2 2 2 2 2 2 2 2 2 2 2 2 2 2 2 2 2
left_child=1 3 -3 -1 6 -6 -5 8 15 11 25 -10 13 23 -12 20 17 -17 -18 -15 21 -2 -22 24 -9 -11 27 28 -14 -28
right_child=7 2 -4 4 5 -7 -8 12 9 10 14 -13 26 19 -16 16 18 -19 -20 -21 22 -23 -24 -25 -26 -27 29 -29 -30 -31
leaf_value=0.083899515262514143 -3.4584403489845159 -0.68164858006078133 -4.1442623231792899 -0.39405282615138026 0.65144168588124463 -4.6140405802342022 5.5008884657224026 0.1136360800266266 -15.763155450158649 -8.8479971237002673 -2.2858717455278681 -1.9606028007516767 -0.41009764159765916 -4.5259835521207128 3.6325041829989781 1.176028389026379 2.2701586244517218 8.2474313017227896 -0.17624594700313725 1.2948300466408602 5.1289101463525881 0.67552060152422266 -0.20637155291033846 2.0818521233751954 -11.223983890593999 0.59916263281838722 -0.58147306826288714 2.7403723076652917 -9.5505399190295837 0.25200968513978189
leaf_weight=11620 1205 1309 642 695 218 738 164 101 62 52 1963 100 13813 849 167 2866 1794 741 5489 184 391 2550 633 501 62 4183 7209 419 285 43379
leaf_count=11620 1205 1309 642 695 218 738 164 101 62 52 1963 100 13813 849 167 2866 1794 741 5489 184 391 2550 633 501 62 4183 7209 419 285 43379
internal_value=0.000173222 -0.339017 -1.82261 -0.123453 -1.45029 -3.4139 0.736489 0.0588157 0.405385 -0.464513 -0.289229 -7.30739 -0.0563417 -1.91871 -1.82036 0.767753 1.15679 2.63062 0.426598 -3.48891 -0.118813 -0.651656 1.83384 0.525669 -4.24095 0.481102 -0.00776929 -0.499076 -0.595542 0.133226
internal_weight=104384 15386 1951 13435 1815 956 859 88998 22196 6527 6365 162 66802 1697 2130 15669 10890 3607 7283 1033 4779 3755 1024 664 163 4235 65105 14517 14098 50588
internal_count=104384 15386 1951 13435 1815 956 859 88998 22196 6527 6365 162 66802 1697 2130 15669 10890 3607 7283 1033 4779 3755 1024 664 163 4235 65105 14517 14098 50588
is_linear=0
shrinkage=0.05


Tree=142
num_leaves=31
num_cat=0
split_feature=2 4 6 6 5 4 11 6 11 4 5 7 6 3 6 10 9 5 5 7 10 7 5 5 7 10 10 4 7 4
split_gain=824533 988093 760127 774121 2.29838e+06 1.90743e+06 1.66299e+06 2.25141e+06 1.46843e+06 933949 919090 4.36511e+06 4.38728e+06 3.70238e+06 2.17893e+06 2.72655e+06 2.6683e+06 503701 468650 220317 182161 115807 132643 104082 97117.8 86616.4 56611.2 35122.4 27528.7 21546.9
threshold=2.7159958660602572 3.4504166666666669 0.020833333333333339 0.12022727272727275 166.29166666666671 3.5453395061728403 267.16028083755992 0.060000000000000005 113.61401437796748 2.5445833333333341 241.7537878787879 6.0001225490196086 0.33992424242424252 25250.000000000004 0.33992424242424252 116.34166666666668 0.068377192982456161 314.76715686274514 276.02272727272731 3.3337121212121219 175.3484848484849 2.4520833333333338 85.194444444444471 80.041666666666671 4.5000771604938281 104.33578431372551 252.03125000000003 2.8004166666666674 3.2267045454545458 1.7675000000000001
decision_type=10 2 2 2 2 2 2 2 2 2 2 2 2 2 2 2 2 2 2 2 2 2 2 2 2 2 2 2 2 2
left_child=1 24 18 4 6 8 7 -4 -6 -8 14 12 -12 -13 16 -16 -5 -7 19 21 -21 25 -23 -22 26 -2 -1 -26 29 -28
right_child=2 -3 3 10 5 17 9 -9 -10 -11 11 13 -14 -15 15 -17 -18 -19 -20 20 23 22 -24 -25 27 -27 28 -29 -30 -31
leaf_value=-1.7496795963807015 -3.0407418711980188 -10.693865494898388 -2.4782573110484343 -1.7821734938789895 0.67490456383248576 -1.4223704302194571 -2.7397870291680619 1.1415712615963751 3.0371497827292506 -10.049780829502986 0.50549782495581241 -0.17054900206449905 -1.1613732945396484 1.4878231058045333 0.71016715408353481 -0.063970151873345357 -0.10203410512898457 4.1259064326503063 -8.9587775085449213 3.9931485889434821 1.6831795656113397 -1.9242195625628455 -5.3029569555867102 -2.7568926083876031 -2.1630274505241247 -0.23617369640505675 0.76517496973910237 -4.7086977649870381 -0.9077657408995603 -1.0519212992668152
leaf_weight=205 47 27 644 2827 1160 588 284 1285 1521 51 5447 9134 14335 5328 20530 25502 14376 43 24 24 20 58 61 35 50 65 46 20 623 24
leaf_count=205 47 27 644 2827 1160 588 284 1285 1521 51 5447 9134 14335 5328 20530 25502 14376 43 24 24 20 58 61 35 50 65 46 20 623 24
internal_value=0.000148088 -1.43159 0.0139406 0.0216702 0.594589 1.43371 -0.633046 -0.0675701 2.0157 -3.87926 -0.0111077 -0.219736 -0.702396 0.440478 0.101873 0.281298 -0.378222 -1.03834 -2.36392 -1.82617 0.449092 -2.60289 -3.68598 -1.14101 -1.16246 -1.42963 -1.02027 -2.94651 -0.802278 0.136059
internal_weight=104384 995 103389 103055 5576 3312 2264 1929 2681 335 97479 34244 19782 14462 63235 46032 17203 631 334 310 79 231 119 55 968 112 898 70 693 70
internal_count=104384 995 103389 103055 5576 3312 2264 1929 2681 335 97479 34244 19782 14462 63235 46032 17203 631 334 310 79 231 119 55 968 112 898 70 693 70
is_linear=0
shrinkage=0.05


Tree=143
num_leaves=31
num_cat=0
split_feature=1 0 7 6 11 5 2 2 2 11 7 4 7 5 1 5 0 7 2 1 11 11 11 7 5 11 11 11 6 7
split_gain=799213 2.28226e+06 2.64429e+06 2.22551e+06 1.45803e+06 2.6164e+06 3.20401e+06 3.21944e+06 2.56635e+06 1.99013e+06 2.25478e+06 1.96023e+06 2.25614e+06 3.07089e+06 2.30164e+06 2.1701e+06 1.66137e+06 1.49173e+06 1.4365e+06 2.82544e+06 1.66478e+06 1.24604e+06 2.52547e+06 5.67566e+06 2.66957e+06 2.70909e+06 2.63189e+06 7.64388e+06 4.86512e+06 4.38706e+06
threshold=0.3199992689446855 0.14001774458882627 4.0501893939393954 0.30688888888888893 175.85592669041588 296.68939393939405 7.334843802452089 7.383930659294129 7.2804038047790538 18.763233794326226 6.0001225490196086 7.2204166666666678 5.0509259259259265 20.208333333333339 9.53997812353599 312.04166666666669 14.859965577217103 5.3008928571428582 7.5703482389450079 0.99999769051669152 88.454092356621871 267.93661157518937 171.83167905709141 3.4503787878787886 81.7638888888889 172.73573143991823 147.19915526419507 143.97753043880303 1.2754761904761909 4.0712121212121222
decision_type=2 2 2 2 2 2 10 10 8 2 2 2 2 2 2 2 2 2 10 2 2 2 2 2 2 2 2 2 2 2
left_child=21 2 3 -2 5 6 8 -8 -3 17 -11 12 14 -14 -6 16 -13 -7 19 20 -4 22 26 -24 -25 -26 27 28 -1 -28
right_child=1 4 18 -5 11 9 7 -9 -10 10 -12 15 13 -15 -16 -17 -18 -19 -20 -21 -22 -23 23 24 25 -27 29 -29 -30 -31
leaf_value=-0.013268299391891503 3.9978386479460677 0.028087730306112547 24.47486998196306 -6.0461204557598762 -4.8774087788491407 12.010980312848091 8.2634886009481896 1.0759657834888656 -7.0195007012636612 -1.9500187773388604 0.28355564932617644 0.19604131174087389 -5.7513591294683479 -0.73369002915927095 0.19175628301020001 -1.2585744476588363 1.9625338765434031 1.4509674571317088 -1.592380978160975 3.5697150705838059 10.087427636648153 -1.3663222022249646 -2.239865662491622 0.24240403064671867 4.9581617424850073 1.5846740848628258 1.4203368074410196 6.7688914505780806 -1.9118450082998912 -3.0552357072273688
leaf_weight=33199 114 9266 28 105 227 49 157 11318 130 2363 2164 2707 313 10593 12531 1238 2618 102 48 160 76 2015 1189 2054 856 1953 770 396 3755 1890
leaf_count=33199 114 9266 28 105 227 49 157 11318 130 2363 2164 2707 313 10593 12531 1238 2618 102 48 160 76 2015 1189 2054 856 1953 770 396 3755 1890
internal_value=0.000118941 0.127959 3.38735 -0.823329 0.0968691 0.374923 0.61447 1.17502 -0.0701565 -0.693724 -0.882496 -0.138157 -0.350205 -0.878211 0.101186 0.626353 1.06473 4.93423 6.33612 7.77825 14.1572 -0.149605 -0.0963509 0.855494 1.61261 2.61409 -0.240347 -0.132102 -0.206235 -1.75963
internal_weight=104384 56307 531 219 55776 25549 20871 11475 9396 4678 4527 30227 23664 10906 12758 6563 5325 151 312 264 104 48077 46062 6052 4863 2809 40010 37350 36954 2660
internal_count=104384 56307 531 219 55776 25549 20871 11475 9396 4678 4527 30227 23664 10906 12758 6563 5325 151 312 264 104 48077 46062 6052 4863 2809 40010 37350 36954 2660
is_linear=0
shrinkage=0.05


Tree=144
num_leaves=31
num_cat=1
split_feature=4 6 5 2 8 6 10 8 5 8 10 0 2 11 11 12 2 11 0 1 11 0 2 5 4 8 6 1 6 0
split_gain=789365 959420 1.0681e+06 1.48352e+06 1.43908e+06 1.02712e+06 1.00249e+06 1.75584e+06 929965 896709 878864 872420 850731 1.23315e+06 838835 822615 2.31135e+06 1.19273e+06 3.55469e+06 3.58045e+06 3.0371e+06 2.65219e+06 1.60723e+06 838099 738498 1.55538e+06 707460 705128 751587 517473
threshold=1.572916666666667 0.080833333333333354 183.54166666666671 7.7019032955169688 317.04166666666669 1.8803571428571433 289.01535087719304 187.04166666666671 241.7537878787879 242.50757575757578 326.00961538461542 19.539954895431521 2.7159958660602572 7.3182521484678587 172.48958797418496 0 5.5858000000000017 172.73573143991823 9.2999783966751099 11.209969343024381 171.83167905709141 0.06023571162254697 7.4373547077178968 130.70833333333337 9.2358333333333338 324.70833333333343 1.4804166666666669 19.263288930679327 1.1991666666666669 14.980364223293687
decision_type=2 2 2 10 2 2 2 2 2 2 2 2 10 2 2 1 10 2 2 2 2 2 10 2 2 2 2 2 2 2
left_child=1 8 3 6 5 10 11 -8 29 -7 -4 -3 13 -2 -10 16 24 18 20 -20 -17 23 -23 -19 -14 -26 -5 28 -6 -1
right_child=12 2 4 26 27 9 7 -9 14 -11 -12 -13 15 -15 -16 17 -18 21 19 -21 -22 22 -24 -25 25 -27 -28 -29 -30 -31
leaf_value=0.099564649278222561 -1.4300896005216375 -0.19509294447153958 -1.0220202549123536 -2.2627735802753648 2.7928482325375086 -1.3096251110689983 4.1906029480743001 0.0058424176616945142 8.2398556505484759 6.2877164883505214 -3.6926591267777078 3.1056951187753565 -0.43224705851073753 -12.634912130282475 0.95515784812438032 -0.0073307822421625106 -9.8286386593182886 -5.744560090674792 3.9217524973867928 0.84470871452895935 2.1835970825454498 4.6793819158182464 -0.046724566212780566 -1.9934755140857641 0.75647093022968459 -2.8244783003983045 -8.461479714427675 -4.1686892737258558 -0.87343695563198342 4.7161603961595846
leaf_weight=646 452 7091 6338 267 477 69 393 689 82 87 323 205 10895 25 76 32766 62 192 1107 6449 1661 180 29373 662 3110 335 55 54 197 66
leaf_count=646 452 7091 6338 267 477 69 393 689 82 87 323 205 10895 25 76 32766 62 192 1107 6449 1661 180 29373 662 3110 335 55 54 197 66
internal_value=0.000134436 -0.310335 -0.396995 -0.0194183 -0.83231 -1.05799 0.108761 1.52829 1.3064 2.94038 -1.15206 -0.101935 0.061026 -2.04256 4.7639 0.0726105 -0.272486 0.14127 0.313991 1.29597 0.0984352 -0.0972079 -0.0177815 -2.84255 -0.230487 0.407531 -3.34449 1.2795 1.72153 0.533529
internal_weight=104384 17115 16245 8700 7545 6817 8378 1082 870 156 6661 7296 87269 477 158 86792 14402 72390 41983 7556 34427 30407 29553 854 14340 3445 322 728 674 712
internal_count=104384 17115 16245 8700 7545 6817 8378 1082 870 156 6661 7296 87269 477 158 86792 14402 72390 41983 7556 34427 30407 29553 854 14340 3445 322 728 674 712
cat_boundaries=0 1
cat_threshold=4
is_linear=0
shrinkage=0.05


Tree=145
num_leaves=31
num_cat=0
split_feature=8 8 10 2 0 6 6 8 8 10 9 10 10 0 9 1 0 6 6 9 6 6 1 0 4 0 1 6 1 4
split_gain=772107 1.73816e+06 1.56946e+06 1.90103e+06 2.21045e+06 2.09622e+06 1.52583e+06 1.2651e+06 2.20214e+06 2.0517e+06 3.62203e+06 2.76646e+06 1.15609e+07 9.82957e+06 3.06949e+06 3.03955e+06 3.33589e+06 2.22856e+06 2.97331e+06 1.83729e+06 1.5534e+06 3.57824e+06 3.95668e+06 2.05054e+06 1.42023e+06 1.3829e+06 2.59762e+06 2.57415e+06 2.00642e+06 5.04333e+06
threshold=67.020833333333357 62.041666666666679 102.77205882352943 7.3608105421066297 15.639963781471254 0.45993827160493833 2.1908333333333343 153.04166666666671 169.04166666666671 88.541666666666671 0.77541666666666687 219.01234567901238 223.54349922839509 0.47463794734305109 0.10000000000000003 1.0000000180025095e-35 0.26004182463998643 0.54037878787878801 0.45993827160493833 0.18005952380952386 0.19962121212121217 0.4400617283950618 10.359971439942887 16.099962560829166 2.5445833333333341 19.019955969009406 19.189955767761234 1.3802380952380955 17.349959723434452 4.2504166666666672
decision_type=2 2 2 8 2 2 2 2 2 2 2 2 2 2 2 2 2 2 2 2 2 2 2 2 2 2 2 2 2 2
left_child=1 6 -3 -4 5 -5 -1 9 20 10 17 15 13 -13 -14 16 -11 18 -2 -17 -9 22 -22 -23 -19 28 27 -27 -10 -30
right_child=7 2 3 4 -6 -7 -8 8 25 11 -12 12 14 -15 -16 19 -18 24 -20 -21 21 23 -24 -25 -26 26 -28 -29 29 -31
leaf_value=-0.053870730728061603 1.2420069604126294 1.4889154931071411 0.021475739076209616 -3.5790580042527531 1.8376976790431863 -10.631771505621614 -4.1529193170339651 1.1678874477897432 -0.027496533864088842 -0.97817929093496048 -8.8014413348208649 18.580523849674531 -1.64627801774866 -0.18455691648692618 0.72694091628019375 1.1376093848564925 -5.0614402536074588 0.36673579867020933 -2.6524762785645124 -1.0983270350600063 -9.6822987263986509 1.7985286878016113 -1.2304164386627809 -3.3012028218280869 3.2490963228656016 3.9707048942480121 -0.20339224592352673 -2.1802258869357729 -5.2704153980590682 6.9765730090048708
leaf_weight=13205 2636 318 558 794 160 121 230 344 61740 2012 88 162 1634 122 8174 2208 665 565 601 1572 291 447 264 351 1757 960 1639 206 458 102
leaf_count=13205 2636 318 558 794 160 121 230 344 61740 2012 88 162 1634 122 8174 2208 665 565 601 1572 291 447 264 351 1757 960 1639 206 458 102
internal_value=0.000120929 -0.326921 -1.7211 -2.34672 -3.57487 -4.52231 -0.124348 0.0566631 -0.0520019 0.383694 1.20654 0.102858 0.619934 10.5471 0.331438 -0.705278 -1.99403 1.36652 0.518337 0.207698 -1.8296 -2.59201 -5.6714 -0.445904 2.54821 -0.00564041 1.08017 2.88306 -0.0545448 -3.03125
internal_weight=104384 15386 1951 1633 1075 915 13435 88998 66802 22196 5647 16549 10092 284 9808 6457 2677 5559 3237 3780 1697 1353 555 798 2322 65105 2805 1166 62300 560
internal_count=104384 15386 1951 1633 1075 915 13435 88998 66802 22196 5647 16549 10092 284 9808 6457 2677 5559 3237 3780 1697 1353 555 798 2322 65105 2805 1166 62300 560
is_linear=0
shrinkage=0.05


Tree=146
num_leaves=31
num_cat=0
split_feature=7 10 10 8 8 4 1 10 10 8 8 5 1 8 7 1 7 1 8 1 6 7 10 8 1 8 8 8 8 8
split_gain=722505 1.0852e+06 2.25243e+06 1.78532e+06 1.78415e+06 1.6998e+06 2.08715e+06 1.82647e+06 1.47089e+06 1.52779e+06 1.43636e+06 1.37731e+06 1.30119e+06 1.21256e+06 1.13606e+06 1.12105e+06 1.03345e+06 1.92169e+06 1.14286e+06 974725 971655 818024 1.67227e+06 1.52859e+06 1.5329e+06 2.39116e+06 1.0428e+06 1.63411e+06 1.26688e+06 857697
threshold=3.152083333333334 65.541666666666671 193.54166666666671 150.9886363636364 324.70833333333343 2.8904166666666673 15.239964407661441 146.29166666666671 254.00781250000003 211.02500000000003 313.04166666666669 78.041666666666671 18.579956991500861 161.53125000000003 2.2020833333333338 2.2199948400125509 2.7520833333333337 13.29996935408783 253.04166666666671 3.7799912001055689 0.13015151515151518 3.8502314814814818 323.85897435897442 281.02083333333343 11.359973712899027 205.02651515151518 264.04166666666669 300.00735294117652 178.04166666666671 253.04166666666671
decision_type=2 2 2 2 2 2 2 2 2 2 2 2 2 2 2 2 2 2 2 2 2 2 2 2 2 2 2 2 2 2
left_child=1 3 5 11 8 7 13 15 9 -4 -10 -1 -13 -7 -9 -3 17 19 -19 -5 21 22 26 24 25 -23 28 -28 -2 -26
right_child=20 2 4 16 -6 6 -8 14 10 -11 -12 12 -14 -15 -16 -17 -18 18 -20 -21 -22 23 -24 -25 29 -27 27 -29 -30 -31
leaf_value=-3.2480801985406469 0.87962470711333351 3.4243529670309161 -4.9534980280451526 -1.4748684322198045 4.0190717037724459 5.2110890450677676 -3.8364849064855258 0.96433280701523261 -0.10181823584968817 -0.8891016494772972 -6.8760320328229882 4.3630520294441615 -6.5024167959151731 0.23889237265402921 6.4807743949851986 -1.4998742820124527 -4.3706879345427705 0.78989297005865311 14.236333539814787 -7.0156591973172304 0.0016096515968531833 1.3583953279480339 8.5949680433954523 -0.95581594012873572 -0.16011753588334651 6.5355911694041326 4.6849558096850572 -1.2702153164450474 -2.1059082152867505 7.5066066135504306
leaf_weight=116 620 193 490 682 156 142 294 131 1368 438 82 254 30 861 327 285 468 35 28 89 93962 519 55 475 564 391 245 216 830 38
leaf_count=116 620 193 490 682 156 142 294 131 1368 438 82 254 30 861 327 285 468 35 28 89 93962 519 55 475 564 391 245 216 830 38
internal_value=0.000106164 -0.511627 -0.124557 -1.59503 -1.14461 1.03299 -0.13917 2.65566 -1.48491 -3.0382 -0.48939 1.32411 3.19649 0.947327 4.90848 0.491347 -2.49218 -1.43407 6.89523 -2.12273 0.0339201 0.801736 0.0785042 1.51692 2.29386 3.58762 -0.17097 1.89796 -0.829606 0.335466
internal_weight=104384 6469 4767 1702 2534 2233 1297 936 2378 928 1450 400 284 1003 458 478 1302 834 63 771 97915 3953 1966 1987 1512 910 1911 461 1450 602
internal_count=104384 6469 4767 1702 2534 2233 1297 936 2378 928 1450 400 284 1003 458 478 1302 834 63 771 97915 3953 1966 1987 1512 910 1911 461 1450 602
is_linear=0
shrinkage=0.05


Tree=147
num_leaves=31
num_cat=1
split_feature=2 4 7 11 11 6 4 11 0 6 6 11 11 9 11 7 8 8 10 8 8 11 12 0 7 8 11 7 2 9
split_gain=722175 836352 671139 1.0421e+06 1.22446e+06 1.20154e+06 1.17962e+06 1.69599e+06 2.09553e+06 1.44522e+06 928393 1.48513e+06 1.81255e+06 1.5527e+06 1.42726e+06 1.02006e+06 773676 711380 781333 700903 2.51816e+06 4.87593e+06 1.82856e+06 2.59799e+06 1.72733e+06 1.48896e+06 677294 666534 506101 423189
threshold=2.7159958660602572 3.4504166666666669 3.152083333333334 48.245206104620372 29.151013328920875 0.28083333333333343 4.967083333333334 278.94763736680397 13.038104330365876 0.11348484848484851 0.13015151515151518 37.746023660788687 267.16028083755992 0.21343750000000003 36.898829917399304 3.8490740740740743 313.04166666666669 148.18560606060609 224.98302469135805 67.020833333333357 84.041666666666671 38.592034641495182 0 8.4677270478442779 6.0415441176470592 112.44907407407409 31.349641664846903 3.5511363636363642 7.4989146471023567 0.5804166666666668
decision_type=10 2 2 2 2 2 2 2 2 2 2 2 2 2 2 2 2 2 2 2 2 2 1 2 2 2 2 2 10 2
left_child=1 -1 3 4 28 16 7 9 -9 -5 11 14 15 -14 26 -13 -6 -8 -19 22 21 -21 23 -12 -24 -22 -4 -16 -2 -30
right_child=2 -3 10 6 5 -7 17 8 -10 -11 19 12 13 -15 27 -17 -18 18 -20 20 25 -23 24 -25 -26 -27 -28 -29 29 -31
leaf_value=-1.0921857955513603 0.33611802552050224 -9.8613612213730804 0.20992511078613463 -0.48141645917790998 2.5926350822912911 -1.8258327569834334 7.6384092859845412 5.6629440689318713 -0.4317290403424231 -2.5457481589917266 -0.15799461579826246 0.77044940486962388 0.42043003854911193 -5.0743980820340084 3.4440016307654204 2.7243108067338953 8.1240399327793646 -0.18664703697684004 3.8151992225257403 -0.33477144069231118 -0.73257964958206689 2.7053698736877934 -0.44866833123103728 2.5550279052336342 -2.3499041606708051 0.065991089068491285 8.996761875152588 -4.8567491941782652 -3.2293313130198076 3.1078839594523116
leaf_weight=968 408 27 255 1525 451 140 37 179 651 1910 7182 1304 421 184 26 1371 73 601 152 2743 6390 2539 4311 1005 1652 67346 23 255 226 29
leaf_count=968 408 27 255 1525 451 140 37 179 651 1910 7182 1304 421 184 26 1371 73 601 152 2743 6390 2539 4311 1005 1652 67346 23 255 226 29
internal_value=0.000112366 -1.33981 0.0130205 -0.483602 0.762999 2.27911 -0.810938 -1.13965 0.887891 -1.62968 0.0456975 0.807601 1.21361 -1.25633 -1.57261 1.77249 3.37725 0.962862 0.625145 0.0142948 0.0723295 1.12683 -0.309771 0.175315 -0.975697 -0.00322239 0.966552 -4.0792 -0.756535 -2.49928
internal_weight=104384 995 103389 6382 1327 664 5055 4265 830 3435 97007 3839 3280 605 559 2675 524 790 753 93168 79018 5282 14150 8187 5963 73736 278 281 663 255
internal_count=104384 995 103389 6382 1327 664 5055 4265 830 3435 97007 3839 3280 605 559 2675 524 790 753 93168 79018 5282 14150 8187 5963 73736 278 281 663 255
cat_boundaries=0 1
cat_threshold=1
is_linear=0
shrinkage=0.05


Tree=148
num_leaves=31
num_cat=0
split_feature=4 5 5 10 0 3 9 0 3 11 5 9 10 11 11 5 10 8 4 9 8 9 10 9 10 10 10 2 8 5
split_gain=697078 849250 912058 3.16757e+06 1.78076e+06 3.03783e+06 1.62985e+06 2.54648e+06 2.18151e+06 1.39038e+06 3.7839e+06 6.5016e+06 5.4087e+06 2.78106e+06 5.72591e+06 3.79194e+06 874584 837437 864146 764221 645544 640386 1.13802e+06 1.12809e+06 1.07536e+06 1.17336e+06 1.22763e+06 968233 791682 1.17969e+06
threshold=1.6304166666666668 351.87500000000006 67.02500000000002 14.031250000000002 14.500664368361599 25250.000000000004 0.28336257309941532 16.039962506454472 25250.000000000004 43.515947665517395 120.79166666666669 0.16008333333333338 223.54349922839509 76.622426155062485 73.493986445789304 241.7537878787879 138.70833333333337 28.507575757575754 12.687500000000002 0.12467399691358026 313.04166666666669 0.1141885964912281 52.539473684210535 0.20836309523809529 329.00961538461542 314.95833333333343 312.00438596491233 7.4714433431625373 308.04166666666669 212.95833333333337
decision_type=2 2 2 2 2 2 2 2 2 2 2 2 2 2 2 2 2 2 2 2 2 2 2 2 2 2 2 10 2 2
left_child=21 2 3 4 5 -2 8 -8 -5 10 12 -12 -4 14 -11 -15 20 -18 19 -19 -3 24 23 -23 25 26 -1 -25 29 -24
right_child=1 16 9 6 -6 -7 7 -9 -10 13 11 -13 -14 15 -16 -17 17 18 -20 -21 -22 22 28 27 -26 -27 -28 -29 -30 -31
leaf_value=0.10917887501915367 0.74695352074249777 -0.21064472421484803 4.2092185776866975 0.12714876305016262 -1.8298403327573429 11.322464011368567 -0.057415496789494806 3.2702425098287038 -1.326139368237051 -0.24022543496637896 -0.73309556277076771 1.447799681955757 -1.1186775091935768 0.587964997498724 -3.813212557545949 -0.3555813933000721 3.1810388255653095 -5.3719354272344315 -10.84553291782256 -1.4040350222964935 5.6642446726389597 -3.2161633811458099 -0.061272224736253184 7.8423736617300239 4.9720899799761469 -3.0060569870428715 11.43756373902162 -0.70579410012407195 0.83162235540199103 -1.2562043573645967
leaf_weight=6773 128 200 1483 4423 87 144 4754 653 6203 7387 7506 6272 701 25606 1321 18227 66 156 30 540 60 720 5491 35 110 307 23 414 1254 3310
leaf_count=6773 128 200 1483 4423 87 144 4754 653 6203 7387 7506 6272 701 25606 1321 18227 66 156 30 540 60 720 5491 35 110 307 23 414 1254 3310
internal_value=0.000116116 0.0599613 0.0774647 -0.257551 4.3808 6.36674 -0.361677 0.344993 -0.721263 0.157633 0.566301 0.259721 2.49939 0.0334706 -0.782622 0.195612 -1.35127 -2.17663 -2.6674 -2.29983 1.16159 -0.278849 -0.51506 -1.99097 0.0887331 0.0124175 0.149196 -0.023498 -0.343289 -0.510771
internal_weight=104384 85947 84895 16392 359 272 16033 5407 10626 68503 15962 13778 2184 52541 8708 43833 1052 792 726 696 260 18437 11224 1169 7213 7103 6796 449 10055 8801
internal_count=104384 85947 84895 16392 359 272 16033 5407 10626 68503 15962 13778 2184 52541 8708 43833 1052 792 726 696 260 18437 11224 1169 7213 7103 6796 449 10055 8801
is_linear=0
shrinkage=0.05


Tree=149
num_leaves=31
num_cat=1
split_feature=4 0 8 0 4 6 0 1 0 9 1 8 6 10 0 1 8 0 8 8 10 8 8 8 8 6 12 6 2 2
split_gain=649938 1.94509e+06 932920 2.18486e+06 3.25309e+06 1.31607e+06 1.03042e+06 1.32215e+06 2.68523e+06 2.00991e+06 1.03796e+06 1.49508e+06 787191 3.67286e+06 3.12261e+06 1.54961e+06 4.59439e+06 2.097e+06 1.95892e+06 1.76872e+06 945795 2.95098e+06 2.93887e+06 934979 905846 694665 674021 854346 5.92684e+06 967742
threshold=8.6004166666666695 0.039999907976621146 324.70833333333343 9.4799780963516245 9.9383333333333344 1.3755555555555559 16.159962429824834 14.409960460546442 14.859965577217103 0.50041666666666684 17.19995954115296 301.04166666666669 1.4384523809523813 305.86184210526318 0.41020757687583559 1.0000000180025095e-35 242.50757575757578 1.0000000180025095e-35 185.37500000000003 294.36274509803928 333.02884615384625 236.04166666666671 268.04166666666669 311.04166666666669 178.04166666666671 1.5808333333333338 0 1.1005882352941179 7.3140944242477426 7.7019032955169688
decision_type=2 2 2 2 2 2 2 2 2 2 2 2 2 2 2 2 2 2 2 2 2 2 2 2 2 2 1 2 8 10
left_child=12 -2 6 -4 25 -6 7 8 -3 -9 11 -8 20 15 24 16 18 -17 -14 -18 26 -22 -23 -19 -15 -5 -1 29 -29 -28
right_child=1 2 3 4 5 -7 10 9 -10 -11 -12 -13 13 14 -16 17 19 23 -20 -21 21 22 -24 -25 -26 -27 27 28 -30 -31
leaf_value=-0.37432457353011417 8.2721433123869783 0.49616745545978075 3.204977064347267 -0.84794201462575713 -1.8469927168637512 -7.9615032447553409 2.4574471650074043 -0.43998831920900816 7.067221932500046 -7.5767545109012957 0.60017449253182098 10.244106488029162 4.2868038810510187 -2.1422637842178349 -1.1015493136208789 15.435405727568128 2.3592758770634257 -0.088334565234924695 -4.7612818138038406 -2.1386886166247194 0.5990709842845473 -8.4785568325208587 -0.83495317443724604 -1.3515032293492293 7.9200546028060419 4.9153054372542497 0.049966050100090829 25.376525065104168 0.49253450058869491 -1.3639776765022598
leaf_weight=9030 77 4537 199 100 143 231 438 1923 160 103 706 71 63 24 194 20 573 6234 968 352 780 229 278 1914 266 108 65269 23 8139 1232
leaf_count=9030 77 4537 199 100 143 231 438 1923 160 103 706 71 63 24 194 20 573 6234 968 352 780 229 278 1914 266 108 65269 23 8139 1232
internal_value=0.000119975 0.411385 0.341023 -1.3068 -2.85234 -5.63478 0.503292 0.260991 0.721464 -0.806376 1.8427 3.56157 -0.0377284 -0.443823 3.80677 -0.647389 -1.91112 -0.344565 -4.20477 0.647151 0.0129687 -1.33163 -4.29729 -0.385188 7.08279 2.15369 0.0336612 0.0830088 0.565757 0.0237511
internal_weight=104384 8796 8719 781 582 374 7938 6723 4697 2026 1215 509 95588 10608 484 10124 1956 8168 1031 925 84980 1287 507 8148 290 208 83693 74663 8162 66501
internal_count=104384 8796 8719 781 582 374 7938 6723 4697 2026 1215 509 95588 10608 484 10124 1956 8168 1031 925 84980 1287 507 8148 290 208 83693 74663 8162 66501
cat_boundaries=0 1
cat_threshold=4
is_linear=0
shrinkage=0.05


end of trees

feature_importances:
water_depth_m=576
stw_kn=543
wave_direction_deg=536
wave_period_s=503
wave_height_m=447
sog_kn=443
wind_speed_ms=342
wind_direction_deg=326
current_speed_ms=224
current_direction_deg=209
draft_m=199
displacement_t=110
vessel_type=40
fuel_type=2

parameters:
[boosting: gbdt]
[objective: regression]
[metric: l2]
[tree_learner: serial]
[device_type: cpu]
[data_sample_strategy: bagging]
[data: ]
[valid: ]
[num_iterations: 150]
[learning_rate: 0.05]
[num_leaves: 31]
[num_threads: 20]
[seed: 42]
[deterministic: 0]
[force_col_wise: 0]
[force_row_wise: 0]
[histogram_pool_size: -1]
[max_depth: 6]
[min_data_in_leaf: 20]
[min_sum_hessian_in_leaf: 0.001]
[bagging_fraction: 0.8]
[pos_bagging_fraction: 1]
[neg_bagging_fraction: 1]
[bagging_freq: 0]
[bagging_seed: 400]
[bagging_by_query: 0]
[feature_fraction: 0.8]
[feature_fraction_bynode: 1]
[feature_fraction_seed: 30056]
[extra_trees: 0]
[extra_seed: 12879]
[early_stopping_round: 0]
[early_stopping_min_delta: 0]
[first_metric_only: 0]
[max_delta_step: 0]
[lambda_l1: 0.1]
[lambda_l2: 1]
[linear_lambda: 0]
[min_gain_to_split: 0]
[drop_rate: 0.1]
[max_drop: 50]
[skip_drop: 0.5]
[xgboost_dart_mode: 0]
[uniform_drop: 0]
[drop_seed: 17869]
[top_rate: 0.2]
[other_rate: 0.1]
[min_data_per_group: 100]
[max_cat_threshold: 32]
[cat_l2: 10]
[cat_smooth: 10]
[max_cat_to_onehot: 4]
[top_k: 20]
[monotone_constraints: ]
[monotone_constraints_method: basic]
[monotone_penalty: 0]
[feature_contri: ]
[forcedsplits_filename: ]
[refit_decay_rate: 0.9]
[cegb_tradeoff: 1]
[cegb_penalty_split: 0]
[cegb_penalty_feature_lazy: ]
[cegb_penalty_feature_coupled: ]
[path_smooth: 0]
[interaction_constraints: ]
[verbosity: -1]
[saved_feature_importance_type: 0]
[use_quantized_grad: 0]
[num_grad_quant_bins: 4]
[quant_train_renew_leaf: 0]
[stochastic_rounding: 1]
[linear_tree: 0]
[max_bin: 255]
[max_bin_by_feature: ]
[min_data_in_bin: 3]
[bin_construct_sample_cnt: 200000]
[data_random_seed: 175]
[is_enable_sparse: 1]
[enable_bundle: 1]
[use_missing: 1]
[zero_as_missing: 0]
[feature_pre_filter: 1]
[pre_partition: 0]
[two_round: 0]
[header: 0]
[label_column: ]
[weight_column: ]
[group_column: ]
[ignore_column: ]
[categorical_feature: 12,13]
[forcedbins_filename: ]
[precise_float_parser: 0]
[parser_config_file: ]
[objective_seed: 16083]
[num_class: 1]
[is_unbalance: 0]
[scale_pos_weight: 1]
[sigmoid: 1]
[boost_from_average: 1]
[reg_sqrt: 0]
[alpha: 0.9]
[fair_c: 1]
[poisson_max_delta_step: 0.7]
[tweedie_variance_power: 1.5]
[lambdarank_truncation_level: 30]
[lambdarank_norm: 1]
[label_gain: ]
[lambdarank_position_bias_regularization: 0]
[eval_at: ]
[multi_error_top_k: 1]
[auc_mu_weights: ]
[num_machines: 1]
[local_listen_port: 12400]
[time_out: 120]
[machine_list_filename: ]
[machines: ]
[gpu_platform_id: -1]
[gpu_device_id: -1]
[gpu_device_id_list: ]
[gpu_use_dp: 0]
[num_gpu: 1]

end of parameters

pandas_categorical:[["offshore_supply", "passenger_cruise", "passenger_cruise_small"], ["mgo", "vlsfo"]]
