tree
version=v4
num_class=1
num_tree_per_iteration=1
label_index=0
max_feature_idx=5
objective=regression
feature_names=stw_kn sog_kn draft_m wave_height_m water_depth_m fuel_type
feature_infos=[0:21.179951067474363] [0:21.079950575195312] [2.6725511074066164:7.8314468860626221] [0.02:5.7000000000000002] [5:342.84183738607629] -1:1:0
tree_sizes=2881 2930 2942 2947 2915 2954 2917 2941 2942 2934 2939 2947 2919 2939 2949 2932 2944 2940 2938 2937 2938 2926 2930 2943 2928 2917 2941 2954 2956 2901 2922 2928 2930 2953 2931 2944 2920 2948 2947 2944 2946 2954 2943 2911 2951 2950 2938 2961 2927 2931 2923 2929 2966 2932 2956 2941 2929 2939 2944 2935 2950 2935 2919 2965 2911 2930 2947 2940 2966 2938 2953 2930 2958 2946 2960 2979 2938 2920 2895 2956 2906 2949 2935 2939 2928 2934 2946 2943 2953 2974 2906 2916 2906 2958 2942 2938 2927 2962 2921 2923 2955 2896 2918 2893 2904 2927 2935 2887 2867 2880 2902 2905 2901 2904 2885 2890 2874 2954 2905 2852 2940 2812 2768 2882 2862 2864 2905 2901 2827 2874 2742 2880 2868 2804 2881 2859 2704 2824 2876 2897 2908 2813 2750 2622 2847 2836 2866 2866 2949 2343

Tree=0
num_leaves=31
num_cat=2
split_feature=0 2 5 0 0 2 0 0 0 4 3 4 2 0 0 0 0 4 0 3 3 0 5 4 4 4 3 4 0 2
split_gain=6.06508e+10 1.3291e+10 1.64203e+10 8.7196e+09 5.91908e+09 2.92148e+09 6.77611e+08 5.97467e+08 3.76986e+08 3.21256e+08 8.61933e+08 2.25542e+08 1.5429e+08 2.1789e+08 1.27705e+08 1.16939e+08 1.13628e+08 1.601e+08 9.20074e+07 5.70152e+07 4.69756e+07 4.20844e+07 3.77891e+07 3.56998e+07 3.29884e+07 1.67878e+08 3.2243e+07 2.96361e+07 2.47897e+07 2.34623e+07
threshold=15.290764050833879 7.3691513538360605 0 17.999958659530645 1.3104587225019639 7.4989146471023567 14.011457475470676 6.1068796667851233 19.019955969009406 20.876902363572629 0.76060606060606073 32.539182051599006 5.5858000000000017 7.9612387325791962 12.579970740760805 0.44520146530287003 9.4799780963516245 116.90209583102994 16.159962429824834 3.101666666666667 1.6008333333333338 2.0571301421804313 1 55.257111901761021 276.38051498725684 277.10028313804997 0.64854166666666679 63.31877527050807 13.480209602494101 7.5239886760711681
decision_type=2 10 1 2 2 10 2 2 2 2 2 2 10 2 2 2 2 2 2 2 2 2 1 2 2 2 2 2 2 10
left_child=1 12 4 5 9 -2 14 11 24 10 -3 26 21 -14 -6 -11 29 -18 -7 -8 -10 -1 -15 -13 -5 -26 -4 -24 -23 -9
right_child=3 2 7 8 6 18 19 16 20 15 -12 23 13 22 -16 -17 17 -19 -20 -21 -22 28 27 -25 25 -27 -28 -29 -30 -31
leaf_value=1231.8446570532112 1236.4341011247577 1291.9533473565748 1234.6282181185277 1398.0760532031336 1311.7981505173336 1346.5917030873961 1337.2510016820734 1258.662141528622 1422.649850367706 1284.9946798211697 1385.3516360307535 1252.1233798997703 1237.4228771566154 1236.1954310826504 1322.40271011769 1301.2121287493239 1302.250748651792 1262.5076455531041 1355.7406141670565 1375.9814395012547 1407.6824206122101 1241.5987327750095 1273.8721334091013 1246.5469070666231 1332.8443249006129 1396.4103933077113 1243.1119482115939 1310.985578438861 1235.727130663601 1268.5686593872251
leaf_weight=6298 576 1444 4273 620 5557 4920 6008 2190 5344 24302 297 5091 1138 60 5826 1164 467 552 6446 97 673 2455 533 6898 141 414 1595 59 8107 839
leaf_count=6298 576 1444 4273 620 5557 4920 6008 2190 5344 24302 297 5091 1138 60 5826 1164 467 552 6446 97 673 2455 533 6898 141 414 1595 59 8107 839
internal_value=1291.97 1273.92 1284.36 1372.42 1301.75 1346.22 1324.44 1248.9 1415.91 1287.16 1307.93 1244.97 1236.61 1250.62 1317.23 1285.74 1266.26 1280.71 1351.79 1337.88 1421 1235.13 1273.71 1248.91 1389.79 1380.36 1236.93 1277.6 1237.09 1261.4
internal_weight=104384 85250 66600 19134 44695 11942 17488 21905 7192 27207 1741 17857 18650 1790 11383 25466 4048 1019 11366 6105 6017 16860 652 11989 1175 555 5868 592 10562 3029
internal_count=104384 85250 66600 19134 44695 11942 17488 21905 7192 27207 1741 17857 18650 1790 11383 25466 4048 1019 11366 6105 6017 16860 652 11989 1175 555 5868 592 10562 3029
cat_boundaries=0 1 2
cat_threshold=2 2
is_linear=0
shrinkage=1


Tree=1
num_leaves=31
num_cat=2
split_feature=0 2 5 0 0 2 0 0 4 4 0 4 2 0 0 0 0 0 4 0 3 3 0 5 4 4 4 2 0 4
split_gain=5.47392e+10 1.19955e+10 1.48198e+10 7.87543e+09 5.34207e+09 2.67463e+09 6.11842e+08 5.39193e+08 2.90007e+08 7.96466e+08 2.16402e+08 2.03572e+08 1.39198e+08 1.96625e+08 1.19577e+08 1.07097e+08 1.05543e+08 1.04419e+08 8.1045e+07 6.40892e+07 5.08787e+07 4.23451e+07 3.79807e+07 3.41843e+07 3.22183e+07 3.00212e+07 2.67733e+07 2.33338e+07 2.2367e+07 2.0184e+07
threshold=15.290764050833879 7.3691513538360605 0 18.379957119216922 1.3104587225019639 7.4989146471023567 14.039967583885195 6.1068796667851233 20.876902363572629 20.682779021084816 19.019955969009406 32.539182051599006 5.5858000000000017 7.9612387325791962 12.579970740760805 16.159962429824834 0.44520146530287003 10.220005861970135 92.717059551879103 17.999958659530645 2.9541666666666671 1.6008333333333338 2.0571301421804313 1 55.257111901761021 7.3565387915560505 63.31877527050807 7.5239886760711681 13.480209602494101 276.38051498725684
decision_type=2 10 1 2 2 10 2 2 2 2 2 2 10 2 2 2 2 2 2 2 2 2 2 1 2 2 2 10 2 2
left_child=1 12 4 5 8 -2 14 11 9 -3 -5 25 22 -14 -6 -7 -10 27 -19 -17 -8 -12 -1 -15 -13 -4 -25 -9 -24 -21
right_child=3 2 7 10 6 15 20 17 16 -11 21 24 13 23 -16 19 -18 18 -20 29 -22 -23 28 26 -26 -27 -28 -29 -30 -31
leaf_value=-57.122693580667423 -52.76705740943526 -0.72169803678026145 -56.20357106930453 95.667723578582184 18.833780585947189 51.888032825150596 43.230349307453878 -30.104290638714101 -6.6297093682743782 87.121462962475107 124.14394099927284 -37.857819612537519 -51.82530180009234 -53.034700867699797 29.031573687260188 60.579436334746383 8.7772779591052821 14.39419874916614 -23.414662775369919 97.316350581331093 78.610974981398812 109.93224774188032 -47.856870159621344 -17.197808986335211 -43.155408593611995 -48.903538722610357 18.077502904256189 -20.725644813035061 -53.434213517146219 69.503429776055484
leaf_weight=6298 576 1427 2720 878 5557 4920 5850 2575 24302 314 5344 5091 1138 60 5977 6446 1164 283 282 158 104 673 2455 533 6898 3148 59 908 8107 139
leaf_count=6298 576 1427 2720 878 5557 4920 5850 2575 24302 314 5344 5091 1138 60 5977 6446 1164 283 282 158 104 673 2455 533 6898 3148 59 908 8107 139
internal_value=0.000139916 -17.1538 -7.22834 76.4248 9.28361 52.341 30.8436 -40.9182 -4.57526 15.1623 119.161 -44.6538 -52.5956 -39.2871 24.1204 57.536 -5.92517 -24.4324 -4.48479 61.6488 43.8614 122.573 -54.0061 -17.357 -40.9092 -52.2963 -13.6576 -27.666 -52.1425 84.5765
internal_weight=104384 85250 66600 19134 44695 12239 17488 21905 27207 1741 6895 17857 18650 1790 11534 11663 25466 4048 565 6743 5954 6017 16860 652 11989 5868 592 3483 10562 297
internal_count=104384 85250 66600 19134 44695 12239 17488 21905 27207 1741 6895 17857 18650 1790 11534 11663 25466 4048 565 6743 5954 6017 16860 652 11989 5868 592 3483 10562 297
cat_boundaries=0 1 2
cat_threshold=2 2
is_linear=0
shrinkage=0.05


Tree=2
num_leaves=31
num_cat=2
split_feature=0 2 5 0 1 2 1 0 0 0 2 0 3 1 3 0 0 1 0 1 1 2 3 3 1 5 2 2 2 3
split_gain=4.94073e+10 1.0533e+10 1.30739e+10 7.48816e+09 4.71705e+09 2.90487e+09 4.88307e+08 4.83344e+08 3.06671e+08 1.34084e+08 1.25418e+08 1.77435e+08 1.18176e+08 1.17137e+08 1.0125e+08 9.48635e+07 9.38927e+07 9.05383e+07 8.01366e+07 6.79646e+07 6.31968e+07 5.48336e+07 4.72098e+07 3.81711e+07 3.46578e+07 3.09234e+07 2.38974e+07 2.2141e+07 2.14694e+07 2.12614e+07
threshold=15.199964433204654 7.3691513538360605 0 17.999958659530645 0.99999769051669152 7.4989146471023567 6.1199858496971142 14.011457475470676 19.019955969009406 0.16203430980392161 5.5858000000000017 7.9612387325791962 0.80011904761904773 18.579956991500861 0.31933333333333336 12.579970740760805 9.4799780963516245 18.59995679335022 16.159962429824834 1.0000000180025095e-35 1.0000000180025095e-35 7.4373547077178968 1.5808333333333338 1.6008333333333338 13.359963216895524 1 7.6164885997772229 7.334843802452089 7.530397439002992 1.3004166666666668
decision_type=2 10 1 2 2 10 2 2 2 2 10 2 2 2 2 2 2 2 2 2 2 10 2 2 2 1 10 10 10 2
left_child=1 10 4 5 9 -2 14 15 13 19 20 -12 -11 -5 26 -6 28 -15 29 -3 -1 -18 -9 -10 -22 -13 -4 -27 -8 -7
right_child=3 2 6 8 7 18 16 22 23 12 11 25 -14 17 -16 -17 21 -19 -20 -21 24 -23 -24 -25 -26 27 -28 -29 -30 -31
leaf_value=-55.647807008460973 -50.441882313888406 -7.3522681177535709 -51.945414152240851 95.129515908148974 18.452657815076865 47.652269031722483 -30.074778332534301 39.175222899134305 117.93791199335683 -1.7643546696928807 -49.236311960865052 -50.426437307889351 15.603177418106092 28.50359749438185 -40.594621496744217 27.456866144756727 1.4521981652333187 105.79803396719474 57.550932851592499 4.0388646333249909 -44.386881138553562 -21.734643921918735 54.099554076337341 104.44378717167795 -50.794453551121372 -16.766983507175855 -38.996375031807055 11.553034662246706 -20.340204103265755 55.710781913649868
leaf_weight=5633 708 19713 2896 991 5899 4357 2194 5003 5344 4499 1138 60 1251 131 14594 5826 519 53 6446 1402 2956 500 601 673 8139 513 425 79 777 1064
leaf_count=5633 708 19713 2896 991 5899 4357 2194 5003 5344 4499 1138 60 1251 131 14594 5826 519 53 6446 1402 2956 500 601 673 8139 513 425 79 777 1064
internal_value=0.00027982 -16.626 -7.28846 71.1698 8.36706 47.8903 -38.8729 28.7053 111.861 -4.75249 -49.9535 -37.3256 2.01627 88.3028 -42.3966 22.9287 -23.045 51.2193 53.7607 -6.59576 -51.3024 -9.9352 40.7851 116.446 -49.0915 -16.4931 -50.3005 -12.9747 -27.5366 49.2439
internal_weight=104384 84617 66099 19767 44194 12575 21905 17329 7192 26865 18518 1790 5750 1175 17915 11725 3990 184 11867 21115 16728 1019 5604 6017 11095 652 3321 592 2971 5421
internal_count=104384 84617 66099 19767 44194 12575 21905 17329 7192 26865 18518 1790 5750 1175 17915 11725 3990 184 11867 21115 16728 1019 5604 6017 11095 652 3321 592 2971 5421
cat_boundaries=0 1 2
cat_threshold=2 2
is_linear=0
shrinkage=0.05


Tree=3
num_leaves=31
num_cat=2
split_feature=1 2 5 1 1 2 1 2 1 4 3 4 1 1 1 1 1 3 2 1 1 1 3 3 1 3 5 2 1 3
split_gain=4.06502e+10 1.09955e+10 1.31696e+10 5.71436e+09 5.68555e+09 2.40601e+09 7.3627e+08 6.25878e+08 2.75522e+08 2.64575e+08 7.42014e+08 2.08143e+08 1.31686e+08 1.22975e+08 1.21716e+08 7.2841e+07 6.8428e+07 1.21947e+08 6.33916e+07 5.70084e+07 5.01871e+07 4.74382e+07 4.49523e+07 4.40213e+07 3.13225e+07 3.08537e+07 2.78407e+07 2.51623e+07 2.25232e+07 2.20673e+07
threshold=15.279964382118226 7.4989146471023567 0 0.99999769051669152 17.58995901403809 7.4989146471023567 13.879955930444803 5.5858000000000017 0.039999907976621146 20.876902363572629 0.76060606060606073 32.539182051599006 12.139971875208955 8.1199810039901745 18.59995679335022 1.0000000180025095e-35 18.579956991500861 1.0135294117647062 7.4250223398208623 1.0000000180025095e-35 0.019999953988310573 15.939963033760074 0.72041666666666682 1.3004166666666668 13.359963216895524 1.640714285714286 1 7.5910035133361822 17.436626025792446 1.0803703703703706
decision_type=2 10 1 2 2 10 2 10 2 2 2 2 2 2 2 2 2 2 10 2 2 2 2 2 2 2 1 10 2 2
left_child=1 7 3 9 5 -2 12 19 -9 10 -3 20 -5 27 16 -11 -6 22 26 -1 -4 -7 -18 -8 -21 -16 -10 -13 -23 -15
right_child=4 2 11 6 14 21 23 8 18 15 -12 13 -14 29 25 -17 17 -19 -20 24 -22 28 -24 -25 -26 -27 -28 -29 -30 -31
leaf_value=-52.865910272513638 -47.917675011463658 -0.39778169485573572 -49.826770624122069 17.376465022069038 98.556205814580665 49.585350413492058 40.836063021268814 -47.592350648679933 -47.47576832255379 -6.5993176874199868 86.921972377861735 -31.74931126127645 27.573923540996645 -6.7163803271204232 111.55324521549103 3.4210967166790724 107.50475617781929 116.11813867461815 -27.40308749883377 -42.168287634025525 -38.510651046454541 56.360748665865017 31.401489987373353 50.630780534224073 -48.251075423057394 98.879692561641619 -12.990569640750445 -37.758193253384817 74.753679796229306 -25.247996404085228
leaf_weight=5633 623 1434 4237 5606 1270 3935 6318 1429 60 23172 292 2158 7298 383 4827 1967 22 88 2167 2956 1303 4649 137 1429 8226 627 1555 10124 182 277
leaf_count=5633 623 1434 4237 5606 1270 3935 6318 1429 60 23172 292 2158 7298 383 4827 1967 22 88 2167 2956 1303 4649 137 1429 8226 627 1555 10124 182 277
internal_value=0.00038733 -13.4515 -3.24231 10.6876 72.3737 46.9675 30.4637 -44.0403 -28.8903 -4.51485 14.4165 -39.0537 23.1454 -35.5749 106.581 -5.81517 93.8113 69.1151 -21.8132 -48.7333 -47.1727 53.7157 42.5376 42.6491 -46.647 110.115 -14.3003 -36.7051 57.069 -14.5205
internal_weight=104384 88024 65998 47516 16360 9389 20651 22026 5211 26865 1726 18482 12904 12942 6971 25139 1517 247 3782 16815 5540 8766 159 7747 11182 5454 1615 12282 4831 660
internal_count=104384 88024 65998 47516 16360 9389 20651 22026 5211 26865 1726 18482 12904 12942 6971 25139 1517 247 3782 16815 5540 8766 159 7747 11182 5454 1615 12282 4831 660
cat_boundaries=0 1 2
cat_threshold=2 2
is_linear=0
shrinkage=0.05


Tree=4
num_leaves=31
num_cat=0
split_feature=0 2 2 0 0 2 2 1 0 4 0 0 0 2 0 0 1 1 1 0 1 1 3 3 0 2 1 4 3 0
split_gain=4.03005e+10 8.57559e+09 9.54225e+09 6.11196e+09 4.09786e+09 2.40041e+09 6.25581e+08 5.95511e+08 2.42746e+08 1.87673e+08 1.59666e+08 1.35164e+08 1.15385e+08 1.01626e+08 1.46291e+08 8.23134e+07 5.36374e+07 5.46211e+07 5.14704e+07 4.5591e+07 6.66776e+07 4.51033e+07 3.9313e+07 3.17135e+07 3.05502e+07 2.89798e+07 2.88813e+07 2.42156e+07 2.0987e+07 1.93676e+07
threshold=15.199964433204654 7.3691513538360605 7.5000060558319097 18.379957119216922 11.799972907264712 7.4989146471023567 7.4989146471023567 0.51999881025514538 14.13994659304865 32.539182051599006 19.019955969009406 9.6964800574538454 7.9612387325791962 5.5858000000000017 9.2999783966751099 16.159962429824834 18.579956991500861 18.59995679335022 1.0000000180025095e-35 17.999958659530645 18.579956991500861 0.019999953988310573 3.101666666666667 1.6008333333333338 13.038104330365876 7.334843802452089 12.499970791847231 52.689545455218465 1.0803703703703706 12.860829924512387
decision_type=2 10 10 2 2 10 10 2 2 2 2 2 2 10 2 2 2 2 2 2 2 2 2 2 2 10 2 2 2 2
left_child=1 13 4 5 6 -2 11 -8 24 21 16 -3 27 18 -15 -7 -5 -18 -1 -17 -21 -4 -10 -12 -6 29 -20 -11 -14 -16
right_child=3 2 9 10 8 15 7 -9 22 12 23 -13 28 14 25 19 17 -19 26 20 -22 -23 -24 -25 -26 -27 -28 -29 -30 -31
leaf_value=-50.223084103086975 -45.525856324103053 -29.429753645432431 -47.337382524682575 87.817358199190494 19.599006646010839 44.515149679507601 -4.4692036221277274 15.062400965202677 36.945285713003308 -31.489034042150628 106.55280906661545 -5.2012068970307057 -6.3720529539465911 -44.223459057730025 -14.925145557578691 51.935643098315509 32.236085895689413 95.202132760507084 -38.776799555738791 80.24212759753739 2.6840010797977452 -36.602679356645147 70.710634436446625 94.26655826557284 25.97436765969568 15.440702050614034 -45.511791324984216 -36.39110718238026 -24.123744745021913 -45.787751989531941
leaf_weight=5633 708 2662 4236 725 3029 5421 26519 4575 4993 3671 5344 735 399 1162 500 6446 100 53 1992 266 31 1301 88 673 5042 72 9103 8563 286 56
leaf_count=5633 708 2662 4236 725 3029 5421 26519 4575 4993 3671 5344 735 399 1162 500 6446 100 53 1992 266 31 1301 88 673 5042 72 9103 8563 286 56
internal_value=0.000582662 -15.0154 -6.59008 64.2774 5.23412 43.9232 -3.8211 -1.59504 28.9798 -37.1121 102.264 -24.1906 -33.8045 -45.0872 -33.7198 49.1328 82.0844 54.5244 -46.3015 52.838 72.183 -44.8222 37.5439 105.194 23.5845 -14.2452 -44.3062 -34.9229 -13.8081 -18.1102
internal_weight=104384 84617 66099 19767 47643 12872 34491 31094 13152 18456 6895 3397 12919 18518 1790 12164 878 153 16728 6743 297 5537 5081 6017 8071 628 11095 12234 685 556
internal_count=104384 84617 66099 19767 47643 12872 34491 31094 13152 18456 6895 3397 12919 18518 1790 12164 878 153 16728 6743 297 5537 5081 6017 8071 628 11095 12234 685 556
is_linear=0
shrinkage=0.05


Tree=5
num_leaves=31
num_cat=1
split_feature=0 2 5 0 1 2 0 0 4 4 4 0 2 0 0 0 4 0 0 1 1 1 1 0 1 0 2 1 4 2
split_gain=3.63727e+10 7.73971e+09 9.60509e+09 5.51654e+09 3.46018e+09 2.16656e+09 3.65951e+08 3.58386e+08 2.39015e+08 6.80946e+08 1.45364e+08 1.43956e+08 9.16852e+07 1.32012e+08 7.4299e+07 6.95855e+07 1.29521e+08 6.83602e+07 6.03245e+07 4.82935e+07 4.94155e+07 4.64531e+07 4.38172e+07 4.12051e+07 6.0194e+07 4.07608e+07 2.61806e+07 2.60654e+07 2.52539e+07 2.49078e+07
threshold=15.199964433204654 7.3691513538360605 0 18.379957119216922 0.99999769051669152 7.4989146471023567 7.0572628705318561 13.900046924062918 20.876902363572629 20.682779021084816 32.539182051599006 19.019955969009406 5.5858000000000017 9.2999783966751099 16.159962429824834 9.4799780963516245 116.90209583102994 0.44520146530287003 12.579970740760805 18.579956991500861 18.59995679335022 1.0000000180025095e-35 0.019999953988310573 17.999958659530645 18.579956991500861 14.479966376014712 7.334843802452089 13.359963216895524 37.026206013103618 7.5239886760711681
decision_type=2 10 1 2 2 10 2 2 2 2 2 2 10 2 2 2 2 2 2 2 2 2 2 2 2 2 10 2 2 10
left_child=1 12 4 5 8 -2 10 18 9 -3 22 19 21 -14 -7 29 -17 -10 -6 -5 -21 -1 -4 -16 -25 -9 -15 -23 -12 -8
right_child=3 2 6 11 7 14 15 25 17 -11 28 -13 13 26 23 16 -18 -19 -20 20 -22 27 -24 24 -26 -27 -28 -29 -30 -31
leaf_value=-47.712375643089985 -43.252774170954915 -0.85569094352271469 -45.08633046635191 83.432537346201499 15.803262112732106 42.289802865306648 -25.910201387447927 29.32879014135732 -5.870189786352757 80.647071699744799 -27.492603874607155 99.936432556984002 -42.014187349432625 -17.210180551607689 49.339263693575937 11.355087421123798 -24.389578835347681 6.9106575032540167 23.137670367794101 30.64023985043611 90.530175363046155 -38.012619500881037 -34.681780278768883 76.245046609599953 2.5539948335289959 37.741992326505176 14.679242888150151 -43.567731765109727 -34.09472882838336 -14.632962130489375
leaf_weight=5633 708 1414 4565 725 5899 5421 2129 2428 24046 312 1713 6017 1162 556 6446 467 552 1093 5366 100 53 2956 1327 266 31 3636 72 8139 10510 642
leaf_count=5633 708 1414 4565 725 5899 5421 2129 2428 24046 312 1713 6017 1162 556 6446 467 552 1093 5366 100 53 2956 1327 266 31 3636 72 8139 10510 642
internal_value=0.000684172 -14.2648 -6.26062 61.0649 7.15823 41.7275 -33.3326 24.5774 -4.07833 13.9153 -36.2891 97.1538 -42.8335 -32.0363 46.6769 -19.1957 -8.01299 -5.31425 19.2987 77.9924 51.8396 -43.9869 -42.7493 50.1971 68.5878 34.3788 -13.5365 -42.0913 -33.1718 -23.3037
internal_weight=104384 84617 66099 19767 44194 12872 21905 17329 26865 1726 18115 6895 18518 1790 12164 3790 1019 25139 11265 878 153 16728 5892 6743 297 6064 628 11095 12223 2771
internal_count=104384 84617 66099 19767 44194 12872 21905 17329 26865 1726 18115 6895 18518 1790 12164 3790 1019 25139 11265 878 153 16728 5892 6743 297 6064 628 11095 12223 2771
cat_boundaries=0 1
cat_threshold=2
is_linear=0
shrinkage=0.05


Tree=6
num_leaves=31
num_cat=0
split_feature=0 2 2 0 0 2 2 1 0 4 0 0 0 2 0 0 1 1 1 0 1 1 3 3 0 1 2 4 3 3
split_gain=3.28275e+10 6.98527e+09 7.77422e+09 4.979e+09 3.34108e+09 1.9555e+09 5.08388e+08 4.8545e+08 1.98426e+08 1.52633e+08 1.29782e+08 1.12726e+08 9.50951e+07 8.27333e+07 1.19155e+08 6.70649e+07 4.34817e+07 4.47059e+07 4.19248e+07 3.72411e+07 5.43408e+07 3.66342e+07 3.32066e+07 2.89814e+07 2.66657e+07 2.41434e+07 2.36461e+07 2.08303e+07 1.85673e+07 1.80711e+07
threshold=15.199964433204654 7.3691513538360605 7.5000060558319097 18.379957119216922 11.799972907264712 7.4989146471023567 7.4989146471023567 0.51999881025514538 14.160053463278464 32.539182051599006 19.019955969009406 10.220005861970135 7.9612387325791962 5.5858000000000017 9.2999783966751099 16.159962429824834 18.579956991500861 18.59995679335022 1.0000000180025095e-35 17.999958659530645 18.579956991500861 0.019999953988310573 3.101666666666667 1.640714285714286 13.038104330365876 11.359973712899027 7.334843802452089 56.279287858403407 2.8375000000000008 1.0803703703703706
decision_type=2 10 10 2 2 10 10 2 2 2 2 2 2 10 2 2 2 2 2 2 2 2 2 2 2 2 10 2 2 2
left_child=1 13 4 5 6 -2 11 -8 24 21 16 -3 27 18 -15 28 -5 -18 -1 -17 -21 -4 -10 -12 -6 -20 -16 -11 -7 -14
right_child=3 2 9 10 8 15 7 -9 22 12 23 -13 29 14 26 19 17 -19 25 20 -22 -23 -24 -25 -26 -27 -28 -29 -30 -31
leaf_value=-45.327180212614678 -41.09318586212288 -25.645356479389239 -42.717287599096778 79.266653854748427 17.683033168841142 39.703724160520466 -4.0395732681921031 13.595000378829461 33.583803831259907 -29.05778431330241 96.203643910555428 -0.1673552839457989 -5.462780210185052 -39.915284620860689 -16.351215540134287 46.872682664157708 29.123396381718102 86.087490878634981 -34.201338876176543 72.447073382545497 2.4302857419848447 -33.042541394563322 65.330671803193937 84.342061882312933 23.598880462774684 -40.949076647203377 13.955335312934773 -33.283532172765938 59.233649310917819 -21.93313289044211
leaf_weight=5633 708 2886 4236 725 3029 5293 26519 4575 4814 5085 5369 511 399 1162 556 6446 100 53 1587 266 31 1301 84 648 5225 9508 72 7149 128 286
leaf_count=5633 708 2886 4236 725 3029 5293 26519 4575 4814 5085 5369 511 399 1162 556 6446 100 53 1587 266 31 1301 84 648 5225 9508 72 7149 128 286
internal_value=0.000769546 -13.5517 -5.94759 58.0128 4.72513 39.6416 -3.45131 -1.44457 26.1664 -33.4973 92.2983 -21.814 -30.5143 -40.6923 -30.4357 44.3438 74.1044 49.287 -41.7879 47.6882 65.1716 -40.4504 34.1415 94.9404 21.4303 -39.9871 -12.8599 -31.5296 40.1757 -12.3614
internal_weight=104384 84617 66099 19767 47643 12872 34491 31094 13152 18456 6895 3397 12919 18518 1790 12164 878 153 16728 6743 297 5537 4898 6017 8254 11095 628 12234 5421 685
internal_count=104384 84617 66099 19767 47643 12872 34491 31094 13152 18456 6895 3397 12919 18518 1790 12164 878 153 16728 6743 297 5537 4898 6017 8254 11095 628 12234 5421 685
is_linear=0
shrinkage=0.05


Tree=7
num_leaves=31
num_cat=2
split_feature=0 2 5 0 1 2 1 0 0 0 3 2 1 1 0 0 1 0 3 2 1 1 1 0 1 3 5 1 3 3
split_gain=2.96281e+10 6.30436e+09 7.82685e+09 4.49391e+09 2.82157e+09 1.765e+09 3.02892e+08 2.9303e+08 1.17012e+08 1.07608e+08 9.6223e+07 7.46553e+07 1.07775e+08 6.11546e+07 6.05598e+07 6.05259e+07 5.44347e+07 4.88259e+07 4.00589e+07 3.98471e+07 3.91492e+07 4.04452e+07 3.78381e+07 3.36584e+07 4.90568e+07 2.61537e+07 2.24453e+07 2.20275e+07 2.15999e+07 1.73417e+07
threshold=15.199964433204654 7.3691513538360605 0 18.379957119216922 0.99999769051669152 7.4989146471023567 6.1199858496971142 13.900046924062918 19.019955969009406 0.16203430980392161 0.78044117647058842 5.5858000000000017 7.5399825772449205 1.0000000180025095e-35 9.4799780963516245 16.159962429824834 1.0000000180025095e-35 12.579970740760805 1.5808333333333338 7.4373547077178968 18.579956991500861 18.59995679335022 1.0000000180025095e-35 17.999958659530645 18.579956991500861 1.6008333333333338 1 12.499970791847231 0.31933333333333336 1.3004166666666668
decision_type=2 10 1 2 2 10 2 2 2 2 2 10 2 2 2 2 2 2 2 10 2 2 2 2 2 2 1 2 2 2
left_child=1 11 6 5 9 -2 13 17 20 16 -11 22 -13 28 -8 29 -4 -6 -9 -16 -5 -22 -1 -17 -25 -10 -14 -24 -3 -7
right_child=3 2 4 8 7 15 14 18 25 10 -12 12 26 -15 19 23 -18 -19 -20 -21 21 -23 27 24 -26 -27 -28 -29 -30 -31
leaf_value=-43.061223561994822 -39.041424776192954 -39.670663107566753 -6.0122137621335163 75.308781971576778 14.274841335483343 36.73975813698911 -21.229708417183538 29.660460259595848 91.420996784377934 -1.2175382782130986 14.00662981826212 -38.276340577560262 -41.476271160494903 -30.534948221552117 2.6096503894512471 44.52941188310254 4.1819835981499365 20.873366962283939 43.043110285289714 -17.154127736424734 27.681643292644239 81.862829510724112 -33.161485248134774 68.838286760308776 2.3125686673820023 80.337972884814889 -9.8273866401411265 -39.040486495934807 -33.989372741667125 43.975684678270227
leaf_weight=5633 708 3120 19713 725 5899 4357 2971 5435 5344 4392 1358 1131 61 10992 519 6446 1402 5366 629 500 100 53 1992 266 31 673 598 9103 3803 1064
leaf_count=5633 708 3120 19713 725 5899 4357 2971 5435 5344 4392 1358 1131 61 10992 519 6446 1402 5366 629 500 100 53 1992 266 31 673 598 9103 3803 1064
internal_value=0.000898922 -12.8742 -5.65024 55.1135 6.46293 37.6603 -30.0881 22.1928 87.6861 -3.68388 2.37982 -38.6581 -28.9151 -32.8633 -17.6226 42.1275 -5.33517 17.4196 31.0555 -7.09529 70.4103 46.86 -39.6989 45.3047 61.9256 90.1949 -12.8154 -37.9881 -36.5551 38.1678
internal_weight=104384 84617 66099 19767 44194 12872 21905 17329 6895 26865 5750 18518 1790 17915 3990 12164 21115 11265 6064 1019 878 153 16728 6743 297 6017 659 11095 6923 5421
internal_count=104384 84617 66099 19767 44194 12872 21905 17329 6895 26865 5750 18518 1790 17915 3990 12164 21115 11265 6064 1019 878 153 16728 6743 297 6017 659 11095 6923 5421
cat_boundaries=0 1 2
cat_threshold=1 2
is_linear=0
shrinkage=0.05


Tree=8
num_leaves=31
num_cat=2
split_feature=1 2 5 1 1 2 1 2 4 3 1 4 1 1 1 1 2 1 3 3 1 1 1 3 5 3 1 3 4 3
split_gain=2.43445e+10 6.59271e+09 7.88434e+09 3.4276e+09 3.41513e+09 1.44099e+09 4.4332e+08 3.7154e+08 2.14265e+08 6.25766e+08 1.76259e+08 1.29886e+08 7.91413e+07 7.75273e+07 6.63739e+07 5.60737e+07 4.19714e+07 4.05768e+07 7.78099e+07 3.47522e+07 3.41377e+07 3.13038e+07 3.05997e+07 2.93609e+07 2.06293e+07 2.05974e+07 2.03358e+07 1.99722e+07 1.65461e+07 1.56777e+07
threshold=15.279964382118226 7.4989146471023567 0 0.99999769051669152 17.58995901403809 7.4989146471023567 13.879955930444803 5.5858000000000017 20.876902363572629 0.76060606060606073 0.039999907976621146 32.539182051599006 12.139971875208955 8.1199810039901745 18.59995679335022 1.0000000180025095e-35 7.4250223398208623 18.579956991500861 1.0135294117647062 1.3004166666666668 1.0000000180025095e-35 15.939963033760074 0.019999953988310573 0.72041666666666682 1 1.5208333333333337 13.509963103570726 1.2403571428571432 151.35422855133075 1.0803703703703706
decision_type=2 10 1 2 2 10 2 10 2 2 2 2 2 2 2 2 10 2 2 2 2 2 2 2 1 2 2 2 2 2
left_child=1 7 3 8 5 -2 12 20 9 -3 -9 22 -5 27 17 -10 24 -6 23 -8 -1 -7 -4 -19 -12 -16 -22 -13 -23 -15
right_child=4 2 11 6 14 21 19 10 15 -11 16 13 -14 29 25 -17 -18 18 -20 -21 26 28 -24 -25 -26 -27 -28 -29 -30 -31
leaf_value=-40.908544431177916 -37.112837799267894 -0.067815367116122294 -38.698131848128696 13.439635109409853 76.728454271942311 38.189318514771578 31.43885284542354 -37.380030677848758 -5.3578656053929867 80.120917034214273 -39.197824576956329 -26.383601799224198 21.345009210114082 -4.1766702111220608 86.381215796229824 3.433797996363837 -21.30983240239599 85.304076033882481 91.582392166652028 40.124548630761097 -32.743224494520426 53.11601667523626 -29.86290497393696 23.841613314082657 -9.5239276763260516 76.593472643765537 -37.484753283013156 -30.44976753021125 43.241228760068132 -19.789854822639082
leaf_weight=5633 623 1434 4237 5606 1270 3935 6318 1429 23172 292 60 6313 7298 383 4751 1967 2167 22 88 1429 3282 494 1303 137 1555 703 7900 5969 4337 277
leaf_count=5633 623 1434 4237 5606 1270 3935 6318 1429 23172 292 60 6313 7298 383 4751 1967 2167 22 88 1429 3282 494 1303 137 1555 703 7900 5969 4337 277
internal_value=0.000991777 -10.409 -2.50381 8.27433 56.0087 36.3182 23.5906 -34.0948 -3.49966 13.5368 -22.422 -30.2127 17.9119 -27.4648 82.5201 -4.66985 -16.7618 73.073 54.0443 33.046 -37.7106 41.5406 -36.6259 32.8259 -10.6499 85.1339 -36.0961 -28.3621 44.2618 -10.7495
internal_weight=104384 88024 65998 47516 16360 9389 20651 22026 26865 1726 5211 18482 12904 12942 6971 25139 3782 1517 247 7747 16815 8766 5540 159 1615 5454 11182 12282 4831 660
internal_count=104384 88024 65998 47516 16360 9389 20651 22026 26865 1726 5211 18482 12904 12942 6971 25139 3782 1517 247 7747 16815 8766 5540 159 1615 5454 11182 12282 4831 660
cat_boundaries=0 1 2
cat_threshold=2 2
is_linear=0
shrinkage=0.05


Tree=9
num_leaves=31
num_cat=2
split_feature=0 2 5 0 0 2 0 0 4 4 4 0 2 0 0 0 4 0 4 3 0 2 4 3 2 3 4 0 5 2
split_gain=2.41686e+10 5.1323e+09 6.36902e+09 3.66779e+09 2.21931e+09 1.43845e+09 2.64404e+08 2.48845e+08 1.95538e+08 5.69515e+08 1.01306e+08 9.6502e+07 6.06088e+07 8.88557e+07 5.54095e+07 5.39081e+07 1.11532e+08 4.88638e+07 4.33767e+07 3.46611e+07 2.8659e+07 2.36595e+07 2.20573e+07 2.18425e+07 1.97902e+07 1.78133e+07 1.69578e+07 1.52018e+07 1.49872e+07 1.34941e+07
threshold=15.199964433204654 7.3691513538360605 0 18.379957119216922 0.49999881609046465 7.4989146471023567 13.900046924062918 6.1068796667851233 20.876902363572629 20.682779021084816 32.539182051599006 19.019955969009406 5.5858000000000017 9.6964800574538454 11.959972063575746 9.4799780963516245 116.90209583102994 16.039962506454472 79.705660969726708 2.9541666666666671 17.999958659530645 7.334843802452089 37.026206013103618 1.640714285714286 4.6196500000000009 0.41515151515151522 7.3565387915560505 19.763287684494021 1 7.5200507164001467
decision_type=2 10 1 2 2 10 2 2 2 2 2 2 10 2 2 2 2 2 2 2 2 10 2 2 10 2 2 2 1 10
left_child=1 12 4 5 8 -2 14 10 9 -3 26 -5 24 -14 -6 29 -17 25 -10 -8 -19 28 -12 27 -1 -7 -4 -13 -15 -9
right_child=3 2 7 11 6 17 19 15 18 -11 22 23 13 21 -16 16 -18 20 -20 -21 -22 -23 -24 -25 -26 -27 -28 -29 -30 -31
leaf_value=-40.183365740416264 -35.233521515452139 -0.6840509815902629 -38.008979189030519 63.517710176691395 11.018844093365567 29.49960603855002 27.511651244742524 -21.407784082898349 -6.8053224273662352 73.750652347201409 -21.748552256183917 85.942842928731181 -34.238394120206578 -37.882809733072918 18.035310573499871 11.971530603588137 -21.196942734019885 39.96391858977892 -2.5953049674886945 57.328259722900384 55.974885297065612 16.833556226647421 -27.927948707119725 72.293258335954064 -35.130547857623064 36.159520566537459 -32.54211766363818 80.09370303262142 -11.353759865861747 -13.969239543422141
leaf_weight=2305 708 1395 2720 878 4820 1493 5965 2169 10953 314 1705 2266 1168 59 6784 467 552 7056 13864 99 297 68 10284 648 14423 3318 3148 3103 495 860
leaf_count=2305 708 1395 2720 878 4820 1493 5965 2169 10953 314 1705 2266 1168 59 6784 467 552 7056 13864 99 297 68 10284 648 14423 3318 3148 3103 495 860
internal_value=0.00111202 -11.6274 -5.10946 49.7777 5.81753 34.01 19.546 -27.1543 -3.32691 13.0272 -29.692 79.2044 -34.8914 -26.1126 15.1221 -15.955 -5.99924 38.0429 -4.4536 28.0078 40.6182 -10.8233 -27.051 81.4825 -35.8292 34.0993 -35.0822 82.5779 -14.2422 -19.3011
internal_weight=104384 84617 66099 19767 44194 12872 17668 21905 26526 1709 17857 6895 18518 1790 11604 4048 1019 12164 24817 6064 7353 622 11989 6017 16728 4811 5868 5369 554 3029
internal_count=104384 84617 66099 19767 44194 12872 17668 21905 26526 1709 17857 6895 18518 1790 11604 4048 1019 12164 24817 6064 7353 622 11989 6017 16728 4811 5868 5369 554 3029
cat_boundaries=0 1 2
cat_threshold=2 2
is_linear=0
shrinkage=0.05


Tree=10
num_leaves=31
num_cat=2
split_feature=1 2 5 1 1 2 1 2 4 3 1 4 1 1 1 1 3 1 3 2 1 1 3 1 2 5 3 1 1 4
split_gain=1.98423e+10 5.68368e+09 6.69265e+09 3.0261e+09 2.32993e+09 7.76379e+08 4.08225e+08 3.03498e+08 1.74834e+08 5.34563e+08 1.44451e+08 1.05529e+08 6.46316e+07 6.33998e+07 5.38658e+07 4.94694e+07 3.78192e+07 3.74002e+07 6.81948e+07 3.49416e+07 2.92623e+07 2.65404e+07 2.60342e+07 1.91237e+07 1.75794e+07 1.71359e+07 1.69e+07 1.52268e+07 1.91582e+07 3.49579e+07
threshold=15.489957474296325 7.4989146471023567 0 0.99999769051669152 17.58995901403809 7.4989146471023567 13.879955930444803 5.5858000000000017 20.876902363572629 0.76060606060606073 0.039999907976621146 32.539182051599006 8.1199810039901745 12.139971875208955 18.59995679335022 1.0000000180025095e-35 1.5808333333333338 18.579956991500861 1.0135294117647062 7.432311558723451 1.0000000180025095e-35 0.019999953988310573 0.72041666666666682 9.4199780113872613 7.5652331590652473 1 1.5208333333333337 17.436626025792446 17.349959723434452 278.99955054364256
decision_type=2 10 1 2 2 10 2 10 2 2 2 2 2 2 2 2 2 2 2 10 2 2 2 2 10 1 2 2 2 2
left_child=1 7 3 8 5 -2 13 20 9 -3 -9 21 24 -5 17 -10 -8 -6 22 25 -1 -4 -19 -22 -13 -12 -16 28 -7 -30
right_child=4 2 11 6 14 27 16 10 15 -11 19 12 -14 -15 26 -17 -18 18 -20 -21 23 -23 -24 -25 -26 -27 -28 -29 29 -31
leaf_value=-37.005069236281415 -33.129627436970111 -0.35904060771531765 -34.978745918291928 12.178863797323675 69.468958764125006 38.5674188818261 28.878817428281423 -33.784852164822027 -4.877569816413363 73.755928377144983 -35.63180200970362 -20.079768299266608 -9.5308422395050432 19.254597459838791 77.962422403727317 3.380093033757757 38.992920344435312 77.285686672044847 82.879260514505802 -19.634555840952025 -26.889796949016517 -26.754738876905545 19.486513107402818 -33.318260948924689 -26.265906641280935 -9.0489116294996066 69.100574933832348 52.973538666188396 60.610862180269685 14.318169532775881
leaf_weight=5633 398 1434 4237 5606 1270 7125 7904 1429 23172 292 62 1303 660 7298 4751 1967 1057 22 88 2011 1339 1303 137 10065 10979 1712 703 182 51 194
leaf_count=5633 398 1434 4237 5606 1270 7125 7904 1429 23172 292 62 1303 660 7298 4751 1967 1057 22 88 2011 1339 1303 137 10065 10979 1712 703 182 51 194
internal_value=0.00119956 -8.90177 -1.65034 8.06647 53.3784 34.8699 21.8772 -30.8046 -3.1743 12.215 -20.2421 -27.2689 -24.7921 16.1818 74.4782 -4.23134 30.0761 65.9671 47.7539 -15.1216 -34.0357 -33.0496 27.917 -32.5659 -25.6113 -9.99752 76.833 38.4575 38.0919 24.1618
internal_weight=104384 89463 67212 48730 14921 7950 21865 22251 26865 1726 5214 18482 12942 12904 6971 25139 8961 1517 247 3785 17037 5540 159 11404 12282 1774 5454 7552 7370 245
internal_count=104384 89463 67212 48730 14921 7950 21865 22251 26865 1726 5214 18482 12942 12904 6971 25139 8961 1517 247 3785 17037 5540 159 11404 12282 1774 5454 7552 7370 245
cat_boundaries=0 1 2
cat_threshold=2 2
is_linear=0
shrinkage=0.05


Tree=11
num_leaves=31
num_cat=1
split_feature=0 2 5 0 1 2 1 0 0 0 3 2 0 0 1 0 3 0 2 1 1 3 1 0 1 2 3 1 3 3
split_gain=1.97185e+10 4.1771e+09 5.18232e+09 2.99184e+09 1.86735e+09 1.1733e+09 2.04353e+08 1.9943e+08 8.4178e+07 8.01958e+07 7.24282e+07 4.93075e+07 7.30706e+07 4.66614e+07 4.08781e+07 3.99139e+07 3.93528e+07 3.92085e+07 3.10679e+07 2.93551e+07 2.94768e+07 2.74628e+07 2.66277e+07 2.31746e+07 3.91299e+07 2.11687e+07 1.82422e+07 1.73705e+07 1.56206e+07 1.4808e+07
threshold=15.199964433204654 7.3691513538360605 0 18.379957119216922 0.73999829899484537 7.4989146471023567 6.1199858496971142 14.039967583885195 0.14001774458882627 19.019955969009406 0.80011904761904773 5.5858000000000017 9.6964800574538454 9.4799780963516245 1.0000000180025095e-35 12.860829924512387 0.7997619047619049 16.039962506454472 7.4373547077178968 18.579956991500861 18.59995679335022 3.101666666666667 1.0000000180025095e-35 17.999958659530645 18.579956991500861 7.334843802452089 1.6808333333333336 13.359963216895524 0.41515151515151522 0.64015151515151525
decision_type=2 10 1 2 2 10 2 2 2 2 2 10 2 2 2 2 2 2 10 2 2 2 2 2 2 10 2 2 2 2
left_child=1 11 4 5 8 -2 14 15 16 19 -10 22 -13 -8 29 -6 -3 28 -15 -5 -21 -9 -1 -19 -25 -14 -11 -24 -7 -4
right_child=3 2 6 9 7 17 13 21 10 26 -12 12 25 18 -16 -17 -18 23 -20 20 -22 -23 27 24 -26 -27 -28 -29 -30 -31
leaf_value=-35.1551442827652 -31.815379160677935 -3.5629183065056105 -30.983280329313551 61.47652906953796 11.854967211305336 26.527516220704303 -17.434492840010243 25.401184778542046 -0.92146416210720816 74.592977806215728 11.870566567972924 -30.9404926694653 -12.941628957132497 3.5379818760798529 -24.883204049696261 17.682685574166523 -9.0577232096674702 36.082468816340437 -13.911746608178298 20.585075964030654 66.767009090847438 53.541262220747015 -27.580488253839519 56.655333952671583 -2.6091233622655277 16.449965163521146 65.03486048225416 -32.103896221413954 32.758696180776361 -25.171478226487736
leaf_weight=5633 708 16152 5515 725 6916 1493 2971 5365 5050 5395 1416 1168 554 519 10992 5125 4082 7056 500 100 53 88 2956 266 31 68 622 8139 3318 1408
leaf_count=5633 708 16152 5515 725 6916 1493 2971 5365 5050 5395 1416 1168 554 519 10992 5125 4082 7056 500 100 53 88 2956 266 31 68 622 8139 3318 1408
internal_value=0.00132536 -10.5022 -4.62201 44.9623 5.23457 30.7216 -24.5073 17.9314 -3.08484 71.5396 1.88129 -31.4899 -23.5717 -14.2684 -26.7868 14.3367 -4.67183 34.3638 -5.02944 57.2429 36.9124 25.865 -32.3358 36.6709 50.4815 -9.70715 73.6159 -30.9013 30.8309 -29.8051
internal_weight=104384 84617 66099 19767 44194 12872 21905 17494 26700 6895 6466 18518 1790 3990 17915 12041 20234 12164 1019 878 153 5453 16728 7353 297 622 6017 11095 4811 6923
internal_count=104384 84617 66099 19767 44194 12872 21905 17494 26700 6895 6466 18518 1790 3990 17915 12041 20234 12164 1019 878 153 5453 16728 7353 297 622 6017 11095 4811 6923
cat_boundaries=0 1
cat_threshold=2
is_linear=0
shrinkage=0.05


Tree=12
num_leaves=31
num_cat=1
split_feature=0 5 0 4 4 3 4 0 4 4 0 0 1 4 0 0 1 0 4 1 1 1 0 1 4 4 4 3 4 3
split_gain=1.77975e+10 3.05791e+09 2.6321e+09 1.29434e+09 6.72995e+08 4.5289e+08 3.18086e+08 2.90989e+08 1.97912e+08 1.4533e+08 1.25137e+08 1.11872e+08 1.0234e+08 8.29953e+07 7.23068e+07 6.74328e+07 5.78178e+07 5.2323e+07 6.22884e+07 3.37092e+07 2.64354e+07 2.66658e+07 2.42496e+07 3.53333e+07 2.3276e+07 1.97892e+07 2.09469e+07 1.88757e+07 1.72959e+07 1.6513e+07
threshold=15.239964407661441 0 18.379957119216922 236.96908857027941 17.963562687527723 1.1202777777777781 31.349641664846903 6.1068796667851233 95.557937423290767 7.4417474773993915 11.959972063575746 15.819963573837283 12.699970664131166 151.35422855133075 19.019955969009406 14.619999042996684 15.108292000956824 9.4799780963516245 121.59622677996582 11.209969343024381 18.579956991500861 18.59995679335022 17.999958659530645 18.579956991500861 278.99955054364256 32.539182051599006 56.279287858403407 0.040833333333333346 26.695935969762441 3.101666666666667
decision_type=2 1 2 2 2 2 2 2 2 2 2 2 2 2 2 2 2 2 2 2 2 2 2 2 2 2 2 2 2 2
left_child=1 3 6 4 27 8 -2 9 -6 -3 -5 13 -7 16 20 -12 -8 -9 19 -19 -4 -22 -13 -24 -15 28 -27 -1 -11 -16
right_child=2 7 14 10 5 12 11 17 -10 25 15 22 -14 24 29 -17 -18 18 -20 -21 21 -23 23 -25 -26 26 -28 -29 -30 -31
leaf_value=7.0867549589352725 -21.473897596888719 -33.335962006272005 58.40693779391794 0.72907593796811898 -6.2378179444221757 -10.582407222952753 24.121587713999283 -16.674238247309681 0.91603645460021765 -25.364399450674121 14.51625147488733 33.315612447875502 -21.689733771429928 23.453013142038781 70.200207579363124 26.052981855924568 -3.5880398384469459 8.3578116152972779 -19.06766953566979 -10.525158484545383 19.566012364283651 63.490481064407916 53.83317592177945 -2.4827440267801286 32.754199259925365 -20.707953244456093 -24.954215454510006 -28.178848576323446 -33.618629834320735 42.08709200067036
leaf_weight=38 298 5912 725 1373 19887 4618 336 3068 18813 2496 5405 8378 3769 1668 5959 1657 426 673 550 363 100 53 266 31 1150 5118 6873 3453 870 58
leaf_count=38 298 5912 725 1373 19887 4618 336 3068 18813 2496 5405 8378 3769 1668 5959 1657 426 673 550 363 100 53 266 31 1150 5118 6873 3453 870 58
internal_value=0.0013939 -9.87796 43.1461 -3.58991 -6.61395 -5.04319 29.5097 -24.1918 -2.76022 -26.67 14.5415 30.7511 -15.5759 23.3008 67.9647 17.2265 8.64597 -12.8631 -5.48474 1.73771 54.3892 35.0952 33.8227 47.9665 27.259 -24.1018 -23.1437 -27.7931 -27.5072 69.9363
internal_weight=104384 84936 19448 59013 50578 47087 12553 25923 38700 21269 8435 12255 8387 3580 6895 7062 762 4654 1586 1036 878 153 8675 297 2818 15357 11991 3491 3366 6017
internal_count=104384 84936 19448 59013 50578 47087 12553 25923 38700 21269 8435 12255 8387 3580 6895 7062 762 4654 1586 1036 878 153 8675 297 2818 15357 11991 3491 3366 6017
cat_boundaries=0 1
cat_threshold=2
is_linear=0
shrinkage=0.05


Tree=13
num_leaves=31
num_cat=2
split_feature=1 2 5 1 1 2 1 2 4 4 1 4 1 1 1 1 3 1 3 2 1 1 3 4 1 5 3 3 4 4
split_gain=1.45877e+10 4.44544e+09 4.9953e+09 2.32414e+09 1.7148e+09 5.95044e+08 2.98193e+08 2.48674e+08 1.60946e+08 4.84841e+08 1.06112e+08 8.10997e+07 5.47112e+07 5.21722e+07 4.22851e+07 3.71144e+07 3.04536e+07 2.72231e+07 5.19006e+07 2.62363e+07 2.05995e+07 2.02068e+07 2.01265e+07 1.71114e+07 1.54382e+07 1.52921e+07 1.43471e+07 1.32283e+07 1.16535e+07 1.13174e+07
threshold=15.489957474296325 7.4989146471023567 0 0.99999769051669152 17.58995901403809 7.4989146471023567 14.019955485939203 5.5858000000000017 20.876902363572629 20.682779021084816 0.019999953988310573 32.539182051599006 12.499970791847231 8.1199810039901745 1.0000000180025095e-35 18.59995679335022 3.101666666666667 18.579956991500861 1.0135294117647062 7.4250223398208623 0.059999861964931712 1.0000000180025095e-35 0.72041666666666682 278.99955054364256 13.599968220170341 1 2.9541666666666671 1.0803703703703706 15.762071651356523 28.553654166726833
decision_type=2 10 1 2 2 10 2 10 2 2 2 2 2 2 2 2 2 2 2 10 2 2 2 2 2 1 2 2 2 2
left_child=1 7 3 8 5 -2 12 21 9 -3 28 20 -5 23 -10 17 -8 -6 22 25 -4 -1 -19 -13 -23 -12 -17 -15 -9 -21
right_child=4 2 11 6 15 -7 16 10 14 -11 19 13 -14 27 -16 26 -18 18 -20 29 -22 24 -24 -25 -26 -27 -28 -29 -30 -31
leaf_value=-32.397181886423112 -29.64014373320386 -0.37432390742130944 -30.01552428698529 11.441159776227828 59.783956589627508 33.030893502199426 26.394377383931211 -32.590435558420374 -4.2872386167630188 68.398585862229808 -32.45456376333086 -21.324761004854583 17.789440703545264 -1.4416823119489708 3.3472342039068885 66.088764601440673 51.185177386426545 67.34697233780571 71.890601772351204 1.2944982199248147 -22.520169677057783 -25.940757437638428 16.541524758792445 -27.880903567129621 -29.953809620048887 -7.3078053142138932 38.915891202059669 -15.774430653500042 -22.98885919788691 -17.408101170930674
leaf_weight=5633 398 1414 4357 6561 1270 7552 8126 903 23172 312 62 11177 7052 383 1967 5400 126 22 88 84 1183 3556 137 1105 7848 1566 54 277 507 2092
leaf_count=5633 398 1414 4357 6561 1270 7552 8126 903 23172 312 62 11177 7052 383 1967 5400 126 22 88 84 1183 3556 137 1105 7848 1566 54 277 507 2092
internal_value=0.00142026 -7.63222 -1.21916 7.17555 45.7685 29.8901 19.2789 -27.0028 -2.67557 12.0898 -17.4422 -23.352 14.7309 -21.1808 -3.68977 63.8699 26.7791 56.7954 41.2499 -13.0936 -28.4193 -29.9275 23.9482 -21.9168 -28.7048 -8.28482 65.8269 -7.47186 -29.1567 -16.6859
internal_weight=104384 89463 67212 48730 14921 7950 21865 22251 26865 1726 5214 18482 13613 12942 25139 6971 8252 1517 247 3804 5540 17037 159 12282 11404 1628 5454 660 1410 2176
internal_count=104384 89463 67212 48730 14921 7950 21865 22251 26865 1726 5214 18482 13613 12942 25139 6971 8252 1517 247 3804 5540 17037 159 12282 11404 1628 5454 660 1410 2176
cat_boundaries=0 1 2
cat_threshold=2 2
is_linear=0
shrinkage=0.05


Tree=14
num_leaves=31
num_cat=1
split_feature=0 2 5 0 1 2 0 0 4 4 4 0 0 2 0 0 4 0 0 0 1 1 1 1 2 4 2 0 1 0
split_gain=1.45194e+10 3.29025e+09 3.88064e+09 2.20479e+09 1.45469e+09 9.04055e+08 1.57966e+08 1.52349e+08 1.43406e+08 4.40707e+08 6.43698e+07 5.9659e+07 4.86024e+07 4.21725e+07 5.28058e+07 3.56229e+07 8.80568e+07 2.80854e+07 2.46179e+07 2.45788e+07 2.16809e+07 2.16898e+07 2.03329e+07 1.85804e+07 1.83525e+07 1.75894e+07 1.72917e+07 1.66039e+07 3.01251e+07 1.50894e+07
threshold=15.199964433204654 7.3691513538360605 0 18.379957119216922 0.61999857212659559 7.4989146471023567 13.900046924062918 7.0572628705318561 20.876902363572629 20.682779021084816 32.539182051599006 19.019955969009406 0.44520146530287003 5.5858000000000017 9.6964800574538454 9.4799780963516245 116.90209583102994 16.159962429824834 14.500664368361599 12.780964191841049 18.579956991500861 18.59995679335022 0.059999861964931712 1.0000000180025095e-35 7.334843802452089 56.279287858403407 7.5239886760711681 17.999958659530645 18.579956991500861 19.81995397511292
decision_type=2 10 1 2 2 10 2 2 2 2 2 2 2 10 2 2 2 2 2 2 2 2 2 2 10 2 10 2 2 2
left_child=1 13 4 5 8 -2 19 10 9 -3 22 20 -10 23 -15 26 -17 -7 -8 -6 -5 -22 -4 -1 -16 -12 -9 -19 -29 -13
right_child=3 2 7 11 6 17 18 15 12 -11 25 29 -14 14 24 16 -18 27 -20 -21 21 -23 -24 -25 -26 -27 -28 28 -30 -31
leaf_value=-30.777610180861231 -28.536773245183305 -0.62065458315526056 -28.703518260684319 52.706365499920096 10.507147296232844 26.856308433082422 18.733538363932279 -16.987771386755185 -4.05225924640163 64.989581311076606 -18.621195779486822 65.969637302125349 7.204974242109504 -26.582940639499114 -11.543901618033916 12.085196779365212 -17.385719888930293 31.175125618388492 25.195926320024213 15.200474375373851 17.593454872688447 57.20698046366374 -21.375619718796692 -27.22130892418884 15.820264157281407 -22.475178389895973 -7.6085034865817605 48.809858926208726 -3.1637161543965342 60.695286513278859
leaf_weight=5633 708 1404 4685 725 6739 5421 2600 2129 23898 312 5210 2832 998 1168 554 467 552 6446 3464 4779 100 53 1207 11095 68 7013 642 266 31 3185
leaf_count=5633 708 1404 4685 725 6739 5421 2600 2129 23898 312 5210 2832 998 1168 554 467 552 6446 3464 4779 100 53 1207 11095 68 7013 642 266 31 3185
internal_value=0.00143509 -9.01165 -3.79286 38.5824 4.73648 26.3574 15.8964 -21.0005 -2.63696 11.3394 -22.9081 61.3976 -3.60072 -27.6386 -20.3187 -11.8794 -3.88081 29.5546 22.4287 12.4556 49.0682 31.5982 -27.2063 -28.4206 -8.53172 -20.8341 -14.8183 31.7196 43.3926 63.1883
internal_weight=104384 84617 66099 19767 44194 12872 17582 21905 26612 1716 18115 6895 24896 18518 1790 3790 1019 12164 6064 11518 878 153 5892 16728 622 12223 2771 6743 297 6017
internal_count=104384 84617 66099 19767 44194 12872 17582 21905 26612 1716 18115 6895 24896 18518 1790 3790 1019 12164 6064 11518 878 153 5892 16728 622 12223 2771 6743 297 6017
cat_boundaries=0 1
cat_threshold=2
is_linear=0
shrinkage=0.05


Tree=15
num_leaves=31
num_cat=2
split_feature=1 2 1 5 1 2 2 1 1 4 1 4 1 4 1 3 1 3 1 3 2 4 1 3 1 1 3 3 5 4
split_gain=1.18906e+10 3.71839e+09 4.17543e+09 1.82386e+09 1.26108e+09 3.56323e+08 2.03327e+08 1.975e+08 1.94212e+08 1.29088e+08 8.7121e+07 6.57771e+07 4.32364e+07 3.38035e+07 3.30237e+07 3.03702e+07 2.95065e+07 2.5281e+07 2.20505e+07 4.28505e+07 2.20016e+07 1.72207e+07 1.67461e+07 1.65873e+07 1.62592e+07 1.47174e+07 1.35248e+07 1.34964e+07 1.34093e+07 1.21268e+07
threshold=15.581623976740644 7.4989146471023567 10.359971439942887 0 17.58995901403809 7.4989146471023567 5.5858000000000017 14.019955485939203 1.0000000180025095e-35 20.876902363572629 0.019999953988310573 32.539182051599006 8.1199810039901745 175.85592669041588 11.979972277558968 1.3004166666666668 18.59995679335022 2.5020833333333337 18.579956991500861 1.0135294117647062 7.432311558723451 276.38051498725684 0.019999953988310573 3.101666666666667 1.0000000180025095e-35 8.3699770756030922 0.40068181818181825 1.3802380952380955 1 151.35422855133075
decision_type=2 10 2 1 2 10 10 2 2 2 2 2 2 2 2 2 2 2 2 2 10 2 2 2 2 2 2 2 1 2
left_child=1 6 3 8 5 -2 24 14 9 -3 -8 22 -13 -10 26 -9 18 -16 -6 21 28 -20 -5 -17 -1 -26 -4 -18 -12 -7
right_child=4 2 7 11 16 29 10 15 13 -11 20 12 -14 -15 17 23 27 -19 19 -21 -22 -23 -24 -25 25 -27 -28 -29 -30 -31
leaf_value=-29.239002905599506 -26.068225659221209 10.445799038798283 13.943127201249167 -27.17419815097681 54.027048472825413 36.454467421484331 -26.354186012030159 22.786342316779283 9.5870575409293632 -3.8919722432370785 -30.246688930988313 -19.789989671910192 -6.5834522177122299 -1.5700224273290377 15.312233074850802 28.753285483343337 60.420006040687227 50.350151948195247 63.938290783110119 65.183750061720943 -15.38212570982814 15.121762380693642 -20.64400449725748 47.513961747389573 -20.715743894528611 -26.553587894675129 5.6227351056398787 52.7955083432159 -6.9188627581383777 29.435413130247724
leaf_weight=5633 293 1683 756 4237 1270 704 1410 7065 4267 23172 63 12282 654 807 8364 1630 4713 51 20 88 2016 139 1303 129 1230 10278 1384 741 1726 6276
leaf_count=5633 293 1683 756 4237 1270 704 1410 7065 4267 23172 63 12282 654 807 8364 1630 4713 51 20 88 2016 139 1303 129 1230 10278 1384 741 1726 6276
internal_value=0.00149032 -6.70694 -0.874772 -8.72672 42.4518 27.8805 -24.3894 18.7373 -1.10087 -2.92074 -15.7393 -21.079 -19.1229 7.81261 14.1197 24.2586 57.6483 15.5305 51.337 37.3432 -11.7999 21.6235 -25.6423 30.1554 -27.0201 -25.9315 8.56723 59.394 -7.7568 30.1485
internal_weight=104384 90140 67784 48405 14244 7273 22356 19379 29929 24855 5215 18476 12936 5074 10555 8824 6971 8415 1517 247 3805 159 5540 1759 17141 11508 2140 5454 1789 6980
internal_count=104384 90140 67784 48405 14244 7273 22356 19379 29929 24855 5215 18476 12936 5074 10555 8824 6971 8415 1517 247 3805 159 5540 1759 17141 11508 2140 5454 1789 6980
cat_boundaries=0 1 2
cat_threshold=2 2
is_linear=0
shrinkage=0.05


Tree=16
num_leaves=31
num_cat=1
split_feature=0 2 5 0 1 2 0 1 0 0 3 1 2 0 0 3 1 3 3 2 0 0 2 1 1 3 0 3 2 3
split_gain=1.18426e+10 2.67804e+09 3.15818e+09 1.80108e+09 1.1871e+09 7.27918e+08 1.29194e+08 1.2551e+08 7.67896e+07 6.95087e+07 6.80177e+07 3.44314e+07 3.42899e+07 4.34671e+07 3.29005e+07 2.74542e+07 2.4746e+07 2.43898e+07 2.43433e+07 2.35974e+07 1.9363e+07 1.78556e+07 1.64184e+07 1.52067e+07 1.63098e+07 1.48674e+07 1.52991e+07 1.3828e+07 1.1833e+07 1.05099e+07
threshold=15.199964433204654 7.3691513538360605 0 17.999958659530645 0.61999857212659559 7.4989146471023567 13.900046924062918 6.1199858496971142 19.019955969009406 0.16203430980392161 0.32007575757575768 18.579956991500861 5.5858000000000017 9.6964800574538454 9.4799780963516245 0.76060606060606073 18.59995679335022 0.31933333333333336 1.5808333333333338 7.4446953773498548 12.860829924512387 15.97996235939026 7.334843802452089 0.044999874682521743 8.3699770756030922 1.5808333333333338 19.763287684494021 0.41515151515151522 7.530397439002992 2.8375000000000008
decision_type=2 10 1 2 2 10 2 2 2 2 2 2 10 2 2 2 2 2 2 10 2 2 10 2 2 2 2 2 10 2
left_child=1 12 4 5 9 -2 20 17 11 15 -11 -5 23 -14 28 -3 -13 -4 -8 -16 -6 27 -15 -1 -25 26 -10 -7 -9 -29
right_child=3 2 7 8 6 21 18 14 25 10 -12 16 13 22 19 -17 -18 -19 -20 -21 -22 -23 -24 24 -26 -27 -28 29 -30 -31
leaf_value=-27.731345664387096 -25.795203382871389 -2.7846433333320135 -24.61913284673237 46.712894840895338 9.5853205812447353 19.637357033735956 19.16805427587456 -15.467179771192527 61.2799171924676 -4.9337595437503499 6.617196125772101 11.128231949752028 -24.026131020962836 -10.498432161418167 3.8235287559097113 -7.2277858598806493 51.476901314346883 -19.85556525173196 29.585472610036533 -11.43338254394949 13.789831160115609 27.875349052335089 15.38164448834848 -18.583243198862714 -25.172136185116873 49.865455161459757 55.622340273407623 25.139915462626821 -8.268380790497428 41.147319285541499
leaf_weight=5809 708 16626 3321 991 7004 1377 5435 2194 2245 1964 3626 131 1168 554 552 4396 53 14594 629 467 4514 7428 68 1054 9865 686 3086 2954 777 108
leaf_count=5809 708 16626 3321 991 7004 1377 5435 2194 2245 1964 3626 131 1168 554 552 4396 53 14594 629 467 4514 7428 68 1054 9865 686 3086 2954 777 108
internal_value=0.00156938 -8.13838 -3.43009 34.8451 4.26445 23.428 14.3458 -18.9535 54.8014 -2.39639 2.55871 43.0169 -24.9433 -18.3427 -10.9295 -3.71407 22.9659 -20.7399 20.2533 -3.17295 11.2342 26.3667 -7.64894 -25.6484 -24.5379 57.0951 58.0159 23.8364 -13.5879 25.7178
internal_weight=104384 84617 66099 19767 44194 12575 17582 21905 7192 26612 5590 1175 18518 1790 3990 21022 184 17915 6064 1019 11518 11867 622 16728 10919 6017 5331 4439 2971 3062
internal_count=104384 84617 66099 19767 44194 12575 17582 21905 7192 26612 5590 1175 18518 1790 3990 21022 184 17915 6064 1019 11518 11867 622 16728 10919 6017 5331 4439 2971 3062
cat_boundaries=0 1
cat_threshold=2
is_linear=0
shrinkage=0.05


Tree=17
num_leaves=31
num_cat=1
split_feature=0 2 5 0 1 2 0 0 0 3 0 0 2 0 0 1 3 1 2 1 1 2 3 1 1 3 0 1 0 3
split_gain=1.06884e+10 2.41698e+09 2.85032e+09 1.62693e+09 1.07139e+09 6.65825e+08 1.1818e+08 1.13383e+08 6.33848e+07 5.02578e+07 4.40965e+07 3.09853e+07 3.09438e+07 3.92362e+07 3.00568e+07 2.48998e+07 2.24425e+07 2.15364e+07 2.13013e+07 1.5947e+07 1.58518e+07 1.48322e+07 1.40595e+07 1.37244e+07 1.4716e+07 1.34082e+07 1.381e+07 1.31827e+07 2.07362e+07 1.27164e+07
threshold=15.199964433204654 7.3691513538360605 0 18.379957119216922 0.61999857212659559 7.4989146471023567 14.379966810630801 6.1068796667851233 0.1999995406292677 0.32007575757575768 19.019955969009406 13.038104330365876 5.5858000000000017 9.6964800574538454 9.4799780963516245 1.0000000180025095e-35 0.31933333333333336 15.999962161239624 7.4446953773498548 18.579956991500861 18.699957285629278 7.334843802452089 2.8375000000000008 0.044999874682521743 8.3699770756030922 1.5808333333333338 19.763287684494021 18.579956991500861 17.999958659530645 2.9541666666666671
decision_type=2 10 1 2 2 10 2 2 2 2 2 2 10 2 2 2 2 2 8 2 2 10 2 2 2 2 2 2 2 2
left_child=1 12 4 5 8 -2 11 16 15 -10 19 -6 23 -14 -9 -3 -4 22 -16 -5 -21 -15 -7 -1 -25 26 -12 28 -19 -8
right_child=3 2 7 10 6 17 29 14 9 -11 25 -13 13 21 18 -17 -18 27 -20 20 -22 -23 -24 24 -26 -27 -28 -29 -30 -31
leaf_value=-26.345016967182524 -24.507262280656523 -3.7963926714499325 -23.468373146874399 45.222939726958266 9.2460960091657256 23.397213634464254 20.848091201078251 -12.944986815210028 -4.3014985456011345 6.9647349651329087 58.217285972826204 14.041750162506052 -22.825852055786207 -9.9744566818341482 3.632698253721848 3.1800122242044284 -18.874437861452488 27.444536714387223 -10.86293471133607 17.106753208373501 53.412858706883029 14.623708043858626 38.88018370879324 -17.654961894991839 -23.913656990631662 47.375810585854879 52.842122000622297 -4.2819578526914119 41.920257437702425 42.972442995896984
leaf_weight=5809 708 20815 3278 725 7460 7467 3898 3029 1490 2945 2245 6158 1168 554 552 1362 14579 4249 467 112 41 68 151 1054 9865 686 3086 31 266 66
leaf_count=5809 708 20815 3278 725 7460 7467 3898 3029 1490 2945 2245 6158 1168 554 552 1362 14579 4249 467 112 41 68 151 1054 9865 686 3086 31 266 66
internal_value=0.00161607 -7.73152 -3.25859 33.1037 4.0513 22.6023 13.6287 -18.006 -2.27659 3.17957 52.7023 11.4155 -23.6964 -17.4261 -10.4466 -3.36781 -19.719 25.3461 -3.01467 42.1027 27.1195 -7.2661 23.7092 -24.3662 -23.3112 54.2417 55.1162 28.0833 28.3065 21.2272
internal_weight=104384 84617 66099 19767 44194 12872 17582 21905 26612 4435 6895 13618 18518 1790 4048 22177 17857 12164 1019 878 153 622 7618 16728 10919 6017 5331 4546 4515 3964
internal_count=104384 84617 66099 19767 44194 12872 17582 21905 26612 4435 6895 13618 18518 1790 4048 22177 17857 12164 1019 878 153 622 7618 16728 10919 6017 5331 4546 4515 3964
cat_boundaries=0 1
cat_threshold=2
is_linear=0
shrinkage=0.05


Tree=18
num_leaves=31
num_cat=1
split_feature=1 2 1 5 1 2 2 1 1 4 1 4 2 4 1 1 3 3 1 4 3 4 3 1 1 3 1 3 3 1
split_gain=8.74857e+09 2.73859e+09 3.06483e+09 1.33821e+09 9.2569e+08 2.57899e+08 1.47552e+08 1.46353e+08 1.45302e+08 1.12462e+08 6.55865e+07 5.40718e+07 3.68205e+07 3.09346e+07 2.8866e+07 2.63083e+07 2.38742e+07 2.31101e+07 2.09471e+07 2.6588e+07 2.01861e+07 1.84611e+07 1.67232e+07 2.08266e+07 1.64029e+07 1.45377e+07 1.39681e+07 1.32778e+07 1.22271e+07 1.19897e+07
threshold=15.581623976740644 7.4989146471023567 10.359971439942887 0 17.436626025792446 7.4989146471023567 5.5858000000000017 1.0000000180025095e-35 14.059955358937602 20.876902363572629 0.019999953988310573 32.539182051599006 7.5667750358581545 175.85592669041588 18.59995679335022 11.899972057614617 1.3004166666666668 2.5020833333333337 17.349959723434452 278.99955054364256 0.95029411764705896 143.97753043880303 1.0700490196078434 18.579956991500861 10.019977010002139 1.0135294117647062 0.079999816677379113 3.101666666666667 2.9541666666666671 1.0000000180025095e-35
decision_type=2 10 2 1 2 10 10 2 2 2 2 2 10 2 2 2 2 2 2 2 2 2 2 2 2 2 2 2 2 2
left_child=1 6 3 7 5 -2 29 9 15 -3 -8 26 -13 -9 22 -4 -10 -17 -7 -20 -21 24 23 -6 -12 -25 -5 -18 -16 -1
right_child=4 2 8 11 14 18 10 13 16 -11 21 12 -14 -15 28 17 27 -19 19 20 -22 -23 -24 25 -26 -27 -28 -29 -30 -31
leaf_value=-25.07397408387574 -22.26536903095894 9.9538497844492113 6.9289145064005169 -23.351661898769176 42.776159082541895 26.123956760995526 -22.768688209825676 8.4927647405639366 19.531302355753294 -3.4287492925385608 -10.84559727219691 -10.050427050992418 -17.42595256841857 -2.1796940036372532 51.139996586280326 13.11773252728873 24.834632301568618 45.391186365400046 42.921464775640231 -5.8753795568927449 32.901660198832666 -15.55765125428967 50.874154496547163 18.469006591223181 -2.7296127360888893 59.795002636718756 -16.696614378765766 41.672374544365461 26.461542114257817 -22.233797720447384
leaf_weight=5633 293 1683 1975 4572 992 6553 1410 4267 6956 23172 1713 2008 10928 807 5400 8646 1619 55 51 152 42 1113 524 159 979 24 968 128 54 11508
leaf_count=5633 293 1683 1975 4572 992 6553 1410 4267 6956 23172 1713 2008 10928 807 5400 8646 1619 55 51 152 42 1113 524 159 979 24 968 128 54 11508
internal_value=0.0016875 -5.75254 -0.747397 -7.47453 36.4139 23.6066 -20.9276 -0.942405 16.0552 -2.52221 -13.5587 -18.0552 -16.2819 6.79526 49.1051 12.1441 20.851 13.3269 25.5867 11.1697 2.6453 -10.1407 43.3151 39.9036 -7.89617 24.1844 -22.1921 26.0914 50.9006 -23.1686
internal_weight=104384 90140 67784 48405 14244 7091 22356 29929 19379 24855 5215 18476 12936 5074 7153 10676 8703 8701 6798 245 194 3805 1699 1175 2692 183 5540 1747 5454 17141
internal_count=104384 90140 67784 48405 14244 7091 22356 29929 19379 24855 5215 18476 12936 5074 7153 10676 8703 8701 6798 245 194 3805 1699 1175 2692 183 5540 1747 5454 17141
cat_boundaries=0 1
cat_threshold=2
is_linear=0
shrinkage=0.05


Tree=19
num_leaves=31
num_cat=1
split_feature=0 5 0 4 4 3 0 4 4 0 4 0 0 4 0 4 1 4 0 3 1 1 4 0 3 4 4 1 0 1
split_gain=8.71911e+09 1.53055e+09 1.21788e+09 6.35922e+08 3.34625e+08 2.30453e+08 1.48486e+08 1.16216e+08 9.5671e+07 8.59839e+07 8.18124e+07 5.06193e+07 4.42077e+07 3.7666e+07 3.67907e+07 3.05452e+07 3.39226e+07 2.96655e+07 5.53966e+07 2.42348e+07 2.24143e+07 1.32567e+07 1.36922e+07 1.21822e+07 1.72808e+07 1.21681e+07 1.41142e+07 1.18161e+07 1.14228e+07 2.04956e+07
threshold=15.339964343803407 0 18.379957119216922 227.89723681478856 17.963562687527723 1.2004761904761907 7.5068733161599308 29.151013328920875 95.557937423290767 14.539561841274361 7.4417474773993915 11.799972907264712 15.819963573837283 82.341677575627799 19.019955969009406 275.50993669654093 15.399964305488588 149.23024062292276 9.1616146857637091 0.48022222222222227 11.209969343024381 18.579956991500861 276.38051498725684 19.879953380661018 2.6408333333333336 278.99955054364256 32.539182051599006 8.9999792146502262 17.999958659530645 18.579956991500861
decision_type=2 1 2 2 2 2 2 2 2 2 2 2 2 2 2 2 2 2 2 2 2 2 2 2 2 2 2 2 2 2
left_child=1 3 7 4 -1 8 10 -2 -6 11 -3 -5 15 -7 21 16 -9 18 27 -13 -20 -4 -23 24 -16 26 -12 -8 -14 -30
right_child=2 6 14 9 5 13 17 12 -10 -11 25 19 28 -15 23 -17 -18 -19 20 -21 -22 22 -24 -25 -26 -27 -28 -29 29 -31
leaf_value=-19.431655342497749 -14.288629477748788 -23.590452502049491 40.777690303319091 -2.2813591163346483 -4.3198037398651836 -15.97716329580126 -7.1367650371537188 15.905731394764382 0.60202073010528478 17.719573273217566 -19.138235711874117 12.279896813166303 23.30426877257139 -8.6528202638920657 51.795679565226635 22.768461041900466 -1.2183693788876651 -14.361662684096808 6.6263470688485455 5.7384158125291798 -7.940065215156678 46.500161828994756 14.085213733566142 46.563173170295741 25.737282743592193 -21.806221741624761 -15.451592633492012 -15.779631039182107 37.832007859668487 -4.9691429919004442
leaf_weight=3525 226 5915 725 1262 20537 2960 761 1375 19014 2420 3405 2651 8393 4325 3080 1170 366 1379 898 3045 373 47 106 2869 68 1090 11273 829 266 31
leaf_count=3525 226 5915 725 1262 20537 2960 761 1375 19014 2420 3405 2651 8393 4325 3080 1170 366 1379 898 3045 373 47 106 2869 68 1090 11273 829 266 31
internal_value=0.00175679 -6.75403 30.9114 -2.35129 -4.57744 -3.45909 -16.8996 21.1714 -1.9537 9.60265 -18.573 6.77743 21.8634 -11.6306 47.6129 16.5182 12.3072 -8.33929 -5.4325 8.78454 2.34866 37.9337 24.2801 49.0187 51.2411 -16.6895 -16.3081 -11.6501 23.6518 33.3628
internal_weight=104384 85662 18722 59739 50361 46836 25923 11827 39551 9378 21683 6958 11601 7285 6895 2911 1741 4240 2861 5696 1271 878 153 6017 3148 15768 14678 1590 8690 297
internal_count=104384 85662 18722 59739 50361 46836 25923 11827 39551 9378 21683 6958 11601 7285 6895 2911 1741 4240 2861 5696 1271 878 153 6017 3148 15768 14678 1590 8690 297
cat_boundaries=0 1
cat_threshold=2
is_linear=0
shrinkage=0.05


Tree=20
num_leaves=31
num_cat=2
split_feature=0 2 5 0 0 2 4 3 0 0 4 0 4 4 4 0 2 0 3 2 0 3 3 0 5 3 4 4 3 4
split_gain=7.87461e+09 1.9157e+09 2.14225e+09 1.19822e+09 8.24841e+08 5.15566e+08 1.12319e+08 4.26402e+08 1.00249e+08 9.08896e+07 4.76161e+07 4.69691e+07 4.32413e+07 4.11304e+07 3.68809e+07 3.31729e+07 2.1458e+07 2.33639e+07 1.93446e+07 1.79657e+07 1.49433e+07 1.15912e+07 1.14686e+07 1.19541e+07 1.05481e+07 9.58078e+06 9.55982e+06 9.45533e+06 9.43471e+06 8.98934e+06
threshold=15.199964433204654 7.3608105421066297 0 18.379957119216922 0.44520146530287003 7.4989146471023567 20.876902363572629 0.76060606060606073 13.900046924062918 8.8257749581760265 143.97753043880303 9.2999783966751099 32.539182051599006 36.972016444086492 79.705660969726708 19.019955969009406 5.5858000000000017 9.2999783966751099 1.1137500000000002 7.5821911334991468 16.219962576889042 3.101666666666667 1.5808333333333338 19.763287684494021 1 2.3608333333333338 70.311670125367542 7.3565387915560505 0.37916666666666676 175.85592669041588
decision_type=2 10 1 2 2 10 2 2 2 2 2 2 2 2 2 2 10 2 2 10 2 2 2 2 1 2 2 2 2 2
left_child=1 16 4 5 6 -2 7 -3 13 12 11 -11 27 -6 -8 -5 -1 -18 -10 -14 21 28 23 -17 -19 29 -26 -4 -7 -22
right_child=3 2 9 15 8 20 14 -9 18 10 -12 -13 19 -15 -16 22 17 24 -20 -21 25 -23 -24 -25 26 -27 -28 -29 -30 -31
leaf_value=-21.463928415521835 -22.051852315733228 -1.0545688142340217 -22.155847872147717 36.042798919002358 19.401833026811175 16.465940267419846 -5.1333940416221457 65.148773802932439 15.655745153997476 -8.7189667855787647 -13.847637715067741 10.708624426172101 -11.571070439293507 8.38346746459003 -1.2026413932002318 50.242305691380217 -20.010648201208387 -27.482837885538739 22.682682265898332 -15.899431838469335 27.809162729485866 41.427110852438311 40.254933789959821 45.271066631518565 -7.0691024060716821 36.290038842501701 20.329625710880055 -18.199705370431722 21.007301949923658 22.387082759267042
leaf_weight=16728 708 1408 2733 878 916 1626 10531 293 4827 644 1038 600 3133 11211 13771 2245 1026 59 1237 10417 916 62 686 3086 509 145 33 3503 4071 5344
leaf_count=16728 708 1408 2733 878 916 1626 10531 293 4827 644 1038 600 3133 11211 13771 2245 1026 59 1237 10417 916 62 686 3086 509 145 33 3503 4071 5344
internal_value=0.00175128 -6.63588 -2.67617 28.4145 3.67676 19.4023 -2.0366 10.3806 11.8433 -15.3983 -5.94636 0.652325 -16.4881 9.21726 -2.90613 45.2339 -20.9296 -15.4263 17.0927 -14.8996 21.8167 19.9552 46.5688 47.3736 -7.57974 23.4871 -5.36654 -19.9368 19.7143 23.1848
internal_weight=104384 84617 66262 19767 44194 12872 26003 1701 18191 22068 2282 1244 19786 12127 24302 6895 18355 1627 6064 13550 12164 5759 6017 5331 601 6405 542 6236 5697 6260
internal_count=104384 84617 66262 19767 44194 12872 26003 1701 18191 22068 2282 1244 19786 12127 24302 6895 18355 1627 6064 13550 12164 5759 6017 5331 601 6405 542 6236 5697 6260
cat_boundaries=0 1 2
cat_threshold=2 2
is_linear=0
shrinkage=0.05


Tree=21
num_leaves=31
num_cat=0
split_feature=0 2 2 0 0 2 2 0 0 0 0 0 4 1 3 2 0 1 3 3 0 1 1 3 3 0 1 1 1 1
split_gain=7.10718e+09 1.72895e+09 1.70936e+09 1.08194e+09 7.99402e+08 4.59224e+08 1.22562e+08 1.39548e+08 5.38947e+07 4.62224e+07 4.56479e+07 4.0065e+07 3.10993e+07 2.36616e+07 2.21092e+07 1.93591e+07 2.10875e+07 1.73759e+07 1.39769e+07 1.27501e+07 1.16307e+07 1.45214e+07 1.13701e+07 1.07023e+07 1.03946e+07 1.06613e+07 9.82981e+06 9.11103e+06 8.98444e+06 1.33482e+07
threshold=15.199964433204654 7.3608105421066297 7.5000060558319097 17.999958659530645 11.959972063575746 7.4989146471023567 7.4989146471023567 0.20346191134857275 14.479966376014712 19.019955969009406 9.9403491686412639 7.9612387325791962 32.539182051599006 18.579956991500861 2.3608333333333338 5.5858000000000017 9.1616146857637091 18.59995679335022 1.3408333333333335 2.4208333333333338 15.97996235939026 14.299966861717225 0.079999815953242293 1.0803703703703706 1.6808333333333336 19.81995397511292 17.349959723434452 12.999969545661928 0.044999874682521743 8.3699770756030922
decision_type=2 10 10 2 2 10 10 2 2 2 2 2 2 2 2 10 2 2 2 2 2 2 2 2 2 2 2 2 2 2
left_child=1 15 4 5 6 -2 10 -8 14 13 -3 12 22 -5 -6 28 -17 -15 -14 20 21 -7 -4 -13 25 -11 -22 -18 -1 -30
right_child=3 2 11 9 8 19 7 -9 -10 24 -12 23 18 17 -16 16 27 -19 -20 -21 26 -23 -24 -25 -26 -27 -28 -29 29 -31
leaf_value=-21.992731338001981 -20.950814795420101 -12.909069909724824 -20.16298783677432 36.380975932780835 10.714125144420128 33.557236630705745 -2.5334343149551133 4.9306360329679757 18.259333133682269 47.323142481673671 1.7927679570222548 1.639630050364854 -13.081744965996254 6.8256551021518135 28.057223456058097 -19.04589665693646 -5.2805951840117364 40.60128567165799 -16.519899728429628 29.027267894207593 21.800203182175657 17.488823415624548 -14.422400354183148 -10.997392612886763 37.892921124331259 42.711539923772648 13.154388429685071 -26.301777252732666 -14.158748705145308 -20.109707057803007
leaf_weight=5809 708 2924 4448 991 9043 146 22730 8642 3636 2628 644 402 7138 131 187 1020 551 53 5096 425 6882 4063 1086 286 622 2767 351 56 1054 9865
leaf_count=5809 708 2924 4448 991 9043 146 22730 8642 3636 2628 644 402 7138 131 187 1020 551 53 5096 425 6882 4063 1086 286 622 2767 351 56 1054 9865
internal_value=0.00180918 -6.3041 -2.54233 26.9946 2.4475 18.1457 -1.47605 -0.477226 13.1019 42.4619 -10.2557 -15.4668 -15.9252 33.3192 11.0685 -19.8833 -14.656 16.7214 -14.5151 20.4798 20.1598 18.054 -19.0393 -3.62188 44.2415 44.9663 21.3825 -7.26002 -20.3908 -19.5366
internal_weight=104384 84617 66262 19767 47806 12575 34940 31372 12866 7192 3568 18456 17768 1175 9230 18355 1627 184 12234 11867 11442 4209 5534 688 6017 5395 7233 607 16728 10919
internal_count=104384 84617 66262 19767 47806 12575 34940 31372 12866 7192 3568 18456 17768 1175 9230 18355 1627 184 12234 11867 11442 4209 5534 688 6017 5395 7233 607 16728 10919
is_linear=0
shrinkage=0.05


Tree=22
num_leaves=31
num_cat=2
split_feature=0 2 5 0 0 2 4 3 0 0 4 4 4 0 0 4 2 0 4 3 0 3 0 3 5 4 3 2 3 4
split_gain=6.41457e+09 1.56043e+09 1.74574e+09 9.76865e+08 6.76632e+08 4.19948e+08 1.00271e+08 3.89003e+08 8.21326e+07 7.47686e+07 3.60842e+07 3.36774e+07 3.20329e+07 2.67265e+07 2.27636e+07 6.36765e+07 1.74626e+07 1.90446e+07 1.52879e+07 1.4756e+07 1.24798e+07 1.00921e+07 1.10949e+07 1.00385e+07 8.69274e+06 8.64293e+06 8.27002e+06 8.13611e+06 8.12815e+06 8.05598e+06
threshold=15.199964433204654 7.3608105421066297 0 18.379957119216922 0.44520146530287003 7.4989146471023567 20.876902363572629 0.82004901960784327 14.13994659304865 5.4778346966344351 36.972016444086492 79.705660969726708 34.663429674957491 19.019955969009406 9.4799780963516245 116.90209583102994 5.5858000000000017 9.2999783966751099 37.026206013103618 1.1137500000000002 16.219962576889042 3.101666666666667 19.81995397511292 3.101666666666667 1 70.311670125367542 0.37916666666666676 7.5200507164001467 2.3608333333333338 175.85592669041588
decision_type=2 10 1 2 2 10 2 2 2 2 2 2 2 2 2 2 10 2 2 2 2 2 2 2 1 2 2 10 2 2
left_child=1 16 9 5 6 -2 7 -4 10 12 -6 -8 -3 -5 27 -16 -1 -18 -14 -10 23 22 -15 26 -19 -26 -7 -11 29 -22
right_child=3 2 4 13 8 20 11 -9 19 14 -12 -13 18 21 15 -17 17 24 -20 -21 28 -23 -24 -25 25 -27 -28 -29 -30 -31
leaf_value=-19.371424580637122 -19.904751601064493 -18.284356517494793 0.40456548226450617 32.581125593424119 18.130983416274962 14.72320978806348 -4.8048718460860877 70.198164094763925 14.671256580948379 -11.668364326713055 7.8986872847900331 -1.0487219769778064 -9.3736250871745366 44.607630179346899 11.550218328842009 -13.137324495278904 -18.063743395140261 -24.908498311360681 -14.526799168409248 21.189631219897255 25.308683212010138 20.737572151442706 40.146736955903528 37.960308346218532 -6.4507672889933865 19.599305509679457 18.972484340176848 -6.07472162696748 33.001123998720352 20.181206394086828
leaf_weight=16728 708 6004 1471 878 927 1626 10531 230 3960 2189 12183 13771 1684 2779 494 552 1026 59 10215 1121 916 58 3180 62 509 33 4071 930 145 5344
leaf_count=16728 708 6004 1471 878 927 1626 10531 230 3960 2189 12183 13771 1684 2779 494 552 1026 59 10215 1121 916 58 3180 62 509 33 4071 930 145 5344
internal_value=0.00180193 -5.98897 -2.41523 25.6456 3.3197 17.5083 -1.85497 9.87738 10.7163 -13.8998 8.62353 -2.67654 -15.3037 40.8321 -7.86291 -1.47811 -18.8894 -13.9248 -13.7983 16.1133 19.6874 42.0305 42.2342 17.9865 -6.84057 -4.83151 17.7625 -10.003 21.2137 20.9354
internal_weight=104384 84617 66262 19767 44194 12872 26003 1701 18191 22068 13110 24302 17903 6895 4165 1046 18355 1627 11899 5081 12164 6017 5959 5759 601 542 5697 3119 6405 6260
internal_count=104384 84617 66262 19767 44194 12872 26003 1701 18191 22068 13110 24302 17903 6895 4165 1046 18355 1627 11899 5081 12164 6017 5959 5759 601 542 5697 3119 6405 6260
cat_boundaries=0 1 2
cat_threshold=1 2
is_linear=0
shrinkage=0.05


Tree=23
num_leaves=31
num_cat=1
split_feature=1 2 1 5 1 2 1 2 4 1 4 4 4 2 3 1 4 1 3 3 1 3 1 3 3 1 4 1 3 1
split_gain=5.24341e+09 1.75155e+09 1.89766e+09 8.0739e+08 5.55455e+08 1.60882e+08 1.07027e+08 9.97072e+07 8.35795e+07 8.28591e+07 4.39738e+07 3.22776e+07 2.92468e+07 2.56789e+07 2.11732e+07 1.88893e+07 2.14743e+07 1.88717e+07 1.83341e+07 1.79247e+07 1.53181e+07 1.14785e+07 1.56847e+07 1.09598e+07 1.06982e+07 1.05927e+07 9.63565e+06 1.35366e+07 8.58711e+06 7.73452e+06
threshold=15.581623976740644 7.4989146471023567 10.359971439942887 0 17.436626025792446 7.4989146471023567 1.0000000180025095e-35 5.5858000000000017 20.876902363572629 14.059955358937602 7.4417474773993915 32.539182051599006 175.85592669041588 7.5652331590652473 2.5020833333333337 17.349959723434452 278.99955054364256 12.699970664131166 0.95029411764705896 1.3004166666666668 18.59995679335022 1.0700490196078434 18.579956991500861 1.0135294117647062 3.101666666666667 0.079999816677379113 143.97753043880303 10.019977010002139 2.9541666666666671 1.0000000180025095e-35
decision_type=2 10 2 1 2 10 2 10 2 2 2 2 2 10 2 2 2 2 2 2 2 2 2 2 2 2 2 2 2 2
left_child=1 7 3 6 5 -2 8 29 -3 14 -9 25 -8 -13 17 -7 -17 -4 -18 -11 21 22 -6 -24 -21 -5 27 -12 -22 -1
right_child=4 2 9 11 20 15 12 10 -10 19 26 13 -14 -15 -16 16 18 -19 -20 24 28 -23 23 -25 -26 -27 -28 -29 -30 -31
leaf_value=-19.961217920848956 -17.959616675409332 8.7345844863312063 6.9805596043434228 -18.166991183405734 33.465349311760185 20.344096386289458 7.5977713878108704 -20.145989821958594 -2.8022419786889752 15.25050388525284 -9.0908237506157779 -7.2548485996761602 -2.7788707789292761 -13.523190258791438 39.972078144468114 34.707186660766602 -9.5678823004828555 11.317814298545901 27.385850008587507 19.806691880920422 39.532550291666787 40.04366603491647 12.448054420471193 48.240946850585942 34.889982252490611 -12.38010487189357 -12.334314469895203 -1.9539528960922816 18.972526599190456 -17.680421763729321
leaf_weight=5633 293 1683 4080 4572 992 6553 4267 968 23172 6956 2177 1923 807 11013 57 51 152 6539 42 1619 5400 524 159 24 128 968 1113 957 54 11508
leaf_count=5633 293 1683 4080 4572 992 6553 4267 968 23172 6956 2177 1923 807 11013 57 51 152 6539 42 1619 5400 524 159 24 128 968 1113 957 54 11508
internal_value=0.00184804 -4.45293 -0.450131 -5.74355 28.1912 18.2704 -0.669741 -16.5889 -2.02073 12.7714 -10.5317 -13.962 5.94718 -12.592 9.81779 19.8343 6.17268 9.65218 -1.46815 16.3931 38.0222 33.7951 30.9769 17.3789 20.9312 -17.1583 -8.33619 -6.91282 39.3325 -18.4311
internal_weight=104384 90140 67784 48405 14244 7091 29929 22356 24855 19379 5215 18476 5074 12936 10676 6798 245 10619 194 8703 7153 1699 1175 183 1747 5540 4247 3134 5454 17141
internal_count=104384 90140 67784 48405 14244 7091 29929 22356 24855 19379 5215 18476 5074 12936 10676 6798 245 10619 194 8703 7153 1699 1175 183 1747 5540 4247 3134 5454 17141
cat_boundaries=0 1
cat_threshold=2
is_linear=0
shrinkage=0.05


Tree=24
num_leaves=31
num_cat=1
split_feature=0 2 5 0 1 2 0 0 0 3 0 3 2 1 3 1 1 2 0 1 2 1 0 1 1 3 3 3 1 3
split_gain=5.23089e+09 1.2718e+09 1.4196e+09 7.99409e+08 5.71265e+08 3.38699e+08 6.48291e+07 6.13422e+07 4.40535e+07 5.27587e+07 3.42403e+07 2.36466e+07 2.10852e+07 1.9976e+07 1.97917e+07 1.92573e+07 1.45431e+07 1.36468e+07 1.51344e+07 1.24772e+07 1.24103e+07 1.05427e+07 1.08759e+07 9.78677e+06 9.37706e+06 8.62771e+06 8.54285e+06 8.45373e+06 8.09404e+06 8.0853e+06
threshold=15.199964433204654 7.3608105421066297 0 17.999958659530645 0.61999857212659559 7.4989146471023567 9.1616146857637091 14.379966810630801 0.14001774458882627 0.82004901960784327 19.019955969009406 0.7997619047619049 7.4373547077178968 18.579956991500861 2.3608333333333338 1.0000000180025095e-35 18.699957285629278 5.5858000000000017 9.1616146857637091 11.579968186739348 7.6362954139709478 14.299966861717225 15.819963573837283 9.899976957327473 17.349959723434452 2.9541666666666671 1.3608333333333336 1.5208333333333337 17.349959723434452 0.28854166666666675
decision_type=2 10 1 2 2 10 2 2 2 2 2 2 10 2 2 2 2 10 2 2 10 2 2 2 2 2 2 2 2 2
left_child=1 17 6 5 8 -2 15 14 11 -10 13 -4 19 -5 -6 -3 -15 -1 -19 -8 -17 -7 26 -14 -12 -9 -23 -26 -24 -20
right_child=3 2 4 10 7 21 12 25 9 -11 24 -13 23 16 -16 20 -18 18 29 -21 -22 22 28 -25 27 -27 -28 -29 -30 -31
leaf_value=-17.48053255430461 -18.023384556608782 -15.394278201739006 -1.9164626758987067 31.397347952733117 8.1577713802822398 29.66879475060788 7.9468550042578343 15.146527496373972 -0.36097370614381957 10.767080950481823 61.149931640625006 -6.1792272026331823 -2.95214277285001 5.7140877968404036 24.173247209227814 -10.531126820332505 39.234252827962244 -16.383875613483465 13.327568044662478 -9.1172104577457205 -13.577969293142878 13.762005863804061 18.679668071056941 -13.620502967881405 38.527933339346895 33.342424710401851 20.239333073466639 32.642239870028469 10.877927246769156 -8.0748397518946735
leaf_weight=16728 708 7053 16128 991 13423 178 505 3898 5061 1348 45 4075 495 143 195 6265 41 1020 47 135 7235 2763 7943 380 5229 66 631 743 352 560
leaf_count=16728 708 7053 16128 991 13423 178 505 3898 5061 1348 45 4075 495 143 195 6265 41 1020 47 135 7235 2763 7943 380 5229 66 631 743 352 560
internal_value=0.00187728 -5.40799 -2.18166 23.1591 2.9899 15.5529 -12.538 9.9834 -1.63077 1.9809 36.4544 -2.77654 -2.55443 28.5858 8.38886 -13.2738 13.355 -17.0544 -12.6647 4.33879 -12.1649 17.5574 17.3705 -7.59552 37.986 15.4578 14.9719 37.8013 18.35 -6.39845
internal_weight=104384 84617 66262 19767 44194 12575 22068 17582 26612 6409 7192 20203 1515 1175 13618 20553 184 18355 1627 640 13500 11867 11689 875 6017 3964 3394 5972 8295 607
internal_count=104384 84617 66262 19767 44194 12575 22068 17582 26612 6409 7192 20203 1515 1175 13618 20553 184 18355 1627 640 13500 11867 11689 875 6017 3964 3394 5972 8295 607
cat_boundaries=0 1
cat_threshold=1
is_linear=0
shrinkage=0.05


Tree=25
num_leaves=31
num_cat=2
split_feature=1 2 1 5 1 5 2 1 2 4 3 4 4 3 4 3 1 4 3 4 1 3 1 3 4 1 1 2 1 3
split_gain=4.27384e+09 1.42769e+09 1.55281e+09 5.62318e+08 4.53069e+08 1.7345e+08 1.30736e+08 8.59689e+07 8.07972e+07 7.8117e+07 3.4814e+08 3.72235e+07 2.60253e+07 2.19772e+07 2.1165e+07 2.04026e+07 1.64607e+07 1.858e+07 1.66127e+07 1.28764e+07 1.17888e+07 9.56336e+06 1.27835e+07 9.35105e+06 8.56486e+06 1.09344e+07 8.04853e+06 8.76567e+06 7.62561e+06 7.5392e+06
threshold=15.581623976740644 7.4989146471023567 0.99999769051669152 0 17.436626025792446 1 7.4989146471023567 13.599968220170341 5.5858000000000017 20.876902363572629 0.82004901960784327 7.4417474773993915 248.50768118551136 1.2604166666666672 34.663429674957491 0.72041666666666682 17.349959723434452 278.99955054364256 0.95029411764705896 278.99955054364256 18.59995679335022 1.0700490196078434 18.579956991500861 1.0135294117647062 143.97753043880303 10.019977010002139 8.1199810039901745 7.5200507164001467 0.079999815953242293 2.9541666666666671
decision_type=2 10 2 1 2 1 10 2 10 2 2 2 2 2 2 2 2 2 2 2 2 2 2 2 2 2 2 10 2 2
left_child=1 8 3 9 6 7 -2 12 -1 10 -3 -10 -4 -9 28 -11 -8 -18 -19 -16 21 22 -6 -24 25 -13 -7 -28 -5 -22
right_child=4 2 5 14 20 26 16 13 11 15 -12 24 -14 -15 19 -17 17 18 -20 -21 29 -23 23 -25 -26 -27 27 -29 -30 -31
leaf_value=-16.634980520319772 -16.167786356846289 0.016852504680302239 9.9226532678819392 -16.574910800520225 30.293389065131205 -9.981848787342809 18.377613705803125 13.050511320243112 -18.369516492841537 -1.3931648255707696 66.210956525677688 -8.1198829282297869 5.1143087178067717 18.791124033983177 -11.36356378448046 -4.7169735701852309 31.694589437338024 -9.6597786169114457 25.51715373371923 -17.15163857674554 35.668533824209241 36.320326614961175 11.217484607815743 44.272925000000008 -11.273131646251095 -1.7056463719173367 -14.223535362537092 0.25386316928295333 -11.723696776532512 16.45120538746227
leaf_weight=17141 293 1498 6891 4449 992 825 6553 8713 968 19045 228 2177 4763 2070 10478 6094 51 152 42 1062 5400 524 159 24 1113 957 129 534 1005 54
leaf_count=17141 293 1498 6891 4449 992 825 6553 8713 968 19045 228 2177 4763 2070 10478 6094 51 152 42 1062 5400 524 159 24 1113 957 129 534 1005 54
internal_value=0.00191812 -4.01995 -0.40611 -5.99544 25.4519 9.84 16.492 10.9364 -14.9767 -1.49247 8.7942 -9.52405 7.95809 14.1542 -13.1135 -2.19905 17.9018 5.15207 -1.95233 -11.8977 34.3307 30.6183 28.0467 15.7697 -7.50409 -6.1624 -6.68788 -2.58018 -15.6833 35.4813
internal_weight=104384 90140 67784 43859 14244 23925 7091 22437 22356 26865 1726 5215 11654 10783 16994 25139 6798 245 194 11540 7153 1699 1175 183 4247 3134 1488 663 5454 5454
internal_count=104384 90140 67784 43859 14244 23925 7091 22437 22356 26865 1726 5215 11654 10783 16994 25139 6798 245 194 11540 7153 1699 1175 183 4247 3134 1488 663 5454 5454
cat_boundaries=0 1 2
cat_threshold=2 2
is_linear=0
shrinkage=0.05


Tree=26
num_leaves=31
num_cat=1
split_feature=0 2 5 0 1 2 4 4 0 4 0 4 0 4 0 2 2 0 1 1 1 4 4 1 1 1 1 4 1 1
split_gain=4.26834e+09 1.0364e+09 1.15385e+09 6.52843e+08 4.64071e+08 2.80394e+08 6.89715e+07 3.31347e+08 5.57098e+07 5.74008e+07 5.17263e+07 2.83234e+07 2.63977e+07 2.0314e+07 1.85609e+07 1.49054e+07 1.06478e+07 1.20055e+07 1.05841e+07 1.04955e+07 1.17521e+07 1.08621e+07 9.83571e+06 1.37716e+07 1.22867e+07 9.31373e+06 7.97403e+06 9.43325e+06 7.81685e+06 7.39696e+06
threshold=15.199964433204654 7.3608105421066297 0 18.379957119216922 0.51999881025514538 7.4989146471023567 20.876902363572629 20.682779021084816 9.1616146857637091 116.90209583102994 14.479966376014712 34.157793897804034 0.44520146530287003 227.89723681478856 19.019955969009406 7.5821911334991468 5.5858000000000017 9.2999783966751099 0.079999816677379113 16.039962506454472 14.299966861717225 278.94763736680397 178.95663949190643 16.939961004837041 17.349959723434452 17.349959723434452 18.579956991500861 276.38051498725684 10.839974905344109 0.044999874682521743
decision_type=2 10 1 2 2 10 2 2 2 2 2 2 2 2 2 10 10 2 2 2 2 2 2 2 2 2 2 2 2 2
left_child=1 16 4 5 6 -2 7 -3 11 -10 13 18 -8 -6 26 -13 29 -18 -4 20 -7 -22 23 -21 -24 -16 -5 -28 -19 -1
right_child=3 2 8 14 10 19 12 -9 9 -11 -12 15 -14 -15 25 -17 17 28 -20 22 21 -23 24 -25 -26 -27 27 -29 -30 -31
leaf_value=-17.224962887578503 -16.302891978854355 -2.1759494630070679 -15.816039261265775 28.662873556374194 9.3105521369942377 27.652617994340439 -2.4952276972208751 54.716971495341959 8.5664309671015157 -10.961127681610801 14.2792100730708 -8.0593267687193517 5.8947833704299173 5.4873230105183195 57.300529519786011 -11.726252332076115 -14.806733589953552 6.2454667559020018 -10.780200327656997 18.756895286511124 13.15505743635525 17.058302780607036 18.118465110132536 34.448889837542787 9.5195009108796658 34.150888589458333 34.330492262318735 7.5103278236522861 -8.561030272761819 -15.001911878177848
leaf_weight=5809 708 1403 5032 725 7711 178 23822 312 691 824 3636 3793 975 6335 45 10399 1026 108 1329 457 4720 2899 3224 205 481 5972 47 106 493 10919
leaf_count=5809 708 1403 5032 725 7711 178 23822 312 691 824 3636 3793 975 6335 45 10399 1026 108 1329 457 4720 2899 3224 205 481 5972 47 106 493 10919
internal_value=0.00191519 -4.88493 -1.97244 20.9203 2.69001 14.2681 -1.49433 8.2001 -11.3093 -2.05472 8.96365 -11.9913 -2.16511 7.58672 33.3352 -10.7469 -15.3984 -11.5202 -14.7658 16.0486 14.9428 14.6423 18.0191 23.6608 17.005 34.3335 26.4627 15.9187 -5.89433 -15.7749
internal_weight=104384 84617 66262 19767 44194 12872 26512 1715 22068 1515 17682 20553 24797 14046 6895 14192 18355 1627 6361 12164 7797 7619 4367 662 3705 6017 878 153 601 16728
internal_count=104384 84617 66262 19767 44194 12872 26512 1715 22068 1515 17682 20553 24797 14046 6895 14192 18355 1627 6361 12164 7797 7619 4367 662 3705 6017 878 153 601 16728
cat_boundaries=0 1
cat_threshold=2
is_linear=0
shrinkage=0.05


Tree=27
num_leaves=31
num_cat=1
split_feature=0 5 0 4 1 1 1 4 4 4 3 4 4 4 0 0 4 1 4 3 0 4 3 0 4 1 4 4 4 0
split_gain=3.8524e+09 6.49315e+08 5.9048e+08 2.21245e+08 1.42162e+08 9.52586e+07 7.10522e+07 6.97974e+07 6.12759e+07 7.31891e+07 5.22392e+07 7.16434e+07 4.05581e+07 4.00187e+07 2.60795e+07 2.52798e+07 2.37045e+07 2.5543e+07 2.14055e+07 2.06472e+07 1.78641e+07 3.45856e+07 1.98244e+07 1.67397e+07 1.61275e+07 1.57073e+07 1.21e+07 9.89167e+06 9.4355e+06 8.73628e+06
threshold=15.199964433204654 0 17.999958659530645 143.97753043880303 13.599968220170341 1.0000000180025095e-35 1.2999969742627144 29.151013328920875 17.963562687527723 45.704953969212717 0.80011904761904773 240.72410923780095 178.95663949190643 7.3565387915560505 15.819963573837283 19.019955969009406 275.50993669654093 15.239964407661441 35.992682306176619 0.86058823529411776 9.2999783966751099 120.53388579492743 0.84083333333333343 14.796908636413004 147.19915526419507 18.579956991500861 276.38051498725684 5.4946598705377818 278.99955054364256 19.879953380661018
decision_type=2 1 2 2 2 2 2 2 2 2 2 2 2 2 2 2 2 2 2 2 2 2 2 2 2 2 2 2 2 2
left_child=1 3 7 4 8 12 13 -2 27 -10 23 -12 24 -3 16 25 17 -9 -6 -20 -8 22 -22 -7 -5 -4 -27 -1 -15 -17
right_child=2 6 15 5 18 10 20 14 9 -11 11 -13 -14 28 -16 29 -18 -19 19 -21 21 -23 -24 -25 -26 26 -28 -29 -30 -31
leaf_value=-16.684766258979405 -10.302252187635078 -16.149406412868199 27.033112426083463 11.076401097561181 -13.628193887082837 5.8539342722337766 -8.1305373904850224 11.110603506878924 0.90556709803934599 -4.2768250847219873 -4.700790509334313 6.1978261542970712 -11.913077212325968 -10.854200549232328 15.492314038812333 34.474502365187867 15.46837889912657 0.15882563571110464 -4.7013869205030856 -12.02734840833547 -1.9208044992930748 -10.75171829424322 11.60929760574566 12.433561424610268 -1.7529049258723068 32.649728941569727 3.4465991795149402 -8.8360940955240377 -15.739186510740595 30.568813478710343
leaf_weight=634 304 5557 991 256 3110 8561 3189 1583 12008 15745 3061 2970 1041 14295 8393 3148 1493 802 2104 1774 679 687 449 1090 5233 47 137 1107 1067 2869
leaf_count=634 304 5557 991 256 3110 8561 3189 1583 12008 15745 3061 2970 1041 14295 8393 3148 1493 802 2104 1774 679 687 449 1090 5233 47 137 1107 1067 2869
internal_value=0.00194936 -4.64069 19.875 -1.7298 -4.12508 2.20433 -11.2311 13.3378 -2.60563 -2.03459 4.31718 0.666432 -2.86962 -12.5114 13.9243 31.3016 10.5276 7.42948 -10.5369 -8.0549 -5.87724 -1.91583 3.47036 6.59826 -1.15265 24.5405 11.0423 -11.7022 -11.1945 32.6176
internal_weight=104384 84617 19767 58694 36482 22212 25923 12575 29494 27753 15682 6031 6530 20919 12271 7192 3878 2385 6988 3878 5004 1815 1128 9651 5489 1175 184 1741 15362 6017
internal_count=104384 84617 19767 58694 36482 22212 25923 12575 29494 27753 15682 6031 6530 20919 12271 7192 3878 2385 6988 3878 5004 1815 1128 9651 5489 1175 184 1741 15362 6017
cat_boundaries=0 1
cat_threshold=2
is_linear=0
shrinkage=0.05


Tree=28
num_leaves=31
num_cat=1
split_feature=0 5 0 4 1 4 1 4 4 4 3 1 1 0 1 4 0 0 4 1 0 4 1 4 1 0 1 4 1 1
split_gain=3.47811e+09 5.78595e+08 5.46212e+08 1.97262e+08 8.81698e+07 1.10998e+08 1.06972e+08 8.87406e+07 8.21908e+07 7.28726e+07 6.50542e+07 6.41248e+07 6.33367e+07 4.9365e+07 3.86216e+07 3.61178e+07 2.37161e+07 2.2802e+07 2.13006e+07 2.7176e+07 1.61229e+07 3.12191e+07 1.8205e+07 1.55924e+07 1.41599e+07 1.19568e+07 1.0953e+07 8.51812e+06 8.45142e+06 7.84825e+06
threshold=15.150765967678394 0 17.999958659530645 95.557937423290767 13.659968197303774 45.704953969212717 0.13999967864231086 17.963562687527723 236.96908857027941 33.920180761862021 1.050138888888889 1.2999969742627144 1.0000000180025095e-35 11.959972063575746 12.599970727989197 7.3565387915560505 15.819963573837283 19.019955969009406 275.50993669654093 14.908292382318857 9.2999783966751099 120.53388579492743 11.209969343024381 71.907647277601754 18.579956991500861 14.619999042996684 18.699957285629278 278.99955054364256 17.349959723434452 9.4199780113872613
decision_type=2 1 2 2 2 2 2 2 2 2 2 2 2 2 2 2 2 2 2 2 2 2 2 2 2 2 2 2 2 2
left_child=1 3 9 4 5 7 -7 -1 10 -2 12 15 -5 -10 -12 -3 18 24 19 -11 29 22 -22 -6 -4 -15 -26 -17 -19 -13
right_child=2 11 17 8 23 6 -8 -9 13 16 14 20 -14 25 -16 27 -18 28 -20 -21 21 -23 -24 -25 26 -27 -28 -29 -30 -31
leaf_value=-11.125440485005202 -8.3181011390686024 -15.342081362003903 25.682819268270848 -1.7842232304023558 -12.001863248350498 -11.762678797108229 0.90913513329594642 0.8227741629472265 -3.3211951611826422 14.01880573987088 -0.86769305904392169 -6.3787620793989879 4.1338734571894724 6.0086531949225197 -9.814596872047062 -10.311528487007712 14.749618530651459 52.811533760402519 14.74178073687443 3.3951122450572422 7.6697152312617396 -10.214913778405117 -5.9131392259551934 -4.8071120741263682 3.8775759832395447 11.221434774351021 32.955015153430757 -14.952963692525802 30.813994275647634 -12.314170588938483
leaf_weight=1783 405 5557 991 10146 4217 5745 2345 12054 1373 955 2252 2468 8153 5405 2597 14295 8356 45 1553 1628 765 687 363 919 143 1383 41 1067 5972 721
leaf_count=1783 405 5557 991 10146 4217 5745 2345 12054 1373 955 2252 2468 8153 5405 2597 14295 8356 45 1553 1628 765 687 363 919 143 1383 41 1067 5972 721
internal_value=0.00188355 -4.45373 18.6973 -1.6931 -4.81936 -3.43783 -8.08992 -0.717534 1.00925 12.5389 -0.511908 -10.6696 0.852628 5.32344 -5.66046 -11.886 13.2157 29.7374 10.1139 7.32687 -5.58347 -1.82007 3.29727 -10.7157 23.3162 7.07221 10.4999 -10.6349 30.9873 -7.72414
internal_weight=104384 84295 20089 58372 27063 21927 8090 13837 31309 12897 23148 25923 18299 8161 4849 20919 12492 7192 4136 2583 5004 1815 1128 5136 1175 6788 184 15362 6017 3189
internal_count=104384 84295 20089 58372 27063 21927 8090 13837 31309 12897 23148 25923 18299 8161 4849 20919 12492 7192 4136 2583 5004 1815 1128 5136 1175 6788 184 15362 6017 3189
cat_boundaries=0 1
cat_threshold=2
is_linear=0
shrinkage=0.05


Tree=29
num_leaves=31
num_cat=0
split_feature=0 2 2 0 0 2 2 0 0 0 3 0 4 4 1 1 3 3 4 2 4 0 3 0 3 3 2 1 0 3
split_gain=3.14154e+09 8.27453e+08 7.47939e+08 5.15792e+08 3.61681e+08 3.0681e+08 5.39826e+07 7.06451e+07 2.75352e+07 2.25742e+07 2.2272e+07 2.05675e+07 1.7886e+07 1.57784e+07 1.27637e+07 1.18209e+07 1.09062e+07 1.06309e+07 1.02713e+07 9.91764e+06 8.98233e+06 8.16905e+06 8.11001e+06 9.11855e+06 8.02182e+06 6.95875e+06 6.81686e+06 6.28172e+06 5.78513e+06 5.0289e+06
threshold=15.070929233987757 7.3608105421066297 7.5000060558319097 17.999958659530645 11.959972063575746 7.4989146471023567 7.4989146471023567 0.1999995406292677 10.220005861970135 7.9612387325791962 2.3208333333333337 19.019955969009406 248.50768118551136 34.157793897804034 18.579956991500861 13.659968197303774 1.4608333333333337 2.8375000000000008 276.38051498725684 5.5858000000000017 41.467459884849028 9.6964800574538454 1.5008333333333337 19.719954595108039 1.0803703703703706 0.28854166666666675 7.334843802452089 0.11999972465400027 11.017994619494585 0.94009803921568647
decision_type=2 10 10 2 2 10 10 2 2 2 2 2 2 2 2 2 2 2 2 10 2 2 2 2 2 2 10 2 2 2
left_child=1 19 4 5 6 -2 8 -8 -3 13 12 14 -6 27 -5 -7 -15 20 -16 -1 -17 -21 23 -13 -11 28 -27 -4 -23 -20
right_child=3 2 9 11 10 15 7 -9 -10 24 -12 22 -14 16 18 17 -18 -19 29 21 -22 25 -24 -25 -26 26 -28 -29 -30 -31
leaf_value=-14.148950224328031 -15.402995661850694 -8.6320437964487891 -13.446213369012435 24.399972649923257 10.532454886638901 30.53049626232329 -1.771870150857404 3.4991837946335806 3.5996550446188915 3.2059167883635755 21.014361430195276 33.000805580044251 6.6319818241175899 -8.4504276919753636 29.892164999643963 25.685231726729626 -11.570304227398562 24.794813751021834 -3.1868569317642521 -12.736913049381181 13.283845720493231 30.33139520963033 24.454765704128164 28.56562526108408 -7.7325615404053032 -8.5201672887591755 12.239125564930051 -8.4555014708646308 -4.9709272600256886 17.675419903266722
leaf_weight=16467 970 3026 4824 991 6181 104 22516 8856 542 402 377 1863 5620 7827 47 148 4384 210 97 1030 12093 23 746 3408 286 509 42 733 22 40
leaf_count=16467 970 3026 4824 991 6181 104 22516 8856 542 402 377 1863 5620 7827 47 148 4384 210 97 1030 12093 23 746 3408 286 509 42 733 22 40
internal_value=0.0018299 -4.3145 -1.70253 17.433 1.63955 11.6785 -0.946725 -0.28384 -6.77349 -10.2345 9.05932 28.2516 8.67565 -10.5785 22.153 13.7719 -9.57138 13.6294 9.98489 -13.7804 13.4359 -10.0413 29.4386 30.1392 -1.3458 -5.36914 -6.91847 -12.7896 13.3395 2.98823
internal_weight=104384 83667 65574 20717 47118 13525 34940 31372 3568 18456 12178 7192 11801 17768 1175 12555 12211 12451 184 18093 12241 1626 6017 5271 688 596 551 5557 45 137
internal_count=104384 83667 65574 20717 47118 13525 34940 31372 3568 18456 12178 7192 11801 17768 1175 12555 12211 12451 184 18093 12241 1626 6017 5271 688 596 551 5557 45 137
is_linear=0
shrinkage=0.05


Tree=30
num_leaves=31
num_cat=2
split_feature=0 2 5 0 1 2 4 4 0 4 0 4 0 4 0 1 2 1 4 2 4 1 1 1 5 0 1 0 4 1
split_gain=2.8354e+09 7.46774e+08 7.65566e+08 4.65549e+08 3.16403e+08 2.76919e+08 5.94144e+07 2.96849e+08 3.87491e+07 4.29133e+07 3.19529e+07 2.47623e+07 2.30401e+07 2.09069e+07 1.85501e+07 1.15008e+07 1.14254e+07 1.06875e+07 9.28858e+06 8.95319e+06 7.85838e+06 7.60218e+06 7.55486e+06 7.40882e+06 6.42372e+06 6.34479e+06 6.1603e+06 6.03845e+06 5.60552e+06 4.93545e+06
threshold=15.070929233987757 7.3608105421066297 0 17.999958659530645 0.61999857212659559 7.4989146471023567 20.876902363572629 20.682779021084816 9.1616146857637091 116.90209583102994 13.739968146217349 226.09322441914176 0.44520146530287003 34.157793897804034 19.019955969009406 18.579956991500861 7.5821911334991468 13.659968197303774 276.38051498725684 5.5858000000000017 41.467459884849028 17.349959723434452 0.019999953988310573 7.5399825772449205 1 14.500664368361599 17.349959723434452 19.879953380661018 70.311670125367542 16.80995403041177
decision_type=2 10 1 2 2 10 2 2 2 2 2 2 2 2 2 2 10 2 2 10 2 2 2 2 1 2 2 2 2 2
left_child=1 19 4 5 6 -2 7 -3 13 -10 11 -6 -8 22 15 -5 -15 -7 -17 -1 29 -16 -4 -21 -25 -12 -22 -23 -26 -19
right_child=3 2 8 14 10 17 12 -9 9 -11 25 -13 -14 16 21 18 -18 20 -20 23 26 27 -24 24 28 -27 -28 -29 -30 -31
leaf_value=-13.441545650016785 -14.633639007488853 -1.9857720662492406 -13.183624608945705 23.181204041494361 8.0384802760248348 29.01851017288935 -2.0983564411227138 51.860680260510691 7.6986344858865126 -9.1856695685834602 8.9908144683067643 3.1827808584926092 5.6522162758385219 -6.350116064358458 48.623832543414579 28.428694114486376 -9.5598520303740813 20.194668861298808 2.8440627884692038 -12.208914588876777 12.999478635752077 29.366163246916543 -9.2501586143964776 -20.682767472814344 -4.9163438262039767 12.215393567586872 6.2244872849308663 26.103969358382741 14.973035679867394 45.520647172927859
leaf_weight=16467 970 1404 4695 991 6026 104 23898 312 691 824 3436 4656 998 3793 45 47 10399 125 137 1000 11955 3103 1666 60 529 2776 348 2869 37 23
leaf_count=16467 970 1404 4695 991 6026 104 23898 312 691 824 3436 4656 998 3793 45 47 10399 125 137 1000 11955 3103 1666 60 529 2776 348 2869 37 23
internal_value=0.00184587 -4.09878 -1.61741 16.5619 2.23031 11.0948 -1.16709 7.82899 -9.20277 -1.48464 7.58175 5.92251 -1.78745 -9.77158 26.8401 21.0483 -8.70252 13.0836 9.49764 -13.0913 12.9482 27.9674 -12.155 -9.5387 -5.2605 10.4335 12.8084 27.8036 -3.59203 24.4096
internal_weight=104384 83667 65574 20717 43506 13525 26612 1716 22068 1515 16894 10682 24896 20553 7192 1175 14192 12555 184 18093 12451 6017 6361 1626 626 6212 12303 5972 566 148
internal_count=104384 83667 65574 20717 43506 13525 26612 1716 22068 1515 16894 10682 24896 20553 7192 1175 14192 12555 184 18093 12451 6017 6361 1626 626 6212 12303 5972 566 148
cat_boundaries=0 1 2
cat_threshold=2 2
is_linear=0
shrinkage=0.05


Tree=31
num_leaves=31
num_cat=2
split_feature=0 2 5 0 1 2 0 0 0 3 3 2 3 0 0 1 3 2 3 1 1 1 3 1 1 0 5 3 1 0
split_gain=2.55913e+09 7.38154e+08 7.4491e+08 3.58757e+08 3.33306e+08 1.32001e+08 4.18682e+07 3.49715e+07 2.94142e+07 4.43604e+07 1.91938e+07 1.39855e+07 1.35949e+07 1.32232e+07 1.06805e+07 9.448e+06 8.2649e+06 8.20062e+06 8.09396e+06 7.51023e+06 7.4376e+06 8.55052e+06 7.39211e+06 8.58324e+06 6.913e+06 6.56647e+06 6.38289e+06 5.81361e+06 4.86958e+06 4.4933e+06
threshold=15.339964343803407 7.3608105421066297 0 18.379957119216922 0.61999857212659559 7.4989146471023567 13.900046924062918 9.1616146857637091 0.14001774458882627 0.32007575757575768 0.7997619047619049 7.4183825016021734 2.9541666666666671 4.5999893229560858 19.019955969009406 1.0000000180025095e-35 2.4008333333333338 5.5858000000000017 2.2070833333333337 11.579968186739348 16.039962506454472 14.399966612480165 3.101666666666667 19.008289603309635 18.579956991500861 9.6964800574538454 1 0.28854166666666675 17.349959723434452 0.21999949599564081
decision_type=2 10 1 2 2 10 2 2 2 2 2 10 2 2 2 2 2 10 2 2 2 2 2 2 2 2 1 2 2 2
left_child=1 17 4 5 8 -2 13 15 10 -10 -3 19 -8 -6 -5 29 20 -1 -17 -9 21 -7 23 28 -22 -19 -27 -28 -16 -4
right_child=3 2 7 14 6 16 12 11 9 -11 -12 -13 -14 -15 22 18 -18 25 -20 -21 24 -23 -24 -25 -26 26 27 -29 -30 -31
leaf_value=-12.81044067136879 -13.530277603360503 -1.2700371061626725 -13.626071169433926 20.596377960618447 11.009202284277571 22.971937459559221 10.431423609233301 8.4669501696586007 -3.7964944171654036 4.9101392789447047 -5.1104510348374248 -4.9123412285508827 28.024109700066703 5.2421391718709041 46.245492394488792 -8.1435967100394446 19.476438691853911 -11.503770479656446 -12.658702496496046 -5.6103673621146912 14.114476250274272 10.97770895690312 8.6209497459056017 25.451897118594719 -9.343306550979614 -20.104447646602509 14.279048252539202 -4.6910716892394326 29.186193918743193 -10.204212618385556
leaf_weight=16929 505 16128 1159 878 1099 152 6795 403 2258 4151 4075 989 111 10419 45 12418 420 1030 1082 123 4240 6479 58 4124 31 61 43 495 1790 5894
leaf_count=16929 505 16128 1159 878 1099 152 6795 403 2258 4151 4075 989 111 10419 45 12418 420 1030 1082 123 4240 6479 58 4124 31 61 43 495 1790 5894
internal_value=0.00188178 -3.65816 -1.21724 16.7476 2.47041 11.4613 7.63983 -8.74272 -1.10863 1.84253 -2.04487 -1.41046 10.7182 5.79332 25.8123 -9.2831 12.5771 -12.4838 -8.50639 5.1707 12.3095 11.2561 26.5699 26.7431 13.9421 -9.08304 -4.90828 -3.15118 29.6295 -10.7684
internal_weight=104384 85662 67104 18722 45036 11827 18424 22068 26612 6409 20203 1515 6906 11518 6895 20553 11322 18558 13500 526 10902 6631 6017 5959 4271 1629 599 538 1835 7053
internal_count=104384 85662 67104 18722 45036 11827 18424 22068 26612 6409 20203 1515 6906 11518 6895 20553 11322 18558 13500 526 10902 6631 6017 5959 4271 1629 599 538 1835 7053
cat_boundaries=0 1 2
cat_threshold=2 2
is_linear=0
shrinkage=0.05


Tree=32
num_leaves=31
num_cat=0
split_feature=0 2 2 0 0 2 2 1 0 3 0 4 0 4 4 1 1 3 1 4 4 1 1 3 0 3 1 4 2 3
split_gain=2.31127e+09 6.07811e+08 5.48392e+08 3.79907e+08 2.71608e+08 2.26283e+08 3.9658e+07 5.28984e+07 2.15545e+07 1.88013e+07 1.85555e+07 1.47958e+07 1.47178e+07 1.22398e+07 1.03701e+07 1.01029e+07 9.23583e+06 8.94048e+06 8.48904e+06 7.37863e+06 7.27985e+06 9.74912e+06 1.16338e+07 7.01312e+06 7.29067e+06 6.91454e+06 4.99097e+06 4.9682e+06 4.66098e+06 4.57565e+06
threshold=15.070929233987757 7.3608105421066297 7.5000060558319097 17.999958659530645 11.959972063575746 7.4989146471023567 7.4989146471023567 1.0000000180025095e-35 10.220005861970135 2.3208333333333337 7.9612387325791962 248.50768118551136 19.019955969009406 34.157793897804034 36.986709699773236 18.579956991500861 13.659968197303774 2.8375000000000008 18.699957285629278 41.467459884849028 89.657376712882581 0.13999967864231086 13.259969379631045 1.5008333333333337 19.719954595108039 1.1533823529411766 0.11999972465400027 230.57262448925982 7.334843802452089 0.43993827160493837
decision_type=2 10 10 2 2 10 10 2 2 2 2 2 2 2 2 2 2 2 2 2 2 2 2 2 2 2 2 2 10 2
left_child=1 20 4 5 6 -2 8 -8 -3 11 13 -6 15 26 -15 -5 -7 19 -17 -18 21 -1 28 24 29 -12 -4 -11 -23 -14
right_child=3 2 10 12 9 16 7 -9 -10 27 25 -13 23 14 -16 18 17 -19 -20 -21 -22 22 -24 -25 -26 -27 -28 -29 -30 -31
leaf_value=-12.730765891499358 -13.243002661514479 -7.4798636992796048 -11.611842740697734 21.076571142163971 9.1660117208938345 26.622894692375549 -1.3239412389653242 3.7381083861283528 3.3420539489020742 30.649381480902846 3.1476308843965795 5.6187507191580606 22.230222273118358 -3.8771352471356226 -8.6850295585518023 2.4353459334911571 22.6065989921237 21.921367211115868 28.023778402124137 11.371458990185072 -13.237524777456143 -7.0123041843535994 -11.170775660932636 20.622324315132985 24.487356992296615 -7.2055031042780859 -7.1647995576238106 15.927766828934351 8.1861327046614427 29.491011824656496
leaf_weight=5225 970 3026 4824 991 6181 104 24860 6512 542 72 432 5620 271 1252 10959 143 148 210 41 12093 6024 1927 4866 746 3408 256 733 305 51 1592
leaf_count=5225 970 3026 4824 991 6181 104 24860 6512 542 72 432 5620 271 1252 10959 143 148 210 41 12093 6024 1927 4866 746 3408 256 733 305 51 1592
internal_value=0.00185604 -3.70042 -1.4618 14.9532 1.39994 10.0145 -0.841276 -0.273107 -5.83547 7.82976 -8.76746 7.47732 24.238 -9.07941 -8.19243 19.0779 11.8123 11.6865 8.2578 11.5091 -11.8133 -11.1013 -9.85569 25.2423 25.8921 -0.709558 -11.0266 18.813 -6.61649 28.4473
internal_weight=104384 83667 65574 20717 47118 13525 34940 31372 3568 12178 18456 11801 7192 17768 12211 1175 12555 12451 184 12241 18093 12069 6844 6017 5271 688 5557 377 1978 1863
internal_count=104384 83667 65574 20717 47118 13525 34940 31372 3568 12178 18456 11801 7192 17768 12211 1175 12555 12451 184 12241 18093 12069 6844 6017 5271 688 5557 377 1978 1863
is_linear=0
shrinkage=0.05


Tree=33
num_leaves=31
num_cat=1
split_feature=0 2 5 0 1 2 4 4 0 4 0 4 0 4 0 4 4 1 1 1 2 4 1 4 1 1 0 4 1 0
split_gain=2.08605e+09 5.48563e+08 5.62814e+08 3.42905e+08 2.3294e+08 2.04238e+08 5.25681e+07 2.66954e+08 2.88666e+07 3.64755e+07 2.58197e+07 2.51389e+07 1.94255e+07 1.66848e+07 1.32764e+07 1.0936e+07 1.02054e+07 9.10698e+06 8.37818e+06 7.68188e+06 6.89086e+06 6.41231e+06 6.16728e+06 6.02524e+06 5.95508e+06 5.67542e+06 4.81803e+06 4.75574e+06 5.73879e+06 8.9631e+06
threshold=15.070929233987757 7.3608105421066297 0 17.999958659530645 0.51999881025514538 7.4989146471023567 20.876902363572629 20.682779021084816 9.1616146857637091 116.90209583102994 13.038104330365876 178.95663949190643 0.44520146530287003 34.157793897804034 19.019955969009406 250.6632397057476 276.38051498725684 18.579956991500861 13.939961554808542 18.699957285629278 5.5858000000000017 41.467459884849028 17.349959723434452 7.4417474773993915 0.11999972465400027 17.349959723434452 19.879953380661018 220.40638309362274 0.044999874682521743 8.6171326063798421
decision_type=2 10 1 2 2 10 2 2 2 2 2 2 2 2 2 2 2 2 2 2 10 2 2 2 2 2 2 2 2 2
left_child=1 20 4 5 6 -2 7 -3 13 -10 11 -6 -8 24 17 -12 -15 -5 -7 -19 27 -20 -16 -22 -4 -23 -24 28 -1 -30
right_child=3 2 8 14 10 18 12 -9 9 -11 15 -13 -14 16 22 -17 -18 19 21 -21 23 25 26 -25 -26 -27 -28 -29 29 -31
leaf_value=-12.629291873335733 -12.581534485106964 -1.8688172110797543 -11.203496603411201 20.023804891369039 7.0709405368895579 23.206247957706452 -1.8875879482317808 49.197650752237053 7.2354371250209786 -8.3309134364539936 9.8030308990343755 1.2996880900884367 5.3095829189202339 -6.9992727167185409 42.551866919476055 6.3845433561631273 -11.630017120921631 2.3144241017268761 21.465092231582954 26.655951661609471 -11.696354058362576 11.138869648061846 25.227160962409311 -5.5164529373970401 -7.1076720330241692 4.6427404006641027 22.318824373085583 -16.165200103752714 -6.2771455965764034 -11.1568344353455
leaf_weight=5808 970 1403 5286 991 3932 144 23822 312 691 824 5076 3628 975 12879 45 4358 1313 143 147 41 680 11916 3103 946 1075 348 2869 540 1055 9064
leaf_count=5808 970 1403 5286 991 3932 144 23822 312 691 824 5076 3628 975 12879 45 4358 1313 143 147 41 680 11916 3103 946 1075 348 2869 540 1055 9064
internal_value=0.00186187 -3.51541 -1.38869 14.2061 1.91041 9.51407 -1.01878 7.44466 -7.89249 -1.23092 6.47995 4.30189 -1.6044 -8.38344 23.0271 8.22472 -7.42848 18.1262 11.222 7.85315 -11.2227 11.0811 23.981 -8.10652 -10.5125 10.9549 23.8339 -11.5299 -11.3717 -10.6488
internal_weight=104384 83667 65574 20717 43506 13525 26512 1715 22068 1515 16994 7560 24797 20553 7192 9434 14192 1175 12555 184 18093 12411 6017 1626 6361 12264 5972 16467 15927 10119
internal_count=104384 83667 65574 20717 43506 13525 26512 1715 22068 1515 16994 7560 24797 20553 7192 9434 14192 1175 12555 184 18093 12411 6017 1626 6361 12264 5972 16467 15927 10119
cat_boundaries=0 1
cat_threshold=2
is_linear=0
shrinkage=0.05


Tree=34
num_leaves=31
num_cat=2
split_feature=0 2 5 0 0 2 4 0 4 0 4 0 4 4 3 3 0 4 3 0 0 5 0 3 4 0 3 0 2 4
split_gain=1.88357e+09 5.6327e+08 5.65426e+08 2.55136e+08 2.40693e+08 6.5108e+07 5.4419e+07 1.32254e+08 5.30387e+07 3.85502e+07 4.10862e+07 2.62638e+07 3.58742e+07 1.53647e+07 1.38765e+07 1.17875e+07 7.68275e+06 6.9362e+06 6.53952e+06 6.58804e+06 5.78034e+06 9.70058e+06 5.6927e+06 5.4804e+06 5.70772e+06 4.65321e+06 4.03522e+06 6.50371e+06 4.64626e+06 3.57412e+06
threshold=15.479964069023135 7.3608105421066297 0 0.44520146530287003 18.379957119216922 7.4989146471023567 36.928172484557372 0.16203430980392161 79.705660969726708 13.860014677691879 36.972016444086492 9.2999783966751099 116.90209583102994 34.157793897804034 2.9541666666666671 1.2403571428571432 19.019955969009406 88.41331308612466 3.101666666666667 19.763287684494021 2.0571301421804313 1 11.659972996665955 2.4008333333333338 41.467459884849028 16.219962576889042 2.1616666666666675 12.780964191841049 5.405450000000001 7.3562521018756888
decision_type=2 10 1 2 2 10 2 2 2 2 2 2 2 2 2 2 2 2 2 2 2 1 2 2 2 2 2 2 10 2
left_child=1 17 3 6 5 -2 7 -3 -8 10 -5 13 -13 29 -11 -15 -6 20 19 -18 -1 -22 -23 24 -7 -26 -19 -28 -29 -4
right_child=4 2 11 9 16 23 8 -9 -10 14 -12 12 -14 15 -16 -17 18 26 -20 -21 21 22 -24 -25 25 -27 27 28 -30 -31
leaf_value=-11.258474484904836 -11.217612073244744 -0.87824597426739115 -11.439092000496743 14.897988597802723 17.714965261406732 21.160728289323259 -5.0566014050314623 20.818037704238254 -0.033818737410377865 8.9563129370529424 3.8762477881143229 8.5831411144476153 -8.2480424131362327 -5.6713384263597311 25.574697186946871 -8.5372116230750468 24.975679603706475 -11.582982578295509 5.9534483777592753 21.539824728096772 -9.6440919374961371 -4.3404827057247415 14.165886029561362 16.766211803540433 9.1562196123419053 11.384589121929562 -7.8357985761331967 -15.285182285548609 -25.260394455996426 -9.0047403043592187
leaf_weight=5451 343 2796 2524 915 878 128 8499 937 13771 7764 11023 584 689 7637 127 6787 2431 5439 58 3528 6423 546 44 385 3828 6185 214 439 164 3847
leaf_count=5451 343 2796 2524 915 878 128 8499 937 13771 7764 11023 584 689 7637 127 6787 2431 5439 58 3528 6423 546 44 385 3828 6185 214 439 164 3847
internal_value=0.0018458 -3.03982 -0.922676 2.2434 14.8328 10.1957 -1.01431 4.57174 -1.95083 6.51526 4.7222 -7.49795 -0.525908 -7.92471 9.22698 -7.02033 22.14 -10.7185 22.7827 22.9455 -10.0338 -9.08047 -2.9387 10.8944 10.6699 10.5337 -12.0808 -15.3767 -18.0355 -9.9708
internal_weight=104384 86620 67900 45832 17764 10869 26003 3733 22270 19829 11938 22068 1273 20795 7891 14424 6895 18720 6017 5959 12464 7013 590 10526 10141 10013 6256 817 603 6371
internal_count=104384 86620 67900 45832 17764 10869 26003 3733 22270 19829 11938 22068 1273 20795 7891 14424 6895 18720 6017 5959 12464 7013 590 10526 10141 10013 6256 817 603 6371
cat_boundaries=0 1 2
cat_threshold=2 2
is_linear=0
shrinkage=0.05


Tree=35
num_leaves=31
num_cat=1
split_feature=0 2 5 0 1 2 0 0 0 3 3 2 3 3 0 1 1 1 3 1 1 0 3 1 1 2 1 1 1 1
split_gain=1.70006e+09 4.4646e+08 4.59222e+08 2.79704e+08 1.93959e+08 1.67429e+08 2.70904e+07 2.68959e+07 2.34277e+07 3.99684e+07 1.40852e+07 1.20176e+07 1.17062e+07 1.13955e+07 1.06021e+07 8.54241e+06 8.2505e+06 7.755e+06 7.51851e+06 7.5053e+06 7.18778e+06 7.14966e+06 6.09885e+06 5.85608e+06 5.72346e+06 4.56203e+06 3.76105e+06 9.00963e+06 3.6619e+06 3.59006e+06
threshold=15.070929233987757 7.3542668581008916 0 17.999958659530645 1.0000000180025095e-35 7.4989146471023567 13.038104330365876 9.2999783966751099 0.20346191134857275 0.32007575757575768 2.7958333333333338 7.4183825016021734 1.1202777777777781 1.7205952380952385 19.019955969009406 0.99999769051669152 18.579956991500861 13.659968197303774 2.8375000000000008 11.639973171662575 9.4199780113872613 18.742363650087714 1.5008333333333337 18.939956020095828 15.999962161239624 5.5858000000000017 0.044999874682521743 7.839981741104519 14.059955358937602 17.349959723434452
decision_type=2 10 1 2 2 10 2 2 2 2 2 10 2 2 2 2 2 2 2 2 2 2 2 2 2 10 2 2 2 2
left_child=1 25 7 5 8 -2 13 15 10 -10 -4 19 -8 -6 16 -3 -5 -7 24 -9 -17 -18 23 29 -19 26 -1 -28 -29 -16
right_child=3 2 4 14 6 17 12 11 9 -11 -12 -13 -14 -15 22 20 21 18 -20 -21 -22 -23 -24 -25 -26 -27 27 28 -30 -31
leaf_value=-11.433752457813465 -11.418539824171489 -7.9742631629759408 -1.7379410485998461 18.216787999995777 3.3546265749507507 23.699931443032543 6.6216452087864912 9.4476040307216991 -5.0699880445367471 5.8874649914633208 -20.643111551843511 -3.9232190793212158 11.173192328194066 14.243607533254362 39.252622892960261 -3.8780386303420684 -3.5320989771154192 9.0709644223920645 19.400494228570381 -4.7461985904939707 -9.5652346163008541 16.107994823604823 17.347665514480397 21.225303586621976 11.355801791494336 -7.4793414110091865 -5.3322666654177198 -9.2129956748808706 -11.18486758480196 24.561031475672859
leaf_weight=5809 970 17740 20913 991 8971 104 7701 376 1217 2627 98 804 1733 246 45 2471 89 8041 210 123 717 95 746 3871 4200 1463 1006 4273 5379 1355
leaf_count=5809 970 17740 20913 991 8971 104 7701 376 1217 2627 98 804 1733 246 45 2471 89 8041 210 123 717 95 746 3871 4200 1463 1006 4273 5379 1355
internal_value=0.00179195 -3.17344 -1.26585 12.8247 1.72147 8.58709 5.57528 -7.11185 -1.1705 2.41795 -1.8271 -0.141851 7.45885 3.64677 20.7915 -7.54579 16.4112 10.1335 10.0183 5.94643 -5.15972 6.6404 21.644 22.2486 9.85578 -10.1668 -10.4051 -9.84337 -10.313 25.0609
internal_weight=104384 83667 65737 20717 43506 13525 18651 22231 24855 3844 21011 1303 9434 9217 7192 20928 1175 12555 12451 499 3188 184 6017 5271 12241 17930 16467 10658 9652 1400
internal_count=104384 83667 65737 20717 43506 13525 18651 22231 24855 3844 21011 1303 9434 9217 7192 20928 1175 12555 12451 499 3188 184 6017 5271 12241 17930 16467 10658 9652 1400
cat_boundaries=0 1
cat_threshold=1
is_linear=0
shrinkage=0.05


Tree=36
num_leaves=31
num_cat=0
split_feature=0 2 2 0 0 2 4 1 3 0 4 0 4 4 0 1 1 4 3 3 1 3 4 1 1 1 4 4 3 1
split_gain=1.5344e+09 4.02941e+08 3.61565e+08 2.52465e+08 1.85862e+08 1.51117e+08 3.86658e+07 3.49977e+07 1.53929e+07 1.46691e+07 1.1655e+07 9.56657e+06 8.61133e+06 9.0197e+06 7.63903e+06 7.44266e+06 7.05235e+06 6.96383e+06 6.82288e+06 5.74385e+06 6.07877e+06 5.65855e+06 5.61373e+06 6.27777e+06 6.05921e+06 5.56294e+06 4.91924e+06 4.46562e+06 3.93532e+06 3.66498e+06
threshold=15.070929233987757 7.3542668581008916 7.5000060558319097 17.999958659530645 11.959972063575746 7.4989146471023567 197.59788178585998 1.0000000180025095e-35 2.3208333333333337 7.9612387325791962 248.50768118551136 19.019955969009406 34.157793897804034 36.986709699773236 10.220005861970135 18.579956991500861 13.939961554808542 276.38051498725684 2.8375000000000008 3.101666666666667 19.049956042541506 1.1533823529411766 45.704953969212717 0.2999993156805118 13.259969379631045 17.699958294967654 25.632744012084355 230.57262448925982 0.94009803921568647 17.349959723434452
decision_type=2 10 10 2 2 10 2 2 2 2 2 2 2 2 2 2 2 2 2 2 2 2 2 2 2 2 2 2 2 2
left_child=1 22 4 5 6 -2 7 -3 10 12 -6 15 26 -14 -8 -5 -7 -17 25 20 29 -11 23 -1 -25 -18 -4 -10 -19 -13
right_child=3 2 9 11 8 16 14 -9 27 21 -12 19 13 -15 -16 17 18 28 -20 -21 -22 -23 -24 24 -26 -27 -28 -29 -30 -31
leaf_value=-10.198192266685345 -10.848200800319411 -1.0957270516403099 -8.384919535665615 17.306866915927781 7.6161961665177076 20.618166769833401 -7.791042543495843 2.8767218313136351 27.574324998724951 3.5143160238743314 4.4682240862715608 37.332657629925272 -2.6477670198430419 -7.130317567120013 -2.7032224634959907 22.700762148102129 9.2952929256886012 -4.8802972907056006 18.435066687628556 4.8081393277190498 19.565076876049154 -5.8513045023665819 -10.570732195628837 -4.7620566016685411 -8.6694123086631976 33.985677039934238 -12.412874987686843 13.647539769779232 13.568562231296447 22.647260485669563
leaf_weight=4281 970 24751 4645 991 6181 144 2055 7144 72 432 5620 45 1252 10959 1153 47 12179 97 210 58 3969 256 8715 1383 3551 22 912 305 40 1945
leaf_count=4281 970 24751 4645 991 6181 144 2055 7144 72 432 5620 45 1252 10959 1153 47 12179 97 210 58 3969 256 8715 1383 3551 22 912 305 40 1945
internal_value=0.00176644 -3.01479 -1.20256 12.1839 1.11423 8.15793 -0.732257 -0.205896 6.43635 -7.13753 6.11754 19.7528 -7.41489 -6.67097 -5.96382 15.5919 9.62709 6.31178 9.49792 20.5626 20.7151 0.0259921 -9.65856 -8.79483 -7.57537 9.34259 -9.04809 16.3732 0.565485 22.9979
internal_weight=104384 83667 65737 20717 47281 13525 35103 31895 12178 18456 11801 7192 17768 12211 3208 1175 12555 184 12411 6017 5959 688 17930 9215 4934 12201 5557 377 137 1990
internal_count=104384 83667 65737 20717 47281 13525 35103 31895 12178 18456 11801 7192 17768 12211 3208 1175 12555 184 12411 6017 5959 688 17930 9215 4934 12201 5557 377 137 1990
is_linear=0
shrinkage=0.05


Tree=37
num_leaves=31
num_cat=1
split_feature=1 2 1 2 1 1 2 4 3 4 2 5 1 4 3 1 3 3 4 3 4 3 1 1 3 4 4 4 1 1
split_gain=1.26356e+09 4.7349e+08 4.89967e+08 1.67026e+08 1.30547e+08 4.95214e+07 4.14713e+07 3.8466e+07 7.08904e+07 2.79219e+07 2.6665e+07 2.19847e+07 2.49463e+07 1.63398e+07 1.55259e+07 1.47023e+07 1.29311e+07 9.1459e+06 7.58864e+06 7.146e+06 7.09506e+06 8.31007e+06 5.25313e+06 5.07442e+06 4.97034e+06 4.53208e+06 4.36614e+06 4.22206e+06 3.89626e+06 7.83791e+06
threshold=15.581623976740644 7.4989146471023567 0.99999769051669152 7.5113381385803235 17.436626025792446 12.499970791847231 7.4989146471023567 36.928172484557372 0.82004901960784327 79.705660969726708 5.5858000000000017 0 3.7799912001055689 9.9012941391447971 1.2403571428571432 17.349959723434452 0.55950000000000022 3.101666666666667 250.6632397057476 1.0601470588235296 34.663429674957491 1.4608333333333337 13.29996935408783 16.039962506454472 2.9541666666666671 220.40638309362274 29.151013328920875 143.97753043880303 0.059999862689068546 7.839981741104519
decision_type=2 10 2 10 2 2 10 2 2 2 10 1 2 2 2 2 2 2 2 2 2 2 2 2 2 2 2 2 2 2
left_child=1 10 3 7 6 11 -2 8 -3 -9 25 12 -4 -12 18 23 -17 -16 -7 -18 26 -22 27 -8 -6 28 -5 -15 -1 -30
right_child=4 2 5 20 24 14 15 9 -10 -11 13 -13 -14 22 17 16 19 -19 -20 -21 21 -23 -24 -25 -26 -27 -28 -29 29 -31
leaf_value=-10.339253364395073 -9.3638311295525565 -0.13597695637104201 12.551968882278658 -8.0382458063273194 18.729245844202097 7.6598414677454958 8.6073277015378231 -3.7308755070578594 15.375195676546412 -0.18243021405518467 -11.207660821130439 -3.0291944744392398 2.6264435755298776 -2.8522160937998393 9.9743814441066885 -19.848178146571332 0.50494525948746338 23.247869396348943 5.237025590092018 26.989278458626043 -5.4384061903979086 -8.2421048488076174 -18.13394895876371 11.444363055976376 4.4277110155801926 -13.864017258360192 -11.935495959187438 -6.4674582271691223 -4.4023379079971097 -9.1505173631600609
leaf_weight=5842 293 2921 709 4479 7091 6998 2707 9180 984 13994 972 1488 5852 3084 2713 72 143 136 6029 30 7277 4162 64 3846 62 565 862 1095 957 9777
leaf_count=5842 293 2921 709 4479 7091 6998 2707 9180 984 13994 972 1488 5852 3084 2713 72 143 136 6029 30 7277 4162 64 3846 62 565 862 1095 957 9777
internal_value=0.00176533 -2.18508 -0.103908 -3.24358 13.8399 5.65159 9.03026 -0.814588 3.77553 -1.58819 -8.49495 2.4564 3.70077 -5.36258 7.27127 9.82432 -2.1932 10.6159 6.53903 5.22635 -7.16312 -6.45914 -4.02124 10.2739 18.6059 -9.44759 -8.66935 -3.80082 -9.29622 -8.72764
internal_weight=104384 90140 67784 43859 14244 23925 7091 27079 3905 23174 22356 8049 6561 5215 15876 6798 245 2849 13027 173 16780 11439 4243 6553 7153 17141 5341 4179 16576 10734
internal_count=104384 90140 67784 43859 14244 23925 7091 27079 3905 23174 22356 8049 6561 5215 15876 6798 245 2849 13027 173 16780 11439 4243 6553 7153 17141 5341 4179 16576 10734
cat_boundaries=0 1
cat_threshold=2
is_linear=0
shrinkage=0.05


Tree=38
num_leaves=31
num_cat=1
split_feature=0 2 5 0 0 2 4 0 4 4 4 0 0 4 4 0 2 3 4 3 0 3 4 2 3 4 4 3 0 0
split_gain=1.25367e+09 3.2765e+08 3.4327e+08 2.05913e+08 1.39814e+08 1.23991e+08 4.45024e+07 1.16881e+08 4.43312e+07 3.20997e+07 2.50664e+08 3.07111e+07 2.2338e+07 3.1003e+07 1.2616e+07 8.45648e+06 8.02055e+06 5.70641e+06 5.46775e+06 5.19499e+06 5.11788e+06 5.06798e+06 4.78987e+06 5.19358e+06 4.06313e+06 2.76262e+06 2.68125e+06 2.62114e+06 2.55663e+06 2.5276e+06
threshold=15.070929233987757 7.334843802452089 0 17.999958659530645 0.44520146530287003 7.4989146471023567 36.928172484557372 0.16203430980392161 79.705660969726708 36.972016444086492 36.97190895456697 12.780964191841049 9.2999783966751099 116.90209583102994 7.3565387915560505 19.019955969009406 7.6042065620422372 2.4208333333333338 41.467459884849028 1.5008333333333337 19.719954595108039 0.19962121212121217 45.704953969212717 2.7159958660602572 0.43993827160493837 220.40638309362274 23.593139094284382 3.101666666666667 16.219962576889042 0.39999907981026178
decision_type=2 10 1 2 2 10 2 2 2 2 2 2 2 2 2 2 10 2 2 2 2 2 2 10 2 2 2 2 2 2
left_child=1 22 4 5 6 -2 7 -3 -8 10 -6 -11 14 26 21 -5 -16 18 -7 20 24 -4 23 -1 -17 -24 -14 -21 -20 -25
right_child=3 2 12 15 9 17 8 -9 -10 11 -12 -13 13 -15 16 19 -18 -19 28 27 -22 -23 25 29 -26 -27 -28 -29 -30 -31
leaf_value=-11.374237740312811 -9.8387085666077017 -0.9087045077674214 -7.2750034400521191 13.939195710690251 3.1951053398644387 18.044327968126975 -4.5230835499662998 19.487685679227816 0.068916160291682418 1.7451116776041395 74.419519704095251 6.157778600911235 -9.4630432501293367 -7.1374385813716534 -4.7070721267165192 15.515870850680066 -6.8673179347145208 14.237993120345394 7.6536047708488484 15.513194344080929 17.995017762163862 -11.483451344613899 -9.3577256690531314 -9.4944459465886748 22.274135824707571 -13.058904360644314 8.7987042404266642 4.3541737398050593 9.1239129247947552 -7.121537126509172
leaf_weight=986 970 2796 1314 1175 835 148 8499 937 13771 6502 144 10022 20 689 7004 271 11165 451 6045 688 3408 1593 8163 1361 1592 544 609 58 5911 6713
leaf_count=986 970 2796 1314 1175 835 148 8499 937 13771 6502 144 10022 20 689 7004 271 11165 451 6045 688 3408 1593 8163 1361 1592 544 609 58 5911 6713
internal_value=0.00167752 -2.72501 -1.1003 11.0132 1.48874 7.37728 -0.836767 4.21473 -1.68367 4.94343 13.7367 4.42166 -6.12999 0.184718 -6.52487 17.8487 -6.03487 8.70806 8.50086 18.6098 19.1669 -9.58434 -8.75087 -7.94303 21.2999 -9.59044 8.20394 14.6526 8.38122 -7.52266
internal_weight=104384 83667 65900 20717 43506 13525 26003 3733 22270 17503 979 16524 22394 1318 21076 7192 18169 12555 12104 6017 5271 2907 17767 9060 1863 8707 629 746 11956 8074
internal_count=104384 83667 65900 20717 43506 13525 26003 3733 22270 17503 979 16524 22394 1318 21076 7192 18169 12555 12104 6017 5271 2907 17767 9060 1863 8707 629 746 11956 8074
cat_boundaries=0 1
cat_threshold=2
is_linear=0
shrinkage=0.05


Tree=39
num_leaves=31
num_cat=1
split_feature=0 2 5 0 0 2 4 0 4 4 4 0 0 4 4 0 2 3 4 3 0 3 4 2 4 0 3 0 4 4
split_gain=1.13149e+09 2.95719e+08 3.09818e+08 1.85854e+08 1.26192e+08 1.11911e+08 4.01671e+07 1.05497e+08 4.00094e+07 2.89957e+07 2.26395e+08 2.81518e+07 2.01586e+07 2.80871e+07 1.13879e+07 7.63209e+06 7.23852e+06 5.29782e+06 4.87226e+06 4.69972e+06 4.72885e+06 4.61752e+06 4.32271e+06 4.68842e+06 4.20134e+06 4.48877e+06 3.33719e+06 2.58523e+06 2.51912e+06 2.50531e+06
threshold=15.070929233987757 7.334843802452089 0 17.999958659530645 0.44520146530287003 7.4989146471023567 36.928172484557372 0.16203430980392161 79.705660969726708 36.972016444086492 36.97190895456697 11.959972063575746 9.2999783966751099 99.462654092432331 7.3565387915560505 19.019955969009406 7.6042065620422372 2.8375000000000008 41.467459884849028 2.7658333333333336 19.879953380661018 0.20062500000000003 45.704953969212717 2.7159958660602572 278.99955054364256 20.144953443161015 0.43993827160493837 16.219962576889042 23.593139094284382 223.10929251321144
decision_type=2 10 1 2 2 10 2 2 2 2 2 2 2 2 2 2 10 2 2 2 2 2 2 10 2 2 2 2 2 2
left_child=1 22 4 5 6 -2 7 -3 -8 10 -6 -11 14 28 21 -5 -16 18 -7 20 26 -4 23 -1 -21 -26 -17 -20 -14 -24
right_child=3 2 12 15 9 17 8 -9 -10 11 -12 -13 13 -15 16 19 -18 -19 27 24 -22 -23 29 -25 25 -27 -28 -29 -30 -31
leaf_value=-10.806102026385751 -9.3472797873287803 -0.86328553310572742 -7.2483507694641265 13.242828431315974 3.0355412265879402 17.148166793112789 -4.2969559987037362 18.51434105939671 0.065470607678589449 0.84578968928020259 70.724206692399648 5.4701938655806801 -9.0124222219558003 -6.5340006995759641 -4.4717521341722692 15.346910849580784 -6.5239828125696198 16.148418782763006 7.3105365903852473 -2.4559759031557569 16.403489839188016 -11.258145388596121 -8.9017951307514327 -7.1466253444083341 7.0305139679961144 24.716363420955474 20.008056131636049 8.7738868035917577 8.7045326776504517 -12.609941149171753
leaf_weight=986 970 2796 1563 1175 835 148 8499 937 13771 4537 144 11987 20 714 7004 473 11165 210 6232 50 2735 1344 8219 8074 90 60 2609 5965 584 488
leaf_count=986 970 2796 1563 1175 835 148 8499 937 13771 4537 144 11987 20 714 7004 473 11165 210 6232 50 2735 1344 8219 8074 90 60 2609 5965 584 488
internal_value=0.00166069 -2.58875 -1.04523 10.4628 1.41442 7.00856 -0.794901 4.00424 -1.5995 4.6965 13.0538 4.2006 -5.82358 0.175186 -6.1987 16.9569 -5.73315 8.27286 8.13759 17.6799 17.9401 -9.10544 -8.31347 -7.54604 10.0608 14.2217 19.2979 8.02686 8.10394 -9.11105
internal_weight=104384 83667 65900 20717 43506 13525 26003 3733 22270 17503 979 16524 22394 1318 21076 7192 18169 12555 12345 6017 5817 2907 17767 9060 200 150 3082 12197 604 8707
internal_count=104384 83667 65900 20717 43506 13525 26003 3733 22270 17503 979 16524 22394 1318 21076 7192 18169 12555 12345 6017 5817 2907 17767 9060 200 150 3082 12197 604 8707
cat_boundaries=0 1
cat_threshold=2
is_linear=0
shrinkage=0.05


Tree=40
num_leaves=31
num_cat=1
split_feature=1 2 1 2 1 1 2 4 4 3 3 4 2 3 1 4 4 3 5 3 4 4 4 1 1 4 3 3 1 4
split_gain=9.28795e+08 3.49605e+08 3.67865e+08 1.21553e+08 9.58233e+07 3.489e+07 3.01677e+07 2.68355e+07 1.15919e+08 2.56106e+07 1.97456e+07 2.33732e+07 1.94705e+07 1.38505e+07 1.34513e+07 1.27638e+07 1.2043e+07 1.42521e+07 9.42406e+06 8.00528e+06 7.76138e+06 5.68343e+06 7.40564e+06 4.64055e+06 4.42006e+06 4.04888e+06 3.77428e+06 3.65708e+06 3.49636e+06 3.38084e+06
threshold=15.581623976740644 7.4989146471023567 0.99999769051669152 7.5146818161010751 17.436626025792446 12.78163710871633 7.4989146471023567 53.530094638705926 79.705660969726708 0.22007575757575762 0.39583333333333343 193.30658157425756 5.5858000000000017 1.1533823529411766 17.349959723434452 9.9012941391447971 278.99955054364256 0.86058823529411776 0 3.101666666666667 250.6632397057476 34.663429674957491 278.99955054364256 13.29996935408783 16.039962506454472 29.151013328920875 2.9541666666666671 1.9687500000000002 0.51999881025514538 220.40638309362274
decision_type=2 10 2 10 2 2 10 2 2 2 2 2 10 2 2 2 2 2 1 2 2 2 2 2 2 2 2 2 2 2
left_child=1 12 3 7 6 10 -2 9 -9 -3 18 -12 29 20 24 28 -16 -18 -4 -15 -7 25 -23 27 -8 -5 -6 -17 -14 -1
right_child=4 2 5 21 26 13 14 8 -10 -11 11 -13 15 19 16 23 17 -19 -20 -21 -22 22 -24 -25 -26 -27 -28 -29 -30 -31
leaf_value=-7.9785028421546986 -7.9431348459696283 -3.6854258165635083 6.035350948474953 -6.9155216279861129 16.056583250549807 6.7518181883466539 7.298174959681873 -11.589918620658736 -0.18342469833605457 2.4548945436642624 3.7130276548550372 -2.791309203635524 -10.452663954994053 8.775226265759775 18.326211940692023 -2.8273015022003811 -17.787269535205983 11.364834097487027 -7.0090632911262851 21.160806044140003 4.1916800662016636 -5.1334154820116096 -9.5199370260588534 -16.696064947861895 9.9443658975817222 -10.672331964895044 3.5994901260165939 -8.7269231692104494 3.6022941157158388 -11.923527843983772
leaf_weight=16576 293 2124 3158 4389 7091 6504 2707 2648 13994 8454 2865 2665 926 3005 51 3898 134 60 144 136 5448 10326 1062 64 3846 862 62 281 46 565
leaf_count=16576 293 2124 3158 4389 7091 6504 2707 2648 13994 8454 2865 2665 926 3005 51 3898 134 60 144 136 5448 10326 1062 64 3846 862 62 281 46 565
internal_value=0.00165044 -1.87325 -0.0849494 -2.80543 11.8659 4.9021 7.74522 -0.747369 -1.99896 1.22172 2.40567 0.578539 -7.29519 6.36269 8.42247 -4.61852 -3.06932 -8.75908 5.46453 9.31807 5.5853 -6.17199 -5.54329 -3.43306 8.85252 -7.53415 15.9491 -3.22599 -9.78449 -8.10923
internal_weight=104384 90140 67784 43859 14244 23925 7091 27220 16642 10578 8832 5530 22356 15093 6798 5215 245 194 3302 3141 11952 16639 11388 4243 6553 5251 7153 4179 972 17141
internal_count=104384 90140 67784 43859 14244 23925 7091 27220 16642 10578 8832 5530 22356 15093 6798 5215 245 194 3302 3141 11952 16639 11388 4243 6553 5251 7153 4179 972 17141
cat_boundaries=0 1
cat_threshold=2
is_linear=0
shrinkage=0.05


Tree=41
num_leaves=31
num_cat=1
split_feature=1 2 1 2 1 5 2 4 3 3 4 2 4 1 4 3 3 3 4 3 1 1 4 2 1 2 3 1 4 1
split_gain=8.3826e+08 3.1553e+08 3.32011e+08 1.09705e+08 8.64802e+07 3.2224e+07 2.72318e+07 2.49934e+07 6.27752e+07 1.99322e+07 1.92996e+07 1.75692e+07 1.42987e+07 1.21349e+07 1.15194e+07 1.10032e+07 9.09195e+06 6.1205e+06 5.12986e+06 6.74192e+06 4.19643e+06 3.98909e+06 3.65522e+06 3.58413e+06 5.49099e+06 3.51527e+06 3.40466e+06 3.15757e+06 3.0529e+06 3.26742e+06
threshold=15.581623976740644 7.4989146471023567 0.99999769051669152 7.5146818161010751 17.436626025792446 0 7.4989146471023567 36.928172484557372 0.82004901960784327 1.1405882352941179 79.705660969726708 5.5858000000000017 248.50768118551136 17.349959723434452 9.9012941391447971 0.55950000000000022 2.8875000000000006 1.0601470588235296 34.663429674957491 1.4608333333333337 13.29996935408783 16.039962506454472 29.151013328920875 7.5324984788894662 8.3699770756030922 7.4373547077178968 2.9541666666666671 0.51999881025514538 220.40638309362274 0.059999862689068546
decision_type=2 10 2 10 2 1 10 2 2 2 2 10 2 2 2 2 2 2 2 2 2 2 2 10 2 10 2 2 2 2
left_child=1 11 3 7 6 9 -2 8 -3 12 -9 28 -4 21 27 -15 -11 -17 22 -20 25 -8 -5 -7 -25 -16 -6 -13 29 -1
right_child=4 2 5 18 26 23 13 10 -10 16 -12 14 -14 15 20 17 -18 -19 19 -21 -22 -23 -24 24 -26 -27 -28 -29 -30 -31
leaf_value=-8.5339467124499411 -7.5473289854009797 -0.72334042033297286 5.6471251672499854 -6.569824288617264 15.25386729216639 -7.1747829404117187 6.9334009208521401 -3.1242791738520244 13.573372399469784 7.7665188156758251 -0.17425406436683633 -9.9305945393542778 2.8369022950577043 -19.196901895183409 -1.742745166688179 -0.42832875728607189 18.264102403954283 24.075745647799586 -4.3417023313218079 -6.8698296454776671 -15.874104717988235 9.447276868015134 -10.139333645836778 -3.9739311036444835 3.0123944700553889 -4.6565473811798102 3.4223724123693646 3.4260116195678716 -11.328404811479599 -7.0594506414033438
leaf_weight=5842 293 3016 10534 4389 7091 317 2707 9181 1029 3742 13994 926 7943 72 2284 143 218 30 7226 4162 64 3846 862 704 467 1895 62 46 565 10734
leaf_count=5842 293 3016 10534 4389 7091 317 2707 9181 1029 3742 13994 926 7943 72 2284 143 218 30 7226 4162 64 3846 862 704 467 1895 62 46 565 10734
internal_value=0.00155905 -1.77962 -0.0807051 -2.66521 11.2727 4.65708 7.35811 -0.710024 2.91603 5.12963 -1.34302 -6.93055 4.43927 8.00156 -4.38793 -2.91344 8.34888 3.93485 -5.86348 -5.26619 -3.26174 8.41003 -7.15761 -2.46703 -1.18756 -3.06483 15.1518 -9.29562 -7.70382 -7.5796
internal_weight=104384 90140 67784 43859 14244 23925 7091 27220 4045 22437 23175 22356 18477 6798 5215 245 3960 173 16639 11388 4243 6553 5251 1488 1171 4179 7153 972 17141 16576
internal_count=104384 90140 67784 43859 14244 23925 7091 27220 4045 22437 23175 22356 18477 6798 5215 245 3960 173 16639 11388 4243 6553 5251 1488 1171 4179 7153 972 17141 16576
cat_boundaries=0 1
cat_threshold=2
is_linear=0
shrinkage=0.05


Tree=42
num_leaves=31
num_cat=1
split_feature=0 2 5 0 0 2 4 3 4 4 0 4 0 4 4 4 3 0 0 3 0 4 3 3 4 2 3 3 0 3
split_gain=8.38555e+08 2.16337e+08 2.28261e+08 1.37034e+08 9.26208e+07 8.47328e+07 3.31712e+07 2.47831e+08 2.69748e+07 2.07765e+08 2.32736e+07 1.94124e+07 1.65527e+07 2.50418e+07 9.24056e+06 6.25148e+06 4.45553e+06 1.23968e+07 4.38674e+06 4.32553e+06 4.23641e+06 4.21765e+06 4.13894e+06 3.82089e+06 3.68445e+06 4.03939e+06 3.49323e+06 3.37328e+06 2.47567e+06 3.24411e+06
threshold=15.070929233987757 7.334843802452089 0 18.379957119216922 0.44520146530287003 7.4989146471023567 20.876902363572629 0.76060606060606073 36.972016444086492 36.97190895456697 0.77763768228448116 79.705660969726708 9.2999783966751099 99.462654092432331 7.3565387915560505 276.38051498725684 1.5808333333333338 17.119960333755497 19.019955969009406 1.3802380952380955 19.719954595108039 41.467459884849028 0.19962121212121217 3.101666666666667 45.704953969212717 2.7159958660602572 0.4400617283950618 2.8375000000000008 13.900046924062918 1.9470833333333337
decision_type=2 10 1 2 2 10 2 2 2 2 2 2 2 2 2 2 2 2 2 2 2 2 2 2 2 10 2 2 2 2
left_child=1 24 4 5 6 -2 7 -3 9 -6 -10 -8 14 -14 22 -16 21 23 -5 20 26 -7 -4 -18 25 -1 -20 -19 -26 -30
right_child=3 2 12 18 8 16 11 -9 10 -11 -12 -13 13 -15 15 -17 17 27 19 -21 -22 -23 -24 -25 28 -27 -28 -29 29 -31
leaf_value=-9.4417078096646794 -8.109350458157051 -2.6585092722003218 -5.8824398678708896 11.430304020753086 2.4785667729484695 15.313681894757762 -2.7783064338918622 47.81210595059558 -6.1909350663318001 67.321845773631125 3.8982504242546563 0.073368822718520646 7.9122197436517929 -5.909424647257044 -4.6635507600950774 -8.1613157847973419 7.5142636374940928 29.259126978402186 12.449817254049128 11.806202240625378 14.720157331594656 6.7996729060119669 -9.6835353446956578 18.717264436469023 -7.167983495504112 -6.046275756643789 18.674800308821045 8.5991304651896154 -8.1777429141168287 -12.170830110350547
leaf_weight=986 970 1408 1314 878 835 147 10531 293 592 144 15932 13771 604 714 16785 1384 1004 98 274 807 3390 11495 1593 82 5222 8074 1546 26 2860 625
leaf_count=986 970 1408 1314 878 835 147 10531 293 592 144 15932 13771 604 714 16785 1384 1004 98 274 807 3390 11495 1593 82 5222 8074 1546 26 2860 625
internal_value=0.00147353 -2.22855 -0.908355 9.00723 1.20288 6.13438 -0.689885 6.05812 4.0147 12.0753 3.53644 -1.16244 -5.00983 0.425814 -5.34975 -4.93042 7.20997 10.1026 14.7646 15.2491 15.78 6.90848 -7.96801 8.37661 -7.12497 -6.4168 17.745 25.0307 -7.86103 -8.89715
internal_weight=104384 83667 65900 20717 43506 13822 26003 1701 17503 979 16524 24302 22394 1318 21076 18169 12852 1210 6895 6017 5210 11642 2907 1086 17767 9060 1820 124 8707 3485
internal_count=104384 83667 65900 20717 43506 13822 26003 1701 17503 979 16524 24302 22394 1318 21076 18169 12852 1210 6895 6017 5210 11642 2907 1086 17767 9060 1820 124 8707 3485
cat_boundaries=0 1
cat_threshold=2
is_linear=0
shrinkage=0.05


Tree=43
num_leaves=31
num_cat=0
split_feature=1 2 1 2 1 1 4 4 4 2 3 1 2 3 1 4 3 4 3 3 4 3 1 1 1 4 3 3 4 1
split_gain=6.83606e+08 2.5698e+08 2.72823e+08 8.95612e+07 7.0001e+07 2.80756e+07 2.53284e+07 2.51744e+07 9.93726e+07 2.20766e+07 2.13216e+07 1.52716e+07 1.44605e+07 1.19399e+07 1.09657e+07 1.06916e+07 1.22957e+07 9.77881e+06 7.96676e+06 6.4169e+06 4.55081e+06 6.22257e+06 4.38696e+06 3.77031e+06 3.56381e+06 3.4656e+06 3.2073e+06 3.03326e+06 3.89305e+06 3.54064e+06
threshold=15.581623976740644 7.4989146471023567 0.99999769051669152 7.5113381385803235 17.436626025792446 11.899972057614617 175.85592669041588 53.530094638705926 79.705660969726708 7.4989146471023567 0.22007575757575762 3.7799912001055689 5.5858000000000017 2.8875000000000006 17.349959723434452 278.99955054364256 0.73083333333333356 9.9012941391447971 0.38000000000000012 1.1603921568627453 34.663429674957491 1.4608333333333337 13.939961554808542 13.29996935408783 16.039962506454472 29.151013328920875 1.9687500000000002 2.7658333333333336 278.99955054364256 19.308288484840396
decision_type=2 10 2 10 2 2 2 2 2 10 2 2 10 2 2 2 2 2 2 2 2 2 2 2 2 2 2 2 2 2
left_child=1 12 3 7 9 6 11 10 -9 -2 -3 -4 -1 19 24 -16 -17 -14 -8 -7 25 -22 -15 26 -11 -5 -19 -6 -29 -30
right_child=4 2 5 20 27 13 18 8 -10 14 -12 -13 17 22 15 16 -18 23 -20 -21 21 -23 -24 -25 -26 -27 -28 28 29 -31
leaf_value=-6.9570674540646653 -6.7626734755314146 -3.2622651603514843 10.155290960767843 -5.9313767421489256 13.847451288265814 4.6634996952688006 2.9198227188254933 -10.725327113900107 -0.16426163175953379 6.2303977633674021 2.4093993469803663 2.3673600153481713 -8.4705011295034858 38.274645663174724 17.023563634799078 -20.992191473513234 4.0836371306983796 -2.3513788929463932 -3.9789183907495591 7.1635603180155698 -3.8401808001832949 -6.2656146789442637 14.429945757249891 -14.865470299647406 8.6058299127886961 -9.4000470180445159 -7.8757184702284793 -4.4491463781805605 2.5554175061890576 17.879588989713692
leaf_weight=17141 293 2065 781 4479 6948 14041 530 2648 13994 2707 8372 3233 972 21 51 97 97 3898 1977 3146 7277 4162 196 64 3846 862 281 50 65 90
leaf_count=17141 293 2065 781 4479 6948 14041 530 2648 13994 2707 8372 3233 972 21 51 97 97 3898 1977 3146 7277 4162 196 64 3846 862 281 50 65 90
internal_value=0.00148977 -1.60701 -0.0738015 -2.41663 10.1799 4.22097 1.42251 -0.637968 -1.84523 6.658 1.28703 3.8848 -6.25554 5.26937 7.23735 -3.13741 -8.49761 -3.94882 -2.51988 5.12151 -5.28678 -4.72313 16.9025 -2.91123 7.62566 -6.49285 -2.72464 13.6699 7.6155 11.5109
internal_weight=104384 90140 67784 43859 14244 23925 6521 27079 16642 7091 10437 4014 22356 17404 6798 245 194 5215 2507 17187 16780 11439 217 4243 6553 5341 4179 7153 205 155
internal_count=104384 90140 67784 43859 14244 23925 6521 27079 16642 7091 10437 4014 22356 17404 6798 245 194 5215 2507 17187 16780 11439 217 4243 6553 5341 4179 7153 205 155
is_linear=0
shrinkage=0.05


Tree=44
num_leaves=31
num_cat=1
split_feature=0 2 5 0 0 2 4 3 4 4 0 4 0 4 4 4 0 4 3 3 3 0 4 2 3 4 0 3 3 2
split_gain=6.85422e+08 1.75757e+08 1.86659e+08 1.11947e+08 7.60807e+07 6.95571e+07 2.88957e+07 2.25221e+08 2.47016e+07 1.88219e+08 2.02072e+07 1.78255e+07 1.43439e+07 2.00403e+07 8.05717e+06 5.7779e+06 3.96492e+06 3.88839e+06 4.01924e+06 3.79609e+06 3.75609e+06 3.85443e+06 3.27424e+06 3.61722e+06 3.16765e+06 2.30069e+06 2.22404e+06 3.2061e+06 2.93245e+06 3.31773e+06
threshold=15.070929233987757 7.334843802452089 0 18.379957119216922 0.44520146530287003 7.4989146471023567 20.876902363572629 0.82004901960784327 36.972016444086492 36.97190895456697 13.038104330365876 181.04542460651254 9.4799780963516245 116.90209583102994 7.3565387915560505 276.38051498725684 19.019955969009406 41.467459884849028 2.4008333333333338 0.20062500000000003 1.3802380952380955 19.719954595108039 45.704953969212717 2.7159958660602572 0.4400617283950618 278.99955054364256 13.900046924062918 0.060833333333333343 1.9470833333333337 5.4190500000000013
decision_type=2 10 1 2 2 10 2 2 2 2 2 2 2 2 2 2 2 2 2 2 2 2 2 10 2 2 2 2 2 10
left_child=1 22 4 5 6 -2 7 -3 9 -6 -10 -8 14 -14 19 -16 -5 -7 -19 -4 21 24 23 -1 -18 -23 27 -24 -28 -30
right_child=3 2 12 16 8 17 11 -9 10 -11 -12 -13 13 -15 15 -17 20 18 -20 -21 -22 25 26 -25 -26 -27 28 -29 29 -31
leaf_value=-8.6225997934660281 -7.3584365184760117 -1.5395405615404654 -5.5846410254745562 10.180358682942066 2.2122691454371197 14.461570318430859 -0.80866038398713602 51.56528056223155 1.1861528970483899 63.929736735376821 4.7123164417590404 -8.0337479808562033 7.9198117413713227 -5.628374993388304 -4.171773517440049 -7.4460409653565423 11.139735146071695 6.2486716698744607 10.936657187976177 -9.2174008195033519 10.601187259077399 12.099992953946851 -11.82568704210726 -5.4101484166412668 17.05888703568219 14.759086422151185 -7.4198847986319212 -6.1763593886369348 -9.1239222602681114 -17.675013115657006
leaf_weight=986 970 1471 1563 878 835 152 23417 230 7204 144 9320 885 538 552 16932 1465 274 12224 476 1344 807 1875 265 8074 1546 1515 2860 4957 474 151
leaf_count=986 970 1471 1563 878 835 152 23417 230 7204 144 9320 885 538 552 16932 1465 274 12224 476 1344 807 1875 265 8074 1546 1515 2860 4957 474 151
internal_value=0.00143268 -2.01471 -0.824764 8.14348 1.08441 5.54687 -0.631047 5.66708 3.63283 11.3462 3.17517 -1.07209 -4.53369 1.05984 -4.81992 -4.4329 13.3472 6.52139 6.42523 -7.26678 13.8075 14.302 -6.42809 -5.76067 16.1744 13.2924 -7.12182 -6.46526 -8.10349 -11.2148
internal_weight=104384 83667 65900 20717 43506 13822 26003 1701 17503 979 16524 24302 22394 1090 21304 18397 6895 12852 12700 2907 6017 5210 17767 9060 1820 3390 8707 5222 3485 625
internal_count=104384 83667 65900 20717 43506 13822 26003 1701 17503 979 16524 24302 22394 1090 21304 18397 6895 12852 12700 2907 6017 5210 17767 9060 1820 3390 8707 5222 3485 625
cat_boundaries=0 1
cat_threshold=2
is_linear=0
shrinkage=0.05


Tree=45
num_leaves=31
num_cat=1
split_feature=0 2 5 0 0 2 4 0 4 0 4 0 0 4 4 3 0 3 0 4 3 0 3 3 4 3 4 0 0 3
split_gain=6.18622e+08 1.58636e+08 1.68472e+08 1.01045e+08 6.86671e+07 6.27801e+07 2.6567e+07 8.78226e+07 2.78573e+07 2.29272e+07 1.10038e+08 1.65584e+07 1.30424e+07 2.06398e+07 7.26647e+06 6.92919e+06 3.57826e+06 3.57671e+06 1.10478e+07 3.42968e+06 3.38962e+06 3.57634e+06 3.33162e+06 3.07355e+06 3.01468e+06 2.98778e+06 2.97525e+06 3.62005e+06 3.40611e+06 2.83091e+06
threshold=15.070929233987757 7.334843802452089 0 18.379957119216922 0.44520146530287003 7.4989146471023567 36.928172484557372 0.16203430980392161 79.705660969726708 0.48599659707669246 36.972016444086492 14.500664368361599 9.2999783966751099 99.462654092432331 35.992682306176619 1.2403571428571432 19.019955969009406 1.5808333333333338 17.119960333755497 41.467459884849028 1.3802380952380955 19.959953700332644 3.2641666666666671 2.8375000000000008 29.151013328920875 0.44672839506172851 89.657376712882581 2.0571301421804313 13.860014677691879 2.1616666666666675
decision_type=2 10 1 2 2 10 2 2 2 2 2 2 2 2 2 2 2 2 2 2 2 2 2 2 2 2 2 2 2 2
left_child=1 26 4 5 6 -2 7 -3 -8 10 -6 -11 14 -14 24 -16 -5 19 22 -7 21 25 -19 -20 -4 -18 27 -1 -29 -28
right_child=3 2 12 16 9 17 8 -9 -10 11 -12 -13 13 -15 15 -17 20 18 23 -21 -22 -23 -24 -25 -26 -27 29 28 -30 -31
leaf_value=-6.6324521907872809 -6.9908936107537718 -1.1373983716916858 -5.4758547770251065 9.6719198677960918 79.260218078238623 13.503274853052321 -3.5046078544129928 16.542569048367206 0.13551708781613533 2.5939675962547941 -5.6918992843826608 6.8077116567746749 7.3143351779417562 -5.2338211183047791 -2.9389211465974916 -5.1377882387333154 11.400064087196146 6.4991803347093171 26.908498481981685 5.8273221948827745 10.071784064728435 11.838562985312363 18.955155669095227 7.2441633832013173 -8.2598971211508871 15.311800931467253 -6.5875866338148077 -3.5026715128603652 -5.8173692829946759 -9.8045116942602331
leaf_weight=5173 970 2796 5499 878 55 147 8499 937 13771 14553 119 2776 604 714 7609 6781 616 1030 98 11495 807 1900 56 26 1187 2694 5232 2716 3854 792
leaf_count=5173 970 2796 5499 878 55 147 8499 937 13771 14553 119 2776 604 714 7609 6781 616 1030 98 11495 807 1900 56 26 1187 2694 5232 2716 3854 792
internal_value=0.00141993 -1.91396 -0.783458 7.73655 1.03032 5.26961 -0.599415 3.30359 -1.25377 3.45139 21.4602 3.26934 -4.30706 0.517806 -4.6088 -3.97538 12.6804 6.19544 8.78666 5.9254 13.1177 13.5875 7.15833 22.8763 -5.97128 14.5875 -6.10687 -5.64195 -4.86117 -7.01209
internal_weight=104384 83667 65900 20717 43506 13822 26003 3733 22270 17503 174 17329 22394 1318 21076 14390 6895 12852 1210 11642 6017 5210 1086 124 6686 3310 17767 11743 6570 6024
internal_count=104384 83667 65900 20717 43506 13822 26003 3733 22270 17503 174 17329 22394 1318 21076 14390 6895 12852 1210 11642 6017 5210 1086 124 6686 3310 17767 11743 6570 6024
cat_boundaries=0 1
cat_threshold=2
is_linear=0
shrinkage=0.05


Tree=46
num_leaves=31
num_cat=1
split_feature=0 2 5 0 0 2 4 0 4 4 4 0 0 4 4 3 3 3 0 0 4 3 0 3 3 4 2 3 4 3
split_gain=5.58342e+08 1.43177e+08 1.52055e+08 9.11971e+07 6.1979e+07 5.6665e+07 2.39791e+07 7.92684e+07 2.51416e+07 2.12324e+07 1.65252e+08 1.89287e+07 1.17714e+07 1.86304e+07 6.83435e+06 5.41189e+06 3.42783e+06 3.23366e+06 9.9874e+06 3.22908e+06 3.09915e+06 3.07265e+06 3.55271e+06 3.01512e+06 2.77369e+06 2.76673e+06 3.15488e+06 2.71664e+06 2.30564e+06 2.04854e+06
threshold=15.070929233987757 7.334843802452089 0 18.379957119216922 0.44520146530287003 7.4989146471023567 36.928172484557372 0.16203430980392161 79.705660969726708 36.972016444086492 36.97190895456697 0.89934963219383646 9.2999783966751099 99.462654092432331 7.3565387915560505 2.2070833333333337 0.20062500000000003 1.5808333333333338 17.119960333755497 19.019955969009406 41.467459884849028 1.5008333333333337 19.959953700332644 3.2641666666666671 2.8375000000000008 45.704953969212717 2.7159958660602572 0.44672839506172851 23.593139094284382 0.080833333333333354
decision_type=2 10 1 2 2 10 2 2 2 2 2 2 2 2 2 2 2 2 2 2 2 2 2 2 2 2 10 2 2 2
left_child=1 25 4 5 6 -2 7 -3 -8 10 -6 -11 14 28 16 -16 -4 20 23 -5 -7 22 27 -19 -20 26 -1 -21 -14 -22
right_child=3 2 12 19 9 17 8 -9 -10 11 -12 -13 13 -15 15 -17 -18 18 24 21 29 -23 -24 -25 -26 -27 -28 -29 -30 -31
leaf_value=-7.8606199755083841 -6.6417089312544322 -1.0805488221021287 -5.0319698564368096 9.1888740858540725 1.8719701505730457 12.832672899606989 -3.3293980567555197 15.716322850826453 0.12874183613352427 -5.4298028108031904 59.701208758650154 3.2002988684107367 -9.407941523960659 -4.9724960949997179 -3.79991324090919 -7.4421750127738182 -8.4832842670578277 6.1745364808273138 25.576663503935848 10.830984630302996 10.631831693991638 9.4287547300110663 11.150464724382099 18.02402522973847 6.8953706642433445 -6.439269765775717 -4.8608712587340053 14.554420663791385 7.5245327763241576 5.4475695326144038
leaf_weight=986 970 2796 1563 878 835 147 8499 937 13771 661 144 15863 20 714 17084 1085 1344 1030 98 616 194 746 1911 56 26 8707 8074 2744 584 11301
leaf_count=986 970 2796 1563 878 835 147 8499 937 13771 661 144 15863 20 714 17084 1085 1344 1030 98 616 194 746 1911 56 26 8707 8074 2744 584 11301
internal_value=0.0014319 -1.81824 -0.744228 7.35003 0.97891 5.00639 -0.569421 3.13862 -1.19109 3.27906 10.4303 2.85477 -4.09175 0.491994 -4.37841 -4.01782 -6.62999 5.88598 8.34979 12.0468 5.62921 12.4622 12.8897 6.80158 21.7462 -5.80162 -5.18817 13.8752 6.94922 5.53598
internal_weight=104384 83667 65900 20717 43506 13822 26003 3733 22270 17503 979 16524 22394 1318 21076 18169 2907 12852 1210 6895 11642 6017 5271 1086 124 17767 9060 3360 604 11495
internal_count=104384 83667 65900 20717 43506 13822 26003 3733 22270 17503 979 16524 22394 1318 21076 18169 2907 12852 1210 6895 11642 6017 5271 1086 124 17767 9060 3360 604 11495
cat_boundaries=0 1
cat_threshold=2
is_linear=0
shrinkage=0.05


Tree=47
num_leaves=31
num_cat=1
split_feature=0 2 5 0 1 2 4 4 4 0 4 0 4 1 4 0 1 1 1 4 4 1 1 4 0 0 4 1 1 1
split_gain=5.04175e+08 1.26645e+08 1.35069e+08 8.40498e+07 6.73597e+07 5.80289e+07 2.18638e+07 7.46189e+07 1.87463e+07 2.13987e+07 1.69363e+07 1.06713e+07 1.49433e+07 7.91673e+06 6.30598e+06 6.19996e+06 5.31898e+06 5.78308e+06 5.26821e+06 5.08854e+06 3.54054e+06 2.91351e+06 9.46008e+06 4.18763e+06 2.56313e+06 2.91662e+06 2.83657e+06 2.22694e+06 1.94177e+06 1.62826e+06
threshold=15.019983925529987 7.334843802452089 0 18.379957119216922 1.0000000180025095e-35 7.4989146471023567 53.530094638705926 79.705660969726708 240.72410923780095 11.799972907264712 20.682779021084816 9.4799780963516245 116.90209583102994 13.659968197303774 7.3565387915560505 14.500664368361599 18.579956991500861 17.879958365402228 17.19995954115296 276.38051498725684 278.99955054364256 0.059999862689068546 12.919964401295308 104.05408871323856 19.019955969009406 19.763287684494021 275.50993669654093 11.479973293266351 11.019974511635423 10.839974905344109
decision_type=2 10 1 2 2 10 2 2 2 2 2 2 2 2 2 2 2 2 2 2 2 2 2 2 2 2 2 2 2 2
left_child=1 21 4 5 6 -2 10 -8 15 -10 -3 14 27 -7 -4 -6 17 -15 -5 -16 24 -1 29 -24 26 -26 -20 -13 -14 -23
right_child=3 2 11 18 8 13 7 -9 9 -11 -12 12 28 16 19 -17 -18 -19 20 -21 -22 22 23 -25 25 -27 -28 -29 -30 -31
leaf_value=-6.3464510437776651 -6.2967250650475961 -4.1461166554134543 -6.2987269304646087 26.14455788284052 4.0367681978932444 19.071987295325744 -10.108720828491267 -0.46885885212614875 -5.0300886110736949 2.3882022852661651 1.8301542734124585 7.5587765982220478 -6.9388860457811674 5.5142960255011459 -3.546740392723652 7.5977520528073272 -14.854092178344727 22.920606154600783 9.5494928602374767 -6.6191264087289046 12.607560523099849 -1.2811382062350356 -4.9837633322589276 -7.2983985482011411 12.704245297619661 9.6114426476214128 2.2188465104354056 -7.7863311584472656 -0.65558492861608031 -3.75965228650132
leaf_weight=6524 1103 1374 2907 60 9635 108 2391 12488 1149 6285 8602 514 367 12847 16932 1401 31 47 442 1465 2996 1447 5344 3095 1305 1903 189 24 185 1224
leaf_count=6524 1103 1374 2907 60 9635 108 2391 12488 1149 6285 8602 514 367 12847 16932 1401 31 47 442 1465 2996 1447 5344 3095 1305 1903 189 24 185 1224
internal_value=0.00143412 -1.74405 -0.734455 6.91914 0.895219 4.71103 -0.804302 -2.01852 3.18218 1.24111 1.00671 -3.88724 0.937349 5.64304 -4.13411 4.48948 5.52936 5.57952 11.4448 -3.79175 11.312 -5.5064 -5.01258 -5.83342 10.2979 10.8731 7.36078 6.86105 -4.83807 -2.41791
internal_weight=104384 83353 65719 21031 43325 14136 24855 14879 18470 7434 9976 22394 1090 13033 21304 11036 12925 12894 6895 18397 6835 17634 11110 8439 3839 3208 631 538 552 2671
internal_count=104384 83353 65719 21031 43325 14136 24855 14879 18470 7434 9976 22394 1090 13033 21304 11036 12925 12894 6895 18397 6835 17634 11110 8439 3839 3208 631 538 552 2671
cat_boundaries=0 1
cat_threshold=2
is_linear=0
shrinkage=0.05


Tree=48
num_leaves=31
num_cat=0
split_feature=1 2 1 2 1 4 1 1 3 4 2 3 1 4 3 2 2 3 4 3 4 4 1 1 1 4 3 3 1 4
split_gain=4.11874e+08 1.53665e+08 1.69042e+08 5.41548e+07 4.0907e+07 1.94999e+07 1.65751e+07 1.59035e+07 1.36103e+07 1.32593e+07 1.2932e+07 1.10907e+07 9.93119e+06 9.40305e+06 1.16037e+07 9.10732e+06 8.22551e+06 7.1576e+06 6.94609e+06 5.13804e+06 3.39006e+06 4.2725e+06 3.28935e+06 3.14452e+06 2.62713e+06 2.57737e+06 2.55811e+06 2.53756e+06 2.49697e+06 2.3033e+06
threshold=15.581623976740644 7.4989146471023567 0.99999769051669152 7.5174765348434454 17.436626025792446 181.04542460651254 12.78163710871633 3.7799912001055689 0.39583333333333343 53.530094638705926 7.4989146471023567 0.34007575757575764 17.349959723434452 278.99955054364256 0.95029411764705896 5.5858000000000017 7.5239886760711681 3.101666666666667 9.9012941391447971 0.12022727272727275 278.99955054364256 34.663429674957491 13.359963216895524 16.039962506454472 1.0000000180025095e-35 278.94763736680397 2.9541666666666671 1.9908333333333335 0.51999881025514538 223.10929251321144
decision_type=2 10 2 10 2 2 2 2 2 2 10 2 2 2 2 10 10 2 2 2 2 2 2 2 2 2 2 2 2 2
left_child=1 15 3 5 10 9 7 16 -9 -3 -2 19 23 -14 -15 29 -4 -13 28 -8 21 -5 27 25 -7 -12 -6 -20 -17 -1
right_child=4 2 6 20 26 24 11 8 -10 -11 12 17 13 14 -16 18 -18 -19 22 -21 -22 -23 -24 -25 -26 -27 -28 -29 -30 -31
leaf_value=-5.2967472925270114 -5.062232457662927 1.0692962995072641 10.312905923164912 -5.1537431531381168 10.658341148441213 -9.0591965855017058 5.5921179821860987 3.6322579154574144 -0.66796964631188027 -1.2125096542105624 3.4595928814759311 5.0740531651789205 14.698916538311886 -15.651438737507741 13.789432179539702 -7.3870950058453033 -2.0641589762647468 16.586881079778184 -1.6436737318920311 1.4405382788202765 -6.9019275241249147 -3.3893843825890233 -13.666551854493191 6.9426543402718881 -3.0977536456499783 6.6178739289925534 0.45027930520829695 -6.6482083954758311 4.4699521312307802 -8.7264656597540462
leaf_weight=16635 293 10719 712 5162 7091 715 934 2888 5067 15676 1634 10344 51 152 42 926 165 136 3913 3679 1062 10274 60 3846 251 1073 62 270 46 506
leaf_count=16635 293 10719 712 5162 7091 715 934 2888 5067 15676 1634 10344 51 152 42 926 165 136 3913 3679 1062 10274 60 3846 251 1073 62 270 46 506
internal_value=0.00138509 -1.24715 -0.0615484 -1.9057 7.90201 -0.54136 3.31907 1.59841 0.893454 -0.285863 5.20964 4.32578 5.65305 -4.21695 -9.23959 -4.84177 7.98456 5.22503 -3.0112 2.28214 -4.16822 -3.9797 -2.13682 6.02265 -7.51502 4.71345 10.5699 -1.96821 -6.82194 -5.3985
internal_weight=104384 90140 67784 43859 14244 27361 23925 8832 7955 26395 7091 15093 6798 245 194 22356 877 10480 5215 4613 16498 15436 4243 6553 966 2707 7153 4183 972 17141
internal_count=104384 90140 67784 43859 14244 27361 23925 8832 7955 26395 7091 15093 6798 245 194 22356 877 10480 5215 4613 16498 15436 4243 6553 966 2707 7153 4183 972 17141
is_linear=0
shrinkage=0.05


Tree=49
num_leaves=31
num_cat=0
split_feature=0 2 1 2 0 4 0 4 3 3 1 4 2 0 4 1 3 2 1 3 4 1 1 1 0 1 4 4 4 0
split_gain=4.11974e+08 1.30017e+08 1.34132e+08 4.89034e+07 4.13643e+07 1.74557e+07 1.63654e+07 1.38022e+07 1.61758e+07 1.15942e+07 1.11222e+07 1.09047e+07 8.24668e+06 9.04992e+06 9.35259e+06 7.68981e+06 6.24132e+06 6.23307e+06 4.94091e+06 4.62093e+06 3.40798e+06 8.90811e+06 3.25618e+06 6.20803e+06 5.2049e+06 4.06089e+06 3.77297e+06 2.96039e+06 3.7634e+06 2.71742e+06
threshold=15.819963573837283 7.4989146471023567 0.99999769051669152 7.5276122331619275 19.019955969009406 181.04542460651254 13.739968146217349 193.30658157425756 0.40068181818181825 0.33992424242424252 3.7799912001055689 53.530094638705926 5.5858000000000017 9.2999783966751099 106.93991843328517 11.579968186739348 1.5808333333333338 7.4989146471023567 17.349959723434452 0.12022727272727275 15.84039880220352 8.9999792146502262 18.579956991500861 18.769956406723029 17.761495818405717 17.349959723434452 278.63826055011754 278.99955054364256 240.72410923780095 18.742363650087714
decision_type=2 10 2 10 2 2 2 2 2 2 2 2 10 2 2 2 2 10 2 2 2 2 2 2 2 2 2 2 2 2
left_child=1 12 3 5 17 11 7 10 -9 19 -4 -3 -1 20 15 -15 -11 -2 -6 -8 -14 -22 24 29 25 -19 -26 28 -5 -24
right_child=4 2 6 27 18 -7 9 8 -10 16 -12 -13 13 14 -16 -17 -18 22 -20 -21 21 -23 23 -25 26 -27 -28 -29 -30 -31
leaf_value=-5.1304722436244568 -4.3529934184094889 0.89428752051564031 8.8898756109941104 -4.2977728514380695 27.122736166249155 -7.1398970236650046 5.9833006724012296 3.3747132932453248 -2.088801887631488 4.8333100202290344 2.5206445170514482 -1.1518880711387733 -6.7416341794301005 5.429896571942388 -4.6191041314738817 -4.2862468154264466 8.940770657718506 5.4333882743727218 10.596474653146188 0.7450086418025812 -0.59591692735802715 -6.6428430617890344 -10.487733699462632 22.212891164112094 10.998665728727817 -2.1931857477752859 5.4908676061470203 -6.5571559681195986 -2.5007143608760747 2.5322152895057526
leaf_weight=17274 159 11136 786 11056 45 966 512 2152 3653 6486 5326 15676 1029 802 652 272 1080 7867 5972 2350 1356 1105 87 24 746 178 539 1062 3963 73
leaf_count=17274 159 11136 786 11056 45 966 512 2152 3653 6486 5326 15676 1029 802 652 272 1080 7867 5972 2350 1356 1105 87 24 746 178 539 1062 3963 73
internal_value=0.00132021 -1.31985 -0.204057 -1.81045 7.46938 -0.540075 2.94893 1.68292 -0.0631621 4.3954 3.34105 -0.302035 -4.60427 -2.86098 0.100623 2.96749 5.42073 5.44363 10.7246 1.68388 -4.32528 -3.31261 5.6078 -0.974078 5.73769 5.26439 8.69446 -4.0047 -3.82379 -4.56852
internal_weight=104384 88694 66204 43859 15690 27778 22345 11917 5805 10428 6112 26812 22490 5216 1726 1074 7566 9673 6017 2862 3490 2461 9514 184 9330 8045 1285 16081 15019 160
internal_count=104384 88694 66204 43859 15690 27778 22345 11917 5805 10428 6112 26812 22490 5216 1726 1074 7566 9673 6017 2862 3490 2461 9514 184 9330 8045 1285 16081 15019 160
is_linear=0
shrinkage=0.05


Tree=50
num_leaves=31
num_cat=0
split_feature=0 2 1 2 0 4 0 4 0 4 1 1 2 0 4 1 2 1 1 4 1 1 1 0 1 4 4 4 0 1
split_gain=3.71826e+08 1.17344e+08 1.21059e+08 4.42815e+07 3.73337e+07 1.58996e+07 1.48454e+07 1.18528e+07 1.86461e+07 1.17284e+07 9.44211e+06 8.37446e+06 7.44158e+06 8.16794e+06 8.44167e+06 6.96929e+06 5.62718e+06 4.6083e+06 4.47604e+06 3.07604e+06 8.04034e+06 2.93523e+06 5.62342e+06 4.69922e+06 3.66561e+06 3.4054e+06 2.75355e+06 3.73543e+06 2.45552e+06 2.44742e+06
threshold=15.819963573837283 7.4989146471023567 0.99999769051669152 7.5174765348434454 19.019955969009406 181.04542460651254 14.379966810630801 199.80677468231644 11.799972907264712 20.876902363572629 3.7799912001055689 13.579968433769229 5.5858000000000017 9.2999783966751099 106.93991843328517 11.209969343024381 7.4989146471023567 15.279964382118226 17.349959723434452 15.84039880220352 8.9999792146502262 18.579956991500861 18.769956406723029 17.761495818405717 17.349959723434452 278.63826055011754 278.99955054364256 34.663429674957491 18.742363650087714 19.099955547164921
decision_type=2 10 2 10 2 2 2 2 2 2 2 2 10 2 2 2 10 2 2 2 2 2 2 2 2 2 2 2 2 2
left_child=1 12 3 5 16 9 7 10 -9 -3 -4 -8 -1 19 15 -15 -2 -13 -6 -14 -21 23 28 24 -18 -25 27 -5 -23 -20
right_child=4 2 6 26 18 -7 11 8 -10 -11 -12 17 13 14 -16 -17 21 -19 29 20 -22 22 -24 25 -26 -27 -28 -29 -30 -31
leaf_value=-4.8739634723972713 -4.1367040580678731 3.4195287185098424 8.4626520032127655 -4.6936783566104969 25.796080521293312 -6.7832714228385971 17.056487539979752 -4.2965074923714557 1.7890465105746474 -0.55776315447309954 2.6822292267805268 4.8576344433007632 -6.404879714671269 5.9249779022916131 -4.3885026307392634 -2.3950732316128653 5.1617533802478208 1.0374030579585216 11.329523912103681 -0.56614303259965515 -6.3110012247765042 -9.9693059804222823 21.146672413635255 10.449468703810949 -2.0841392976345299 5.216832579869088 -6.2296066618215917 -3.0440147181285138 2.4073152412594978 9.2416452847513799
leaf_weight=17274 159 2005 790 5162 45 966 132 1605 5820 24390 6638 6460 1029 673 652 401 7867 900 2355 1356 1105 87 24 746 178 539 1062 10274 73 3617
leaf_count=17274 159 2005 790 5162 45 966 132 1605 5820 24390 6638 6460 1029 673 652 401 7867 900 2355 1356 1105 87 24 746 178 539 1062 10274 73 3617
internal_value=0.00128161 -1.25387 -0.193845 -1.71995 7.09613 -0.486231 2.80155 1.88603 0.473181 -0.255524 3.29806 4.61609 -4.37411 -2.7181 0.0954913 2.81917 5.1716 4.39069 10.1886 -4.10921 -3.14713 5.32759 -0.921518 5.45091 5.00119 8.26038 -3.76585 -3.59595 -4.34256 10.0667
internal_weight=104384 88694 66204 43859 15690 27361 22345 14853 7425 26395 7428 7492 22490 5216 1726 1074 9673 7360 6017 3490 2461 9514 184 9330 8045 1285 16498 15436 160 5972
internal_count=104384 88694 66204 43859 15690 27361 22345 14853 7425 26395 7428 7492 22490 5216 1726 1074 9673 7360 6017 3490 2461 9514 184 9330 8045 1285 16498 15436 160 5972
is_linear=0
shrinkage=0.05


Tree=51
num_leaves=31
num_cat=1
split_feature=1 2 1 5 1 4 3 1 4 4 1 2 3 1 3 4 2 3 4 4 3 1 4 4 4 1 4 3 1 1
split_gain=3.02604e+08 1.12987e+08 1.24348e+08 4.00136e+07 3.03426e+07 1.82648e+07 2.04638e+08 1.34809e+07 1.74871e+07 1.29325e+07 1.03843e+07 9.50335e+06 9.21243e+06 8.53703e+06 8.3476e+06 1.01409e+07 6.69064e+06 5.31178e+06 5.1296e+06 5.0214e+06 4.34295e+06 2.88572e+06 2.80184e+06 6.13788e+06 3.13848e+06 2.76911e+06 2.36496e+06 2.36002e+06 3.91766e+06 5.09479e+06
threshold=15.581623976740644 7.4989146471023567 0.99999769051669152 0 17.436626025792446 20.876902363572629 0.9607407407407409 11.899972057614617 175.85592669041588 181.04542460651254 3.7799912001055689 7.4989146471023567 1.5808333333333338 17.349959723434452 1.0601470588235296 278.99955054364256 5.5858000000000017 0.38000000000000012 9.9012941391447971 38.593007338145675 3.4850000000000008 13.359963216895524 34.663429674957491 36.986709699773236 29.151013328920875 16.039962506454472 278.94763736680397 2.7658333333333336 19.709954508804326 19.439954773910525
decision_type=2 10 2 1 2 2 2 2 2 2 2 10 2 2 2 2 10 2 2 2 2 2 2 2 2 2 2 2 2 2
left_child=1 16 3 5 11 6 -3 8 10 -7 -4 -2 19 25 15 -15 -1 -10 -18 -9 -14 -20 24 -24 -5 26 -13 -6 29 -29
right_child=4 2 7 22 27 9 -8 12 17 -11 -12 13 20 14 -16 -17 18 -19 21 -21 -22 -23 23 -25 -26 -27 -28 28 -30 -31
leaf_value=-4.6284456184167571 -4.3510451158587227 0.31950125550609398 8.1245909797809919 -3.9458501965166786 9.2271530263580868 -0.54761208982357523 74.71331530512596 10.124682748739822 2.0744267396833713 -6.4444587588307165 1.7028214903670695 2.7488465154943844 6.549078922918639 13.410908835093181 19.97589629757789 -13.281239780842567 -5.8570259436345511 -3.558983474077865 -1.6729851596931935 3.0747879174688322 20.162040040063079 -12.629607679335798 0.23396160396047297 -3.4906658821968044 -7.2363788543159835 6.0403668850593704 5.7729617974997343 -0.23296588926430206 -7.1614142235254832 18.427334168752036
leaf_weight=17141 293 1629 781 4592 6948 24173 97 256 530 966 3233 1634 1674 44 30 171 972 1977 4183 15414 60 60 1239 10301 862 3846 1073 82 58 65
leaf_count=17141 293 1629 781 4592 6948 24173 97 256 530 966 3233 1634 1674 44 30 171 972 1977 4183 15414 60 60 1239 10301 862 3846 1073 82 58 65
internal_value=0.00125069 -1.06893 -0.0522883 -1.63397 6.77324 -0.43278 4.54123 2.84718 0.908036 -0.774454 2.95401 4.45445 3.57366 4.83456 -4.31553 -7.78184 -4.15127 -2.36768 -2.58226 3.1906 7.03147 -1.83086 -3.53275 -3.09078 -4.46715 5.17727 3.94924 9.07098 3.75891 8.08691
internal_weight=104384 90140 67784 43859 14244 26865 1726 23925 6521 25139 4014 7091 17404 6798 245 215 22356 2507 5215 15670 1734 4243 16994 11540 5454 6553 2707 7153 205 147
internal_count=104384 90140 67784 43859 14244 26865 1726 23925 6521 25139 4014 7091 17404 6798 245 215 22356 2507 5215 15670 1734 4243 16994 11540 5454 6553 2707 7153 205 147
cat_boundaries=0 1
cat_threshold=2
is_linear=0
shrinkage=0.05


Tree=52
num_leaves=31
num_cat=1
split_feature=0 2 5 2 0 0 4 3 0 4 4 4 0 4 4 3 3 3 0 4 3 0 3 4 2 4 0 4 3 3
split_gain=3.03919e+08 7.38566e+07 8.13855e+07 5.59042e+07 3.68312e+07 3.24474e+07 4.73333e+07 3.36603e+08 2.50371e+07 1.42066e+07 7.08429e+07 1.58467e+07 7.60951e+06 1.20236e+07 4.52696e+06 4.23949e+06 2.92542e+06 2.59854e+06 2.67617e+06 2.55061e+06 2.58851e+06 2.57508e+06 2.44665e+06 2.10462e+06 2.64315e+06 1.86492e+06 1.82659e+06 1.80109e+06 1.71727e+06 2.53049e+06
threshold=14.980364223293687 7.334843802452089 0 7.4989146471023567 19.019955969009406 0.20346191134857275 25.217317244677925 0.76060606060606073 0.43188358347689532 79.705660969726708 72.667141910237405 199.80677468231644 9.1616146857637091 99.462654092432331 7.3565387915560505 2.2070833333333337 0.20062500000000003 1.3802380952380955 19.719954595108039 38.814310056685947 2.4008333333333338 15.199964433204654 0.43993827160493837 45.704953969212717 2.7159958660602572 278.99955054364256 0.31102413552149877 23.593139094284382 3.7808333333333337 2.1616666666666675
decision_type=2 10 1 10 2 2 2 2 2 2 2 2 2 2 2 2 2 2 2 2 2 2 2 2 10 2 2 2 2 2
left_child=1 23 5 -2 19 9 7 -7 -8 10 -3 -11 14 27 16 -16 -4 18 22 -5 21 -21 -6 24 -1 -20 -26 -14 29 -25
right_child=3 2 12 4 17 6 8 -9 -10 11 -12 -13 13 -15 15 -17 -18 -19 25 20 -22 -23 -24 28 26 -27 -28 -29 -30 -31
leaf_value=-6.156027501122205 -5.0320399827881248 -0.39676148502496028 -3.6494320058483449 11.67789883279562 6.7696111752092847 -1.4739283521748734 -2.8848857719193539 77.82483568347584 2.3246478399758503 0.94612563621605195 -12.777815599237018 -6.5630894497389196 -8.9737114004655325 -3.6574654620884766 -2.80116495760244 -6.0284641932713976 -6.8353581893862838 6.5719080940161891 7.736142737154025 6.7990693259530461 8.0081136793392922 4.163043787799924 11.963404906681276 -4.5947977299480502 -5.2547518540475684 10.113767487458238 -3.0974526552440977 5.6031781502292102 2.2792492793202399 -7.4882348850121465
leaf_weight=986 1228 8844 1563 124 271 708 2671 164 16858 11812 1328 746 21 855 16844 1083 1344 807 1875 1003 505 12473 1549 7647 1149 1515 6802 684 84 841
leaf_count=986 1228 8844 1563 124 271 708 2671 164 16858 11812 1328 746 21 855 16844 1083 1344 807 1875 1003 505 12473 1549 7647 1149 1515 6802 684 84 841
internal_value=0.00124931 -1.36681 -0.595947 5.32171 5.95379 0.673787 2.12131 13.5121 1.61202 -0.625451 -2.01426 0.499558 -3.04138 0.326685 -3.29358 -2.99646 -5.12423 9.22901 9.63924 4.55607 4.49207 4.35973 11.1942 -4.25147 -3.71346 8.80138 -3.40983 5.15687 -4.81189 -4.88233
internal_weight=104384 83034 65525 21350 20122 43131 20401 872 19529 22730 10172 12558 22394 1560 20834 17927 2907 6017 5210 14105 13981 13476 1820 17509 8937 3390 7951 705 8572 8488
internal_count=104384 83034 65525 21350 20122 43131 20401 872 19529 22730 10172 12558 22394 1560 20834 17927 2907 6017 5210 14105 13981 13476 1820 17509 8937 3390 7951 705 8572 8488
cat_boundaries=0 1
cat_threshold=2
is_linear=0
shrinkage=0.05


Tree=53
num_leaves=31
num_cat=0
split_feature=1 2 1 2 1 4 4 3 1 4 1 3 2 1 3 4 2 3 3 1 4 1 1 4 4 4 3 4 1 1
split_gain=2.47458e+08 9.19237e+07 1.0156e+08 3.27658e+07 2.47087e+07 1.21244e+07 7.28809e+07 1.92486e+07 1.12084e+07 1.58112e+07 9.4119e+06 8.17578e+06 7.6763e+06 7.69365e+06 8.01432e+06 5.52534e+06 5.48289e+06 4.71108e+06 4.67778e+06 4.65287e+06 4.33574e+06 2.60192e+06 2.50875e+06 2.39873e+06 3.11358e+06 2.1456e+06 2.09662e+06 2.03285e+06 2.45012e+06 6.58219e+06
threshold=15.581623976740644 7.4989146471023567 0.99999769051669152 7.5276122331619275 17.436626025792446 53.530094638705926 79.705660969726708 0.22007575757575762 11.899972057614617 175.85592669041588 3.7799912001055689 2.8875000000000006 7.4989146471023567 17.349959723434452 0.55950000000000022 38.593007338145675 5.5858000000000017 1.0700490196078434 0.38000000000000012 13.939961554808542 9.9012941391447971 13.359963216895524 16.039962506454472 278.99955054364256 240.72410923780095 278.94763736680397 2.9541666666666671 220.40638309362274 0.0999997706656897 6.859984245947035
decision_type=2 10 2 10 2 2 2 2 2 2 2 2 10 2 2 2 10 2 2 2 2 2 2 2 2 2 2 2 2 2
left_child=1 16 3 5 12 7 -7 -3 9 10 -4 15 -2 22 -15 -10 27 -16 -11 -13 -18 -22 25 24 -5 -14 -6 28 -1 -30
right_child=4 2 8 23 26 6 -8 -9 11 18 -12 19 13 14 17 -17 20 -19 -20 -21 21 -23 -24 -25 -26 -27 -28 -29 29 -31
leaf_value=-4.8990125414284753 -3.8813092780701162 -3.1326228353063046 7.670656166833151 -3.5433485308036499 8.2786619393120144 -8.8984430050327905 0.14596587564199154 1.9259421698296384 10.182985430149472 1.856561016191197 1.5569856373782356 34.761427251642402 2.3878954775347072 -18.205499933778423 -1.6581237143670258 2.9970832524881383 -5.3371106610307812 22.62513885166334 -3.4300671410755728 10.346200799796788 -1.4857350102313003 -11.889359551101435 5.5210492111615359 -5.5722453972537451 -1.9090356169406062 5.2679012282112234 -0.94160902643960631 -7.1301763377025358 0.62710988724144689 -3.9878909641137081
leaf_weight=5874 293 2395 781 11056 7091 2648 13994 8741 271 530 3233 21 1634 72 151 16916 972 22 1977 196 4183 60 3846 1062 3963 1073 62 565 838 9864
leaf_count=5874 293 2395 781 11056 7091 2648 13994 8741 271 530 3233 21 1634 72 151 16916 972 22 1977 196 4183 60 3846 1062 3963 1073 62 565 838 9864
internal_value=0.00122281 -0.966541 -0.0495474 -1.47898 6.12514 -0.439121 -1.29359 0.837821 2.57081 0.802654 2.74813 3.23323 4.03266 4.37428 -4.31162 3.11097 -3.74676 1.54217 -2.31213 12.8576 -2.32642 -1.63562 4.69964 -3.27506 -3.11227 3.531 8.19862 -4.17873 -4.0777 -3.6265
internal_weight=104384 90140 67784 43859 14244 27778 16642 11136 23925 6521 4014 17404 7091 6798 245 17187 22356 173 2507 217 5215 4243 6553 16081 15019 2707 7153 17141 16576 10702
internal_count=104384 90140 67784 43859 14244 27778 16642 11136 23925 6521 4014 17404 7091 6798 245 17187 22356 173 2507 217 5215 4243 6553 16081 15019 2707 7153 17141 16576 10702
is_linear=0
shrinkage=0.05


Tree=54
num_leaves=31
num_cat=1
split_feature=0 5 0 4 4 1 4 4 3 0 1 1 4 4 0 4 4 0 4 4 1 1 3 4 4 4 1 4 0 3
split_gain=2.49588e+08 4.95451e+07 2.53144e+07 2.26225e+07 2.55786e+07 3.10035e+07 2.27451e+07 1.51556e+08 1.81684e+07 1.08156e+07 1.12369e+07 1.09447e+07 1.0796e+07 8.87033e+06 8.73885e+06 8.07538e+06 6.68279e+06 6.09927e+06 5.41825e+06 4.96231e+06 4.25657e+06 3.5654e+06 3.55112e+06 2.95507e+06 2.88285e+06 3.58332e+06 2.86317e+06 5.28752e+06 3.99186e+06 3.36071e+06
threshold=15.819963573837283 0 19.019955969009406 95.557937423290767 45.704953969212717 0.11999972465400027 20.534555308697943 20.876902363572629 1.3558333333333337 14.859965577217103 14.409960460546442 13.659968197303774 18.763233794326226 60.679466652429532 9.1616146857637091 143.97753043880303 278.99955054364256 14.539561841274361 35.992682306176619 36.986709699773236 17.349959723434452 11.479973293266351 2.2070833333333337 278.63826055011754 25.632744012084355 7.3565387915560505 18.579956991500861 276.38051498725684 17.761495818405717 0.98058823529411787
decision_type=2 1 2 2 2 2 2 2 2 2 2 2 2 2 2 2 2 2 2 2 2 2 2 2 2 2 2 2 2 2
left_child=1 3 26 4 6 8 12 -8 -6 10 17 -11 -1 -7 18 21 -13 -5 24 -20 -4 -16 -21 -12 25 -3 28 -28 -2 -29
right_child=2 14 20 9 5 13 7 -9 -10 11 23 16 -14 -15 15 -17 -18 -19 19 22 -22 -23 -24 -25 -26 -27 27 29 -30 -31
leaf_value=-2.0346037232442398 3.942245983479419 -4.4599197751441571 23.560304034689199 0.2826137253449989 -4.5188299511103587 -3.6648245868918403 33.643640838248189 0.069879929437675334 -12.159757665926982 20.252486129272945 -4.7177190122187014 1.2000428411567334 -8.8167623131141486 1.1964772918792181 4.1600995367240481 -3.6625895478133845 5.1241380034471984 3.9580868636709221 0.40088549677911883 -2.5598925476974346 8.242018560031946 -2.2635164278767168 -5.5520535700281606 1.9562078051095602 -6.3096193151002877 -2.2914383608550075 12.367205737431846 -10.413576148966087 6.9411750557504206 10.214350339571634
leaf_weight=4685 8204 5566 45 26996 4806 1325 345 11788 928 86 1377 3647 670 3209 984 802 1544 1177 1325 11755 5972 276 1083 188 1230 2902 47 114 1285 23
leaf_count=4685 8204 5566 45 26996 4806 1325 345 11788 928 86 1377 3647 670 3209 984 802 1544 1177 1325 11755 5972 276 1083 188 1230 2902 47 114 1285 23
internal_value=0.00117617 -1.02716 5.81397 -0.267721 -1.33383 -3.31457 -0.170718 1.02724 -5.75736 0.577382 0.207171 2.66323 -2.88465 -0.224666 -2.86603 0.25673 2.36798 0.436301 -3.13589 -2.51207 8.36048 2.75234 -2.81272 -3.91525 -4.04656 -3.71714 4.22924 -1.93936 4.34905 -6.90154
internal_weight=104384 88694 15690 62771 27756 10268 17488 12133 5734 35015 29738 5277 5355 4534 25923 2062 5191 28173 23861 14163 6017 1260 12838 1565 9698 8468 9673 184 9489 137
internal_count=104384 88694 15690 62771 27756 10268 17488 12133 5734 35015 29738 5277 5355 4534 25923 2062 5191 28173 23861 14163 6017 1260 12838 1565 9698 8468 9673 184 9489 137
cat_boundaries=0 1
cat_threshold=2
is_linear=0
shrinkage=0.05


Tree=55
num_leaves=31
num_cat=1
split_feature=0 2 0 5 0 4 1 2 0 4 2 4 0 1 0 1 2 2 1 4 1 4 1 1 0 1 1 4 2 1
split_gain=2.25265e+08 7.48862e+07 7.53719e+07 3.2801e+07 2.28479e+07 2.05908e+07 2.44752e+07 5.05215e+06 6.10368e+06 6.54809e+06 5.50981e+06 5.05011e+06 4.23331e+06 3.85514e+06 3.70233e+06 6.10461e+06 3.63921e+06 3.53222e+06 3.51264e+06 3.18352e+06 3.09707e+06 7.79603e+06 2.6937e+06 4.84964e+06 3.24096e+06 2.88945e+06 2.86146e+06 2.1868e+06 2.17652e+06 2.14683e+06
threshold=15.819963573837283 7.4989146471023567 11.959972063575746 0 19.019955969009406 199.80677468231644 1.0000000180025095e-35 5.5858000000000017 9.2999783966751099 106.93991843328517 7.3542668581008916 193.30658157425756 7.9612387325791962 17.349959723434452 14.539561841274361 13.579968433769229 7.4989146471023567 7.5200507164001467 9.6799775244879189 38.593007338145675 8.9999792146502262 40.456495911064998 18.579956991500861 18.769956406723029 17.761495818405717 17.349959723434452 17.349959723434452 28.553654166726833 2.7159958660602572 14.079967187583927
decision_type=2 10 2 1 2 2 2 10 2 2 10 2 2 2 2 2 10 10 2 2 2 2 2 2 2 2 2 2 10 2
left_child=1 7 3 5 16 6 -3 27 20 10 -10 19 -5 -6 -13 -16 -2 -14 -7 -4 21 -9 24 -24 25 -18 -26 28 -1 -29
right_child=4 2 11 12 13 18 -8 8 9 -11 -12 14 17 -15 15 -17 22 -19 -20 -21 -22 -23 23 -25 26 -27 -28 29 -30 -31
leaf_value=-5.3818450847730084 -3.4672473981119696 -0.41139473090455719 9.4290291144167515 -2.9169163757105512 22.407897524626364 -6.6770624988328384 3.4488582181936267 -3.7855550163872635 -0.74330867663374889 -3.6212831733130479 6.4180551409401039 1.3861217305339619 -6.53922898898049 7.8299865956442831 18.233123697380524 3.0278497433330989 4.030690162296473 2.7033302342733889 -2.7160808728337158 3.7843690874817399 -5.4884718837351407 3.1734512873699794 -5.0111280795654158 18.662143658447267 11.768779888539703 -2.400460976169096 5.509583651190038 -3.7595181840846332 -2.847919171672741 -5.2438997575052406
leaf_weight=986 159 24157 262 17782 45 1137 4946 1869 554 652 520 6178 125 5972 66 4685 7867 575 1106 5185 1109 512 160 24 221 178 1064 6165 6074 4049
leaf_count=986 159 24157 262 17782 45 1137 4946 1869 554 652 520 6178 125 5972 66 4685 7867 575 1106 5185 1109 512 160 24 221 178 1064 6165 6074 4049
internal_value=0.00114806 -0.9758 -0.128993 -1.09616 5.52345 -0.111085 0.244744 -3.46844 -2.10401 0.328062 2.72676 2.81374 -2.76678 7.94272 2.1935 3.24287 4.0179 1.04589 -4.72603 4.05756 -3.30656 -2.28841 4.14335 -1.8391 4.26151 3.88812 6.59439 -3.88029 -3.20252 -4.34841
internal_weight=104384 88694 66204 49828 15690 31346 29103 22490 5216 1726 1074 16376 18482 6017 10929 4751 9673 700 2243 5447 3490 2381 9514 184 9330 8045 1285 17274 7060 10214
internal_count=104384 88694 66204 49828 15690 31346 29103 22490 5216 1726 1074 16376 18482 6017 10929 4751 9673 700 2243 5447 3490 2381 9514 184 9330 8045 1285 17274 7060 10214
cat_boundaries=0 1
cat_threshold=2
is_linear=0
shrinkage=0.05


Tree=56
num_leaves=31
num_cat=1
split_feature=0 2 0 5 0 1 0 3 3 3 1 0 3 2 0 3 0 0 1 1 3 1 2 1 1 3 1 1 0 3
split_gain=2.03314e+08 6.75876e+07 6.80276e+07 2.96031e+07 2.06214e+07 1.05688e+07 1.23869e+07 9.77178e+06 8.58369e+06 5.0814e+06 4.93998e+06 5.8981e+06 4.71221e+06 4.55962e+06 5.50904e+06 3.89905e+06 3.82003e+06 3.77288e+06 3.49156e+06 3.3703e+06 3.36625e+06 3.29354e+06 3.28553e+06 2.90633e+06 2.79554e+06 8.27165e+06 2.42804e+06 4.40849e+06 2.92648e+06 2.81955e+06
threshold=15.819963573837283 7.4989146471023567 11.959972063575746 0 19.019955969009406 1.0000000180025095e-35 8.4677270478442779 1.2958333333333336 1.1005882352941179 2.8875000000000006 15.279964382118226 14.695188716197821 0.98058823529411787 5.5858000000000017 9.2999783966751099 0.28083333333333343 7.9612387325791962 11.017994619494585 17.349959723434452 13.939961554808542 1.1533823529411766 13.29996935408783 7.4989146471023567 11.809967735490714 8.9999792146502262 0.64015151515151525 18.579956991500861 18.699957285629278 17.761495818405717 0.1801515151515152
decision_type=2 10 2 1 2 2 2 2 2 2 2 2 2 10 2 2 2 2 2 2 2 2 10 2 2 2 2 2 2 2
left_child=1 13 3 5 22 7 -7 -3 10 23 11 -4 -12 -1 24 17 -5 -16 -6 -11 -18 -17 -2 -10 25 -15 28 -28 29 -24
right_child=4 2 8 16 18 6 -8 -9 9 19 12 -13 -14 14 15 21 20 -19 -20 -21 -22 -23 26 -25 -26 -27 27 -29 -30 -31
leaf_value=-3.6863242336458173 -3.2949685068922117 -0.26432677367399354 1.5613134020470321 -2.771078765201866 21.311859104322352 3.4130938199971759 -1.0785086836251749 -3.7411807237068255 13.974368380522117 31.765634496779668 -3.5199081923361399 3.9093340967129899 13.468568089225077 -4.1658117553954455 27.798138634490968 0.37614135076417654 3.6964807520382998 -0.90760117530822759 7.4385528203514228 10.378737362198912 -3.4411308259937101 -10.778795111871501 6.6659692535564776 4.189863127831237 -5.2142955137531501 2.1826397914076874 -5.8918795751283568 12.521121163481759 6.2653389475739116 3.3980205152018637
leaf_weight=17274 159 22637 8459 17782 45 4002 2489 2218 77 20 567 3912 43 1634 24 1613 435 21 5972 176 265 68 726 3122 1109 747 143 41 1285 7319
leaf_count=17274 159 22637 8459 17782 45 4002 2489 2218 77 20 567 3912 43 1634 24 1613 435 21 5972 176 265 68 726 3122 1109 747 143 41 1285 7319
internal_value=0.00111976 -0.927009 -0.122526 -1.04136 5.24747 -0.105541 1.69087 -0.574731 2.67316 4.91139 2.08745 2.30407 -2.30227 -3.29506 -1.99885 0.311718 -2.62846 14.6735 7.54583 12.7113 0.993324 -0.0812365 3.81716 4.42967 -3.14132 -2.17401 3.93635 -1.74345 4.04854 3.69372
internal_weight=104384 88694 66204 49828 15690 31346 6491 24855 16376 3395 12981 12371 610 22490 5216 1726 18482 45 6017 196 700 1681 9673 3199 3490 2381 9514 184 9330 8045
internal_count=104384 88694 66204 49828 15690 31346 6491 24855 16376 3395 12981 12371 610 22490 5216 1726 18482 45 6017 196 700 1681 9673 3199 3490 2381 9514 184 9330 8045
cat_boundaries=0 1
cat_threshold=2
is_linear=0
shrinkage=0.05


Tree=57
num_leaves=31
num_cat=1
split_feature=0 5 0 4 4 1 4 4 3 4 0 1 1 4 0 4 4 0 4 3 1 1 1 3 3 1 0 1 1 4
split_gain=1.83498e+08 3.63989e+07 1.86122e+07 1.70679e+07 2.30662e+07 2.68143e+07 1.87338e+07 1.36609e+08 1.59004e+07 1.00537e+07 7.70809e+06 9.31271e+06 9.19027e+06 7.56048e+06 6.70919e+06 5.78521e+06 4.73556e+06 4.61373e+06 4.06985e+06 3.78065e+06 3.3939e+06 3.16226e+06 3.1211e+06 2.43007e+06 2.17525e+06 3.75437e+06 7.76036e+06 2.47141e+06 2.09838e+06 4.29431e+06
threshold=15.819963573837283 0 19.019955969009406 95.557937423290767 45.704953969212717 0.13999967864231086 20.534555308697943 20.876902363572629 1.3558333333333337 18.763233794326226 14.859965577217103 13.739962214239119 14.409960460546442 60.679466652429532 10.645000149766956 278.99955054364256 7.3565387915560505 14.539561841274361 267.93661157518937 2.2070833333333337 11.579968186739348 17.349959723434452 10.199976236675626 0.7997619047619049 2.7658333333333336 19.709954508804326 20.059953451095584 19.099955547164921 18.579956991500861 276.38051498725684
decision_type=2 1 2 2 2 2 2 2 2 2 2 2 2 2 2 2 2 2 2 2 2 2 2 2 2 2 2 2 2 2
left_child=1 3 28 4 6 8 9 -8 -6 -1 12 -12 17 -7 16 -13 -3 -5 19 -18 22 -4 -16 -14 27 26 -26 -23 -2 -30
right_child=2 14 21 10 5 13 7 -9 -10 -11 11 15 23 -15 20 -17 18 -19 -20 -21 -22 24 -24 -25 25 -27 -28 -29 29 -31
leaf_value=-1.6939925480710192 3.7289644229891659 -3.8815832627958944 20.269431311565899 0.26538998122658347 -4.1465563054878221 -3.3397570093009934 32.002274351023523 0.12707203062294029 -11.290175075628426 -8.2386282784129801 17.227854225635529 0.88011659291344846 -0.71698294000949669 1.1555209995656925 -6.2265968644385241 4.5339866152957775 -1.7446858140588777 3.4620814444532644 -3.9191544408423429 -5.1370268359948739 -1.3275274437528424 8.5211938878530571 7.0421466390240468 -4.9131212787257201 -2.4803738398526027 -8.6949593773534755 21.709659464909482 6.3987450764952998 11.237880515456199 -6.1268348049080901
leaf_weight=4685 9489 5580 45 26996 4816 1320 345 11788 929 670 101 3633 514 3203 50 1543 15701 1177 3017 866 362 2296 347 1051 91 58 51 3476 47 137
leaf_count=4685 9489 5580 45 26996 4816 1320 345 11788 929 670 101 3633 514 3203 50 1543 15701 1177 3017 866 362 2296 347 1051 91 58 51 3476 47 137
internal_value=0.00112394 -0.880615 4.98525 -0.229679 -1.1557 -3.03665 -0.0511936 1.036 -5.30349 -2.51422 0.504378 2.26527 0.191843 -0.156836 -2.45675 1.97003 -2.59646 0.399058 -2.23012 -1.92231 2.17264 7.16878 5.35956 -3.53631 7.06669 1.92883 6.29862 7.24435 3.6264 -1.65449
internal_weight=104384 88694 15690 62771 27756 10268 17488 12133 5745 5355 35015 5277 29738 4523 25923 5176 25164 28173 19584 16567 759 6017 397 1565 5972 200 142 5772 9673 184
internal_count=104384 88694 15690 62771 27756 10268 17488 12133 5745 5355 35015 5277 29738 4523 25923 5176 25164 28173 19584 16567 759 6017 397 1565 5972 200 142 5772 9673 184
cat_boundaries=0 1
cat_threshold=2
is_linear=0
shrinkage=0.05


Tree=58
num_leaves=31
num_cat=1
split_feature=1 2 1 2 4 1 3 1 4 1 5 1 1 1 1 1 3 4 3 4 2 3 4 3 4 1 3 3 4 4
split_gain=1.49383e+08 6.69271e+07 7.04049e+07 2.04223e+07 1.12454e+07 8.79342e+06 8.77012e+06 8.04392e+06 6.53829e+06 1.62301e+07 6.4052e+06 4.55e+06 8.36644e+06 5.79777e+06 4.2712e+06 3.58089e+06 1.10881e+07 5.41021e+06 7.69196e+06 3.4133e+06 3.06822e+06 2.64516e+06 2.32272e+06 2.48877e+06 2.16642e+06 2.88469e+06 2.20471e+06 2.07354e+06 2.04482e+06 5.35064e+06
threshold=15.939963033760074 7.4989146471023567 0.99999769051669152 7.5276122331619275 181.04542460651254 17.58995901403809 2.8375000000000008 1.0000000180025095e-35 178.95663949190643 11.708306160100303 0 14.059955358937602 0.059999861964931712 8.839979524310726 13.939961554808542 17.349959723434452 0.53916666666666679 278.99955054364256 1.0700490196078434 99.462654092432331 5.5575500000000009 0.060833333333333343 106.93991843328517 1.9470833333333337 181.04542460651254 16.939961004837041 2.3608333333333338 0.64015151515151525 267.93661157518937 240.72410923780095
decision_type=2 10 2 10 2 2 2 2 2 2 1 2 2 2 2 2 2 2 2 2 10 2 2 2 2 2 2 2 2 2
left_child=1 11 3 4 7 15 8 -3 10 -10 -4 12 21 27 -8 20 -17 -18 -19 -15 -2 -1 -13 -24 25 -22 -26 -14 29 -5
right_child=5 2 6 28 -6 -7 14 -9 9 -11 -12 22 13 19 -16 16 17 18 -20 -21 24 -23 23 -25 26 -27 -28 -29 -30 -31
leaf_value=-9.2463542600794959 -3.3106046876202537 -0.3689983483066015 3.5614776353187887 -2.812262937065753 -5.6150504019925025 6.4092312719511497 30.512988537597654 2.9690523715323565 -2.798198940749125 2.0252841466413689 -0.68580459726036491 -3.5000964949373912 -1.4640120180127445 -1.3988120686271495 8.8129161185177889 -15.111654781780992 11.39462039868183 -6.5383784645910454 18.549555617131684 -3.6736661394948076 5.3772048098262815 -3.697324685445821 -4.6669531718806896 -8.9071868718098379 3.6179928991472359 13.926592150787513 11.424942703862346 1.9989868519638709 -3.9295875493639429 -0.33047823901511403
leaf_weight=221 136 24867 8274 11056 966 6971 24 1945 1981 14527 994 4102 650 4393 274 101 135 155 37 2641 575 7077 1702 436 3622 119 92 1286 2322 2703
leaf_count=221 136 24867 8274 11056 966 6971 24 1945 1981 14527 994 4102 650 4393 274 101 135 155 37 2641 575 7077 1702 436 3622 119 92 1286 2322 2703
internal_value=0.00109871 -0.678794 0.084466 -1.13875 -0.317802 5.26321 2.142 -0.126747 2.04314 1.44632 3.10593 -3.05016 -2.60956 -1.58651 10.6568 3.65546 -0.715197 3.76392 -1.63264 -2.25333 4.0672 -3.86661 -4.19823 -5.53542 4.29553 6.8611 3.8144 0.836148 -2.55672 -2.32477
internal_weight=104384 92441 69933 43859 27778 11943 26074 26812 25776 16508 9268 22508 16268 8970 298 4972 428 327 192 7034 4544 7298 6240 2138 4408 694 3714 1936 16081 13759
internal_count=104384 92441 69933 43859 27778 11943 26074 26812 25776 16508 9268 22508 16268 8970 298 4972 428 327 192 7034 4544 7298 6240 2138 4408 694 3714 1936 16081 13759
cat_boundaries=0 1
cat_threshold=2
is_linear=0
shrinkage=0.05


Tree=59
num_leaves=31
num_cat=1
split_feature=0 5 0 4 4 1 4 4 4 4 4 0 1 1 0 1 1 0 4 4 3 1 1 1 0 4 4 0 4 3
split_gain=1.50025e+08 2.94737e+07 1.5371e+07 1.44129e+07 2.0971e+07 2.31537e+07 1.61764e+07 1.24892e+08 1.5699e+07 9.14144e+06 6.74452e+06 6.35825e+06 8.38975e+06 7.73294e+06 6.00062e+06 5.74204e+06 5.15312e+06 4.14497e+06 4.03894e+06 3.3262e+06 3.37431e+06 3.03115e+06 2.91631e+06 2.80389e+06 2.60352e+06 5.16582e+06 4.69324e+06 3.34562e+06 2.59281e+06 4.83006e+06
threshold=15.819963573837283 0 18.742363650087714 95.557937423290767 45.704953969212717 0.13999967864231086 20.598587732389834 20.876902363572629 76.622426155062485 18.763233794326226 60.679466652429532 14.859965577217103 13.779962137966713 14.389960498682644 10.645000149766956 18.579956991500861 14.908292382318857 14.479966376014712 7.3565387915560505 267.93661157518937 2.2070833333333337 11.579968186739348 17.349959723434452 10.199976236675626 17.761495818405717 278.63826055011754 279.0016283573446 17.999958659530645 278.99955054364256 2.7658333333333336
decision_type=2 1 2 2 2 2 2 2 2 2 2 2 2 2 2 2 2 2 2 2 2 2 2 2 2 2 2 2 2 2
left_child=1 3 15 4 6 8 9 -8 -6 -1 -7 13 -13 17 18 24 -14 -5 -3 20 -20 23 -4 -16 -2 27 -27 -26 29 -24
right_child=2 14 22 11 5 10 7 -9 -10 -11 -12 12 16 -15 21 -17 -18 -19 19 -21 -22 -23 28 -25 25 26 -28 -29 -30 -31
leaf_value=-1.5116433864761649 3.0397577251407517 -3.533458743212083 18.994744382111925 0.25141699770537695 -7.3667353461788654 -3.1851207888954338 30.788621796278928 0.13836181053507055 -2.1205872092739719 -7.7360430807283356 1.0606602557519968 16.056654709588916 3.4052716880140994 -3.0028610452123368 -5.807345590778425 -9.3493144257333558 0.24784270770695491 3.1718196992469601 -1.5622427472045564 -3.5352550359067219 -4.7670430139676938 -1.1445372283070787 5.6290027141705457 6.7699425045649209 17.296408255272308 0.66869069498230904 21.744464476449149 7.1048214149237161 7.4529118092077473 -9.891864974732492
leaf_weight=4685 8204 5580 45 26674 3110 1320 341 11788 2635 674 3203 104 2508 1792 50 89 2665 1272 15701 3017 866 362 3400 347 96 468 27 500 2811 50
leaf_count=4685 8204 5580 45 26674 3110 1320 341 11788 2635 674 3203 104 2508 1792 50 89 2665 1272 15701 3017 866 362 3400 347 96 468 27 500 2811 50
internal_value=0.00106413 -0.796207 4.50772 -0.210457 -1.06141 -2.8549 -0.00826399 1.00254 -4.96133 -2.29578 -0.178865 0.464093 2.06338 0.18024 -2.2145 3.22424 1.77901 0.384452 -2.34663 -2.00831 -1.73004 2.16354 6.41685 5.17528 3.34563 5.64079 1.85981 8.77265 6.32343 5.40126
internal_weight=104384 88694 15690 62771 27756 10268 17488 12129 5745 5359 4523 35015 5277 29738 25923 9384 5173 27946 25164 19584 16567 759 6306 397 9295 1091 495 596 6261 3450
internal_count=104384 88694 15690 62771 27756 10268 17488 12129 5745 5359 4523 35015 5277 29738 25923 9384 5173 27946 25164 19584 16567 759 6306 397 9295 1091 495 596 6261 3450
cat_boundaries=0 1
cat_threshold=2
is_linear=0
shrinkage=0.05


Tree=60
num_leaves=31
num_cat=1
split_feature=0 5 0 4 4 1 4 4 3 4 4 0 1 1 0 4 1 4 4 4 4 1 3 4 1 3 0 3 3 1
split_gain=1.35407e+08 2.66014e+07 1.38806e+07 1.30078e+07 1.8928e+07 2.08967e+07 1.46024e+07 1.11353e+08 1.44419e+07 8.32276e+06 6.08734e+06 5.79541e+06 9.05534e+06 8.28426e+06 5.50125e+06 5.63617e+06 5.06498e+06 4.37589e+06 3.87482e+06 4.29223e+06 3.0221e+06 2.8807e+06 3.44e+06 2.81825e+06 2.7131e+06 2.56399e+06 2.46226e+06 2.00715e+06 1.93688e+06 1.83583e+06
threshold=15.819963573837283 0 19.019955969009406 95.557937423290767 45.704953969212717 0.13999967864231086 20.534555308697943 20.876902363572629 0.98058823529411787 18.763233794326226 60.679466652429532 14.695188716197821 14.299966861717225 13.579968433769229 9.1616146857637091 143.97753043880303 14.639966088462831 193.30658157425756 35.992682306176619 36.970795924819349 25.632744012084355 11.209969343024381 0.29527777777777781 19.020390382422935 18.59995679335022 2.2070833333333337 11.659972996665955 0.1801515151515152 1.2537500000000004 18.579956991500861
decision_type=2 1 2 2 2 2 2 2 2 2 2 2 2 2 2 2 2 2 2 2 2 2 2 2 2 2 2 2 2 2
left_child=1 3 27 4 6 8 9 -8 -6 -1 -7 12 17 -13 18 21 -15 -5 20 28 23 22 -16 -3 -4 -21 -23 -2 -20 -29
right_child=2 14 24 11 5 10 7 -9 -10 -11 -12 13 -14 16 15 -17 -18 -19 19 25 -22 26 -24 -25 -26 -27 -28 29 -30 -31
leaf_value=-1.4360773241485179 5.4588673406760568 -3.1967969111795882 9.3170324005531917 0.8078419801711203 -3.1834644208348695 -3.025985305172636 28.909760387081633 0.13144430426533121 -8.8237064506287606 -7.39066852339778 1.007643802893998 17.589270422749404 -3.770968513031987 3.6191382772691534 19.375885716029575 -2.9006246399868321 0.60815565684686435 -0.51907236101623933 1.5058405109174875 -1.8430596575361049 -5.4039907630164388 -2.7603832823275063 3.3684481717381525 -0.88415565288708875 5.80740105153457 -4.3841678278016207 9.5960153894839078 2.9903371852755747 -8.0177756261825568 -2.1581854533408324
leaf_weight=4685 831 6835 616 17568 4188 1320 345 11788 1557 670 3203 81 1409 2075 34 802 4270 9612 1149 11876 1230 326 855 1633 5401 1083 45 8666 55 176
leaf_count=4685 831 6835 616 17568 4188 1320 345 11788 1557 670 3203 81 1409 2075 34 802 4270 9612 1149 11876 1230 326 855 1633 5401 1083 45 8666 55 176
internal_value=0.00104891 -0.756387 4.28253 -0.19991 -1.00832 -2.71221 -0.00778878 0.952067 -4.71334 -2.18234 -0.169945 0.440917 0.135924 1.79759 -2.1038 0.373785 1.59325 0.338587 -2.31791 -1.79044 -3.08798 2.45862 4.00174 -2.75098 6.16819 -2.05575 -1.23985 3.10906 1.06449 2.88762
internal_weight=104384 88694 15690 62771 27756 10268 17488 12133 5745 5355 4523 35015 28589 6426 25923 2062 6345 27180 23861 14163 9698 1260 889 8468 6017 12959 371 9673 1204 8842
internal_count=104384 88694 15690 62771 27756 10268 17488 12133 5745 5355 4523 35015 28589 6426 25923 2062 6345 27180 23861 14163 9698 1260 889 8468 6017 12959 371 9673 1204 8842
cat_boundaries=0 1
cat_threshold=2
is_linear=0
shrinkage=0.05


Tree=61
num_leaves=31
num_cat=1
split_feature=1 2 1 5 4 1 3 1 4 3 1 3 4 4 2 4 4 1 3 3 2 3 3 3 1 3 3 3 4 3
split_gain=1.10461e+08 5.68795e+07 5.85832e+07 1.96546e+07 1.6453e+07 1.64494e+07 9.66206e+06 6.50511e+06 5.89654e+06 5.67471e+06 5.26169e+06 3.67344e+06 3.45317e+06 3.06737e+06 2.96732e+06 2.79287e+06 2.75633e+06 8.60553e+06 1.26762e+07 4.95108e+06 3.99259e+06 3.24715e+06 3.09416e+06 2.51451e+06 2.18438e+06 2.45272e+06 2.09578e+06 3.1412e+06 2.09414e+06 4.31379e+06
threshold=15.939963033760074 7.334843802452089 10.679975307694123 0 175.85592669041588 1.0000000180025095e-35 1.5808333333333338 17.699958294967654 193.30658157425756 0.13015151515151518 11.708306160100303 3.2641666666666671 53.530094638705926 7.3562521018756888 7.6042065620422372 28.553654166726833 278.83075392663449 17.349959723434452 1.0700490196078434 1.1334523809523811 5.5575500000000009 0.56848484848484859 1.3208333333333335 0.19962121212121217 13.999955549440003 0.060833333333333343 2.3608333333333338 2.7004166666666674 278.99955054364256 2.7658333333333336
decision_type=2 10 2 1 2 2 2 2 2 2 2 2 2 2 10 2 2 2 2 2 10 2 2 2 2 2 2 2 2 2
left_child=1 15 3 13 5 -5 8 16 9 -4 -10 12 -8 23 -15 -1 19 26 21 20 -2 -19 -20 -3 25 -17 -18 -28 29 -9
right_child=7 2 6 4 -6 -7 11 28 10 -11 -12 -13 -14 14 -16 24 17 18 22 -21 -22 -23 -24 -25 -26 -27 27 -29 -30 -31
leaf_value=-2.3430650495298919 -5.1905546490394556 -1.8667103431612841 8.1030764789082887 -0.27778070005347283 -4.9850090577164874 3.064411036962186 25.214530151003885 4.9570865495922796 -2.4697650005184713 2.6693184270931813 1.5358330939567733 14.568259437240172 4.7944546034023077 -1.0637745381724988 -2.321967111638366 -7.6464251477713958 2.8447333473699552 -17.107254066953853 26.061190073995881 -1.5898770980784513 5.4422862932422298 -5.8061851278409611 2.359002449798584 -4.9672791827480562 -4.4470724618865631 -2.7809927053303611 27.764694555373417 5.0182933728448278 6.5361304802516758 -9.6985278776112729
leaf_weight=7920 91 1168 521 24140 1595 4343 20 3747 877 6093 12399 106 1848 8080 11165 270 2001 97 32 318 2333 186 24 1490 4344 6062 20 57 2987 50
leaf_count=7920 91 1168 521 24140 1595 4343 20 3747 877 6093 12399 106 1848 8080 11165 270 2001 97 32 318 2333 186 24 1490 4344 6062 20 57 2987 50
internal_value=0.0010206 -0.583626 0.0387799 -0.874573 -0.0448877 0.231916 2.21019 4.52596 1.87887 3.09851 1.27106 5.54596 5.02646 -2.01387 -1.7938 -3.05508 3.18674 1.95451 -5.42138 4.27181 5.04114 -9.72631 16.1228 -3.60602 -3.58302 -2.98963 3.15983 11.2067 5.54377 4.76159
internal_weight=104384 92441 73845 51981 30078 28483 21864 11943 19890 6614 13276 1974 1868 21903 19245 18596 5159 2417 339 2742 2424 283 56 2658 10676 6332 2078 77 6784 3797
internal_count=104384 92441 73845 51981 30078 28483 21864 11943 19890 6614 13276 1974 1868 21903 19245 18596 5159 2417 339 2742 2424 283 56 2658 10676 6332 2078 77 6784 3797
cat_boundaries=0 1
cat_threshold=1
is_linear=0
shrinkage=0.05


Tree=62
num_leaves=31
num_cat=0
split_feature=0 2 2 0 2 4 0 4 4 3 1 3 1 3 3 1 0 4 1 3 2 2 3 4 1 4 4 1 3 1
split_gain=1.11172e+08 3.40824e+07 3.34041e+07 2.71472e+07 1.32159e+07 1.59649e+07 1.23281e+07 9.91339e+06 8.15233e+06 1.08036e+07 6.1538e+06 5.83364e+06 5.0546e+06 5.01768e+06 9.02894e+06 6.13413e+06 3.99429e+06 2.79287e+06 2.64087e+06 2.61109e+06 2.46372e+06 2.37806e+06 2.29935e+06 2.95309e+06 2.40466e+06 1.95241e+06 2.29063e+06 3.6538e+06 3.90288e+06 2.09147e+06
threshold=14.859965577217103 7.4989146471023567 7.334843802452089 10.645000149766956 7.5000060558319097 175.85592669041588 18.742363650087714 79.705660969726708 227.89723681478856 2.0387500000000007 13.779962137966713 0.13015151515151518 18.579956991500861 0.48022222222222227 1.1801960784313728 12.959969866744816 8.4677270478442779 175.85592669041588 17.699958294967654 0.65516666666666679 7.5340837955474864 7.4373547077178968 1.6808333333333336 278.99955054364256 20.049953179412842 88.41331308612466 92.59150347442251 11.359973712899027 2.1616666666666675 1.0000000180025095e-35
decision_type=2 10 10 2 10 2 2 2 2 2 2 2 2 2 2 2 2 2 2 2 10 10 2 2 2 2 2 2 2 2
left_child=2 -2 25 4 5 7 10 -4 9 11 -3 -5 17 15 -15 -10 -6 -12 19 -8 -18 -7 23 -20 -24 -1 29 -28 -29 -27
right_child=1 6 3 8 16 21 18 -9 13 -11 12 -13 -14 14 -16 -17 20 -19 22 -21 -22 -23 24 -25 -26 26 27 28 -30 -31
leaf_value=-2.4341681708302434 -3.7827692976436555 13.342569890562581 -0.79183010629579365 7.73439355239341 -2.0566186474574328 5.8002295349879285 0.45128820015833937 0.99704214625438436 4.6735437029375309 19.360109586906436 4.3038047854866432 2.2858770373914803 -9.0474686028692464 -2.1704245312059371 3.096122012911672 0.12986330827160561 -2.9609389969204249 2.5051259873004303 4.7358395391069328 19.567586921813 3.9992837012909987 -4.3751953128180547 1.3601911666856044 7.0691064347930936 10.346042392503385 -8.876530029995342 -1.4571460213000966 -3.4322855318309373 -7.8321138599087821 -1.8203413637742303
leaf_weight=11283 1652 138 16376 540 17821 58 25 14692 1298 99 2659 5375 89 2783 1149 1735 177 11509 3213 62 445 2398 558 2363 85 354 1843 2842 613 150
leaf_count=11283 1652 138 16376 540 17821 58 25 14692 1298 99 2659 5375 89 2783 1149 1735 177 11509 3213 62 445 2398 558 2363 85 354 1843 2842 613 150
internal_value=0.00100136 3.1268 -0.85079 -0.33327 -0.844146 -0.252711 3.67836 0.054129 1.71215 3.06055 2.87041 2.78451 2.76812 0.547582 -0.631049 2.07527 -1.91913 2.84298 5.52196 14.142 2.01706 -4.13263 5.39911 5.72572 2.56228 -2.81793 -3.56366 -3.25607 -4.21496 -6.78425
internal_weight=104384 22353 82031 64946 51967 33524 20701 31068 12979 6014 14395 5915 14257 6965 3932 3033 18443 14168 6306 87 622 2456 6219 5576 643 17085 5802 5298 3455 504
internal_count=104384 22353 82031 64946 51967 33524 20701 31068 12979 6014 14395 5915 14257 6965 3932 3033 18443 14168 6306 87 622 2456 6219 5576 643 17085 5802 5298 3455 504
is_linear=0
shrinkage=0.05


Tree=63
num_leaves=31
num_cat=1
split_feature=0 2 2 5 0 4 3 4 4 0 0 4 0 4 0 4 4 4 4 3 3 4 3 4 3 4 0 3 0 0
split_gain=1.00339e+08 3.07615e+07 3.01498e+07 2.74749e+07 1.39205e+07 5.18448e+07 2.78284e+08 2.49773e+07 2.15549e+07 1.65922e+07 1.11425e+07 8.48471e+06 3.81754e+06 7.12299e+06 3.6224e+06 2.76809e+06 2.73075e+06 3.78003e+06 2.77155e+06 2.31695e+06 2.26562e+06 3.43801e+06 1.88573e+06 1.76268e+06 2.07529e+06 2.06845e+06 3.21744e+06 3.44899e+06 1.5778e+06 1.57208e+06
threshold=14.859965577217103 7.4989146471023567 7.334843802452089 0 0.1361313977674902 20.876902363572629 0.77023809523809539 33.920180761862021 18.763233794326226 0.43188358347689532 18.379957119216922 211.90888241977547 9.4799780963516245 99.462654092432331 15.199964433204654 40.456495911064998 35.992682306176619 36.970795924819349 29.151013328920875 2.4008333333333338 1.3208333333333335 278.99955054364256 0.46030303030303038 88.41331308612466 2.080833333333334 92.59150347442251 11.239974006385806 2.1616666666666675 20.009953390335088 0.8504674470996485
decision_type=2 10 10 1 2 2 2 2 2 2 2 2 2 2 2 2 2 2 2 2 2 2 2 2 2 2 2 2 2 2
left_child=2 -2 23 4 7 6 -6 8 -4 -7 14 -9 16 -14 -3 -16 18 -18 -5 -17 21 22 -12 24 -1 29 -27 -28 -23 -25
right_child=1 10 3 12 5 9 -8 11 -10 -11 20 -13 13 -15 15 19 17 -19 -20 -21 -22 28 -24 25 -26 26 27 -29 -30 -31
leaf_value=-2.4454811165341255 -3.5937452394871805 4.8787715447547821 -0.23105586101573425 -2.2448070669309401 -0.53603921392421394 -1.6451160055798741 63.920046449573 0.11533433705269228 -13.639213853337484 1.5365362276403345 1.9604783714058973 -5.6707911414615637 5.4011169486432467 -2.6862574571952589 9.4463130121335492 2.1587623865942258 1.1833245523129381 -1.7395115892983772 -4.9079941672307292 5.817225014742216 2.9347287431519584 7.7722000376329365 5.0372412884102618 -8.1746651756796123 1.1424228616540713 -1.3932663292706535 -3.2485658117585596 -7.3590147777525985 4.9096270097752646 -1.9256724660257074
leaf_weight=10865 1652 1642 552 5509 859 5463 207 17773 655 16387 604 656 517 573 136 11579 1205 13402 1188 449 1003 1725 2885 364 418 1826 2850 622 678 140
leaf_count=10865 1652 1642 552 5509 859 5463 207 17773 655 16387 604 656 517 573 136 11579 1205 13402 1188 449 1003 1725 2885 364 418 1826 2850 622 678 140
internal_value=0.000980383 2.97058 -0.808244 -0.316579 0.429473 1.26658 12.0285 -0.54748 -7.5125 0.741011 3.49458 -0.0909252 -1.73415 1.15111 2.67446 2.37652 -1.88182 -1.49833 -2.7179 2.2958 5.13609 5.51027 4.50532 -2.67711 -2.31247 -3.38568 -3.09338 -3.98685 6.96691 -6.44609
internal_weight=104384 22353 82031 64946 42552 22916 1066 19636 1207 21850 20701 18429 22394 1090 13806 12164 21304 14607 6697 12028 6895 5892 3489 17085 11283 5802 5298 3472 2403 504
internal_count=104384 22353 82031 64946 42552 22916 1066 19636 1207 21850 20701 18429 22394 1090 13806 12164 21304 14607 6697 12028 6895 5892 3489 17085 11283 5802 5298 3472 2403 504
cat_boundaries=0 1
cat_threshold=2
is_linear=0
shrinkage=0.05


Tree=64
num_leaves=31
num_cat=0
split_feature=0 2 0 2 4 0 4 3 4 3 3 3 1 3 0 1 1 4 3 4 2 4 3 2 1 1 1 1 4 4
split_gain=9.07406e+07 3.7545e+07 3.64147e+07 1.07364e+07 1.3749e+07 9.34185e+06 9.01153e+06 8.40787e+06 7.21555e+06 6.65231e+06 5.02004e+06 3.78478e+06 3.6161e+06 3.91169e+06 3.56991e+06 3.28775e+06 2.88042e+06 3.84132e+06 2.24614e+06 2.22429e+06 2.21994e+06 2.19693e+06 2.17302e+06 2.15994e+06 1.91693e+06 1.79054e+06 1.80627e+06 3.09288e+06 1.85886e+06 1.77875e+06
threshold=15.819963573837283 7.334843802452089 10.645000149766956 7.5000060558319097 175.85592669041588 17.761495818405717 19.020390382422935 1.0803703703703706 240.72410923780095 0.60083333333333344 0.13015151515151518 2.8875000000000006 17.349959723434452 0.67055555555555568 8.4677270478442779 13.939961554808542 17.436626025792446 278.99955054364256 0.72041666666666682 28.553654166726833 7.5340837955474864 183.86084511137298 0.1801515151515152 7.4373547077178968 15.139965027656556 14.079967187583927 0.0999997706656897 6.4699822742641393 92.59150347442251 278.99955054364256
decision_type=2 10 2 10 2 2 2 2 2 2 2 2 2 2 2 2 2 2 2 2 10 2 2 10 2 2 2 2 2 2
left_child=1 19 3 4 6 22 -3 8 10 -10 -4 21 13 -7 29 -13 17 -14 -15 -1 -16 -9 -2 -6 -24 26 28 -28 -21 -5
right_child=5 2 7 14 23 12 -8 11 9 -11 -12 15 16 18 20 -17 -18 -19 -20 25 -22 -23 24 -25 -26 -27 27 -29 -30 -31
leaf_value=-1.9816232608323447 4.9139407724195507 -3.0791348137867027 6.3499715433658146 -1.7328767862442183 5.6351351168145563 1.7768197606368501 0.28625329564871282 5.7633006868899903 1.4054910683398294 -1.6966300813777417 1.966362775294028 28.978450424887917 9.3854478404832928 30.297181707109726 -2.736236348654447 8.3423779104456397 4.7113680592012317 -8.1930360906881585 12.574425295710565 -4.8606825079068079 3.8708385595376917 2.8640797669817597 5.5871143905011156 -4.0616615563118925 1.8985397781370832 -3.9148052766394112 1.6881506319811674 -2.4465163812670316 -2.2033914335930276 -3.7997643118659514
leaf_weight=7909 745 2135 726 16711 58 87 28933 864 4343 2869 6454 21 45 20 177 176 7080 95 159 1380 445 2696 370 2398 7089 4065 520 3441 1263 1110
leaf_count=7909 745 2135 726 16711 58 87 28933 864 4343 2869 6454 21 45 20 177 176 7080 95 159 1380 445 2696 370 2398 7089 4065 520 3441 1263 1110
internal_value=0.000958555 -0.619089 -0.0895476 -0.762932 -0.229859 3.50584 0.0548912 1.83853 1.2885 0.171374 2.41043 3.9446 4.78308 10.5038 -1.73184 10.6774 4.57089 -2.51628 14.712 -2.61754 1.98931 3.56913 2.33995 -3.83046 2.08223 -3.08872 -2.57972 -1.90343 -3.59217 -1.86182
internal_weight=104384 88694 70116 51967 33524 15690 31068 18149 14392 7212 7180 3757 7486 266 18443 197 7220 140 179 18578 622 3560 8204 2456 7459 10669 6604 3961 2643 17821
internal_count=104384 88694 70116 51967 33524 15690 31068 18149 14392 7212 7180 3757 7486 266 18443 197 7220 140 179 18578 622 3560 8204 2456 7459 10669 6604 3961 2643 17821
is_linear=0
shrinkage=0.05


Tree=65
num_leaves=31
num_cat=0
split_feature=0 2 2 0 2 4 0 4 4 3 1 3 3 3 1 0 0 4 2 2 4 4 4 3 3 0 2 4 1 4
split_gain=8.21654e+07 2.54203e+07 2.44762e+07 1.98146e+07 9.68973e+06 1.24082e+07 9.21754e+06 8.77613e+06 6.71368e+06 9.35899e+06 5.57262e+06 4.89198e+06 4.44429e+06 5.09551e+06 3.28107e+06 3.22203e+06 2.30077e+06 2.41243e+06 2.00426e+06 1.95141e+06 1.80817e+06 1.60559e+06 1.54765e+06 1.76757e+06 1.71639e+06 3.6171e+06 3.72978e+06 2.18061e+06 1.70818e+06 1.36433e+06
threshold=14.859965577217103 7.4989146471023567 7.334843802452089 10.645000149766956 7.5000060558319097 175.85592669041588 19.239955272384645 121.31720883073699 227.89723681478856 2.0387500000000007 13.779962137966713 0.13015151515151518 2.9541666666666671 0.48022222222222227 18.59995679335022 8.4677270478442779 15.199964433204654 38.814310056685947 7.5340837955474864 7.4373547077178968 134.78011504522837 278.99955054364256 87.141502936962553 2.080833333333334 2.1616666666666675 12.780964191841049 5.405450000000001 92.59150347442251 1.0000000180025095e-35 20.598587732389834
decision_type=2 10 10 2 10 2 2 2 2 2 2 2 2 2 2 2 2 2 10 10 2 2 2 2 2 2 10 2 2 2
left_child=2 29 22 4 5 7 10 -4 9 11 -3 -5 13 -10 -8 21 20 -18 -17 -7 -12 -6 23 -1 27 -26 -27 28 -24 -2
right_child=1 6 3 8 15 19 14 -9 12 -11 16 -13 -14 -15 -16 18 17 -19 -20 -21 -22 -23 24 -25 25 26 -28 -29 -30 -31
leaf_value=-2.1936222600135507 -0.9493406487976892 12.478462335840405 -0.44370745001694395 6.9586231748321801 -1.6462381333940403 5.3581538225836667 9.0342599450616525 1.4762826077399978 1.8200964756969586 17.85326459760666 8.0805992654975025 1.9693228068764439 14.067032528044814 -0.91598521356921037 4.5247093361707353 -2.6001931355998256 9.4454705238969705 2.1374472234979391 3.6777305630651291 -3.8586631083670309 3.4747999226408504 -3.609947023909978 -7.7840224616493989 1.1370064084163467 0.22259408769715164 -4.7374746293337688 -13.750898247973588 -2.3785116348825883 -1.9936186881489419 -4.165792321247471
leaf_weight=10813 456 138 23045 540 16711 58 437 8023 3033 99 253 5375 58 3874 5292 177 113 13113 445 2398 1355 1110 354 413 215 389 163 4538 200 1196
leaf_count=10813 456 138 23045 540 16711 58 437 8023 3033 99 253 5375 58 3874 5292 177 113 13113 445 2398 1355 1110 354 413 215 389 163 4538 200 1196
internal_value=0.000957382 2.6882 -0.731326 -0.288331 -0.724791 -0.218368 3.16454 0.0521422 1.45915 2.6828 2.51159 2.42591 0.402338 0.285571 4.87021 -1.64526 2.41804 2.2006 1.88993 -3.63891 4.20404 -1.76875 -2.41519 -2.071 -3.0742 -5.27953 -7.41911 -2.74104 -5.70099 -3.27907
internal_weight=104384 22353 82031 64946 51967 33524 20701 31068 12979 6014 14972 5915 6965 6907 5729 18443 14834 13226 622 2456 1608 17821 17085 11226 5859 767 552 5092 554 1652
internal_count=104384 22353 82031 64946 51967 33524 20701 31068 12979 6014 14972 5915 6965 6907 5729 18443 14834 13226 622 2456 1608 17821 17085 11226 5859 767 552 5092 554 1652
is_linear=0
shrinkage=0.05


Tree=66
num_leaves=31
num_cat=1
split_feature=0 2 0 5 4 0 3 3 4 3 3 3 4 3 3 3 3 3 4 0 3 3 0 2 3 3 0 4 0 3
split_gain=7.43624e+07 3.05288e+07 2.94609e+07 1.15958e+07 1.21438e+07 7.68878e+06 7.68306e+06 7.5891e+06 6.23289e+06 4.02596e+06 3.98402e+06 3.31126e+06 2.74166e+06 2.5594e+06 2.46657e+06 2.37066e+06 2.0119e+06 1.95667e+06 1.92597e+06 1.88732e+06 2.15817e+06 1.88658e+06 3.52936e+06 3.57905e+06 1.74657e+06 1.71896e+06 2.43795e+06 1.71466e+06 1.75497e+06 1.51351e+06
threshold=15.819963573837283 7.334843802452089 10.645000149766956 0 175.85592669041588 17.761495818405717 0.2267592592592593 1.0803703703703706 193.30658157425756 0.62007575757575772 0.49507575757575767 3.4850000000000008 7.3562521018756888 2.2070833333333337 3.101666666666667 0.20062500000000003 0.09416666666666669 0.32674242424242433 87.141502936962553 18.379957119216922 0.22007575757575762 2.1616666666666675 12.780964191841049 5.405450000000001 2.080833333333334 0.69937500000000019 19.959953700332644 92.59150347442251 13.900046924062918 2.6408333333333336
decision_type=2 10 2 1 2 2 2 2 2 2 2 2 2 2 2 2 2 2 2 2 2 2 2 10 2 2 2 2 2 2
left_child=1 18 3 4 6 16 -3 8 9 -4 -10 -9 15 -14 17 -5 -2 19 24 20 -7 27 -23 -24 -1 -19 -27 -20 -29 -6
right_child=5 2 7 12 29 14 -8 11 10 -11 -12 -13 13 -15 -16 -17 -18 25 21 -21 -22 22 23 -25 -26 26 -28 28 -30 -31
leaf_value=-2.1130341733984253 7.3608795978237147 -1.2192153445129001 1.6221162365604664 -1.6455791216895379 -4.1298152702145998 2.4236753876704094 0.66749712474639078 3.4669988034009487 1.3213040125001085 4.6859797086725177 -0.76676555646795508 15.620399694610061 -1.2132535928457733 -3.7122124266765093 -4.8278670440961235 -4.6354531060560031 1.9988414856881347 5.7898529760869017 -5.3213470245516818 2.9764738457133975 -12.493097956339518 0.21151590443733667 -4.8846148712645743 -13.509921428065704 1.0000702463703623 4.8819267613837773 2.267962948218631 -1.5679443931842973 -3.449409373171278 -16.814110196431479
leaf_weight=11718 178 7238 3711 1398 1549 52 21192 3701 4879 1508 4294 56 18219 1085 72 1263 8026 2353 574 695 44 215 445 165 468 2996 1274 2692 2301 23
leaf_count=11718 178 7238 3711 1398 1549 52 21192 3701 4879 1508 4294 56 18219 1085 72 1263 8026 2353 574 695 44 215 445 165 468 2996 1274 2692 2301 23
internal_value=0.000934758 -0.560373 -0.0828669 -0.688553 -0.0494747 3.17379 0.187132 1.65137 1.12882 2.50813 0.343874 3.65226 -1.56143 -1.3539 4.33252 -3.06588 2.11606 4.42212 -2.36245 2.06804 -4.47144 -3.06559 -5.29721 -7.23599 -1.9934 4.70292 4.10274 -2.73398 -2.43553 -4.32597
internal_weight=104384 88694 70116 51967 30002 15690 28430 18149 14392 5219 9173 3757 21965 19304 7486 2661 8204 7414 18578 791 96 6392 825 610 12186 6623 4270 5567 4993 1572
internal_count=104384 88694 70116 51967 30002 15690 28430 18149 14392 5219 9173 3757 21965 19304 7486 2661 8204 7414 18578 791 96 6392 825 610 12186 6623 4270 5567 4993 1572
cat_boundaries=0 1
cat_threshold=2
is_linear=0
shrinkage=0.05


Tree=67
num_leaves=31
num_cat=0
split_feature=0 2 2 0 4 4 3 4 3 0 3 0 3 1 4 3 3 0 3 1 1 1 3 3 1 1 1 0 4 3
split_gain=6.71264e+07 2.11214e+07 1.98569e+07 1.60118e+07 8.19306e+06 3.7049e+07 8.68766e+07 1.58814e+07 2.32266e+07 1.12188e+07 8.61516e+06 7.59273e+06 6.01093e+06 5.10193e+06 4.82928e+06 8.74703e+06 4.72069e+06 3.42943e+06 4.96219e+06 2.9231e+06 2.23912e+06 2.17462e+06 2.06457e+06 1.58774e+06 1.38968e+06 3.37981e+06 3.38757e+06 3.45521e+06 2.1589e+06 1.62366e+06
threshold=14.859965577217103 7.4989146471023567 7.3310961961746228 10.645000149766956 19.020390382422935 20.876902363572629 0.75023809523809526 18.763233794326226 0.76060606060606073 0.26004182463998643 0.89033333333333353 19.239955272384645 1.2537500000000004 13.779962137966713 248.50768118551136 0.48022222222222227 0.13015151515151518 13.739968146217349 2.5408333333333339 18.59995679335022 14.639966088462831 14.409960460546442 1.5808333333333338 2.4008333333333338 14.059955358937602 0.35999917323786407 10.839974905344109 10.645000149766956 134.78011504522837 0.21354166666666671
decision_type=2 10 10 2 2 2 2 2 2 2 2 2 2 2 2 2 2 2 2 2 2 2 2 2 2 2 2 2 2 2
left_child=2 -2 24 4 7 6 -6 9 -9 -4 -7 13 14 -3 16 -16 -5 18 -14 -13 22 -19 -15 -22 25 29 27 -27 -28 -1
right_child=1 11 3 12 5 10 -8 8 -10 -11 -12 19 17 20 15 -17 -18 21 -20 -21 23 -23 -24 -25 -26 26 28 -29 -30 -31
leaf_value=-4.4661620851627779 -3.0095722915986873 11.807794376551676 2.2279080377495135 6.1042664791386008 -26.439284976651592 -0.14326972796467152 13.794222457417838 -3.6574329641475773 -32.573043106805713 -3.0991429413569822 -1.579299037260611 8.3419510892700384 1.5092577772584499 3.5267975185913603 1.7847735833349887 -2.2777227662314461 1.3892703255961216 7.962832158618113 24.525244546731315 4.0859859468708661 1.8851167753019966 1.7826383465560025 10.470409197079935 4.7914733028582868 -2.9148306986508032 0.60192995598158061 -1.0035653901127466 11.800264053736649 -3.5080374902076921 -2.3314800873850312
leaf_weight=1066 1652 138 1303 589 154 28931 1000 206 104 4084 16344 437 979 1196 2686 2613 5311 594 23 5292 13034 188 117 487 4728 1224 3205 72 1176 5451
leaf_count=1066 1652 138 1303 589 154 28931 1000 206 104 4084 16344 437 979 1196 2686 2613 5311 594 23 5292 13034 188 117 487 4728 1224 3205 72 1176 5451
internal_value=0.00087557 2.42978 -0.661008 -0.264404 -0.655723 -0.436115 8.40686 -2.44508 -13.4317 -1.81047 -0.661691 2.86398 1.30665 2.27136 0.877058 -0.218543 1.86093 4.0014 2.0615 4.41202 2.18186 6.48124 4.15304 1.99015 -2.18687 -1.90441 -1.01226 1.23268 -1.67649 -2.68129
internal_weight=104384 22353 82031 65109 52126 46429 1154 5697 310 5387 45275 20701 12983 14972 11199 5299 5900 1784 1002 5729 14834 782 1313 13521 16922 12194 5677 1296 4381 6517
internal_count=104384 22353 82031 65109 52126 46429 1154 5697 310 5387 45275 20701 12983 14972 11199 5299 5900 1784 1002 5729 14834 782 1313 13521 16922 12194 5677 1296 4381 6517
is_linear=0
shrinkage=0.05


Tree=68
num_leaves=31
num_cat=1
split_feature=0 5 1 0 4 4 3 0 3 3 3 4 4 0 1 0 4 1 3 0 1 1 4 4 4 3 3 1 4 1
split_gain=6.09579e+07 1.23484e+07 7.00787e+06 1.27e+07 8.79146e+06 3.5518e+07 1.58998e+07 1.32922e+08 2.00122e+07 1.53016e+07 7.80176e+06 6.45456e+06 2.25571e+07 6.32032e+06 5.66813e+06 3.67332e+06 4.29935e+06 3.45137e+06 3.35711e+06 3.25475e+06 6.85869e+06 5.39827e+06 2.90075e+06 3.37887e+06 2.75484e+06 2.67789e+06 3.34429e+06 2.47437e+06 3.46059e+06 2.10104e+06
threshold=15.819963573837283 0 1.0000000180025095e-35 5.4778346966344351 45.704953969212717 76.622426155062485 0.22007575757575762 0.44520146530287003 0.077500000000000013 0.98058823529411787 0.53916666666666679 145.25178461759691 147.19915526419507 17.761495818405717 0.51999881025514538 9.1616146857637091 99.462654092432331 17.349959723434452 0.67055555555555568 14.859965577217103 14.639966088462831 14.389960498682644 35.992682306176619 36.970795924819349 25.632744012084355 0.28083333333333343 0.48840909090909096 17.436626025792446 278.99955054364256 9.4199780113872613
decision_type=2 1 2 2 2 2 2 2 2 2 2 2 2 2 2 2 2 2 2 2 2 2 2 2 2 2 2 2 2 2
left_child=1 2 4 11 6 9 8 -8 -1 -6 -7 14 -13 -2 -4 22 25 18 -15 21 -21 -5 24 -24 -3 -17 -27 28 -19 -25
right_child=13 15 3 19 5 10 7 -9 -10 -11 -12 12 -14 17 -16 16 -18 27 -20 20 -22 -23 23 29 -26 26 -28 -29 -30 -31
leaf_value=8.4675550453623796 1.9145471170959016 -1.9449730678690316 -0.23887209078489949 0.045199258047457586 -3.5348945690684936 -1.1315011914961084 0.37826916183539028 40.639570709316502 -5.3364457659230586 -10.899487154492073 1.4458686406264065 31.383918108652878 4.2047696247864517 1.4291149476170542 4.1166993332734725 14.491412687725493 -2.1121813414939115 8.4518798687147054 13.409324848492941 3.9574375839905693 0.11390246121407466 -2.0525665077077213 1.3887919374543602 -1.2533826814096993 -4.477310725694748 -3.5796120774246925 3.3277615072990723 3.8472053420818115 -8.2350339509050041 -4.5983352070790335
leaf_weight=304 8204 8468 1592 20253 1823 10067 8616 209 1889 1151 4144 82 959 87 1406 44 855 45 179 1496 5167 3613 1204 12472 1230 214 949 7080 95 487
leaf_count=304 8204 8468 1592 20253 1823 10067 8616 209 1889 1151 4144 82 959 87 1406 44 855 45 179 1496 5167 3613 1204 12472 1230 214 949 7080 95 487
internal_value=0.000846827 -0.507359 -0.128219 0.34897 -0.713094 -1.41992 0.38938 1.33626 -3.41991 -6.38785 -0.379878 2.98345 6.37375 2.87353 1.80449 -1.42538 0.599049 3.9241 9.51103 0.000341546 0.977331 -0.272448 -1.60035 -1.14402 -2.26658 2.51976 2.05477 3.71698 -2.84945 -1.37943
internal_weight=104384 88694 62771 34568 28203 17185 11018 8825 2193 2974 14211 4039 1041 15690 2998 25923 2062 7486 266 30529 6663 23866 23861 14163 9698 1207 1163 7220 140 12959
internal_count=104384 88694 62771 34568 28203 17185 11018 8825 2193 2974 14211 4039 1041 15690 2998 25923 2062 7486 266 30529 6663 23866 23861 14163 9698 1207 1163 7220 140 12959
cat_boundaries=0 1
cat_threshold=2
is_linear=0
shrinkage=0.05


Tree=69
num_leaves=31
num_cat=1
split_feature=1 2 1 5 4 1 3 4 3 1 3 4 1 1 3 3 4 4 4 4 4 1 1 1 2 3 3 3 3 3
split_gain=5.05686e+07 2.73932e+07 2.63008e+07 9.79252e+06 1.03239e+07 1.27573e+07 6.58077e+06 3.46973e+06 4.07845e+06 3.62627e+06 2.7208e+06 2.71252e+06 2.60347e+06 6.00905e+06 6.07099e+06 3.41977e+06 3.355e+06 2.04284e+06 3.31507e+06 2.02791e+06 2.01065e+06 2.28031e+06 2.25234e+06 1.7546e+06 1.59267e+06 1.6099e+06 3.31246e+06 2.92854e+06 1.51836e+06 1.56453e+06
threshold=15.939963033760074 7.334843802452089 10.519975712721836 0 175.85592669041588 1.0000000180025095e-35 1.5808333333333338 193.30658157425756 0.13015151515151518 11.708306160100303 3.2641666666666671 53.530094638705926 17.436626025792446 17.349959723434452 0.55950000000000022 1.0700490196078434 278.99955054364256 33.920180761862021 36.970795924819349 31.349277966293069 20.534555308697943 0.35999917323786407 13.159969443489077 14.079967187583927 5.5575500000000009 2.3608333333333338 2.6408333333333336 1.1533823529411766 3.101666666666667 0.42006172839506178
decision_type=2 10 2 1 2 2 2 2 2 2 2 2 2 2 2 2 2 2 2 2 2 2 2 2 10 2 2 2 2 2
left_child=1 20 3 4 5 -3 7 8 -4 -9 11 -8 13 24 -15 16 -16 19 -19 -5 21 -1 -23 -22 -2 27 -27 -26 29 -14
right_child=12 2 6 17 -6 -7 10 9 -10 -11 -12 -13 28 14 15 -17 -18 18 -20 -21 23 22 -24 -25 25 26 -28 -29 -30 -31
leaf_value=-2.2555931115665966 -2.742243165613091 -0.22294568656920033 6.3442553292322907 -1.7380094518371516 -3.9520390500808413 2.731344327173411 21.674887044997444 -2.2019459570741495 1.7772776544890847 0.97564558892328934 11.997812743802495 3.5841139624103988 1.968321229480277 -17.539444360275791 9.3469372873306273 17.184372596740722 -7.5125023635720796 1.4062895517134735 -1.2842477201074083 -4.1397239333709583 -2.0250486029199433 2.3605719066930182 -1.0713914476466817 -3.2724465719797728 3.1302914010859682 26.708425699869792 4.1945477722101394 -0.5628019138692103 -4.2024342093262517 4.0467854014830449
leaf_weight=3580 136 24140 530 5736 1560 4305 20 967 6193 12399 106 1850 1069 72 39 23 112 1248 13753 1038 7516 597 2383 4520 3684 20 76 628 60 6024
leaf_count=3580 136 24140 530 5736 1560 4305 20 967 6193 12399 106 1850 1069 72 39 23 112 1248 13753 1038 7516 597 2383 4520 3684 20 76 628 60 6024
internal_value=0.000849344 -0.394726 0.0372072 -0.578771 0.00699506 0.224251 1.48269 1.21174 2.1382 0.745606 4.23528 3.78908 3.06245 2.15953 -5.43719 -0.357716 -3.1252 -1.38589 -1.06033 -2.10659 -2.10985 -1.40525 -0.383284 -2.49373 2.5719 2.73644 9.11198 2.59242 3.66671 3.73386
internal_weight=104384 92441 73845 51780 30005 28445 22065 20089 6723 13366 1976 1870 11943 4790 246 174 151 21775 15001 6774 18596 6560 2980 12036 4544 4408 96 4312 7153 7093
internal_count=104384 92441 73845 51780 30005 28445 22065 20089 6723 13366 1976 1870 11943 4790 246 174 151 21775 15001 6774 18596 6560 2980 12036 4544 4408 96 4312 7153 7093
cat_boundaries=0 1
cat_threshold=2
is_linear=0
shrinkage=0.05


Tree=70
num_leaves=31
num_cat=1
split_feature=0 4 4 1 3 4 4 3 3 0 4 0 4 1 5 4 3 1 0 0 3 1 3 3 3 1 4 3 3 1
split_gain=4.9737e+07 1.01635e+07 2.22145e+07 2.08903e+07 7.85821e+06 7.51835e+06 8.25012e+06 9.4655e+06 7.18827e+06 5.36418e+06 3.73243e+06 6.36643e+06 4.2684e+06 5.49625e+06 4.22306e+06 3.51986e+06 2.80498e+06 2.64239e+06 2.63162e+06 2.46388e+06 2.12029e+06 2.00519e+06 1.84966e+06 1.73267e+06 1.55515e+06 1.50531e+06 1.45602e+06 3.17412e+06 2.18419e+06 1.48525e+06
threshold=15.819963573837283 79.705660969726708 72.667141910237405 1.0000000180025095e-35 0.98058823529411787 7.4417474773993915 41.953151611830769 0.077500000000000013 0.42006172839506178 19.239955272384645 88.454092356621871 0.14001774458882627 92.717059551879103 1.2999969742627144 0 248.50768118551136 0.12022727272727275 18.939956020095828 0.21999949599564081 0.1999995406292677 0.79018518518518532 1.0000000180025095e-35 2.0608333333333335 2.8875000000000006 0.080833333333333354 12.03997201248932 278.99955054364256 2.7658333333333336 2.8375000000000008 20.049953179412842
decision_type=2 2 2 2 2 2 2 2 2 2 2 2 2 2 1 2 2 2 2 2 2 2 2 2 2 2 2 2 2 2
left_child=1 2 5 4 -4 -1 7 -7 -8 24 11 21 13 20 16 -16 -14 23 -6 -13 -12 -3 -5 -11 -2 -21 27 -19 29 -28
right_child=9 10 3 22 18 6 8 -9 -10 17 12 19 14 -15 15 -17 -18 26 -20 25 -22 -23 -24 -25 -26 -27 28 -29 -30 -31
leaf_value=-2.131262214279122 6.8016033100519557 6.9250992056542202 -3.9331473640422434 0.41777849245422027 -12.491984288439912 7.8425813282901089 -4.0091566097888949 0.013086673160813689 -0.82428705318415352 6.1239180568729941 -5.6326821841770913 -5.4805064986646173 1.6250824535188622 2.3028257109470553 0.19808585227702985 -2.031168890067153 0.12696592055402831 2.6248690769326912 -4.6089948420251003 3.3452309909538793 1.4499290881669227 20.271382224790514 -4.8301144137222387 -4.1213375342723939 1.8144587269133401 -0.28151634713800211 3.6201736616649294 -10.373823525905609 16.06895445070769 9.3170792117079753
leaf_weight=7578 158 353 489 1019 943 392 2345 21752 7240 1264 862 143 3451 381 3146 4049 32935 2247 121 549 120 30 200 42 9803 596 1971 47 37 121
leaf_count=7578 158 353 489 1019 943 392 2345 21752 7240 1264 862 143 3451 381 3146 4049 32935 2247 121 549 120 30 200 42 9803 596 1971 47 37 121
internal_value=0.000837878 -0.458217 -1.02155 -5.34681 -9.19047 -0.716398 -0.378422 0.152035 -1.60381 2.59569 0.0503116 2.36993 -0.0359815 -2.79023 0.0502198 -1.05654 0.269094 3.81476 -11.6007 0.684724 -4.76659 8.02058 -0.446487 5.79153 1.89424 1.45882 3.2299 2.35414 4.17197 3.95398
internal_weight=104384 88694 42079 2772 1553 39307 31729 22144 9585 15690 46615 1671 44944 1363 43581 7195 36386 5729 1064 1288 982 383 1219 1306 9961 1145 4423 2294 2129 2092
internal_count=104384 88694 42079 2772 1553 39307 31729 22144 9585 15690 46615 1671 44944 1363 43581 7195 36386 5729 1064 1288 982 383 1219 1306 9961 1145 4423 2294 2129 2092
cat_boundaries=0 1
cat_threshold=2
is_linear=0
shrinkage=0.05


Tree=71
num_leaves=31
num_cat=0
split_feature=0 2 2 1 1 4 4 3 4 3 0 4 3 0 1 0 2 4 1 0 4 1 4 4 1 1 4 3 3 3
split_gain=4.53631e+07 1.60076e+07 1.57936e+07 1.20613e+07 6.65463e+06 6.124e+06 3.57434e+07 9.2947e+07 1.79811e+07 2.02083e+07 9.3525e+06 7.24829e+06 5.39955e+06 4.94016e+06 4.60836e+06 4.55046e+06 4.36636e+06 3.32517e+06 2.42968e+06 2.11574e+06 2.18402e+06 2.01258e+06 1.55983e+06 1.31275e+06 1.99081e+06 2.00794e+06 1.37018e+06 1.59693e+06 1.20384e+06 1.29315e+06
threshold=14.859965577217103 7.4989146471023567 7.3310961961746228 0.79999816532109491 3.7799912001055689 19.020390382422935 20.876902363572629 0.75023809523809526 18.763233794326226 0.76060606060606073 0.26004182463998643 33.920180761862021 2.8875000000000006 19.239955272384645 13.779962137966713 13.038104330365876 7.5239886760711681 172.73666716826514 18.59995679335022 15.199964433204654 38.814310056685947 13.939961554808542 132.83142123965581 20.534555308697943 0.35999917323786407 13.259969379631045 6.4627382859028195 0.65516666666666679 3.7808333333333337 2.6408333333333336
decision_type=2 10 10 2 2 2 2 2 2 2 2 2 2 2 2 2 10 2 2 2 2 2 2 2 2 2 2 2 2 2
left_child=2 -2 23 5 16 8 7 -7 10 -10 -4 -8 15 14 -3 -6 17 -5 -15 22 -21 -14 -16 24 26 -26 27 -1 29 -25
right_child=1 13 3 4 12 6 11 -9 9 -11 -12 -13 21 18 19 -17 -18 -19 -20 20 -22 -23 -24 28 25 -27 -28 -29 -30 -31
leaf_value=-6.5346404570517862 -2.7377638272851414 10.960516568448048 2.1377090388806552 7.5414586664626349 -0.13260095766590102 -33.089033816019693 -3.7167557170721235 13.539008857045705 -4.6207981775318769 -32.24084612827675 -2.7539167738217918 -0.52932810328325086 25.377626556728199 7.2063218490881473 7.1843797379255534 1.4183271135429334 -1.1388046440318418 -2.2458410836349834 3.3271220377421487 8.4962765233140249 1.5439719198442132 8.2178632656097417 2.8590640953342792 -2.1640091804686974 2.1789858758772884 -1.0589943539213138 -1.6782721024705651 -0.74632798765432395 3.7327429445868447 -4.8564116757683768
leaf_weight=332 1652 138 1301 731 10828 119 1875 979 190 101 3917 36227 22 437 246 8396 251 98 5292 113 13113 74 1362 10273 635 1936 3011 186 83 466
leaf_count=332 1652 138 1301 731 10828 119 1875 979 190 101 3917 36227 22 437 246 8396 251 98 5292 113 13113 74 1362 10273 635 1936 3011 186 83 466
internal_value=0.000810422 1.99752 -0.543299 -0.189594 0.817843 -0.64928 -0.429877 8.46 -2.21011 -14.2847 -1.53411 -0.686275 0.604202 2.37552 1.8975 0.544799 4.63554 6.38314 3.62423 1.81245 1.60401 12.3714 3.52483 -1.90412 -1.31716 -0.258722 -2.08798 -4.46166 -2.23482 -2.28128
internal_weight=104384 22353 82031 65109 20400 44709 39200 1098 5509 291 5218 38102 19320 20701 14972 19224 1080 829 5729 14834 13226 96 1608 16922 6100 2571 3529 518 10822 10739
internal_count=104384 22353 82031 65109 20400 44709 39200 1098 5509 291 5218 38102 19320 20701 14972 19224 1080 829 5729 14834 13226 96 1608 16922 6100 2571 3529 518 10822 10739
is_linear=0
shrinkage=0.05


Tree=72
num_leaves=31
num_cat=1
split_feature=1 2 1 5 4 1 3 4 3 1 3 4 3 4 1 1 3 3 4 4 1 1 1 3 3 3 1 4 3 3
split_gain=3.76999e+07 2.16996e+07 2.03713e+07 8.29404e+06 9.40387e+06 1.06561e+07 5.82132e+06 3.2052e+06 3.61467e+06 2.65606e+06 2.35497e+06 2.64204e+06 1.88349e+06 2.25193e+06 1.86037e+06 5.43098e+06 5.48553e+06 3.10652e+06 3.0153e+06 1.76914e+06 1.83564e+06 1.82239e+06 1.61972e+06 1.41204e+06 1.40418e+06 3.97582e+06 3.20569e+06 1.37349e+06 1.35778e+06 1.3513e+06
threshold=15.939963033760074 7.3310961961746228 10.519975712721836 0 175.85592669041588 1.0000000180025095e-35 1.5808333333333338 172.48958797418496 0.5150555555555556 11.708306160100303 3.2641666666666671 278.94763736680397 2.3208333333333337 33.920180761862021 17.436626025792446 17.349959723434452 0.55950000000000022 1.0700490196078434 278.99955054364256 20.534555308697943 0.35999917323786407 13.159969443489077 13.909961877399091 2.6408333333333336 0.69937500000000019 0.4400617283950618 17.699958294967654 278.10763530731896 0.060833333333333343 0.73960784313725503
decision_type=2 10 2 1 2 2 2 2 2 2 2 2 2 2 2 2 2 2 2 2 2 2 2 2 2 2 2 2 2 2
left_child=1 19 3 4 5 -3 7 8 -4 -9 11 -8 13 -5 15 29 -17 18 -18 20 -1 -22 28 -6 25 26 -16 -28 -21 -2
right_child=14 2 6 12 23 -7 10 9 -10 -11 -12 -13 -14 -15 24 16 17 -19 -20 22 21 -23 -24 -25 -26 -27 27 -29 -30 -31
leaf_value=-1.9837066499866023 2.9755175461339229 -0.16036138803337399 0.82895116427233939 -1.8934734149871522 -3.5469502412093266 2.5396966164366894 5.4294940858170477 -1.7205707781549711 3.4205691645079099 0.86538961511356405 11.124662150969016 1.6671753436547343 -3.7829515802288771 -0.79519202649660237 -11.768227451235749 -16.844869174304076 8.6776917082369334 16.208950786590574 -7.3066369664985533 -5.1946194193943738 2.1723643054441246 -0.91676016770518898 -2.902153272945899 -15.793392130533855 2.5534537519604599 5.3719959320373309 0.25843239580231869 3.8146561530822325 -1.5805182646292191 1.2138080097536137
leaf_weight=3529 2731 24140 2738 6930 1537 4305 904 1070 2646 13640 106 966 703 14300 42 72 39 23 112 270 596 2383 5185 23 4124 1897 510 580 6470 1813
leaf_count=3529 2731 24140 2738 6930 1537 4305 904 1070 2646 13640 106 966 703 14300 42 72 39 23 112 270 596 2383 5185 23 4124 1897 510 580 6470 1813
internal_value=0.000772519 -0.340781 0.0415419 -0.499211 0.0410046 0.248353 1.31408 1.05931 2.10302 0.677183 3.90298 3.4879 -1.23821 -1.15377 2.64427 1.88098 -5.34088 -0.511529 -3.14827 -1.87572 -1.21234 -0.298205 -2.23762 -3.73751 3.15507 3.97307 1.62607 2.1525 -1.72605 2.27304
internal_weight=104384 92441 74008 51938 30005 28445 22070 20094 5384 14710 1976 1870 21933 21230 11943 4790 246 174 151 18433 6508 2979 11925 1560 7153 3029 1132 1090 6740 4544
internal_count=104384 92441 74008 51938 30005 28445 22070 20094 5384 14710 1976 1870 21933 21230 11943 4790 246 174 151 18433 6508 2979 11925 1560 7153 3029 1132 1090 6740 4544
cat_boundaries=0 1
cat_threshold=2
is_linear=0
shrinkage=0.05


Tree=73
num_leaves=31
num_cat=1
split_feature=0 2 2 5 1 4 4 4 0 0 0 1 0 1 0 4 1 0 4 4 2 4 4 4 1 4 1 0 4 4
split_gain=3.7106e+07 1.32544e+07 1.28192e+07 1.2095e+07 8.9462e+06 8.76275e+06 8.20287e+06 3.31066e+07 1.37473e+07 5.11011e+06 4.05516e+06 4.21389e+06 3.77385e+06 2.25335e+06 2.18919e+06 5.18977e+06 2.53981e+06 1.89876e+06 1.95065e+06 1.8322e+06 3.4896e+06 2.08306e+06 1.79405e+06 1.29445e+06 1.28763e+06 1.26019e+06 1.23489e+06 1.19332e+06 1.08844e+06 1.20965e+06
threshold=14.859965577217103 7.4989146471023567 7.3310961961746228 0 1.0000000180025095e-35 227.89723681478856 53.530094638705926 79.705660969726708 0.49999881609046465 11.799972907264712 19.239955272384645 13.939961554808542 4.5999893229560858 18.939956020095828 9.4799780963516245 116.90209583102994 11.579968186739348 15.199964433204654 38.814310056685947 35.992682306176619 7.4073057174682626 29.151013328920875 263.05597234752685 134.78011504522837 11.209969343024381 278.99955054364256 20.049953179412842 15.580738525262642 88.41331308612466 92.59150347442251
decision_type=2 10 10 1 2 2 2 2 2 2 2 2 2 2 2 2 2 2 2 2 10 2 2 2 2 2 2 2 2 2
left_child=2 -2 28 4 6 12 8 -8 -4 -7 11 22 -6 -12 19 16 -16 23 -19 21 -21 -5 -3 -13 -17 -15 -27 -24 -1 -30
right_child=1 10 3 14 5 9 7 -9 -10 -11 13 17 -14 25 15 24 -18 18 -20 20 -22 -23 27 -25 -26 26 -28 -29 29 -31
leaf_value=-1.4274625444697484 -2.5022588656977929 13.001062322895752 0.5931702042527246 -1.4947673668683317 3.7645602850127937 -3.113547772860926 -6.4208201432561998 0.00016572907713706232 15.946302804238087 0.45279110371606013 5.1071318777157506 6.5561622049988983 1.5679140759204635 1.9274417946825619 5.2307357205852272 -3.9418110241989299 -12.139536819458009 7.9721239744667471 1.3731213696319533 -8.2012935633718254 -0.8215412343096915 -3.7975093077292352 -3.3664486632475987 2.6383559952619033 1.2893489060621051 3.3192668659367217 8.5111694046806132 11.5669269434611 -4.6125071006004177 -2.04924960811978
leaf_weight=11120 1652 116 9829 5665 2637 1194 2391 12488 147 6298 1306 250 7568 2294 522 383 21 112 13094 161 14448 1188 36 1344 169 2008 121 20 504 5298
leaf_count=11120 1652 116 9829 5665 2637 1194 2391 12488 147 6298 1306 250 7568 2294 522 383 21 112 13094 161 14448 1188 36 1344 169 2008 121 20 504 5298
internal_value=0.0007305 1.80659 -0.491373 -0.172711 0.323462 1.18261 -0.288285 -1.03202 0.82098 -0.115915 2.15056 1.71746 2.13585 3.2819 -1.10868 1.07129 4.53787 1.62665 1.42969 -1.21994 -0.903427 -1.89446 9.47671 3.25655 -2.3408 2.74192 3.6182 2.07617 -1.71737 -2.27267
internal_weight=104384 22353 82031 65109 42552 17697 24855 14879 9976 7492 20701 14972 10205 5729 22557 1095 543 14800 13206 21462 14609 6853 172 1594 552 4423 2129 56 16922 5802
internal_count=104384 22353 82031 65109 42552 17697 24855 14879 9976 7492 20701 14972 10205 5729 22557 1095 543 14800 13206 21462 14609 6853 172 1594 552 4423 2129 56 16922 5802
cat_boundaries=0 1
cat_threshold=2
is_linear=0
shrinkage=0.05


Tree=74
num_leaves=31
num_cat=1
split_feature=0 5 1 0 4 4 3 0 3 4 3 4 4 1 0 1 3 0 3 3 0 3 3 3 3 4 3 4 0 4
split_gain=3.35283e+07 7.24251e+06 4.16812e+06 9.66962e+06 6.70462e+06 2.6443e+07 1.47326e+07 1.1746e+08 1.68153e+07 1.23943e+07 7.57847e+06 6.63509e+06 1.93926e+07 5.42348e+06 3.54638e+06 3.32185e+06 2.97413e+06 2.90138e+06 2.27061e+06 2.6958e+06 2.53367e+06 2.15616e+06 2.08442e+06 1.78662e+06 1.64613e+06 1.81342e+06 1.64351e+06 1.92683e+06 3.42968e+06 2.93732e+06
threshold=15.879962886695862 0 1.0000000180025095e-35 4.5999893229560858 45.704953969212717 76.622426155062485 0.22007575757575762 0.44520146530287003 0.077500000000000013 72.667141910237405 1.4804166666666669 145.25178461759691 147.19915526419507 0.51999881025514538 17.761495818405717 17.349959723434452 0.67055555555555568 10.645000149766956 0.12022727272727275 0.020833333333333339 14.619999042996684 0.73083333333333356 0.25505555555555554 0.18768939393939396 0.5150555555555556 116.90209583102994 2.3208333333333337 33.920180761862021 9.0573261553144579 267.93661157518937
decision_type=2 1 2 2 2 2 2 2 2 2 2 2 2 2 2 2 2 2 2 2 2 2 2 2 2 2 2 2 2 2
left_child=1 2 4 11 6 9 8 -8 -1 -6 -7 13 -13 -4 23 16 -16 26 19 -5 -20 -18 -19 -2 -24 -26 27 28 -3 -29
right_child=14 17 3 18 5 10 7 -9 -10 -11 -12 12 -14 -15 15 -17 21 22 20 -21 -22 -23 24 -25 25 -27 -28 29 -30 -31
leaf_value=7.6581427866454987 3.7523638574779037 -1.7573177828125595 -0.47471613640143384 -5.0109338484787855 -2.3608909900732913 -0.57072385264230829 0.43905896820345847 38.286401259195237 -4.9954028338555974 -8.8250403665299526 3.9605080350719755 29.370426769945993 4.0714093110217364 3.9484883342667523 0.81506115707484172 2.7331668946701133 25.225175218935366 15.884470220529117 -0.43154647633907406 2.1108802435044485 0.5791430845934048 9.7018279598595285 -2.4955936837443415 1.1741429882643815 5.0623561409718736 -0.94306862176800466 -3.5493850711718289 -0.37850160731363786 5.8880254663557023 -2.1383183839416553
leaf_weight=304 741 9654 1592 142 1559 13220 8616 209 1889 1415 991 82 874 1226 87 7220 26 25 20116 1886 8963 153 192 7150 345 197 703 11685 148 2974
leaf_count=304 741 9654 1592 142 1559 13220 8616 209 1889 1415 991 82 874 1226 87 7220 26 25 20116 1886 8963 153 192 7150 345 197 703 11685 148 2974
internal_value=0.000711683 -0.371757 -0.082627 0.282825 -0.534606 -1.15187 0.428164 1.33962 -3.23864 -5.4384 -0.254483 2.67253 6.26984 1.45036 2.15657 2.93617 8.41534 -1.07533 -0.00717852 1.60999 -0.120013 12.0843 1.96867 1.41669 1.47373 2.88185 -1.16722 -1.09861 -1.64129 -0.735653
internal_weight=104384 89007 63084 34881 28203 17185 11018 8825 2193 2974 14211 3774 956 2818 15377 7486 266 25923 31107 2028 29079 179 759 7891 734 542 25164 24461 9802 14659
internal_count=104384 89007 63084 34881 28203 17185 11018 8825 2193 2974 14211 3774 956 2818 15377 7486 266 25923 31107 2028 29079 179 759 7891 734 542 25164 24461 9802 14659
cat_boundaries=0 1
cat_threshold=2
is_linear=0
shrinkage=0.05


Tree=75
num_leaves=31
num_cat=1
split_feature=0 2 2 5 4 0 3 4 4 4 3 0 0 0 2 2 0 4 0 3 3 3 3 3 4 4 4 2 3 3
split_gain=3.02908e+07 1.16835e+07 1.16595e+07 1.02418e+07 7.08377e+06 3.04417e+07 8.56599e+07 2.88039e+07 8.81428e+06 2.73062e+07 1.29507e+07 3.32115e+06 2.46222e+06 1.8428e+06 2.10289e+06 2.38407e+06 2.04768e+06 1.7539e+06 1.54527e+06 2.76953e+06 1.49005e+06 1.41018e+06 1.40291e+06 1.38919e+06 1.23131e+06 2.68517e+06 1.08123e+06 1.20737e+06 1.07308e+06 1.17133e+06
threshold=14.859965577217103 7.4989146471023567 7.3310961961746228 0 36.928172484557372 0.14001774458882627 0.76060606060606073 33.920180761862021 76.622426155062485 73.493986445789304 1.1801960784313728 19.019955969009406 15.199964433204654 7.5068733161599308 7.5340837955474864 7.3940989494323732 10.220005861970135 38.814310056685947 19.959953700332644 2.6408333333333336 0.73083333333333356 2.3208333333333337 0.46030303030303038 0.33992424242424252 278.99955054364256 240.72410923780095 20.534555308697943 2.7159958660602572 3.7808333333333337 2.5408333333333339
decision_type=2 10 10 1 2 2 2 2 2 2 2 2 2 2 10 10 2 2 2 2 2 2 2 2 2 2 2 10 2 2
left_child=2 -2 26 4 5 7 -7 -4 9 -6 -10 12 -3 24 15 -15 -16 -14 19 22 -20 -22 -13 -19 25 -5 27 -1 29 -28
right_child=1 11 3 13 8 6 -8 -9 10 -11 -12 18 17 14 16 -17 -18 23 20 -21 21 -23 -24 -25 -26 -27 28 -29 -30 -31
leaf_value=-2.6836398908402113 -2.4130901649576728 3.3740686899084404 -6.5509841724995965 -1.4404709107482609 -0.13035988786322075 0.9293190266028013 26.325131552590069 3.8944164380143471 0.18128022468604307 -7.5828652783921688 3.6017680703597224 1.6835428904368339 7.5230848204351108 3.3281115772204672 3.4146038322522561 -0.98404498936771823 -11.825252413542374 0.30554663022804041 3.2296745676909859 -5.4096061692493302 -0.12407432853991225 4.3777765819261658 4.2429268770887711 1.545293028162364 -2.8346325101327285 0.016173000195502427 -1.8393112525201194 -0.77165420881150193 3.7200672430438653 -4.2780387870386303
leaf_weight=984 1652 1642 1284 13619 9186 1326 442 1356 24420 1418 3120 655 112 361 548 2798 22 2919 1121 83 969 211 2978 10011 1088 4121 10222 5116 83 517
leaf_count=984 1652 1642 1284 13619 9186 1326 442 1356 24420 1418 3120 655 112 361 548 2798 22 2919 1121 83 969 211 2978 10011 1088 4121 10222 5116 83 517
internal_value=0.000736811 1.63235 -0.443885 -0.139978 0.316603 2.2141 7.28957 -1.1864 0.0972724 -1.12755 0.568903 1.95529 1.5497 -1.00126 0.0142269 -0.490367 2.80671 1.31977 2.94468 3.57538 1.92504 0.683939 3.78208 1.26546 -1.20237 -1.10211 -1.61312 -1.08047 -1.91322 -1.95711
internal_weight=104384 22353 82031 65109 42552 4408 1768 2640 38144 10604 27540 20701 14684 22557 3729 3159 570 13042 6017 3716 2301 1180 3633 12930 18828 17740 16922 6100 10822 10739
internal_count=104384 22353 82031 65109 42552 4408 1768 2640 38144 10604 27540 20701 14684 22557 3729 3159 570 13042 6017 3716 2301 1180 3633 12930 18828 17740 16922 6100 10822 10739
cat_boundaries=0 1
cat_threshold=2
is_linear=0
shrinkage=0.05


Tree=76
num_leaves=31
num_cat=1
split_feature=0 5 1 0 4 4 3 4 4 3 0 4 3 3 0 1 3 0 3 0 3 3 4 3 1 1 3 1 4 3
split_gain=2.74804e+07 5.97402e+06 3.82773e+06 8.68384e+06 5.79285e+06 6.33716e+06 6.12931e+06 5.68096e+06 2.20514e+07 1.29975e+07 1.05421e+08 1.57024e+07 1.10624e+07 6.78689e+06 2.61287e+06 3.05403e+06 2.6559e+06 2.54771e+06 2.4443e+06 2.28337e+06 1.99324e+06 1.89645e+06 1.86016e+06 1.79554e+06 4.37147e+06 1.37482e+07 1.81534e+06 1.60027e+06 2.64381e+06 1.50261e+06
threshold=15.97996235939026 0 1.0000000180025095e-35 5.4778346966344351 116.90209583102994 112.62422041420211 0.48022222222222227 45.704953969212717 76.622426155062485 0.22007575757575762 0.44520146530287003 37.746023660788687 0.98058823529411787 0.53916666666666679 17.761495818405717 17.349959723434452 0.67055555555555568 10.645000149766956 0.12022727272727275 14.619999042996684 0.72041666666666682 0.25505555555555554 266.8464034540753 0.61033333333333351 17.436626025792446 17.349959723434452 2.4008333333333338 17.436626025792446 278.99955054364256 1.9008333333333336
decision_type=2 1 2 2 2 2 2 2 2 2 2 2 2 2 2 2 2 2 2 2 2 2 2 2 2 2 2 2 2 2
left_child=1 2 7 4 5 -4 -6 9 12 11 -11 -1 -9 -10 23 16 -16 -3 22 -20 -18 -19 -5 24 25 -2 29 28 -17 -25
right_child=14 17 3 18 6 -7 -8 8 13 10 -12 -13 -14 -15 15 27 20 21 19 -21 -22 -23 -24 26 -26 -27 -28 -29 -30 -31
leaf_value=-5.4306540660660962 2.3799161898957299 -1.0542047157404004 2.4932420125048429 2.7412088740392475 2.5818546614934972 -3.1681907270103413 9.412080512446515 -2.5599425982328934 -0.95248001833617679 0.38643692535917273 36.241849058595442 4.4841392645092242 -8.8213027264875006 1.4514138499970657 0.7287992880561136 7.0652993126667063 25.983753327869234 15.157892880806555 -0.42376584966528913 0.515797668627895 9.3893235279321683 1.4122201708430921 -0.47806559222998812 0.47448812345187408 20.23195628310695 -20.158018752388333 5.1826706958517219 2.5672373116594676 -7.5219077777862555 -5.0886718929381596
leaf_weight=1669 3513 25164 1942 1356 926 662 509 1823 10067 8616 209 524 1151 4144 87 45 20 25 19878 9583 159 734 670 3310 32 68 198 7080 95 125
leaf_count=1669 3513 25164 1942 1356 926 662 509 1823 10067 8616 209 524 1151 4144 87 45 20 25 19878 9583 159 734 670 3310 32 68 198 7080 95 125
internal_value=0.000710895 -0.328158 -0.0678397 0.277417 2.45975 1.0533 5.00943 -0.502738 -1.07093 0.383492 1.2396 -3.06063 -4.98537 -0.251439 2.00194 2.65709 7.91047 -0.968098 -0.00259124 -0.11814 11.3775 1.88433 1.67688 1.32482 2.11394 1.94643 0.539683 2.46247 -2.81627 0.270621
internal_weight=104384 89652 63729 35526 4039 2604 1435 28203 17185 11018 8825 2193 2974 14211 14732 7486 266 25923 31487 29461 179 759 2026 7246 3613 3581 3633 7220 140 3435
internal_count=104384 89652 63729 35526 4039 2604 1435 28203 17185 11018 8825 2193 2974 14211 14732 7486 266 25923 31487 29461 179 759 2026 7246 3613 3581 3633 7220 140 3435
cat_boundaries=0 1
cat_threshold=2
is_linear=0
shrinkage=0.05


Tree=77
num_leaves=31
num_cat=0
split_feature=0 2 0 3 1 4 4 1 4 3 0 3 4 3 0 3 1 1 4 2 3 3 1 3 1 3 3 1 3 1
split_gain=2.48101e+07 1.49281e+07 1.23579e+07 5.3223e+06 5.36228e+06 4.71662e+06 3.0035e+07 8.08148e+07 1.36041e+07 2.02987e+07 8.41605e+06 4.8977e+06 4.21173e+06 3.61685e+06 2.62389e+06 2.35787e+06 1.99862e+06 1.77166e+06 1.56951e+06 1.57808e+06 1.3977e+06 1.25531e+06 1.29891e+06 1.2742e+06 3.91073e+06 1.62068e+06 1.16082e+06 1.13436e+06 1.89829e+06 1.08569e+06
threshold=15.879962886695862 7.3310961961746228 10.645000149766956 1.0803703703703706 15.279964382118226 19.020390382422935 20.876902363572629 0.019999953988310573 18.763233794326226 0.76060606060606073 0.26004182463998643 0.73960784313725503 248.50768118551136 0.98058823529411787 19.239955272384645 3.4850000000000008 19.099955547164921 12.03997201248932 189.73420378078126 5.5265500000000012 2.8875000000000006 0.1801515151515152 15.139965027656556 0.26863636363636373 17.349959723434452 0.60083333333333344 2.8875000000000006 11.359973712899027 1.7008333333333336 20.049953179412842
decision_type=2 10 2 2 2 2 2 2 2 2 2 2 2 2 2 2 2 2 2 8 2 2 2 2 2 2 2 2 2 2
left_child=1 18 5 4 12 8 7 -7 10 -10 -3 -8 -4 -6 21 17 20 -5 -1 27 -16 -2 -23 24 -24 -25 29 -20 -29 -18
right_child=14 2 3 15 13 6 11 -9 9 -11 -12 -13 -14 -15 16 -17 26 -19 19 -21 -22 22 23 25 -26 -27 -28 28 -30 -31
leaf_value=-1.4489090854101654 3.2373010090370151 2.3448487930356072 1.7318046992572538 6.0832840245484601 -4.4563961193155661 29.486387050824291 0.02553221495889223 -0.29947220877007141 -2.7742367202878575 -29.801723801930748 -2.2689331295902284 -1.0274307540312779 -0.012538316764806859 10.197183616850111 4.1189892332264444 12.699866611997962 1.6763096767372128 2.2827214211601699 -0.54400322650796096 -10.888062781019817 -4.1984938270999832 4.3119887771501819 -0.065610360387141548 2.2976301122217033 -16.514681934557462 0.7531962599808274 12.950514655113219 -1.7851128653676793 -6.0994612425465089 5.1670681380377665
leaf_weight=16931 808 1303 7292 336 669 311 26170 843 206 104 4084 19105 6585 44 2077 58 3340 3462 404 62 51 318 736 2515 37 5234 23 586 452 238
leaf_count=16931 808 1303 7292 336 669 311 26170 843 206 104 4084 19105 6585 44 2077 58 3340 3462 404 62 51 318 736 2515 37 5234 23 586 452 238
internal_value=0.000720997 -0.319684 0.0112754 1.12349 0.686763 -0.382321 -0.215699 7.74631 -1.73997 -11.9082 -1.15273 -0.418807 0.904127 -3.53909 1.85523 2.77533 2.70283 2.62046 -1.58658 -3.13435 3.91777 1.35169 1.17899 1.06159 -0.873279 1.25469 1.98398 -2.79366 -3.66788 1.90989
internal_weight=104384 89007 70572 18446 14590 52126 46429 1154 5697 310 5387 45275 13877 713 15377 3856 5729 3798 18435 1504 2128 9648 8840 8522 773 7749 3601 1442 1038 3578
internal_count=104384 89007 70572 18446 14590 52126 46429 1154 5697 310 5387 45275 13877 713 15377 3856 5729 3798 18435 1504 2128 9648 8840 8522 773 7749 3601 1442 1038 3578
is_linear=0
shrinkage=0.05


Tree=78
num_leaves=31
num_cat=0
split_feature=0 0 4 1 3 4 4 0 0 4 4 1 3 3 1 3 1 0 3 4 4 4 0 3 3 4 1 1 4 0
split_gain=2.24788e+07 4.55403e+06 4.42784e+06 4.21567e+06 3.54123e+06 8.41927e+06 1.11218e+07 7.39606e+06 7.02363e+06 5.05979e+06 3.20906e+06 7.27776e+06 7.02419e+06 5.22874e+06 4.94266e+06 2.92268e+06 2.80318e+06 2.76936e+06 2.40456e+06 2.09073e+06 7.65367e+07 5.53761e+06 1.84005e+06 1.82759e+06 1.68762e+06 2.29012e+06 1.66059e+06 1.39942e+06 2.39903e+06 1.33713e+06
threshold=14.859965577217103 17.761495818405717 7.3565387915560505 13.939961554808542 1.4384523809523813 82.341677575627799 73.493986445789304 0.23999945136201387 0.12020767567534978 199.80677468231644 275.50993669654093 17.349959723434452 0.57527777777777789 0.91977777777777792 17.349959723434452 0.020833333333333339 17.349959723434452 10.220005861970135 0.67055555555555568 20.876902363572629 20.682779021084816 33.920180761862021 17.319960113349918 0.73083333333333356 0.97068181818181831 263.05597234752685 14.508299969323479 17.436626025792446 278.99955054364256 17.999958659530645
decision_type=2 2 2 2 2 2 2 2 2 2 2 2 2 2 2 2 2 2 2 2 2 2 2 2 2 2 2 2 2 2
left_child=2 3 -1 24 15 6 17 -8 9 -7 13 22 -13 14 -5 -4 18 -6 -3 20 -17 -21 -12 -20 25 -2 -10 28 -18 -29
right_child=1 16 4 10 5 8 7 -9 26 -11 11 12 -14 -15 -16 19 27 -19 23 21 -22 -23 -24 -25 -26 -27 -28 29 -30 -31
leaf_value=-1.582291065286046 9.5935831816529138 0.61232218845324093 -5.0752315767074165 0.85122693214907619 -2.1949975345075781 6.1623160062290054 -10.667962269618918 -1.8425946352244673 -0.36694177660220278 -2.1982277302517264 2.1385250528081765 -21.444253270120335 1.0502775671675399 -1.7561089457842531 18.270404637034346 -0.78331075773922887 6.7027238015506576 1.0364594701019627 22.833274230957031 -1.996799777916326 22.543473071257274 -0.050431044864392809 -2.196704360730946 8.5542246720697985 15.782641831806728 -5.4616824711693663 -3.4075280707008448 8.8814449572872807 -7.1929772924135129 2.2510768954792595
leaf_weight=7028 85 87 295 6108 2810 703 631 381 6063 243 5682 65 73 2469 40 5042 45 867 26 3923 377 53184 255 153 55 35 484 76 95 7004
leaf_count=7028 85 87 295 6108 2810 703 631 381 6063 243 5682 65 73 2469 40 5042 45 867 26 3923 377 53184 255 153 55 35 484 76 95 7004
internal_value=0.00069317 1.40625 -0.382327 0.89973 -0.269867 -1.05002 -2.71141 -7.35047 -0.0101265 4.01468 0.807522 1.6875 -9.62299 0.187009 0.967513 -0.118568 2.41194 -1.43298 7.44473 -0.0951017 0.843393 -0.184171 1.95198 10.7436 8.59236 5.19358 -0.59221 2.22552 -2.71061 2.3235
internal_weight=104384 22353 82031 14867 75003 12182 4689 1012 7493 946 14692 6075 138 8617 6148 62821 7486 3677 266 62526 5419 57107 5937 179 175 120 6547 7220 140 7080
internal_count=104384 22353 82031 14867 75003 12182 4689 1012 7493 946 14692 6075 138 8617 6148 62821 7486 3677 266 62526 5419 57107 5937 179 175 120 6547 7220 140 7080
is_linear=0
shrinkage=0.05


Tree=79
num_leaves=31
num_cat=1
split_feature=0 2 0 3 1 5 1 0 3 3 1 0 1 3 3 0 1 1 0 3 1 0 0 3 1 3 0 3 1 1
split_gain=2.04063e+07 1.32654e+07 1.11315e+07 6.59678e+06 4.86528e+06 4.2733e+06 3.17831e+06 7.52686e+06 4.43995e+06 2.45616e+06 2.33063e+06 2.01469e+06 2.49077e+06 1.69733e+06 1.51312e+06 1.70042e+06 1.3402e+06 1.93599e+06 1.95421e+06 1.21285e+06 2.20786e+06 3.28185e+06 3.05227e+06 2.33134e+06 1.71687e+06 1.39911e+06 5.15181e+06 2.65456e+06 1.95641e+06 1.85189e+06
threshold=15.97996235939026 7.2949045658111578 13.038104330365876 0.3467424242424243 12.959969866744816 0 1.0000000180025095e-35 4.5999893229560858 0.2267592592592593 3.2641666666666671 14.908292382318857 19.35995519575501 18.939956020095828 0.12022727272727275 2.3208333333333337 7.5068733161599308 14.059955358937602 0.35999917323786407 5.4778346966344351 0.69937500000000019 18.469956969055179 17.999958659530645 18.579957362258916 2.3608333333333338 18.17995724693299 0.53015151515151526 17.319960113349918 0.58083333333333353 17.436626025792446 17.699958294967654
decision_type=2 10 2 2 2 1 2 2 2 2 2 2 2 2 2 2 2 2 2 2 2 2 2 2 2 2 2 2 2 2
left_child=1 16 5 4 -4 6 8 -8 -3 10 -5 19 -13 -6 15 -7 17 -1 -19 25 21 23 -22 -21 -23 26 -2 28 -27 -28
right_child=11 2 3 9 13 14 7 -9 -10 -11 -12 12 -14 -15 -16 -17 -18 18 -20 20 22 24 -24 -25 -26 27 29 -29 -30 -31
leaf_value=-1.7914729774678275 2.1463819347820965 -1.3939832213910022 4.4726100901525321 2.3233852615821271 1.2386162506627088 -0.93947657835492349 2.9877750925193216 -0.10163280404145024 0.15286713695923981 9.932971081584693 0.52727679250537574 4.6465792541542719 1.9579839336821498 -1.3769488417425164 -3.1011501197931786 0.24007118697110197 -2.0877867242229033 2.0881804469834964 -0.84331725977090854 0.060981574536166587 -12.827641009822969 5.6990710909332201 -0.97151740867075986 5.4113359412250173 0.27182985470643861 3.9939964242600192 -4.8273220094270757 1.6359272649242476 10.955924865929287 1.7329590273062916
leaf_weight=6161 2817 6170 472 7559 763 18690 2856 6361 18685 95 2374 1074 4357 3299 703 3652 6262 642 4908 3083 61 510 438 217 204 315 411 951 149 145
leaf_count=6161 2817 6170 472 7559 763 18690 2856 6361 18685 95 2374 1074 4357 3299 703 3652 6262 642 4908 3083 61 510 438 217 204 315 411 951 149 145
internal_value=0.000686794 -0.282709 0.0218509 1.25582 -0.326808 -0.292768 0.0629145 0.855878 -0.231163 1.97135 1.89421 1.7252 2.49042 -0.88546 -0.818623 -0.746667 -1.49727 -1.18137 -0.503898 1.27816 0.689828 1.07988 -2.44363 0.414342 4.15099 1.83244 1.2782 3.15177 6.24838 -3.11641
internal_weight=104384 89652 71679 14562 4534 57117 34072 9217 24855 10028 9933 14732 5431 4062 23045 22342 17973 11711 5550 9301 4513 4014 499 3300 714 4788 3373 1415 464 556
internal_count=104384 89652 71679 14562 4534 57117 34072 9217 24855 10028 9933 14732 5431 4062 23045 22342 17973 11711 5550 9301 4513 4014 499 3300 714 4788 3373 1415 464 556
cat_boundaries=0 1
cat_threshold=2
is_linear=0
shrinkage=0.05


Tree=80
num_leaves=31
num_cat=0
split_feature=0 0 1 4 4 4 4 3 3 4 3 3 3 4 3 0 4 1 3 3 1 1 3 4 3 3 4 4 1 4
split_gain=1.84571e+07 3.68024e+06 3.74558e+06 3.6497e+06 3.45426e+06 1.35389e+07 1.2198e+07 7.72002e+06 1.07825e+07 9.71974e+06 8.85402e+06 7.1005e+06 6.83635e+06 3.41822e+06 4.41992e+06 3.48069e+06 2.808e+06 6.42067e+06 6.23304e+06 4.65665e+06 4.29472e+06 2.5457e+06 2.04259e+06 1.72602e+06 1.70484e+06 1.52564e+06 2.07214e+06 1.42e+06 1.22924e+06 2.14117e+06
threshold=14.859965577217103 17.761495818405717 13.939961554808542 7.3565387915560505 41.953151611830769 76.622426155062485 73.493986445789304 0.077500000000000013 0.20062500000000003 37.746023660788687 0.33992424242424252 0.98058823529411787 0.42006172839506178 193.30658157425756 0.53916666666666679 0.06023571162254697 275.50993669654093 17.349959723434452 0.57527777777777789 0.91977777777777792 17.349959723434452 17.349959723434452 0.67055555555555568 279.0016283573446 0.72041666666666682 0.97068181818181831 263.05597234752685 26.695935969762441 17.436626025792446 278.99955054364256
decision_type=2 2 2 2 2 2 2 2 2 2 2 2 2 2 2 2 2 2 2 2 2 2 2 2 2 2 2 2 2 2
left_child=3 2 25 -1 7 6 12 27 9 -9 -10 -8 -6 14 -7 -15 19 23 -19 20 -4 22 -3 -18 -24 26 -2 -5 29 -23
right_child=1 21 16 4 5 13 11 8 10 -11 -12 -13 -14 15 -16 -17 17 18 -20 -21 -22 28 24 -25 -26 -27 -28 -29 -30 -31
leaf_value=-1.435835197830944 9.0254548961478616 0.67572181734171788 0.77977920228762665 -1.3574737302369853 -3.7472339322398707 -0.22335415110901682 -1.8705864904274621 -4.9428835796284263 2.532882708402667 3.4250080624243218 -0.040120779950604091 -8.4730193824188618 -0.572606667804892 -3.8663871631891 1.1459280114382449 -0.43163978159582189 2.0196057567476369 -20.204039731459186 0.98589377686784074 -1.6821330143715205 17.017097536412681 6.2685519386827941 23.509819481259299 -1.5584602583928193 8.1809509059488779 14.905626619202753 -5.2940736206372581 8.3514428435881136 2.0925762374000461 -6.8595507395267497
leaf_weight=7028 85 87 6108 42 2203 14493 670 1688 4287 436 15179 1040 7357 771 9931 16563 5579 65 73 2469 40 45 20 358 159 55 35 343 7080 95
leaf_count=7028 85 87 6108 42 2203 14493 670 1688 4287 436 15179 1040 7357 771 9931 16563 5579 65 73 2469 40 45 20 358 159 55 35 343 7080 95
internal_value=0.000667902 1.2743 0.818955 -0.346402 -0.244301 -0.462732 -2.00051 0.282794 0.15748 -3.22437 0.526633 -5.88871 -1.30448 -0.0476658 0.333431 -0.584629 0.732043 1.5552 -9.06838 0.151602 0.888173 2.17838 6.97428 1.80362 10.0148 8.06999 4.83965 7.2915 2.00074 -2.62524
internal_weight=104384 22353 14867 82031 75003 53028 11270 21975 21590 2124 19466 1710 9560 41758 24424 17334 14692 6075 138 8617 6148 7486 266 5937 179 175 120 385 7220 140
internal_count=104384 22353 14867 82031 75003 53028 11270 21975 21590 2124 19466 1710 9560 41758 24424 17334 14692 6075 138 8617 6148 7486 266 5937 179 175 120 385 7220 140
is_linear=0
shrinkage=0.05


Tree=81
num_leaves=31
num_cat=1
split_feature=2 0 3 5 3 1 3 1 0 3 3 3 3 0 0 3 1 0 2 2 3 0 1 1 1 0 1 3 3 1
split_gain=1.7645e+07 2.04875e+07 5.27597e+06 4.26406e+06 3.77507e+06 3.26715e+06 4.02858e+06 3.14506e+06 6.44615e+06 1.12711e+07 5.19666e+06 4.07756e+06 4.26146e+06 2.52796e+06 2.58073e+06 2.36764e+06 2.03503e+06 1.96472e+06 1.94246e+06 2.18582e+06 2.28965e+06 1.82892e+06 1.62277e+06 1.54578e+06 1.50256e+06 1.69787e+06 1.58969e+06 1.48087e+06 2.89945e+06 2.13388e+06
threshold=7.4111087799072273 13.739968146217349 0.33992424242424252 0 0.13015151515151518 14.389960498682644 1.5808333333333338 1.0000000180025095e-35 4.5999893229560858 0.52044444444444449 0.42006172839506178 2.7958333333333338 0.2267592592592593 16.339962500259404 17.119960333755497 0.69937500000000019 17.436626025792446 14.539561841274361 7.3940989494323732 7.334843802452089 0.4400617283950618 9.1616146857637091 9.1099751930655923 12.826637157221478 9.4199780113872613 10.220005861970135 12.239971727681185 1.4008333333333336 0.64015151515151525 0.019999953988310573
decision_type=10 2 2 1 2 2 2 2 2 2 2 2 2 2 2 2 2 2 8 10 2 2 2 2 2 2 2 2 2 2
left_child=18 3 4 7 -3 6 23 11 9 -9 -10 12 -2 -6 -15 16 -7 -17 19 -1 -21 -20 -22 -4 -23 -26 -27 28 -5 -29
right_child=1 2 5 27 13 15 -8 8 10 -11 -12 -13 -14 14 -16 17 -18 -19 21 20 22 24 -24 -25 25 26 -28 29 -30 -31
leaf_value=-1.3643579221867714 -1.3035394842166106 2.8655218470759611 12.465596926689148 -1.2516562742753206 -1.3904779982276716 1.6706489907198823 8.3865556159882537 1.1411090216096051 1.4180503384634675 8.6168167172240189 -0.91941180021431868 -10.332709420522056 0.21289049700310378 3.0743396965829026 -0.86080980440915045 -4.2456317975833304 3.5421286803225658 1.2053380469194384 -6.699365304311117 -1.1905844200864537 11.05950659463371 10.979281319427491 2.5683982299893904 2.562541753326419 -15.101900374672631 2.4611659102313288 -11.043078955389836 -6.9259102634288556 0.13697771344364437 -1.2737310715610712
leaf_weight=18726 6170 1023 39 7007 2883 4061 345 2203 4371 653 5212 98 18587 811 855 167 2264 10481 317 436 68 24 311 3030 21 112 26 171 8108 5804
leaf_count=18726 6170 1023 39 7007 2883 4061 345 2203 4371 653 5212 98 18587 811 855 167 2264 10481 317 436 68 24 311 3030 21 112 26 171 8108 5804
internal_value=0.00065288 0.317539 1.48618 -0.202086 0.122674 1.85882 3.27012 0.119248 0.768266 2.85279 0.146788 -0.205579 -0.165075 -0.494643 1.05549 1.57477 2.34099 1.11946 -1.33292 -1.25403 1.27961 -4.4076 4.11698 2.69241 -0.42286 -2.20183 -0.144219 -0.770287 -0.506804 -1.43662
internal_weight=104384 84343 25959 58384 5572 20387 3414 37294 12439 2856 9583 24855 24757 4549 1666 16973 6325 10648 20041 19541 815 500 379 3069 183 159 138 21090 15115 5975
internal_count=104384 84343 25959 58384 5572 20387 3414 37294 12439 2856 9583 24855 24757 4549 1666 16973 6325 10648 20041 19541 815 500 379 3069 183 159 138 21090 15115 5975
cat_boundaries=0 1
cat_threshold=2
is_linear=0
shrinkage=0.05


Tree=82
num_leaves=31
num_cat=1
split_feature=0 1 1 4 4 3 1 4 3 4 4 4 0 4 4 4 3 3 5 4 4 3 3 0 1 1 4 3 3 1
split_gain=1.50637e+07 3.84132e+06 6.09372e+06 3.50078e+06 2.49457e+07 7.85124e+07 2.2025e+08 1.51506e+07 1.77375e+07 1.27819e+07 4.91044e+06 7.45504e+06 3.61551e+06 1.60803e+07 1.33381e+07 2.79677e+06 1.93175e+06 1.90704e+06 1.8846e+06 1.88368e+06 1.97029e+06 1.8294e+06 2.31121e+06 1.6298e+06 2.22606e+06 1.2896e+06 1.23628e+06 1.37591e+06 1.24626e+06 1.19132e+06
threshold=15.97996235939026 0.79999816532109491 3.7799912001055689 19.020390382422935 20.876902363572629 0.75023809523809526 0.019999953988310573 18.763233794326226 0.77023809523809539 20.682779021084816 33.920180761862021 41.953151611830769 0.26004182463998643 18.762557873974824 17.963562687527723 26.695935969762441 0.25505555555555554 3.7808333333333337 0 275.50993669654093 106.93991843328517 0.12022727272727275 0.020833333333333339 19.35995519575501 18.939956020095828 15.279964382118226 257.29026212764853 1.5401190476190478 0.46696969696969709 18.009958560455328
decision_type=2 2 2 2 2 2 2 2 2 2 2 2 2 2 2 2 2 2 1 2 2 2 2 2 2 2 2 2 2 2
left_child=1 3 18 7 5 9 -7 12 16 -5 15 -12 14 -14 -1 -6 -9 21 19 20 -3 22 -4 -2 26 -23 28 29 -25 -28
right_child=23 2 17 4 10 6 -8 8 -10 -11 11 -13 13 -15 -16 -17 -18 -19 -20 -21 -22 25 -24 24 -26 -27 27 -29 -30 -31
leaf_value=-2.1219073782011795 1.0802326251125298 2.7982935821751083 -4.6339064185627521 -0.89633941459655775 -0.88832469539435976 56.384579154786458 -0.2908931839518909 -8.0209838785818963 -29.573314095676537 -33.868953720092769 0.76280944102540149 -0.81620557032558727 -1.1729313752950614 -15.139471767463597 6.1969759492460561 -4.351111149058462 2.0823044046901522 6.9046451797008519 -0.53773514037275139 -4.6297305433628919 6.9796306622790301 -0.021673715641480212 1.8920050266903972 -3.9489237655126135 1.6672551834730205 -1.3503979970639788 -5.072687389351227 -4.3000938519153555 7.5133019378103576 4.1772783224463303
leaf_weight=1398 9301 678 145 39 1080 218 789 108 100 119 10105 28714 6364 212 734 1268 83 99 266 58 484 32731 1927 25 4357 1933 36 58 320 635
leaf_count=1398 9301 678 145 39 1080 218 789 108 100 119 10105 28714 6364 212 734 1268 83 99 266 58 484 32731 1927 25 4357 1933 36 58 320 635
internal_value=0.000625253 -0.242863 0.135928 -0.525646 -0.335246 6.87674 12.0222 -1.42116 -12.6242 -25.787 -0.539502 -0.405162 -1.04538 -1.62543 0.743659 -2.75941 -3.64255 0.00924628 3.27399 4.10484 4.54443 -0.00952346 1.4333 1.4823 2.17053 -0.0958055 4.20878 3.03472 6.67368 3.67419
internal_weight=104384 89652 38321 51331 42332 1165 1007 8999 291 158 41167 38819 8708 6576 2132 2348 191 36835 1486 1220 1162 36736 2072 14732 5431 34664 1074 729 345 671
internal_count=104384 89652 38321 51331 42332 1165 1007 8999 291 158 41167 38819 8708 6576 2132 2348 191 36835 1486 1220 1162 36736 2072 14732 5431 34664 1074 729 345 671
cat_boundaries=0 1
cat_threshold=2
is_linear=0
shrinkage=0.05


Tree=83
num_leaves=31
num_cat=0
split_feature=2 0 3 4 3 4 4 2 4 0 4 3 0 3 4 4 3 4 3 3 4 4 0 4 0 0 3 3 4 2
split_gain=1.5563e+07 1.73746e+07 4.80931e+06 4.73414e+06 3.19798e+06 1.20519e+07 8.54915e+06 7.65428e+06 4.8251e+06 4.42736e+06 4.0137e+06 5.95495e+06 1.03977e+07 5.55495e+06 2.55956e+07 8.89524e+06 4.69968e+06 3.3513e+06 3.10851e+06 2.85304e+06 3.17661e+06 2.93991e+06 2.72435e+06 2.47904e+06 3.5573e+06 1.91153e+06 2.65678e+06 2.0773e+06 1.90314e+06 1.74876e+06
threshold=7.4111087799072273 13.038104330365876 0.34007575757575764 178.95663949190643 1.3175000000000003 82.341677575627799 73.493986445789304 7.5000060558319097 172.48958797418496 2.4516427825716445 178.95663949190643 0.31933333333333336 11.799972907264712 0.61033333333333351 20.876902363572629 172.00503490767841 0.97970588235294132 236.96908857027941 1.7608333333333337 0.19962121212121217 278.63826055011754 47.066815625294744 18.742363650087714 264.84630576242739 14.899965551673892 18.742363650087714 3.4850000000000008 1.3802380952380955 56.279287858403407 7.3940989494323732
decision_type=10 2 2 2 2 2 2 10 2 2 2 2 2 2 2 2 2 2 2 2 2 2 2 2 2 2 2 2 2 8
left_child=29 4 19 18 10 6 28 8 -7 -8 13 12 -12 15 -15 -2 -13 -9 -4 23 21 -21 -20 -3 -25 26 -5 -27 -6 -1
right_child=1 2 3 25 5 7 9 17 -10 -11 11 16 -14 14 -16 -17 -18 -19 22 20 -22 -23 -24 24 -26 27 -28 -29 -30 -31
leaf_value=-1.1769870461087579 -0.49816645154227618 2.5854039858910354 2.7699805638510577 0.89678105517477735 -0.73971592534824304 5.2502207972501598 -8.2166721657961439 -4.7757234595215037 0.061756233811402987 3.5710624388131231 -3.1105090636024446 -3.223481850724069 5.4730480577797618 8.701593003571773 0.33384001541950875 2.7014089820103635 -0.29481582322267136 -0.24036141439246533 11.840889010009526 6.7757920345817642 1.3073316270523645 -2.0977202451895303 -5.447238000940394 -2.5175337740301034 2.3840014818038444 2.6263383430056724 11.110187548324467 -0.28123119162233623 -3.1400825601856179 -4.1691934345183732
leaf_weight=19541 25220 1658 4689 12795 1833 1093 882 466 759 87 626 3021 806 1007 9788 2376 2506 3188 158 96 1240 2503 26 791 694 3734 63 735 1503 500
leaf_count=19541 25220 1658 4689 12795 1833 1093 882 466 759 87 626 3021 806 1007 9788 2376 2506 3188 158 96 1240 2503 26 791 694 3734 63 735 1503 500
internal_value=0.000582842 0.298187 1.28481 1.64477 -0.223783 -1.04224 -3.02378 0.507335 3.12503 -7.15574 -0.0466989 -1.15144 1.72118 0.153578 1.11515 -0.222597 -1.89589 -0.819913 3.02151 0.140218 -0.774227 -1.76747 9.38173 1.25705 -0.226784 1.25742 0.947684 2.14818 -1.82179 -1.25184
internal_weight=104384 84343 29182 22200 55161 9811 4305 5506 1852 969 45350 6959 1432 38391 10795 27596 5527 3654 4873 6982 3839 2599 184 3143 1485 17327 12858 4469 3336 20041
internal_count=104384 84343 29182 22200 55161 9811 4305 5506 1852 969 45350 6959 1432 38391 10795 27596 5527 3654 4873 6982 3839 2599 184 3143 1485 17327 12858 4469 3336 20041
is_linear=0
shrinkage=0.05


Tree=84
num_leaves=31
num_cat=0
split_feature=0 1 0 4 4 0 1 3 4 3 4 3 4 4 4 4 4 4 0 1 1 0 4 4 3 3 4 1 3 1
split_gain=1.23261e+07 2.93474e+06 2.81891e+06 2.63535e+06 1.61542e+07 5.94724e+07 1.62159e+08 1.0361e+08 1.04838e+07 1.4629e+07 9.34798e+06 3.9028e+06 5.29236e+06 1.1232e+07 6.61687e+06 4.41315e+06 8.23383e+06 3.46957e+06 3.27452e+06 2.56251e+06 2.3743e+06 2.31875e+06 1.54225e+07 1.22717e+07 1.45737e+07 3.20951e+06 2.1816e+06 5.80307e+06 5.83322e+06 3.96531e+06
threshold=14.859965577217103 13.659968197303774 17.761495818405717 19.020390382422935 20.876902363572629 0.14001774458882627 1.0000000180025095e-35 0.76060606060606073 18.763233794326226 0.76060606060606073 20.682779021084816 0.73960784313725503 79.705660969726708 72.667141910237405 123.50874130301567 33.920180761862021 36.972016444086492 26.695935969762441 0.47463794734305109 0.044999874682521743 17.349959723434452 0.26004182463998643 18.762557873974824 17.963562687527723 0.23990740740740746 0.42006172839506178 275.50993669654093 17.349959723434452 0.88068627450980408 17.349959723434452
decision_type=2 2 2 2 2 2 2 2 2 2 2 2 2 2 2 2 2 2 2 2 2 2 2 2 2 2 2 2 2 2
left_child=3 -2 26 8 5 10 7 -7 21 19 -5 15 13 -13 -14 17 -17 -6 -11 -10 -4 23 -23 -1 -25 -24 29 -28 -29 -3
right_child=1 2 20 4 11 6 -8 -9 9 18 -12 12 14 -15 -16 16 -18 -19 -20 -21 -22 22 25 24 -26 -27 27 28 -30 -31
leaf_value=-1.9854679520326994 8.87301967640885 0.013088558986229404 6.420800845926621 0.15712310342788699 -0.31153403106347599 -21.557862035011762 -0.36804759624454486 59.675891880733211 -4.7829137397589898 -27.485274603101942 -34.55117245966845 -0.83142461341422713 2.1541542742504025 -4.9082600247179586 -0.56027602033307955 2.3781097895634025 -0.063295155824188584 -3.9248107238945007 -5.0171303894406281 8.3029804198285362 1.6181097958073238 -0.74642643102107542 -4.4731972541183715 -14.768578801907992 8.3606034602661516 -18.209663524199154 1.5580597567183352 -13.251587666568595 14.364758363806684 15.413783602941605
leaf_weight=1398 118 8612 266 24 1511 48 1061 204 183 98 100 10150 2637 2026 15073 3862 32580 1185 20 46 7220 8877 60 75 661 152 5958 116 22 41
leaf_count=1398 118 8612 266 24 1511 48 1061 204 183 98 100 10150 2637 2026 15073 3862 32580 1185 20 46 7220 8877 60 75 661 152 5958 116 22 41
internal_value=0.000567344 1.04139 0.999428 -0.28306 -0.168213 5.07692 8.20879 44.1787 -0.982398 -9.52938 -27.8859 -0.277483 -0.707725 -1.51013 -0.156001 0.0510626 0.195495 -1.90058 -23.7513 -2.12961 1.7896 -0.717311 -1.06554 0.765634 5.98684 -14.3613 0.598275 1.32269 -8.77728 0.087834
internal_weight=104384 22353 22235 82031 70461 1437 1313 252 11570 347 124 69024 29886 12176 17710 39138 36442 2696 118 229 7486 11223 9089 2134 736 212 14749 6096 138 8653
internal_count=104384 22353 22235 82031 70461 1437 1313 252 11570 347 124 69024 29886 12176 17710 39138 36442 2696 118 229 7486 11223 9089 2134 736 212 14749 6096 138 8653
is_linear=0
shrinkage=0.05


Tree=85
num_leaves=31
num_cat=0
split_feature=2 0 3 4 4 4 0 0 4 3 0 4 3 3 4 4 3 3 4 4 0 4 0 3 3 4 0 3 3 2
split_gain=1.3727e+07 1.49626e+07 4.21116e+06 4.34357e+06 3.28564e+06 2.01135e+07 6.4244e+07 1.47772e+08 1.04324e+07 1.58418e+07 5.45578e+06 1.28296e+07 1.01593e+07 3.76634e+06 5.30025e+06 3.92686e+06 2.82349e+06 2.59091e+06 2.79034e+06 2.652e+06 2.58685e+06 2.30139e+06 2.84611e+06 2.29055e+06 2.15064e+06 2.12038e+06 1.58076e+06 2.39883e+06 1.87485e+06 1.47764e+06
threshold=7.2949045658111578 13.038104330365876 0.34007575757575764 178.95663949190643 19.020390382422935 20.876902363572629 0.14001774458882627 0.35274331010320692 18.763233794326226 0.76060606060606073 0.26004182463998643 18.762557873974824 0.36071428571428582 0.73960784313725503 82.341677575627799 33.920180761862021 1.7608333333333337 0.19962121212121217 278.63826055011754 47.066815625294744 15.290764050833879 278.83075392663449 14.659966075691225 0.13969696969696974 0.29527777777777781 19.020390382422935 18.742363650087714 3.4850000000000008 1.3802380952380955 4.6196500000000009
decision_type=10 2 2 2 2 2 2 2 2 2 2 2 2 2 2 2 2 2 2 2 2 2 2 2 2 2 2 2 2 10
left_child=25 4 17 16 8 6 -6 -8 10 24 12 -12 -2 15 -15 -7 -4 21 19 -19 -18 23 -23 -3 -10 -1 27 -5 -28 -27
right_child=1 2 3 26 5 13 7 -9 9 -11 11 -13 -14 14 -16 -17 20 18 -20 -21 -22 22 -24 -25 -26 29 28 -29 -30 -31
leaf_value=-0.48749164042743937 -1.723107828615887 3.6960682377628915 2.5999076907863894 0.8198405118745381 -29.402902230288074 -2.001791392505087 43.481891360508172 -0.32571334246808115 -4.7534737492763632 -26.042182585580008 -1.0634747570234171 -13.64852385350796 7.2084827516099681 -1.6017098491868655 0.0003791511826142025 0.29304382817182389 15.682003330901267 6.4248936392105733 1.1925096311507257 -2.002956572567669 3.6995131911646646 -3.0494292667076479 2.2857323378283501 0.40936305297496767 7.8067415707610373 -12.912183734610162 2.414172763043219 10.524736205041409 -0.34798427329904846 -1.6080620283661347
leaf_weight=6042 763 1101 4689 12795 112 2000 253 795 164 104 4118 212 545 9648 11103 27258 79 96 1240 2503 105 585 435 1022 42 28 3734 63 735 12015
leaf_count=6042 763 1101 4689 12795 112 2000 253 795 164 104 4118 212 545 9648 11103 27258 79 96 1240 2503 105 585 435 1022 42 28 3734 63 735 12015
internal_value=0.000525302 0.263009 1.18406 1.52089 -0.207586 -0.07828 6.42773 10.2813 -1.31977 -10.2349 -0.827845 -1.68266 2.00105 -0.229318 -0.744539 0.136112 2.83962 0.113015 -0.758405 -1.6893 8.90115 1.17731 -0.774125 2.11481 -2.16729 -1.25195 1.14988 0.868206 1.95991 -1.63541
internal_weight=104384 86299 29182 22200 57117 51169 1160 1048 5948 310 5638 4330 1308 50009 20751 29258 4873 6982 3839 2599 184 3143 1020 2123 206 18085 17327 12858 4469 12043
internal_count=104384 86299 29182 22200 57117 51169 1160 1048 5948 310 5638 4330 1308 50009 20751 29258 4873 6982 3839 2599 184 3143 1020 2123 206 18085 17327 12858 4469 12043
is_linear=0
shrinkage=0.05


Tree=86
num_leaves=31
num_cat=0
split_feature=2 0 3 4 1 4 4 0 1 4 3 0 4 3 1 3 4 4 3 1 0 0 4 4 0 1 2 1 1 2
split_gain=1.23896e+07 1.35057e+07 3.80066e+06 3.92099e+06 3.33073e+06 2.9667e+06 1.81559e+07 5.80266e+07 1.62195e+08 9.4229e+06 1.43138e+07 4.92491e+06 1.15849e+07 9.32333e+06 3.60987e+06 3.39913e+06 4.78748e+06 3.54415e+06 2.55264e+06 2.43487e+06 2.18848e+06 2.43205e+06 1.91384e+06 1.73766e+06 1.52256e+06 2.96138e+06 1.33911e+06 1.31743e+06 1.11118e+06 1.8027e+06
threshold=7.2949045658111578 13.038104330365876 0.34007575757575764 178.95663949190643 12.959969866744816 19.020390382422935 20.876902363572629 0.14001774458882627 0.019999953988310573 18.763233794326226 0.76060606060606073 0.26004182463998643 18.762557873974824 0.28083333333333343 0.25999940797617699 0.73960784313725503 79.705660969726708 33.920180761862021 1.7608333333333337 15.279964382118226 16.339962500259404 17.319960113349918 19.020390382422935 50.651647877876762 13.739968146217349 14.299960682977858 4.6196500000000009 14.079967187583927 0.35999917323786407 7.2544859409332281
decision_type=10 2 2 2 2 2 2 2 2 2 2 2 2 2 2 2 2 2 2 2 2 2 2 2 2 2 10 2 2 10
left_child=22 5 4 18 -3 9 7 -7 -9 11 14 13 -13 -2 -11 17 -17 -8 -4 -20 23 -22 28 -6 -5 -26 -24 -28 -1 -30
right_child=1 2 3 24 20 6 15 8 -10 10 -12 12 -14 -15 -16 16 -18 -19 19 -21 21 -23 26 -25 25 -27 27 -29 29 -31
leaf_value=-1.0912468167029725 -2.5984508699363444 4.191096388149063 2.4699400325401335 -0.53806018687527024 5.0538043479948511 -27.945767353024106 -1.9017518393449979 48.491924860621609 -0.21285063547431352 -4.3142067402024429 -24.752474660600939 -1.0103139322825228 -12.969301472113168 5.8558579857372699 17.108795882138338 -1.5295836546296941 -0.005902788491809874 0.27839221756333676 14.423002227317083 2.9040731675354476 2.7730327846274232 -0.66968344316875783 -12.288836935306417 -0.9732388087524142 3.0447133781760174 0.97254111750866068 -1.1069979006996304 -2.1797279475639293 0.14783642868557137 13.634904110717773
leaf_weight=3251 612 465 4689 1322 122 112 2000 214 834 185 104 4118 212 696 21 9552 11199 27258 88 96 1096 963 28 4336 1965 14040 7305 4710 2767 24
leaf_count=3251 612 465 4689 1322 122 112 2000 214 834 185 104 4118 212 696 21 9552 11199 27258 88 96 1096 963 28 4336 1965 14040 7305 4710 2767 24
internal_value=0.000502672 0.249872 1.12494 1.44493 0.107429 -0.197225 -0.0743558 6.10694 9.76933 -1.25405 -9.72688 -0.786534 -1.5987 1.90121 -2.05818 -0.217855 -0.707316 0.129303 2.69786 8.46134 -0.184546 1.16332 -1.1894 -0.807202 1.09242 1.22712 -1.5537 -1.52767 -0.463121 0.268656
internal_weight=104384 86299 29182 22200 6982 57117 51169 1160 1048 5948 310 5638 4330 1308 206 50009 20751 29258 4873 184 6517 2059 18085 4458 17327 16005 12043 12015 6042 2791
internal_count=104384 86299 29182 22200 6982 57117 51169 1160 1048 5948 310 5638 4330 1308 206 50009 20751 29258 4873 184 6517 2059 18085 4458 17327 16005 12043 12015 6042 2791
is_linear=0
shrinkage=0.05


Tree=87
num_leaves=31
num_cat=2
split_feature=2 1 1 4 4 4 3 3 3 4 4 4 4 5 3 1 4 4 4 2 3 4 4 4 3 2 5 3 2 4
split_gain=1.1182e+07 1.18217e+07 3.567e+06 3.19984e+06 1.78193e+07 8.94219e+06 6.67333e+06 6.60621e+06 7.09674e+06 7.0578e+06 5.59552e+06 3.13119e+07 8.39063e+06 5.22269e+06 4.11827e+06 2.88576e+06 3.34241e+06 3.2928e+06 2.78876e+06 2.59931e+06 2.29683e+06 2.27054e+06 2.66764e+06 1.7278e+06 1.69383e+06 1.28067e+06 1.70241e+06 3.75572e+06 1.80845e+06 1.06622e+06
threshold=7.2949045658111578 0.79999816532109491 2.9599918329492101 52.689545455218465 87.141502936962553 73.493986445789304 0.35340909090909095 0.077500000000000013 0.2191666666666667 20.682779021084816 147.19915526419507 145.25178461759691 154.65435644450841 0 0.98058823529411787 11.899972057614617 38.814310056685947 175.85592669041588 59.420553629851376 7.5062054634094251 1.4008333333333336 173.65532581007514 106.93991843328517 19.020390382422935 2.0387500000000007 7.2804038047790538 1 0.82004901960784327 7.1956784248352061 26.695935969762441
decision_type=10 2 2 2 2 2 2 2 2 2 2 2 2 1 2 2 2 2 2 10 2 2 2 2 2 8 1 2 10 2
left_child=23 3 19 7 5 6 -5 -2 13 -10 11 -6 -12 -9 -7 17 29 18 -4 21 -19 22 -3 -1 -18 26 -25 28 -28 -17
right_child=1 2 15 4 10 14 -8 8 9 -11 12 -13 -14 -15 -16 16 24 20 -20 -21 -22 -23 -24 25 -26 -27 27 -29 -30 -31
leaf_value=-0.43985995624597707 7.5299999761941452 3.4814382367226346 -0.52897896987803938 -7.1815090511418136 0.58116040414656323 -2.5615068990667749 -1.1416125987992418 -4.225495775704716 -1.2569359510603706 1.065648480189741 -7.2700059636621504 22.929345734834669 -0.4183110621882839 -0.26654703984898753 -8.1827948293542772 12.236000364709783 0.86042339003195467 -1.8069852599771541 1.7441630700404176 -0.74373502353694709 1.8651580066107467 -2.3905246120091621 10.136517933171945 -1.5010000015793925 2.52943661562959 -6.1481858702240331 9.3332141393296251 22.538891320662064 -1.8810375344207864 4.592422059509075
leaf_weight=6042 297 335 2426 528 7684 471 3380 1527 4449 12344 465 159 10865 1832 1065 53 29539 2842 3038 224 500 81 275 11680 1602 144 46 21 152 318
leaf_count=6042 297 335 2426 528 7684 471 3380 1527 4449 12344 465 159 10865 1832 1065 53 29539 2842 3038 224 500 81 275 11680 1602 144 46 21 152 318
internal_value=0.000489617 0.237394 0.849185 -0.322367 -0.706353 -3.23062 -1.95928 0.139895 0.0306114 0.450283 0.0105204 1.03709 -0.700132 -2.06701 -6.46187 0.779067 1.00268 -0.0211344 0.734982 3.93458 -1.2572 5.45003 6.49337 -1.12994 0.946362 -1.47608 -1.41903 2.93963 0.758077 5.71433
internal_weight=104384 86299 41233 45066 24617 5444 3908 20449 20152 16793 19173 7843 11330 3359 1536 40318 31512 8806 5464 915 3342 691 610 18085 31141 12043 11899 219 198 371
internal_count=104384 86299 41233 45066 24617 5444 3908 20449 20152 16793 19173 7843 11330 3359 1536 40318 31512 8806 5464 915 3342 691 610 18085 31141 12043 11899 219 198 371
cat_boundaries=0 1 2
cat_threshold=2 2
is_linear=0
shrinkage=0.05


Tree=88
num_leaves=31
num_cat=0
split_feature=2 0 3 1 3 3 2 3 0 1 0 3 3 3 3 0 1 1 1 1 1 1 0 2 0 2 1 3 2 2
split_gain=1.00911e+07 1.11124e+07 3.46979e+06 3.01509e+06 3.26963e+06 2.92268e+06 2.55695e+06 2.17221e+06 2.06913e+06 1.85375e+06 4.36273e+06 9.37967e+06 4.33792e+06 2.95352e+06 3.39724e+06 1.67549e+06 1.36445e+06 1.32867e+06 1.2852e+06 1.25119e+06 1.71325e+06 1.51788e+06 2.96346e+06 2.22139e+06 1.22061e+06 1.18787e+06 1.95835e+06 1.54543e+06 1.14893e+06 1.03284e+06
threshold=7.2949045658111578 13.739968146217349 0.33992424242424252 14.389960498682644 1.5808333333333338 0.1801515151515152 7.6042065620422372 0.69937500000000019 14.011457475470676 1.0000000180025095e-35 0.20346191134857275 0.52044444444444449 0.29527777777777781 2.7958333333333338 2.3208333333333337 14.539561841274361 17.436626025792446 12.599970727989197 13.599968220170341 13.963295117490748 0.35999917323786407 10.839974905344109 10.645000149766956 5.5858000000000017 16.339962500259404 4.8553500000000005 15.139965027656556 1.0937254901960787 7.2544859409332281 5.0236500000000008
decision_type=10 2 2 2 2 2 10 2 2 2 2 2 2 2 2 2 2 2 2 2 2 2 2 10 2 10 2 2 8 8
left_child=19 6 5 4 17 8 9 16 -3 13 11 -11 -12 14 -2 -9 -5 -4 -7 20 29 22 -22 -24 -20 26 -21 -28 -23 -1
right_child=1 2 3 7 -6 18 -8 15 -10 10 12 -13 -14 -15 -16 -17 -18 -19 24 25 21 28 23 -25 -26 -27 27 -29 -30 -31
leaf_value=-0.69385935345952054 -0.26227545035733218 -2.5080233907542322 14.208753839316575 1.304914720758084 7.3575195651471281 2.4092700468734858 -0.82964783570063116 -4.2702149345122633 2.0400773355053494 0.85122602219924914 1.6808091830544762 9.579935610312635 -0.26036394798958934 -8.8591221382642047 5.0853983198121195 0.76319463306306901 2.8372840128903487 2.1369127169461906 -2.0223195630284398 -2.9604825245674959 0.83123742407425683 -0.39029173298661507 2.2965601178762074 19.814861818777548 -0.023237765371753406 -1.4039204463986013 -4.1316880893707282 -23.804195513952347 -4.8278678423558414 -1.9907876610734434
leaf_weight=3249 29581 288 22 4061 345 266 11165 167 1861 1447 3641 390 13719 98 299 10481 2264 3047 1864 543 1205 3621 36 36 1293 6292 20 20 151 2912
leaf_count=3249 29581 288 22 4061 345 266 11165 167 1861 1447 3641 390 13719 98 299 10481 2264 3047 1864 543 1205 3621 36 36 1293 6292 20 20 151 2912
internal_value=0.000490754 0.225543 1.09055 1.39274 2.74841 -0.0151831 -0.146605 1.11991 1.42967 0.0084915 0.392106 2.70856 0.146841 -0.237168 -0.208594 0.683858 1.85378 2.22805 -0.922436 -1.07338 -0.747577 -0.0647263 1.42457 11.2072 -1.20383 -1.60443 -3.76227 -14.3087 -0.56917 -1.30708
internal_weight=104384 86299 25959 20387 3414 5572 60340 16973 2149 49175 19197 1837 17360 29978 29880 10648 6325 3069 3423 18085 11210 5049 1277 72 3157 6875 583 40 3772 6161
internal_count=104384 86299 25959 20387 3414 5572 60340 16973 2149 49175 19197 1837 17360 29978 29880 10648 6325 3069 3423 18085 11210 5049 1277 72 3157 6875 583 40 3772 6161
is_linear=0
shrinkage=0.05


Tree=89
num_leaves=31
num_cat=1
split_feature=2 1 1 4 4 3 3 5 4 4 4 4 4 4 3 1 1 2 2 4 3 2 1 4 4 4 2 1 2 1
split_gain=9.10816e+06 9.68833e+06 3.18313e+06 2.91308e+06 2.13153e+07 5.99546e+06 6.23132e+06 6.51302e+06 4.92965e+06 4.91957e+06 2.80141e+07 7.61053e+06 4.6178e+06 9.303e+06 3.67739e+06 2.43981e+06 3.13758e+06 3.86049e+06 3.10338e+06 2.62039e+06 3.60884e+06 2.25655e+06 2.07559e+06 2.03169e+06 2.42639e+06 1.53187e+06 1.1663e+06 1.08887e+06 1.05602e+06 989325
threshold=7.2949045658111578 0.79999816532109491 2.9599918329492101 53.530094638705926 87.141502936962553 0.077500000000000013 0.2191666666666667 0 37.746023660788687 147.19915526419507 145.25178461759691 154.65435644450841 73.493986445789304 60.679466652429532 0.98058823529411787 10.519975712721836 8.839979524310726 7.4791815996170055 7.5324984788894662 178.95663949190643 0.5150555555555556 7.5062054634094251 17.879958365402228 173.65532581007514 106.93991843328517 19.020390382422935 4.6196500000000009 14.299966861717225 4.8186000000000009 0.35999917323786407
decision_type=10 2 2 2 2 2 2 1 2 2 2 2 2 2 2 2 2 10 10 2 2 10 2 2 2 2 10 2 10 2
left_child=25 3 21 5 12 -2 8 -8 -7 10 -6 -11 13 -5 -14 16 17 -4 -18 20 -17 23 -21 24 -3 29 -27 -28 -29 -1
right_child=1 2 15 4 9 6 7 -9 -10 11 -12 -13 14 -15 -16 19 18 -19 -20 22 -22 -23 -24 -25 -26 26 27 28 -30 -31
leaf_value=-0.96268451997536042 7.1669466556958712 3.209716110795382 4.5713755472243447 -6.1647440557880495 0.55273048157341442 -2.6298392869456255 1.413501610988418 -0.48835361618873385 3.4531686001173654 -6.9019463729346775 21.691321370720864 -0.37653524011789724 -2.4237691084082416 -0.10489754587135386 -7.7356575679848945 0.4389968576458026 -1.8486495479407186 0.080204084546656132 3.3621061514233648 0.38969631779463798 2.5444809312137409 -0.67624948894182846 1.4975964366783769 -2.3213998939351339 9.5560409266706827 -11.363736210855945 -1.0044760360893563 -5.8186952558837159 -1.8467176122753888 0.32047413210830866
leaf_weight=3251 297 335 585 1091 7684 2985 8387 9715 374 465 159 10865 471 1508 1065 3564 2822 2608 317 20341 4745 224 5336 81 275 28 8328 175 3512 2791
leaf_count=3251 297 335 585 1091 7684 2985 8387 9715 374 465 159 10865 471 1508 1065 3564 2822 2608 317 20341 4745 224 5336 81 275 28 8328 175 3512 2791
internal_value=0.000472894 0.214284 0.768127 -0.292459 -0.680846 0.123608 0.0258057 0.392841 -1.95171 0.0214145 0.983981 -0.644934 -3.93628 -2.65008 -6.10946 0.70189 -0.199194 0.904222 -1.32152 0.869774 1.64153 3.68277 0.619981 5.09476 6.08173 -1.01976 -1.34569 -1.3214 -2.03677 -0.369995
internal_weight=104384 86299 41233 45066 23308 21758 21461 18102 3359 19173 7843 11330 4135 2599 1536 40318 6332 3193 3139 33986 8309 915 25677 691 610 18085 12043 12015 3687 6042
internal_count=104384 86299 41233 45066 23308 21758 21461 18102 3359 19173 7843 11330 4135 2599 1536 40318 6332 3193 3139 33986 8309 915 25677 691 610 18085 12043 12015 3687 6042
cat_boundaries=0 1
cat_threshold=2
is_linear=0
shrinkage=0.05


Tree=90
num_leaves=31
num_cat=0
split_feature=2 1 1 4 4 4 3 3 2 4 4 1 4 4 3 1 4 3 3 2 1 2 4 1 1 2 4 4 2 2
split_gain=8.22115e+06 8.74401e+06 2.87383e+06 2.63103e+06 4.13828e+06 4.46626e+06 4.0333e+06 2.29445e+06 2.03721e+06 1.8986e+06 2.76534e+06 1.86761e+06 3.22115e+06 2.99833e+06 1.51964e+06 1.50459e+06 1.41594e+06 1.65262e+06 1.54358e+06 2.52992e+06 1.48604e+06 1.59419e+06 1.08489e+06 1.09847e+06 1.02331e+06 862293 709930 693566 879708 1.44598e+06
threshold=7.2949045658111578 0.79999816532109491 2.9599918329492101 246.27150400024991 240.72410923780095 181.04542460651254 1.2754761904761909 0.020833333333333339 7.5062054634094251 36.852335675344129 106.93991843328517 11.899972057614617 175.85592669041588 38.814310056685947 2.6408333333333336 9.1099751930655923 87.141502936962553 2.080833333333334 2.1616666666666675 5.5043500000000014 11.639973171662575 5.405450000000001 92.59150347442251 1.0000000180025095e-35 13.999955549440003 5.4564500000000011 59.420553629851376 19.020390382422935 2.7159958660602572 5.002250000000001
decision_type=10 2 2 2 2 2 2 2 10 2 2 2 2 2 2 2 2 2 2 10 2 10 2 2 2 10 2 2 10 10
left_child=16 3 8 4 5 6 -2 15 9 -3 -11 12 -9 -13 -5 -4 17 27 22 20 -20 -22 23 -18 -24 -19 -27 28 -1 -30
right_child=1 2 7 14 -6 -7 -8 11 -10 10 -12 13 -14 -15 -16 -17 18 25 19 -21 21 -23 24 -25 -26 26 -28 -29 29 -31
leaf_value=-1.7615125113280141 -0.0090739975087077516 11.148935256939311 -15.966283485889434 -1.534836226762877 2.133776372461007 -4.1467701997817619 -1.5215523315860517 0.79430413114444987 -0.64258734544648066 -0.47865749991193729 6.5129233166812313 5.3267557239532479 -1.1814857237863334 0.81090629222696009 -14.166101595560711 -2.5262924030134757 -5.0455589469377431 3.0542573321974391 1.7117888164540536 -13.658891841995306 -2.5842528452499951 -8.8367881027857464 -0.40370941332936605 -0.55258070582742091 -1.8435121480946499 0.3931016033887863 -10.345478606007315 -1.1861589250089661 1.0159049907242357 -0.76298423951166094
leaf_weight=984 34061 101 31 3327 1862 731 5062 5386 224 234 356 371 3342 31127 23 61 354 421 146 57 494 128 2834 221 2186 51 21 5221 1779 3188
leaf_count=984 34061 101 31 3327 1862 731 5062 5386 224 234 356 371 3342 31127 23 61 354 421 146 57 494 128 2834 221 2186 51 21 5221 1779 3188
internal_value=0.000452879 0.203586 0.729746 -0.277827 -0.169545 -0.277208 -0.204803 0.66681 3.49916 4.84078 3.74386 0.684929 0.0377139 0.864264 -1.62576 -7.17802 -0.968827 -0.640521 -1.56516 -3.58322 -2.81862 -3.88308 -1.267 -3.32266 -1.03093 2.18975 -2.83773 -0.765601 -0.396495 -0.125773
internal_weight=104384 86299 41233 45066 41716 39854 39123 40318 915 691 590 40226 8728 31498 3350 92 18085 11665 6420 825 768 622 5595 575 5020 493 72 11172 5951 4967
internal_count=104384 86299 41233 45066 41716 39854 39123 40318 915 691 590 40226 8728 31498 3350 92 18085 11665 6420 825 768 622 5595 575 5020 493 72 11172 5951 4967
is_linear=0
shrinkage=0.05


Tree=91
num_leaves=31
num_cat=0
split_feature=2 0 3 1 3 3 3 2 3 3 3 0 0 0 0 0 1 1 0 1 1 0 2 1 3 2 3 2 2 3
split_gain=7.42097e+06 8.44747e+06 3.01965e+06 2.73647e+06 2.95206e+06 2.66383e+06 1.98684e+06 1.97775e+06 1.64543e+06 1.59743e+06 2.90908e+06 1.82442e+06 1.59645e+06 2.27355e+06 1.50671e+06 1.21313e+06 1.20953e+06 1.16209e+06 1.10125e+06 1.0265e+06 1.65472e+06 1.35779e+06 1.07143e+06 1.73027e+06 1.38453e+06 956956 952537 7.12746e+06 1.06088e+06 900310
threshold=7.2949045658111578 13.739968146217349 0.33992424242424252 14.389960498682644 1.5808333333333338 0.13015151515151518 0.69937500000000019 7.6042065620422372 0.020833333333333339 0.11348484848484851 0.22007575757575762 11.959972063575746 16.339962500259404 17.119960333755497 14.539561841274361 15.150765967678394 15.279964382118226 17.436626025792446 9.2999783966751099 13.909961877399091 0.35999917323786407 5.4778346966344351 4.8553500000000005 15.139965027656556 1.0937254901960787 4.8671000000000015 2.7004166666666674 5.4190500000000013 5.1254500000000016 2.080833333333334
decision_type=10 2 2 2 2 2 2 10 2 2 2 2 2 2 2 2 2 2 2 2 2 2 10 2 2 10 2 10 10 2
left_child=19 7 5 4 15 -3 17 8 18 11 -11 -10 16 -14 -8 -4 -7 -5 -2 20 -1 -22 23 -21 -25 -23 -24 28 -28 -6
right_child=1 2 3 6 29 12 14 -9 9 10 -12 -13 13 -15 -16 -17 -18 -19 -20 22 21 25 26 24 -26 -27 27 -29 -30 -31
leaf_value=-1.1550052176943841 -11.529475964190913 2.2201638645341339 1.7496827339823513 1.164920064643975 9.7117190786304004 -0.76434340637005938 -4.1452854353118509 -0.73179343339325953 0.56535496059745316 -0.90146968004420458 0.13086783305598812 3.771584014171049 2.5245053511301947 -1.1688462644446398 0.62780934127574006 5.6057922665964481 -3.2222897541449051 2.5790674775992137 -1.1637895165974239 -2.6690173961308297 2.2236812213619426 -2.4938081747492449 -1.0889119377770218 -3.6972863721563707 -22.302425267355783 0.012173086188542096 -3.1406617293775696 -22.400967188748449 4.93597760943004 4.5410861294740128
leaf_weight=6161 50 1023 2850 4061 156 2239 167 11165 2676 8340 37526 531 811 855 10481 219 644 2264 52 570 642 424 6364 20 20 3676 96 43 69 189
leaf_count=6161 50 1023 2850 4061 156 2239 167 11165 2676 8340 37526 531 811 855 10481 219 644 2264 52 570 642 424 6364 20 20 3676 96 43 69 189
internal_value=0.000403261 0.193398 0.947584 1.2295 2.52099 -0.0839211 0.969588 -0.131072 0.00533121 0.0185814 -0.0568617 1.09724 -0.602449 0.629491 0.552567 2.02659 -1.31432 1.67144 -6.30766 -0.920499 -0.614675 0.0874381 -1.38462 -3.38791 -13.317 -0.247526 -1.19819 -4.52042 0.2462 6.90044
internal_weight=104384 86299 25959 20387 3414 5572 16973 60340 49175 49073 45866 3207 4549 1666 10648 3069 2883 6325 102 18085 10903 4742 7182 610 40 4100 6572 208 165 345
internal_count=104384 86299 25959 20387 3414 5572 16973 60340 49175 49073 45866 3207 4549 1666 10648 3069 2883 6325 102 18085 10903 4742 7182 610 40 4100 6572 208 165 345
is_linear=0
shrinkage=0.05


Tree=92
num_leaves=31
num_cat=4
split_feature=2 1 1 4 4 3 3 5 5 4 3 3 4 3 3 5 4 1 3 4 4 1 4 2 5 3 2 4 1 2
split_gain=6.69932e+06 7.22109e+06 3.69698e+06 2.64122e+06 1.91713e+07 5.53174e+06 5.50548e+06 5.83145e+06 4.90532e+06 4.71124e+06 4.94918e+06 4.40527e+06 7.04916e+06 3.32156e+06 1.94131e+06 1.76017e+06 1.74177e+06 4.14165e+06 3.18207e+06 1.47934e+06 1.36693e+06 1.2527e+06 1.25247e+06 1.08983e+06 1.40782e+06 3.44437e+06 1.49513e+06 929712 866110 1.51991e+06
threshold=7.2949045658111578 0.99999769051669152 2.9599918329492101 53.530094638705926 87.141502936962553 0.077500000000000013 0.2191666666666667 0 1 88.454092356621871 0.50083333333333346 0.39583333333333343 73.493986445789304 0.19962121212121217 0.020833333333333339 2 175.85592669041588 11.708306160100303 0.5150555555555556 173.65532581007514 95.555931740717114 9.1099751930655923 19.020390382422935 7.2804038047790538 3 0.82004901960784327 7.1956784248352061 47.072313264058906 0.35999917323786407 7.2544859409332281
decision_type=10 2 2 2 2 2 2 1 1 2 2 2 2 2 2 1 2 2 2 2 2 2 2 8 1 2 10 2 2 10
left_child=22 3 15 5 11 -2 8 -8 -7 13 -11 -5 -13 -6 21 19 18 -18 -16 20 -3 -4 28 24 -24 26 -26 -25 -1 -30
right_child=1 2 14 4 9 6 7 -9 -10 10 -12 12 -14 -15 16 -17 17 -19 -20 -21 -22 -23 23 27 25 -27 -28 -29 29 -31
leaf_value=-0.84166038577580471 6.8866707688212347 3.7328559810430448 -14.634457669258119 -7.8277188325591514 11.551584233597145 -3.8999148528514205 1.3602464944536015 -0.4361431140659755 -0.063939811372848779 -0.8888999738082014 0.73485714767260502 -1.2703523871183615 -5.8009723443845527 2.3675695611429215 0.12730399740299017 -0.8009779241892464 -1.416113777474951 0.60248992054013795 1.7562312837395659 -3.523999424479729 8.8176967173744369 -2.3693251938781432 -1.1912671880964638 -3.6603474718234583 8.5540975797937264 21.616026753512298 -1.6426612619667775 -14.494820464452108 0.2479465340816879 12.632157668876648
leaf_weight=3251 299 281 31 559 133 1528 8396 9778 1832 9478 9293 2178 1417 374 4984 140 2829 24889 7524 42 253 61 11680 121 46 21 152 23 2767 24
leaf_count=3251 299 281 31 559 133 1528 8396 9778 1832 9478 9293 2178 1417 374 4984 140 2829 24889 7524 42 253 61 11680 121 46 21 152 23 2767 24
internal_value=0.000363828 0.183735 0.664099 -0.251734 -0.620397 0.143939 0.0500005 0.393779 -1.80904 0.0435518 -0.0850264 -3.70094 -3.05725 4.7948 0.600794 4.22299 0.617462 0.39642 1.10722 5.44338 6.15395 -6.61512 -0.874617 -1.16933 -1.11672 2.84667 0.757339 -5.47892 -0.287101 0.358927
internal_weight=104384 86299 41034 45265 23432 21833 21534 18174 3360 19278 18771 4154 3595 507 40318 716 40226 27718 12508 576 534 92 18085 12043 11899 219 198 144 6042 2791
internal_count=104384 86299 41034 45265 23432 21833 21534 18174 3360 19278 18771 4154 3595 507 40318 716 40226 27718 12508 576 534 92 18085 12043 11899 219 198 144 6042 2791
cat_boundaries=0 1 2 3 4
cat_threshold=2 2 2 2
is_linear=0
shrinkage=0.05


Tree=93
num_leaves=31
num_cat=2
split_feature=1 1 1 3 3 3 0 4 4 4 0 3 0 0 5 3 3 5 4 4 4 3 3 4 0 3 3 4 3 3
split_gain=5.38262e+06 1.95858e+06 3.41216e+06 2.10798e+06 2.84736e+06 5.81059e+07 7.412e+07 3.68826e+06 1.99169e+07 6.9088e+06 2.97251e+06 2.17345e+06 3.15636e+06 8.39447e+06 2.08538e+06 1.7919e+06 1.78512e+06 1.59024e+06 4.51384e+06 1.51121e+06 1.63853e+06 1.49389e+06 1.44648e+06 1.74614e+06 1.24483e+06 813494 1.46493e+06 2.08275e+06 1.69817e+06 1.68726e+06
threshold=16.039962506454472 0.73999829899484537 3.7799912001055689 0.22007575757575762 0.33992424242424252 0.32674242424242433 0.44520146530287003 121.31720883073699 154.65435644450841 112.62422041420211 0.16203430980392161 0.16840909090909092 0.48599659707669246 0.49999881609046465 0 3.7808333333333337 0.040833333333333346 1 21.749337827658128 172.73666716826514 106.93991843328517 3.2641666666666671 0.12022727272727275 266.8464034540753 19.019955969009406 0.69937500000000019 0.88068627450980408 278.99955054364256 2.7004166666666674 2.3208333333333337
decision_type=2 2 2 2 2 2 2 2 2 2 2 2 2 2 1 2 2 1 2 2 2 2 2 2 2 2 2 2 2 2
left_child=1 3 14 11 5 10 -7 9 -9 -6 -5 12 16 -14 19 22 -1 18 -13 20 -3 25 23 -4 -24 -2 -27 28 -28 -29
right_child=21 2 15 4 7 6 -8 8 -10 -11 -12 17 13 -15 -16 -17 -18 -19 -20 -21 -22 -23 24 -25 -26 26 27 29 -30 -31
leaf_value=-2.2348242598184145 1.5157083449910811 2.4875312191465295 2.2064663604393679 0.75691261835167456 -0.54676574127957178 -1.3726428082520545 44.686855142021962 5.3718592330644519 -0.57379373798931321 -5.0569768198607399 -1.2694898980754155 -8.5270668862447714 -10.693861880064944 -0.55026541213394231 -0.60082715059891179 6.7867255560719233 0.55869991950535525 -0.71738069336239807 -1.8827003487070577 -1.271712480186473 6.4259611400764145 -6.5905453512631356 -0.062832895145153944 -0.80784835706494129 10.881447451664851 -0.54949412998637281 0.33628947838840145 1.7562639902374544 -7.6386061968319652 6.0216902588012076
leaf_weight=658 5384 712 1523 3609 22120 183 166 1693 8357 882 3628 290 255 1004 460 97 4325 1785 2112 157 421 63 37868 701 25 1746 2049 1777 68 266
leaf_count=658 5384 712 1523 3609 22120 183 166 1693 8357 882 3628 290 255 1004 460 97 4325 1785 2112 157 421 63 37868 701 25 1746 2049 1777 68 266
internal_value=0.000353407 -0.125077 0.128002 -0.333042 -0.170293 0.703257 20.6004 -0.370803 0.428232 -0.71992 -0.258983 -0.967137 -0.375855 -2.61163 2.28866 0.0339212 0.189443 -1.84832 -2.68811 3.31869 3.95535 1.0281 0.0174246 1.25642 -0.0553253 1.0712 0.665785 1.17586 0.0766405 2.3143
internal_weight=104384 93031 41964 51067 40638 7586 349 33052 10050 23002 7237 10429 6242 1259 1750 40214 4983 4187 2402 1290 1133 11353 40117 2224 37893 11290 5906 4160 2117 2043
internal_count=104384 93031 41964 51067 40638 7586 349 33052 10050 23002 7237 10429 6242 1259 1750 40214 4983 4187 2402 1290 1133 11353 40117 2224 37893 11290 5906 4160 2117 2043
cat_boundaries=0 1 2
cat_threshold=2 2
is_linear=0
shrinkage=0.05


Tree=94
num_leaves=31
num_cat=2
split_feature=1 3 3 3 5 4 4 3 4 3 4 4 0 1 3 5 4 3 3 3 4 4 3 4 4 4 0 1 3 0
split_gain=4.8574e+06 1.78916e+06 1.95861e+06 3.33744e+06 2.01615e+06 3.12082e+06 1.86473e+06 4.56551e+06 4.68763e+06 3.97945e+06 4.36158e+06 3.02437e+06 2.30311e+06 1.80227e+06 2.90915e+06 2.24665e+06 1.49558e+06 1.35015e+06 734204 1.32213e+06 1.88032e+06 1.64293e+06 1.52356e+06 1.38836e+06 2.92951e+06 1.29076e+06 3.5016e+06 1.0898e+07 2.7495e+06 2.88465e+06
threshold=16.039962506454472 0.020833333333333339 0.12022727272727275 0.22007575757575762 0 41.953151611830769 74.184791746501446 0.077500000000000013 53.530094638705926 0.060833333333333343 266.8464034540753 113.61401437796748 0.49999881609046465 0.044999874682521743 0.2191666666666667 1 267.93661157518937 3.2641666666666671 0.69937500000000019 0.88068627450980408 278.99955054364256 236.96908857027941 2.3208333333333337 276.38051498725684 277.10028313804997 278.63826055011754 18.379957119216922 17.349959723434452 0.46696969696969709 17.019960953750616
decision_type=2 2 2 2 1 2 2 2 2 2 2 2 2 2 2 1 2 2 2 2 2 2 2 2 2 2 2 2 2 2
left_child=1 -1 6 13 5 -5 7 8 -3 11 -11 -8 -9 15 -15 -4 -6 18 25 23 21 -21 -22 -20 -25 28 27 -27 29 -2
right_child=17 2 3 4 16 -7 9 12 -10 10 -12 -13 -14 14 -16 -17 -18 -19 19 20 22 -23 -24 24 -26 26 -28 -29 -30 -31
leaf_value=-3.7662543978299667 3.3937209065646941 5.8913722562377835 -2.2743277665073101 0.74871994465288916 -0.2830866268834405 -0.11157294915030569 -6.2096938301792637 -4.7260398486793411 -4.5895011114745303 3.3220314159524422 -1.68765445060472 0.22814726777440517 -0.1685633133805593 0.31554950481304106 -4.2476204774229185 -0.41730283204026786 -1.4703774742839484 -6.2661670738086102 0.78776701228593848 1.4668188945061771 1.6685001954696528 -1.3176686225626462 5.721733540077782 -10.763371979753639 -1.0003736519670692 0.57477621784858535 2.2885658847609704 -13.326741141377074 3.7144145221009803 -1.2137213697824825
leaf_weight=334 561 404 3875 14385 19709 39450 236 552 144 2299 535 792 556 3499 387 2810 3064 63 937 1057 1777 1060 266 85 724 968 1401 164 1432 858
leaf_count=334 561 404 3875 14385 19709 39450 236 552 144 2299 535 792 556 3499 387 2810 3064 63 937 1057 1777 1060 266 85 724 968 1401 164 1432 858
internal_value=0.000354322 -0.1188 -0.105617 -0.163443 -0.0485182 0.118311 0.807834 -0.595574 3.13392 1.40961 2.37604 -1.25439 -2.44129 -0.996216 -0.139863 -1.49392 -0.442889 0.976676 1.01764 0.632495 1.11708 0.072636 2.19878 -0.522035 -2.03818 1.43994 0.618238 -1.4492 2.16951 0.608929
internal_weight=104384 93031 92697 87179 76608 53835 5518 1656 548 3862 2834 1028 1108 10571 3886 6685 22773 11353 11290 5906 4160 2117 2043 1746 809 5384 2533 1132 2851 1419
internal_count=104384 93031 92697 87179 76608 53835 5518 1656 548 3862 2834 1028 1108 10571 3886 6685 22773 11353 11290 5906 4160 2117 2043 1746 809 5384 2533 1132 2851 1419
cat_boundaries=0 1 2
cat_threshold=2 2
is_linear=0
shrinkage=0.05


Tree=95
num_leaves=31
num_cat=0
split_feature=2 0 4 3 4 4 3 4 0 4 3 3 0 0 3 3 4 0 4 4 3 0 3 0 3 3 4 3 3 2
split_gain=6.04657e+06 6.21617e+06 2.91879e+06 6.06531e+06 4.2201e+06 1.40523e+07 8.02101e+06 1.24627e+07 5.79617e+06 5.5853e+06 4.63193e+06 3.59135e+06 3.22741e+06 5.53492e+06 2.6397e+06 2.36969e+06 2.82464e+06 1.79464e+06 2.38761e+06 1.76124e+06 1.93614e+06 2.43514e+06 1.5259e+06 1.45682e+06 1.37821e+06 1.36278e+06 1.16736e+06 1.47806e+06 1.36922e+06 2.17901e+06
threshold=7.2949045658111578 13.739968146217349 248.50768118551136 0.47983333333333339 79.705660969726708 53.530094638705926 0.53916666666666679 151.35422855133075 0.64795080678931571 88.454092356621871 0.077500000000000013 0.97970588235294132 11.799972907264712 13.280323082430719 0.33992424242424252 0.1801515151515152 278.83075392663449 14.011457475470676 253.03728638509264 172.48958797418496 1.6208333333333338 18.579957362258916 2.6408333333333336 17.319960113349918 0.22007575757575762 0.23342592592592595 87.141502936962553 2.080833333333334 2.1616666666666675 5.5043500000000014
decision_type=10 2 2 2 2 2 2 2 2 2 2 2 2 2 2 2 2 2 2 2 2 2 2 2 2 2 2 2 2 10
left_child=26 2 4 12 5 10 9 -8 -7 -6 -2 -5 24 -14 15 17 25 18 -3 20 -16 -22 -13 -18 -4 -17 27 -1 -28 -30
right_child=1 14 3 11 6 8 7 -9 -10 -11 -12 22 13 -15 19 16 23 -19 -20 -21 21 -23 -24 -25 -26 -27 28 -29 29 -31
leaf_value=-0.65114448003947811 5.5766687356328113 3.3923221377421306 -5.0133976901558057 -3.4726590096339098 4.2452307667950464 -4.0414292288291929 4.0990441600457208 0.19721979069516751 -0.86172166453932675 -0.44435996964282387 0.09060591660453815 -0.85345951654124264 4.9855893396019715 -1.1077842728060465 1.7626676615149988 -3.8211617597674561 2.0088569710939423 1.7266325791209245 -5.9969097599616425 0.85668942688247918 9.2617401874090941 -3.7119984444327976 -13.49595115661621 -1.9869784345463211 0.76568828158837599 -1.1656051530468758 -1.0916106743471075 2.1437346822519596 -2.5634923316860316 -12.623588894482317
leaf_weight=11172 390 107 230 1984 668 3088 3420 5094 2675 12462 24079 4495 921 625 3744 710 896 1861 181 16424 174 45 23 305 186 1512 5595 493 768 57
leaf_count=11172 390 107 230 1984 668 3088 3420 5094 2675 12462 24079 4495 921 625 3744 710 896 1861 181 16424 174 45 23 305 186 1512 5595 493 768 57
internal_value=0.000320442 0.174529 -0.103809 -0.964674 0.0366636 -0.34491 0.569631 1.76485 -2.56592 -0.205468 0.17827 -1.69988 1.47138 2.5231 0.821487 -0.142931 -0.959837 1.1581 -2.50886 1.08507 2.03109 6.59113 -0.920793 0.993281 -2.43383 -2.01548 -0.83094 -0.53285 -1.3724 -3.273
internal_weight=104384 86299 60340 8464 51876 30232 21644 8514 5763 13130 24469 6502 1962 1546 25959 5572 3423 2149 288 20387 3963 219 4518 1201 416 2222 18085 11665 6420 825
internal_count=104384 86299 60340 8464 51876 30232 21644 8514 5763 13130 24469 6502 1962 1546 25959 5572 3423 2149 288 20387 3963 219 4518 1201 416 2222 18085 11665 6420 825
is_linear=0
shrinkage=0.05


Tree=96
num_leaves=31
num_cat=0
split_feature=2 0 1 1 0 2 3 3 3 3 1 2 3 0 3 1 0 1 0 3 1 0 0 1 1 0 2 1 2 2
split_gain=5.45745e+06 5.63832e+06 2.79892e+06 2.27075e+06 3.04053e+06 2.19296e+06 2.18819e+06 2.17309e+06 2.04279e+06 1.73568e+06 2.51702e+06 2.982e+06 1.43075e+06 1.29837e+06 1.45698e+06 2.66859e+06 1.88662e+06 1.21794e+06 1.20826e+06 1.6102e+06 1.11841e+06 3.91836e+06 1.41229e+06 1.01026e+06 1.06459e+06 1.31039e+06 922327 882190 868171 852439
threshold=7.2949045658111578 10.220005861970135 9.4199780113872613 0.99999769051669152 1.9048935899420087 7.4111087799072273 0.020833333333333339 1.2604166666666672 2.7958333333333338 1.1005882352941179 12.139971875208955 7.5000060558319097 1.3358333333333337 19.239955272384645 0.19962121212121217 12.959969866744816 13.101294980980116 1.2999969742627144 20.099953286518097 0.98058823529411787 14.599959832866267 13.739968146217349 17.119960333755497 14.079967187583927 0.35999917323786407 5.4778346966344351 4.8553500000000005 18.939956020095828 7.4989146471023567 5.4690500000000011
decision_type=10 2 2 2 2 10 2 2 2 2 2 10 2 2 2 2 2 2 2 2 2 2 2 2 2 2 10 2 10 8
left_child=23 2 3 8 17 7 -6 -4 12 13 11 28 -2 14 15 -3 -16 -5 27 -20 21 -12 -22 24 29 -26 -27 -15 -11 -1
right_child=1 9 5 4 6 -7 -8 -9 -10 10 20 -13 -14 18 16 -17 -18 -19 19 -21 22 -23 -24 -25 25 26 -28 -29 -30 -31
leaf_value=-0.70987264685070639 -0.065332948554533629 3.1642884652482692 -9.3792301543429506 1.0742986723848365 -11.303815164810572 -1.5311077417287988 0.59068343210868612 6.5355943344116216 -7.3823098801121567 3.5574188423247102 -0.34022666147351266 -11.392928989551685 -0.81677880866457697 3.2679954341387751 -0.90444486553976644 0.3166194028279542 0.38338281472017355 6.180516284594713 0.23336988299202377 -9.3310201179981238 0.015027367849649965 4.1402995197467325 1.7144509637913914 -1.3017738124804643 2.1040785796344745 -2.3971671102057068 -0.07462555462778081 1.3029825544442628 7.9063199282518202 -2.2956510041731923
leaf_weight=5147 37548 1201 161 175 38 1494 4541 24 98 234 894 26 7619 749 3498 2608 15188 353 1014 45 3031 1073 2048 6280 642 471 4531 2409 230 1014
leaf_count=5147 37548 1201 161 175 38 1494 4541 24 98 234 894 26 7619 749 3498 2608 15188 353 1014 45 3031 1073 2048 6280 642 471 4531 2409 230 1014
internal_value=0.000293971 0.165798 -0.162029 -0.0950683 0.904272 -2.16967 0.489526 -7.29054 -0.207836 0.664029 1.33414 4.79581 -0.192106 0.474935 0.323973 1.2151 0.142267 4.49335 1.27995 -0.181464 1.09276 2.10476 0.700488 -0.789434 -0.516793 -0.0206808 -0.293758 1.76992 5.7255 -0.971197
internal_weight=104384 86299 52051 50372 5107 1679 4579 185 45265 34248 7536 490 45167 26712 22495 3809 18686 528 4217 1059 7046 1967 5079 18085 11805 5644 5002 3158 464 6161
internal_count=104384 86299 52051 50372 5107 1679 4579 185 45265 34248 7536 490 45167 26712 22495 3809 18686 528 4217 1059 7046 1967 5079 18085 11805 5644 5002 3158 464 6161
is_linear=0
shrinkage=0.05


Tree=97
num_leaves=31
num_cat=1
split_feature=2 0 4 3 4 4 3 4 4 4 4 3 0 0 3 3 4 0 4 4 3 0 0 3 3 3 4 3 2 5
split_gain=4.92541e+06 5.09586e+06 2.62488e+06 5.21468e+06 3.74938e+06 1.25274e+07 7.32328e+06 1.11842e+07 5.49512e+06 5.0277e+06 4.54782e+06 3.20779e+06 2.89911e+06 4.94212e+06 2.31053e+06 2.14242e+06 2.54284e+06 1.62061e+06 2.16064e+06 1.57341e+06 1.70483e+06 2.19355e+06 1.33416e+06 1.29257e+06 1.28843e+06 1.23017e+06 1.11759e+06 1.0335e+06 995898 1.25524e+06
threshold=7.2949045658111578 13.739968146217349 248.50768118551136 0.47983333333333339 79.705660969726708 53.530094638705926 0.53916666666666679 151.35422855133075 56.279287858403407 88.454092356621871 19.020390382422935 0.93984848484848504 11.799972907264712 13.280323082430719 0.33992424242424252 0.1801515151515152 278.83075392663449 14.011457475470676 253.03728638509264 172.48958797418496 1.6208333333333338 18.579957362258916 17.319960113349918 2.6408333333333336 0.22007575757575762 0.23342592592592595 19.020390382422935 0.60083333333333344 7.2804038047790538 0
decision_type=10 2 2 2 2 2 2 2 2 2 2 2 2 2 2 2 2 2 2 2 2 2 2 2 2 2 2 2 8 1
left_child=26 2 4 12 5 10 9 -8 -7 -6 -2 27 24 -14 15 17 25 18 -3 20 -16 -22 -18 -13 -4 -17 -1 -5 29 -28
right_child=1 14 3 11 6 8 7 -9 -10 -11 -12 23 13 -15 19 16 22 -19 -20 -21 21 -23 -24 -25 -26 -27 28 -29 -30 -31
leaf_value=-0.19501169603611743 -1.0297206174182076 3.2072737834112788 -4.8474339150556762 -1.1359372510372556 4.0231437083000747 -5.9517144506463371 3.8943475008472803 0.19806980516669781 -1.743018535009961 -0.42620629745104444 0.55930930097137688 -0.87502653546467912 4.6716074623778425 -1.0861782088085485 1.632144143806221 -3.6529462047053296 1.8892878779047977 1.6183299576533934 -5.7246261490308328 0.77401327589322255 8.6977984472751615 -3.6142923338516901 -1.9345872339825421 -12.509212443033853 0.74025154394899462 -1.1298653858867571 -1.0484801088930618 -4.1201605735001783 -5.1478916277227738 2.7642832157374784
leaf_weight=6042 5948 107 230 373 668 923 3420 5094 4840 12462 18521 4786 921 625 3744 710 896 1861 181 16424 174 45 305 23 186 1512 11680 1320 144 219
leaf_count=6042 5948 107 230 373 668 923 3420 5094 4840 12462 18521 4786 921 625 3744 710 896 1861 181 16424 174 45 305 23 186 1512 11680 1320 144 219
internal_value=0.000271254 0.157501 -0.0945101 -0.910882 0.0387027 -0.320961 0.541068 1.68312 -2.418 -0.199552 0.173017 -1.59258 1.34791 2.34471 0.743267 -0.159015 -0.935756 1.07806 -2.40654 0.989867 1.88402 6.16296 0.91739 -0.933259 -2.3533 -1.93735 -0.749976 -3.46374 -1.02836 -0.97808
internal_weight=104384 86299 60340 8464 51876 30232 21644 8514 5763 13130 24469 6502 1962 1546 25959 5572 3423 2149 288 20387 3963 219 1201 4809 416 2222 18085 1693 12043 11899
internal_count=104384 86299 60340 8464 51876 30232 21644 8514 5763 13130 24469 6502 1962 1546 25959 5572 3423 2149 288 20387 3963 219 1201 4809 416 2222 18085 1693 12043 11899
cat_boundaries=0 1
cat_threshold=2
is_linear=0
shrinkage=0.05


Tree=98
num_leaves=31
num_cat=0
split_feature=1 1 0 4 4 4 1 3 3 4 4 4 4 4 3 3 3 3 3 3 3 4 0 3 0 3 3 0 0 1
split_gain=3.28971e+06 1.53842e+06 3.13235e+06 3.25175e+06 6.00306e+06 6.33978e+06 4.5016e+06 2.85e+06 1.96185e+06 1.91536e+06 3.10232e+06 5.5591e+06 3.56018e+06 3.04518e+06 2.05013e+06 1.78119e+06 1.66215e+06 1.59865e+06 1.59859e+06 1.81515e+06 1.56544e+06 1.73267e+06 1.4777e+06 1.23731e+06 1.07091e+06 747020 821431 1.27017e+06 2.16089e+06 1.29396e+06
threshold=16.039962506454472 1.0000000180025095e-35 0.20346191134857275 41.953151611830769 113.61401437796748 147.19915526419507 0.11999972465400027 0.52044444444444449 0.70033333333333359 195.94718125713351 172.00503490767841 163.5334098156452 121.31720883073699 172.48559991947982 0.040833333333333346 0.97970588235294132 3.7808333333333337 0.53916666666666679 0.73083333333333356 2.1908333333333343 0.12022727272727275 266.8464034540753 0.45999893142664433 2.9541666666666671 19.019955969009406 2.8875000000000006 0.69937500000000019 19.959953700332644 19.35995519575501 20.049953179412842
decision_type=2 2 2 2 2 2 2 2 2 2 2 2 2 2 2 2 2 2 2 2 2 2 2 2 2 2 2 2 2 2
left_child=1 9 3 6 7 -6 17 -5 -8 10 11 12 -1 14 -12 -15 20 -3 -11 -20 21 -4 -13 25 -22 26 -2 28 -28 -29
right_child=23 2 16 4 5 -7 8 -9 -10 18 13 22 -14 15 -16 -17 -18 -19 19 -21 24 -23 -24 -25 -26 -27 27 29 -30 -31
leaf_value=-0.45556946345825139 1.2663861979081019 6.3767360314676322 2.0976169136181633 -2.7623661802213491 10.121391652481144 1.4468291970088991 14.540003797420816 3.5796019428616219 4.5275122215747832 -3.8681162354595218 -3.7238752828359605 -3.5598253477622794 1.2510157963475494 0.31218605340676348 3.7439119869086213 -5.8470939384807243 6.4278606687307365 -3.9093471705743243 1.148261221597483 -5.7421227210415298 -0.090205860802143156 -0.86021858274979124 -13.040548171997072 -5.3546010088920593 10.059979831988995 7.0091806965458154 -0.025749542285741278 -1.5601318319111959 2.2297797073125127 3.5551700878143309
leaf_weight=30287 5384 58 1681 910 281 834 133 219 79 692 99 1027 3398 1059 1162 131 99 104 454 120 49436 701 42 80 25 48 2913 1120 1670 138
leaf_count=30287 5384 58 1681 910 281 834 133 219 79 692 99 1027 3398 1059 1162 131 99 104 454 120 49436 701 42 80 25 48 2913 1120 1670 138
internal_value=0.000247376 -0.0978113 0.0729242 1.76008 1.03935 3.64009 6.07017 -1.53009 10.8477 -0.339946 -0.274833 -0.396097 -0.283384 1.44408 3.15513 -0.370188 -0.0121447 -0.210117 -2.25173 -0.29971 -0.0245665 1.22716 -3.94416 0.803717 -0.0848721 0.847892 0.820923 0.410165 0.796449 -0.996612
internal_weight=104384 93031 54560 2618 2244 1115 374 1129 212 38471 37205 34754 33685 2451 1261 1190 51942 162 1266 574 51843 2382 1069 11353 49461 11273 11225 5841 4583 1258
internal_count=104384 93031 54560 2618 2244 1115 374 1129 212 38471 37205 34754 33685 2451 1261 1190 51942 162 1266 574 51843 2382 1069 11353 49461 11273 11225 5841 4583 1258
is_linear=0
shrinkage=0.05


Tree=99
num_leaves=31
num_cat=0
split_feature=2 1 4 1 4 4 3 4 2 4 4 3 1 4 4 3 3 4 1 4 3 2 1 2 4 2 3 1 4 4
split_gain=4.38737e+06 4.28943e+06 2.31512e+06 2.66204e+06 2.74412e+06 1.18297e+07 5.66248e+06 2.06398e+06 2.05521e+06 1.91584e+06 1.66639e+06 1.55886e+06 2.02553e+06 3.15687e+06 1.88849e+06 6.65788e+06 3.01664e+06 1.13289e+06 1.108e+06 1.0358e+06 1.01181e+06 953912 850235 937318 1.01163e+06 826016 734938 1.17033e+06 759526 1.53407e+06
threshold=7.2949045658111578 10.359971439942887 267.93661157518937 9.53997812353599 82.341677575627799 53.530094638705926 0.53916666666666679 38.814310056685947 7.4989146471023567 21.749337827658128 48.245206104620372 1.1005882352941179 14.599959832866267 278.99955054364256 263.05597234752685 0.60083333333333344 0.55055555555555569 36.913703114441127 13.359963216895524 19.020390382422935 2.6408333333333336 4.6196500000000009 14.479954025420803 4.8553500000000005 165.12263666090334 5.3632500000000016 0.78044117647058842 13.739962214239119 5.4946598705377818 5.4934507320493147
decision_type=10 2 2 2 2 2 2 2 10 2 2 2 2 2 2 2 2 2 2 2 2 10 2 10 2 10 2 2 2 2
left_child=19 2 3 4 5 -2 -6 8 -3 -10 -5 14 18 -14 16 -16 -9 -11 -13 26 -4 -21 -23 24 -24 -25 28 -28 29 -1
right_child=1 7 20 10 6 -7 -8 11 9 17 -12 12 13 -15 15 -17 -18 -19 -20 21 -22 22 23 25 -26 -27 27 -29 -30 -31
leaf_value=0.1713457475896128 0.17090357969633721 -2.8489825081348421 -1.3277973860767212 1.0815455693154294 -0.24948460339102502 -2.4781118970181262 1.5046608679290672 0.089874300318653205 17.543205883420747 2.4752779113259811 -3.6608175450334763 1.3203049611178401 -0.76074314007969068 1.7463527027626995 0.92623701825884375 -1.3563724258441578 1.6056105692040288 8.1558076221384415 3.4811916128349796 -10.034947137832642 -11.634668935139974 -0.72206735881226725 -2.6773714423836115 -0.69648650008503066 -10.450826468388239 -2.5018206255695592 2.7229114008214998 -0.30109336185787938 -0.18679030334234323 -4.2885929602624646
leaf_weight=415 23530 99 3362 241 11197 5133 7808 7288 28 289 794 1216 2300 2763 7275 5694 5972 126 1161 28 23 9218 142 1497 59 1099 516 839 3913 359
leaf_count=415 23530 99 3362 241 11197 5133 7808 7288 28 289 794 1216 2300 2763 7275 5694 5972 126 1161 28 23 9218 142 1497 59 1099 516 839 3913 359
internal_value=0.000248851 0.148643 -0.137038 -0.0491446 0.00535083 -0.303555 0.471228 0.583598 3.64176 5.09545 -2.55657 0.534262 1.17302 0.607513 0.353037 -0.0759626 0.772597 4.21544 2.37677 -0.707836 -1.40125 -0.975841 -0.953896 -1.71739 -4.9996 -1.46143 -0.17357 0.851638 -0.470075 -1.90014
internal_weight=104384 86299 52088 48703 47668 28663 19005 34211 542 443 1035 33669 7440 5063 26229 12969 13260 415 2377 18085 3385 12043 12015 2797 201 2596 6042 1355 4687 774
internal_count=104384 86299 52088 48703 47668 28663 19005 34211 542 443 1035 33669 7440 5063 26229 12969 13260 415 2377 18085 3385 12043 12015 2797 201 2596 6042 1355 4687 774
is_linear=0
shrinkage=0.05


Tree=100
num_leaves=31
num_cat=2
split_feature=1 3 3 3 5 3 4 3 4 3 4 4 0 1 1 5 0 3 3 4 0 1 3 0 1 0 3 4 3 4
split_gain=2.8025e+06 1.51777e+06 1.56833e+06 3.01292e+06 1.58116e+06 3.00301e+06 1.56383e+06 3.86876e+06 3.60142e+06 3.50072e+06 4.10116e+06 2.67985e+06 1.99185e+06 1.49151e+06 2.59933e+06 2.13198e+06 1.38894e+06 1.14636e+06 638628 1.17849e+06 3.14979e+06 9.69981e+06 2.26099e+06 2.63254e+06 1.39326e+06 1.31155e+06 1.16214e+06 1.71858e+06 1.52045e+06 1.43961e+06
threshold=16.039962506454472 0.020833333333333339 0.12022727272727275 0.22007575757575762 0 0.33992424242424252 74.184791746501446 0.077500000000000013 50.651647877876762 0.060833333333333343 266.8464034540753 149.23024062292276 0.49999881609046465 0.044999874682521743 12.959969866744816 1 9.1616146857637091 3.2641666666666671 0.69937500000000019 278.63826055011754 18.379957119216922 17.349959723434452 0.46696969696969709 17.019960953750616 19.499954920974734 20.199953392590846 0.85988095238095252 278.99955054364256 2.7004166666666674 276.38051498725684
decision_type=2 2 2 2 1 2 2 2 2 2 2 2 2 2 2 1 2 2 2 2 2 2 2 2 2 2 2 2 2 2
left_child=1 -1 6 13 5 -5 7 8 -3 11 -11 -8 -9 15 -15 -4 -6 18 19 22 21 -21 23 -2 -22 -24 29 28 -28 -20
right_child=17 2 3 4 16 -7 9 12 -10 10 -12 -13 -14 14 -16 -17 -18 -19 26 20 24 -23 25 -25 -26 -27 27 -29 -30 -31
leaf_value=-3.4497187668633611 3.1157965419841833 5.3607479269608866 -2.1341241460515383 0.98014750041282983 -0.49258984352966206 -0.036410450712178848 -5.1859100921789816 -4.3697518429553535 -3.7281752339680994 3.1141191472733394 -1.7435934084865143 0.42803693421246253 -0.13146664473330152 1.5297184747964965 -1.1418234876947202 -0.32515200429771113 0.87296027751736005 -5.9317609596019611 0.65838229673176141 0.33731651508109978 3.124351383592094 -12.777923473488201 3.7351546946151455 -1.2856628056347581 -0.18412616779711594 -1.6536864901358079 0.10936810531772995 1.8627837079595171 -7.4280660970660222 -2.4187298644103619
leaf_weight=334 561 399 3875 8656 20728 45179 299 552 149 2299 535 729 556 1454 2432 2810 2045 63 820 968 913 164 1309 858 488 123 2204 2107 68 707
leaf_count=334 561 399 3875 8656 20728 45179 299 552 149 2299 535 729 556 1454 2432 2810 2045 63 820 968 913 164 1309 858 488 123 2204 2107 68 707
internal_value=0.000230086 -0.0902764 -0.0781347 -0.129879 -0.0206856 0.127055 0.739257 -0.545946 2.88719 1.29034 2.19679 -1.20826 -2.245 -0.92113 -0.142092 -1.3739 -0.369931 0.741819 0.779581 1.17341 0.388365 -1.57237 1.87051 0.455414 1.97262 3.27145 0.420423 0.834559 -0.119391 -0.766966
internal_weight=104384 93031 92697 87179 76608 53835 5518 1656 548 3862 2834 1028 1108 10571 3886 6685 22773 11353 11290 5384 2533 1132 2851 1419 1401 1432 5906 4379 2272 1527
internal_count=104384 93031 92697 87179 76608 53835 5518 1656 548 3862 2834 1028 1108 10571 3886 6685 22773 11353 11290 5384 2533 1132 2851 1419 1401 1432 5906 4379 2272 1527
cat_boundaries=0 1 2
cat_threshold=2 2
is_linear=0
shrinkage=0.05


Tree=101
num_leaves=31
num_cat=0
split_feature=2 0 1 2 3 1 0 3 3 2 3 1 2 1 1 3 1 0 1 1 0 2 1 3 3 2 2 2 2 2
split_gain=3.89254e+06 3.80126e+06 2.31583e+06 1.99107e+06 1.94327e+06 1.89902e+06 2.50502e+06 1.8634e+06 1.59127e+06 1.45307e+06 1.5532e+06 3.50269e+06 1.24375e+06 1.08388e+06 1.04913e+06 1.04179e+06 1.38552e+06 1.32337e+06 892156 1.11509e+06 1.02902e+06 853991 1.50332e+06 1.21897e+06 837691 6.25875e+06 940159 761801 736050 730855
threshold=7.2949045658111578 10.220005861970135 9.4199780113872613 7.4111087799072273 1.2604166666666672 0.99999769051669152 1.9048935899420087 0.020833333333333339 2.7958333333333338 7.5000060558319097 1.1005882352941179 12.139971875208955 7.530397439002992 15.339964343803407 1.2999969742627144 0.78044117647058842 10.199976236675626 14.719965851997378 13.909961877399091 0.35999917323786407 5.4778346966344351 4.8553500000000005 15.139965027656556 1.0937254901960787 2.7004166666666674 5.4190500000000013 5.1254500000000016 7.4989146471023567 5.0842500000000017 4.8671000000000015
decision_type=10 2 2 10 2 2 2 2 2 10 2 2 10 2 2 2 2 2 2 2 2 10 2 2 2 10 10 10 8 10
left_child=18 2 5 4 -4 8 14 -8 12 10 15 27 -2 -13 -7 16 -3 -17 19 28 -21 22 -20 -24 -23 26 -26 -12 -1 -22
right_child=1 9 3 -5 -6 6 7 -9 -10 -11 11 13 -14 -15 -16 17 -18 -19 21 20 29 24 23 -25 25 -27 -28 -29 -30 -31
leaf_value=-0.36856843804110095 0.036333696325105899 -4.2081265834679726 -8.8099868224432445 -1.3470107975996359 6.2385362995147711 0.93052242728950341 -10.413859607500909 0.56248557154592305 -6.5035445022583005 -10.638816475703798 3.365928264658502 1.5824547709411085 -0.5126245378912383 0.33879661902417219 5.6691699806613443 -1.272589123460748 0.58338792316389221 0.31309161549065384 -2.218303908914093 2.054375470073468 -2.0600302020777677 -0.83057276578441275 -3.1350811967395606 -20.569162628537132 -2.7722222952007018 -20.803827396739617 4.8312093594414849 7.4400958326523439 -1.4793536232565181 0.12996478521385907
leaf_weight=3629 29217 151 161 1494 24 175 38 4541 98 28 234 3270 15950 3774 353 1943 20547 4071 570 642 424 6364 20 20 96 43 69 230 2532 3676
leaf_count=3629 29217 151 161 1494 24 175 38 4541 98 28 234 3270 15950 3774 353 1943 20547 4071 570 642 424 6364 20 20 96 43 69 230 2532 3676
internal_value=0.000204587 0.13998 -0.129194 -1.95538 -6.83467 -0.0682864 0.845601 0.469141 -0.171412 0.549071 0.558536 1.19388 -0.157529 0.916277 4.10333 0.37992 0.54823 -0.199335 -0.666755 -0.381674 0.194672 -1.09942 -2.88781 -12.1413 -0.933012 -4.04827 0.417314 5.39712 -0.825237 -0.0969586
internal_weight=104384 86299 52051 1679 185 50372 5107 4579 45265 34248 34220 7508 45167 7044 528 26712 20698 6014 18085 10903 4742 7182 610 40 6572 208 165 464 6161 4100
internal_count=104384 86299 52051 1679 185 50372 5107 4579 45265 34248 34220 7508 45167 7044 528 26712 20698 6014 18085 10903 4742 7182 610 40 6572 208 165 464 6161 4100
is_linear=0
shrinkage=0.05


Tree=102
num_leaves=31
num_cat=0
split_feature=2 0 3 1 3 1 3 3 1 0 1 3 1 2 3 0 3 3 3 1 3 3 0 1 1 0 2 3 3 1
split_gain=3.51412e+06 3.46114e+06 2.08098e+06 2.61404e+06 1.93229e+06 1.51838e+06 1.40789e+06 2.19723e+06 1.56916e+06 1.29901e+06 3.267e+06 1.40721e+06 1.21209e+06 1.20549e+06 1.24386e+06 2.31812e+06 3.35208e+06 2.15552e+06 1.57592e+06 3.81088e+06 1.37276e+06 912137 810253 805900 1.0064e+06 928861 805642 1.4654e+06 881408 858757
threshold=7.2949045658111578 13.739968146217349 0.33992424242424252 14.908292382318857 0.1801515151515152 13.509963103570726 1.5808333333333338 0.85988095238095252 14.57996631215668 17.761495818405717 17.349959723434452 3.101666666666667 13.599968220170341 7.6328552246093757 1.8803571428571433 0.16203430980392161 2.7958333333333338 2.8375000000000008 1.2754761904761909 1.0000000180025095e-35 0.82004901960784327 0.23342592592592595 16.339962500259404 13.909961877399091 0.35999917323786407 5.4778346966344351 7.7340029954910294 0.57527777777777789 0.9607407407407409 4.559989464361192
decision_type=10 2 2 2 2 2 2 2 2 2 2 2 2 10 2 2 2 2 2 2 2 2 2 2 2 2 10 2 2 2
left_child=23 13 4 6 5 -3 7 -4 -8 11 -11 -5 21 14 18 16 -16 -17 20 -20 -2 -6 -14 24 -1 -26 27 29 -29 -15
right_child=1 2 3 9 12 -7 8 -9 -10 10 -12 -13 22 26 15 17 -18 -19 19 -21 -22 -23 -24 -25 25 -27 -28 28 -30 -31
leaf_value=-0.78399030100228217 -0.07289557770087475 -3.2156893624424931 2.2329515803824642 -0.012768305203904446 -1.1192441203905188 1.359261065621878 5.3885690252989598 0.096300913006379343 0.50372212191824983 7.0208995339780236 0.79708298998334959 7.1593977606123778 -1.9183376702036978 1.5068413182265616 4.2435363311436571 -0.58507786236572323 -5.9556808124118383 15.224368490739302 -3.3322180013361691 0.072995035467090713 0.65496856422099192 4.7807779099894505 -0.28935028068767354 -1.0447673961232979 1.9518164194385705 -0.092134157173540843 0.65115410141085428 -2.5296405857554993 -0.81270092857295073 -4.7308894920349118
leaf_weight=6161 37536 199 3254 7744 114 1950 496 1909 246 217 6453 68 1864 858 776 1079 89 21 1203 2587 7828 152 1293 7182 642 4100 1127 847 6331 58
leaf_count=6161 37536 199 3254 7744 114 1950 496 1909 246 217 6453 68 1864 858 776 1079 89 21 1203 2587 7828 152 1293 7182 642 4100 1127 847 6331 58
internal_value=0.000163759 0.132972 0.615724 0.849754 -0.240552 0.934314 1.73633 1.44311 3.77193 0.488161 1.00059 0.0505699 -0.978206 -0.0747211 0.0202005 1.25344 3.18847 -0.269703 -0.0291243 -1.00846 0.052716 2.25746 -1.25146 -0.633548 -0.362598 0.18494 -0.600889 -0.775282 -1.01562 1.10714
internal_weight=104384 86299 25959 20387 5572 2149 5905 5163 742 14482 6670 7812 3423 60340 51119 1965 865 1100 49154 3790 45364 266 3157 18085 10903 4742 9221 8094 7178 916
internal_count=104384 86299 25959 20387 5572 2149 5905 5163 742 14482 6670 7812 3423 60340 51119 1965 865 1100 49154 3790 45364 266 3157 18085 10903 4742 9221 8094 7178 916
is_linear=0
shrinkage=0.05


Tree=103
num_leaves=31
num_cat=1
split_feature=2 0 4 1 0 4 4 0 1 1 4 2 4 4 4 2 0 4 4 1 2 4 2 5 0 2 2 2 4 2
split_gain=3.17163e+06 3.12967e+06 2.39302e+06 2.48347e+06 2.45329e+06 2.38001e+06 2.20894e+06 1.79342e+06 1.51081e+06 3.02967e+06 1.97639e+06 1.45289e+06 1.36024e+06 1.22915e+06 1.08121e+06 1.04325e+06 991455 942840 881780 2.2569e+06 792015 736789 784627 1.01019e+06 4.49042e+06 719580 1.35531e+06 2.06975e+06 791503 605736
threshold=7.2949045658111578 10.220005861970135 275.50993669654093 9.53997812353599 8.8257749581760265 38.814310056685947 82.341677575627799 9.2999783966751099 10.199976236675626 11.019974511635423 267.93661157518937 7.432311558723451 95.847699199211903 227.46626986163585 36.913703114441127 7.4020998954772956 13.739968146217349 223.10929251321144 23.593139094284382 10.839974905344109 5.5043500000000014 19.020390382422935 7.2804038047790538 0 11.017994619494585 2.7159958660602572 5.002250000000001 4.9179500000000003 8.6200607342661844 5.5858000000000017
decision_type=10 2 2 2 2 2 2 2 2 2 2 10 2 2 2 10 2 2 2 2 8 2 8 1 2 10 10 10 2 10
left_child=17 2 3 4 6 14 -2 13 10 -10 12 -6 -7 -5 18 -9 -11 21 19 -3 -19 25 23 29 -25 -1 27 -27 -28 -23
right_child=1 5 -4 7 11 8 -8 15 9 16 -12 -13 -14 -15 -16 -17 -18 20 -20 -21 -22 22 -24 24 -26 26 28 -29 -30 -31
leaf_value=-1.3291527885169094 -0.33512282622365297 -0.99426268517971028 -1.8020947896721891 -5.4216239327953497 6.8187184875882885 3.3541670558929448 0.35415326078981002 -11.327655298142206 4.2386067673444749 -0.10913692397181568 2.0772304170362412 1.6103725811377119 -9.6151786653736373 1.8020338504805284 7.3172124066034954 0.040266154049491951 0.55514708784576117 -1.9538346025672226 1.4785981432146007 18.096251356848352 -7.8299323835590799 -0.77133820146708909 -4.4686522627884235 -2.0366450880448665 13.541087961485893 0.75060821232443053 -1.2759349152696582 7.0025537393242132 0.28173449999868971 -6.7184536996726383
leaf_weight=984 28088 33 2026 461 157 24 19828 20 524 7186 92 886 114 67 149 518 25720 449 378 28 65 11127 141 154 65 1646 1551 143 1718 42
leaf_count=984 28088 33 2026 461 157 24 19828 20 524 7186 92 886 114 67 149 518 25720 449 378 28 65 11127 141 154 65 1646 1551 143 1718 42
internal_value=0.000168574 0.126339 -0.117903 -0.0496586 0.00234892 0.497536 -0.0498937 -2.43602 0.442385 0.470217 -3.58744 2.40016 -7.3517 -4.5033 3.64849 -0.402556 0.410082 -0.60187 2.38949 7.91905 -2.71069 -0.54003 -0.774403 -0.728274 2.62739 -0.0927578 0.147989 1.25398 -0.457475 -0.794302
internal_weight=104384 86299 52051 50025 48959 34248 47916 1066 33660 33430 230 1043 138 528 588 538 32906 18085 439 61 514 17571 11529 11388 219 6042 5058 1789 3269 11169
internal_count=104384 86299 52051 50025 48959 34248 47916 1066 33660 33430 230 1043 138 528 588 538 32906 18085 439 61 514 17571 11529 11388 219 6042 5058 1789 3269 11169
cat_boundaries=0 1
cat_threshold=2
is_linear=0
shrinkage=0.05


Tree=104
num_leaves=31
num_cat=1
split_feature=0 1 3 3 3 3 3 4 1 4 3 4 3 4 0 0 4 4 4 5 3 0 1 0 0 4 4 3 3 3
split_gain=1.98938e+06 1.94022e+06 1.58089e+06 1.63457e+06 1.28968e+06 1.48061e+06 2.39418e+06 1.81143e+06 2.22077e+06 1.343e+06 3.28193e+06 3.32907e+06 3.0311e+06 3.46178e+06 2.51749e+06 1.95836e+06 1.33146e+06 4.11576e+06 3.26204e+06 1.22806e+06 945152 1.40843e+06 831930 1.70743e+06 1.522e+06 3.51427e+06 1.39182e+06 2.69009e+06 2.32745e+06 1.08268e+06
threshold=17.761495818405717 17.349959723434452 0.67055555555555568 0.74016666666666675 0.020833333333333339 0.12022727272727275 0.22007575757575762 276.38051498725684 13.059969507347109 74.184791746501446 0.077500000000000013 43.515947665517395 0.060833333333333343 266.8464034540753 11.799972907264712 0.49999881609046465 41.953151611830769 36.97190895456697 74.184791746501446 0 0.89033333333333353 17.999958659530645 17.436626025792446 17.999958659530645 17.999958659530645 278.63826055011754 278.99955054364256 2.7658333333333336 1.3208333333333335 0.870294117647059
decision_type=2 2 2 2 2 2 2 2 2 2 2 2 2 2 2 2 2 2 2 1 2 2 2 2 2 2 2 2 2 2
left_child=4 2 -2 -4 -1 9 7 19 -9 10 11 -6 14 -14 -11 -12 17 -8 -18 -7 -5 -22 23 29 25 -24 27 -26 -28 -3
right_child=1 22 3 20 5 6 16 8 -10 12 15 -13 13 -15 -16 -17 18 -19 -20 -21 21 -23 24 -25 26 -27 28 -29 -30 -31
leaf_value=-3.1574727878432669 -0.55663766957142136 -10.634966884851456 17.55378890093635 -3.2417456422028721 5.219076033945858 -1.388600245373238 -0.013754147815912766 4.2778719290950891 -0.38659011909840429 -2.7202926046636549 -4.1300863746716692 -3.2815716066811143 2.9043719512163242 -1.4760234236204497 2.5299865402093911 0.068274581575756207 -0.92021326674948001 1.6478241099187689 0.048449670425418027 -0.15715434221776148 15.992672443967876 3.8115394007757808 18.524136902658565 5.1783411286355445 0.15956396351540758 -2.7794255571365358 2.1340972348871161 -11.398459235733631 -1.2864919246309483 0.29404720948802104
leaf_weight=334 87 63 33 26 387 6795 19124 366 837 721 552 163 2358 557 333 558 10739 4628 45562 2884 32 88 37 42 3907 39 2422 50 625 35
leaf_count=334 87 63 33 26 387 6795 19124 366 837 721 552 163 2358 557 333 558 10739 4628 45562 2884 32 88 37 42 3907 39 2422 50 625 35
internal_value=0.000166526 0.785427 4.97117 7.64607 -0.0605074 -0.0497628 -0.0984776 -0.794294 1.03489 0.737088 -0.45692 2.6984 1.23646 2.06714 -1.06069 -2.02139 -0.00388292 0.310055 -0.136329 -1.02173 5.30244 7.16521 0.630548 -3.17286 0.706195 7.69786 0.62924 0.0106745 1.43227 -6.76815
internal_weight=104384 7486 266 179 96898 96564 90935 10882 1203 5629 1660 550 3969 2915 1054 1110 80053 23752 56301 9679 146 120 7220 140 7080 76 7004 3957 3047 98
internal_count=104384 7486 266 179 96898 96564 90935 10882 1203 5629 1660 550 3969 2915 1054 1110 80053 23752 56301 9679 146 120 7220 140 7080 76 7004 3957 3047 98
cat_boundaries=0 1
cat_threshold=2
is_linear=0
shrinkage=0.05


Tree=105
num_leaves=31
num_cat=1
split_feature=2 4 4 0 1 0 4 1 0 4 4 0 1 4 4 0 2 4 0 1 5 4 4 2 2 1 2 4 1 1
split_gain=2.78175e+06 2.83953e+06 1.53182e+07 5.3838e+07 1.4368e+08 3.35111e+07 8.21973e+06 6.07992e+06 4.21719e+06 1.07947e+07 8.07754e+06 1.34002e+07 3.12818e+06 4.04676e+06 5.35789e+06 3.11473e+06 2.53858e+06 2.40669e+06 2.55172e+06 1.91435e+06 1.91191e+06 1.89538e+06 898093 1.15275e+06 862723 695998 1.40503e+06 642199 1.02331e+06 903118
threshold=7.3310961961746228 19.020390382422935 20.876902363572629 0.14001774458882627 0.019999953988310573 0.19438611718302773 18.763233794326226 0.044999874682521743 0.26004182463998643 18.762557873974824 17.963562687527723 0.15999963279306892 0.99999769051669152 33.920180761862021 36.928172484557372 0.15999963279306892 7.5786202669143687 175.85592669041588 11.659972996665955 2.9599918329492101 0 18.762716287834049 87.141502936962553 5.5858000000000017 7.5486315250396734 14.93995890648227 4.8442500000000015 92.59150347442251 11.209969343024381 1.0000000180025095e-35
decision_type=10 2 2 2 2 2 2 2 2 2 2 2 2 2 2 2 10 2 2 2 1 2 2 8 10 2 10 2 2 2
left_child=22 6 3 -3 5 -5 8 15 10 24 -2 -12 13 20 -15 -8 -6 19 -19 -14 -4 -11 -1 25 -10 27 -27 29 -29 -24
right_child=1 2 12 4 16 -7 7 -9 9 21 11 -13 17 14 -16 -17 -18 18 -20 -21 -22 -23 23 -25 -26 26 -28 28 -30 -31
leaf_value=-0.30186630722114083 -2.5065190819152434 -26.914040636974104 -5.474919259824615 11.120740132331848 -3.0079506568325329 57.167543137632769 -8.6198986222899929 13.454181831904819 -1.2723170117695197 -15.347074303659017 0.74185871012359261 15.130673532180488 3.7215081433597064 2.0445816097528402 -0.26628555347917043 -22.695431524912522 2.5225241313317941 -1.3186774659667286 0.31281134996766341 0.84888586308285596 -1.6246195116549691 -4.9546443736736592 -3.9749234899030608 -11.157661600453514 0.25855528953376988 -12.91859980583191 -2.0803908831291533 0.29515940437850491 -1.1653116358341034 0.17331766419718711
leaf_weight=12154 567 112 413 53 375 161 236 27 2410 148 497 239 608 2709 33705 47 462 2648 25159 12217 1465 64 354 27 1488 31 471 1822 3507 208
leaf_count=12154 567 112 413 53 375 161 236 27 2410 148 497 239 608 2709 33705 47 462 2648 25159 12217 1465 64 354 27 1488 31 471 1822 3507 208
internal_value=0.000173915 0.120262 0.197154 5.89116 9.40932 45.8682 -0.955593 -8.86038 -0.501335 -1.28712 1.97631 5.42851 0.113175 -0.211081 -0.0943183 -11.0292 0.0440743 0.418754 0.157406 0.985349 -2.47382 -12.2478 -0.554598 -1.03294 -0.688013 -0.988436 -2.77405 -0.835829 -0.66601 -2.44204
internal_weight=104384 85810 80087 1163 1051 214 5723 310 5413 4110 1303 736 78924 38292 36414 283 837 40632 27807 12825 1878 212 18574 6420 3898 6393 502 5891 5329 562
internal_count=104384 85810 80087 1163 1051 214 5723 310 5413 4110 1303 736 78924 38292 36414 283 837 40632 27807 12825 1878 212 18574 6420 3898 6393 502 5891 5329 562
cat_boundaries=0 1
cat_threshold=2
is_linear=0
shrinkage=0.05


Tree=106
num_leaves=31
num_cat=0
split_feature=2 1 4 1 3 3 4 3 4 4 3 2 4 3 4 4 1 3 4 3 4 1 1 3 1 3 2 1 4 4
split_gain=2.51512e+06 2.55961e+06 2.04557e+06 2.10105e+06 2.05889e+06 2.00262e+06 3.9928e+06 1.84095e+06 1.75012e+06 1.51829e+07 6.64605e+07 1.66748e+08 9.02633e+06 1.32352e+07 3.30202e+06 4.68707e+06 3.20503e+06 2.19712e+06 2.09372e+06 1.57543e+06 1.48015e+06 1.36894e+06 1.33717e+06 1.25641e+06 2.52449e+06 1.15282e+06 1.06086e+06 1.04596e+06 938733 789957
threshold=5.5858000000000017 0.79999816532109491 175.85592669041588 11.708306160100303 1.0135294117647062 0.5150555555555556 165.12263666090334 0.18768939393939396 19.020390382422935 20.876902363572629 0.75023809523809526 7.536571669578553 18.763233794326226 0.77023809523809539 33.920180761862021 36.928172484557372 0.25999940797617699 0.43339506172839515 25.632744012084355 0.72041666666666682 74.184791746501446 15.081625393593294 11.209969343024381 2.8875000000000006 14.139960988067484 0.25505555555555554 7.1956784248352061 9.53997812353599 278.99955054364256 19.020390382422935
decision_type=10 2 2 2 2 2 2 2 2 2 2 10 2 2 2 2 2 2 2 2 2 2 2 2 2 2 10 2 2 2
left_child=29 8 5 4 27 6 7 -3 12 10 -10 -12 16 25 18 -16 17 -2 -11 26 -21 -8 -6 28 -25 -14 -7 -4 -5 -1
right_child=1 2 3 23 22 19 21 -9 9 14 11 -13 13 -15 15 -17 -18 -19 -20 20 -22 -23 -24 24 -26 -27 -28 -29 -30 -31
leaf_value=-0.070648426199231062 -1.0632506609078751 1.5148322024586722 -4.512576579410192 -0.032770818263677892 0.19361259363355982 11.100023142133439 4.8127223311235836 -0.82683219647157158 -29.366268475214639 -0.4119221082372394 51.441546032343155 -0.21897152910212828 -5.1582844689939549 -24.163118743141101 1.9150378929525378 -0.24824781170958829 15.02965326944987 1.5184527967763481 -3.6433491125999518 0.036962100531984392 1.6624341124615309 -0.53334605542662883 8.2601709320810102 15.092293184280397 1.7390176404210238 2.640209385483038 2.3227920003784184 -1.5399441289418583 0.587413490651707 -0.78529034880847703
leaf_weight=5790 4579 1066 370 13245 1058 34 560 3933 119 925 194 785 108 100 2705 33522 32 1004 1094 2538 3124 152 53 39 311 83 2432 1474 11312 11643
leaf_count=5790 4579 1066 370 13245 1058 34 560 3933 119 925 194 785 108 100 2705 33522 32 1004 1094 2538 3124 152 53 39 311 83 2432 1474 11312 11643
internal_value=0.000156677 0.110054 0.392639 0.145824 -1.11451 0.889503 0.171901 -0.327285 -0.15037 -0.0298843 5.76436 10.0602 -0.952871 -9.5238 -0.196377 -0.0866709 -0.507061 -0.598789 -2.16382 1.39363 0.93395 3.67227 0.585513 0.295391 3.26573 -1.77328 2.44826 -2.13853 0.252925 -0.547955
internal_weight=104384 86951 41701 27862 2955 13839 5711 4999 45250 39344 1098 979 5906 291 38246 36227 5615 5583 2019 8128 5662 712 1111 24907 350 191 2466 1844 24557 17433
internal_count=104384 86951 41701 27862 2955 13839 5711 4999 45250 39344 1098 979 5906 291 38246 36227 5615 5583 2019 8128 5662 712 1111 24907 350 191 2466 1844 24557 17433
is_linear=0
shrinkage=0.05


Tree=107
num_leaves=31
num_cat=1
split_feature=2 0 4 4 4 2 1 0 1 4 1 1 4 4 1 0 2 0 0 1 4 4 1 0 4 2 5 0 2 2
split_gain=2.27691e+06 2.30442e+06 2.10188e+06 3.01484e+06 2.87566e+06 2.95304e+06 1.67446e+06 969595 950939 1.82878e+06 3.94463e+06 1.41525e+06 990817 813618 742710 706348 704152 637534 605552 1.23155e+06 1.23457e+06 741957 688232 1.57286e+06 557278 731711 827995 4.00473e+06 649846 1.21865e+06
threshold=7.2949045658111578 13.739968146217349 248.50768118551136 244.04934087507249 226.09322441914176 7.6328552246093757 12.826637157221478 11.659972996665955 14.908292382318857 278.99955054364256 16.039962506454472 15.739963532234194 92.717059551879103 223.10929251321144 14.299966861717225 14.619999042996684 5.5043500000000014 14.859965577217103 11.799972907264712 12.959969866744816 278.94763736680397 278.44569124894218 11.019974511635423 10.645000149766956 19.020390382422935 7.2804038047790538 0 11.799972907264712 2.7159958660602572 5.002250000000001
decision_type=10 2 2 2 2 10 2 2 2 2 2 2 2 2 2 2 8 2 2 2 2 2 2 2 2 8 1 2 10 10
left_child=13 2 3 4 5 -2 17 -6 12 10 -10 -11 14 24 -8 -14 -15 -3 22 21 -21 -20 23 -4 28 26 -26 -28 -1 -30
right_child=1 6 18 -5 7 -7 8 -9 9 11 -12 -13 15 16 -16 -17 -18 -19 19 20 -22 -23 -24 -25 25 -27 27 -29 29 -31
leaf_value=-1.2384644384512715 0.1507123820079514 2.9941352626255586 -1.0759544645552304 1.9312424879776477 -3.7446555147513116 -1.2412832185026048 1.3621461331866365 -0.16121373762838714 -1.3645538521734883 2.0535303559764908 0.64154311232992933 0.47502786893389759 0.22085043882812122 -1.755504358148575 4.349397089822328 1.2126493794692279 -7.2954050950660845 14.956993298000761 -1.1928128430190315 0.31473814029631947 -3.0969991555300456 0.94834304560851346 -2.845113962723528 5.0296160748269827 -0.67156209184211402 -4.2237015168009693 -0.20135488150641323 19.738845704177333 1.2140238949305706 -0.40885537230777946
leaf_weight=984 44710 20 4566 2059 682 4164 540 261 4069 1888 6157 5723 3429 449 339 3768 65 26 535 463 619 1650 524 107 11169 141 191 28 1789 3269
leaf_count=984 44710 20 4566 2059 682 4164 540 261 4069 1888 6157 5723 3429 449 339 3768 65 26 535 463 619 1650 524 107 11169 141 191 28 1789 3269
internal_value=0.000171495 0.107074 -0.0623959 0.0568088 -0.0207011 0.0320931 0.500983 -2.75407 0.483862 0.280024 -0.156752 0.866813 0.933976 -0.509929 2.51786 0.740205 -2.46889 9.93023 -0.792924 -0.259403 -1.63813 0.42377 -1.1282 -0.935105 -0.452487 -0.656319 -0.611782 2.42619 -0.0635019 0.165278
internal_weight=104384 86299 60340 51876 49817 48874 25959 943 25913 17837 10226 7611 8076 18085 879 7197 514 46 8464 3267 1082 2185 5197 4673 17571 11529 11388 219 6042 5058
internal_count=104384 86299 60340 51876 49817 48874 25959 943 25913 17837 10226 7611 8076 18085 879 7197 514 46 8464 3267 1082 2185 5197 4673 17571 11529 11388 219 6042 5058
cat_boundaries=0 1
cat_threshold=2
is_linear=0
shrinkage=0.05


Tree=108
num_leaves=31
num_cat=1
split_feature=2 0 4 4 4 4 1 4 0 4 4 1 4 1 4 0 4 4 2 4 4 1 1 1 5 4 4 0 2 2
split_gain=2.05793e+06 2.30671e+06 2.73904e+06 1.85744e+06 2.01235e+06 1.07434e+07 4.27242e+06 3.75928e+06 3.6492e+06 3.07856e+06 2.18037e+06 1.67413e+06 1.64418e+06 1.32912e+06 1.2542e+06 1.18879e+06 870448 728937 636788 565260 529383 490212 728365 902191 1.19774e+06 719514 648019 460210 410646 512899
threshold=7.1956784248352061 10.645000149766956 21.749337827658128 267.93661157518937 79.705660969726708 72.667141910237405 1.0000000180025095e-35 88.454092356621871 0.16203430980392161 71.907647277601754 94.363046025397111 11.209969343024381 9.9012941391447971 10.199976236675626 40.456495911064998 11.239974006385806 35.992682306176619 223.10929251321144 5.5043500000000014 240.72410923780095 195.94718125713351 14.139960988067484 0.15999963263062142 6.4699822742641393 0 197.59788178585998 6.4627382859028195 13.739968146217349 7.7387598276138316 7.7728862047195442
decision_type=10 2 2 2 2 2 2 2 2 2 2 2 2 2 2 2 2 2 8 2 2 2 2 2 1 2 2 2 10 10
left_child=17 3 12 4 5 9 -7 8 -6 -2 -9 13 -3 19 16 -16 -13 21 -19 -4 -15 22 25 -24 -25 26 -1 -23 -5 -30
right_child=1 2 11 28 7 6 -8 10 -10 -11 -12 14 -14 20 15 -17 -18 18 -20 -21 -22 27 23 24 -26 -27 -28 -29 29 -31
leaf_value=-2.3912683749945418 -0.085276301589217909 0.71967926859855647 -5.5045793750087419 -1.3149545651840704 7.1234964532186895 -5.1881866957761869 0.20443722058049496 -3.5577413673750566 0.56464453812900073 5.3300202261771803 0.29319518797476868 0.80776014863427581 16.562338688714163 4.9630105253066112 -2.6638810580043146 0.34341032840340091 4.757322025414723 -1.6679241932251387 -6.9361617018959736 3.2312024815656524 1.6183759448133157 4.0580904547373455 1.7437464828323812 -0.18433899346060603 6.925411934375763 4.0196430261525684 -0.53402351244877044 -0.86012505880270995 3.6218233101446553 -3.1196622876423166
leaf_weight=514 27253 27 59 3425 395 1483 488 374 457 264 18553 292 41 364 331 32382 267 449 65 26 177 47 777 4658 59 81 5353 5593 90 40
leaf_count=514 27253 27 59 3425 395 1483 488 374 457 264 18553 292 41 364 331 32382 267 449 65 26 177 47 777 4658 59 81 5353 5593 90 40
internal_value=0.000175891 0.100142 0.421592 -0.106564 -0.0269069 -0.288615 -3.8536 0.363261 3.61022 -0.0331296 0.216916 0.401323 10.3735 2.96099 0.353076 0.312901 2.69936 -0.492859 -2.34633 -2.8259 3.87375 -0.436953 -0.248862 0.16621 -0.0939605 -0.632216 -0.697115 -0.818427 -1.21017 1.5395
internal_weight=104384 86788 33966 52822 49267 29488 1971 19779 852 27517 18927 33898 68 626 33272 32713 559 17596 514 85 541 17082 11442 5494 4717 5948 5867 5640 3555 130
internal_count=104384 86788 33966 52822 49267 29488 1971 19779 852 27517 18927 33898 68 626 33272 32713 559 17596 514 85 541 17082 11442 5494 4717 5948 5867 5640 3555 130
cat_boundaries=0 1
cat_threshold=2
is_linear=0
shrinkage=0.05


Tree=109
num_leaves=31
num_cat=3
split_feature=2 4 4 3 1 3 1 3 5 3 3 3 3 3 2 1 4 4 1 4 5 2 5 4 3 1 3 3 3 4
split_gain=1.86239e+06 2.2791e+06 1.25263e+07 4.61541e+07 1.5147e+08 2.39267e+07 1.32856e+07 7.6319e+06 1.29153e+07 6.35128e+06 2.55787e+07 4.56113e+06 4.44986e+06 4.12485e+06 3.29104e+06 2.2217e+06 3.24769e+06 4.36791e+06 1.90868e+06 1.87905e+06 1.76753e+06 1.63804e+06 1.54443e+06 734195 1.70407e+06 2.2676e+06 1.4532e+06 2.07025e+06 1.15219e+06 953448
threshold=7.3310961961746228 19.020390382422935 20.876902363572629 0.75023809523809526 0.019999953988310573 1.0803703703703706 1.2999969742627144 0.76060606060606073 0 0.4400617283950618 0.45339506172839511 0.42006172839506178 0.43339506172839515 0.52044444444444449 7.5786202669143687 0.99999769051669152 33.920180761862021 36.928172484557372 2.9599918329492101 25.217317244677925 1 7.5542726755142215 2 129.26794387731482 1.8608333333333336 11.209969343024381 3.7808333333333337 3.4850000000000008 2.080833333333334 65.36560507059913
decision_type=10 2 2 2 2 2 2 2 1 2 2 2 2 2 10 2 2 2 2 2 1 10 1 2 2 2 2 2 2 2
left_child=23 7 3 6 5 -5 -3 9 -9 11 -11 21 -13 -12 -6 16 20 -18 22 -20 -4 -2 -17 28 -25 -26 27 -27 -1 -30
right_child=1 2 15 4 14 -7 -8 8 -10 10 13 12 -14 -15 -16 18 17 -19 19 -21 -22 -23 -24 24 25 26 -28 -29 29 -31
leaf_value=-0.3895799723453523 -1.1224450127851744 -27.913435317238168 -5.0943398821497894 58.768968541686597 -3.9843113728254425 17.345207125345869 4.3854061586206612 -22.32580536644414 -2.4972540745407104 25.273609296975017 -4.8725670031363943 -14.15774938751221 0.61213130054802745 4.2092527900685877 2.4791277412434725 4.1062661725908685 1.853937991751021 -0.23254480789901694 5.0554902271141762 0.27924340911816781 -1.3925970741869607 1.1951157466084932 -1.9530554110132732 -0.4515125969842621 2.2495874425534987 -3.8647663055766714 6.0454276444571358 -17.071648281466576 3.3435207370737778 -0.39483662677006648
leaf_weight=13952 3447 119 413 147 338 47 43 105 366 118 260 124 86 239 469 556 2709 33705 206 39741 1465 978 129 2930 179 758 34 30 387 304
leaf_count=13952 3447 119 413 147 338 47 43 105 366 118 260 124 86 239 469 556 2709 33705 206 39741 1465 978 129 2930 179 758 34 30 387 304
internal_value=0.000182856 0.098443 0.16733 5.31635 9.32624 48.8738 -19.3659 -0.865413 -6.95558 -0.318025 4.44343 -0.952681 -8.13487 -0.523029 -0.229563 0.091389 -0.181876 -0.0772753 0.348915 0.304 -2.20895 -0.610069 2.96398 -0.45375 -1.06039 -2.84038 -3.95017 -4.38857 -0.290832 1.70066
internal_weight=104384 85810 80087 1163 1001 194 162 5723 471 5252 617 4635 210 499 807 78924 38292 36414 40632 39947 1878 4425 685 18574 3931 1001 822 788 14643 691
internal_count=104384 85810 80087 1163 1001 194 162 5723 471 5252 617 4635 210 499 807 78924 38292 36414 40632 39947 1878 4425 685 18574 3931 1001 822 788 14643 691
cat_boundaries=0 1 2 3
cat_threshold=2 2 2
is_linear=0
shrinkage=0.05


Tree=110
num_leaves=31
num_cat=0
split_feature=1 0 4 4 4 4 1 3 4 3 3 4 4 4 4 4 4 4 4 3 3 3 3 3 3 3 3 0 3 3
split_gain=1.48638e+06 2.54574e+06 2.89558e+06 5.30608e+06 5.68123e+06 1.29902e+07 3.75943e+06 2.63862e+06 3.25176e+06 2.09422e+06 1.68263e+06 2.78019e+06 1.62017e+06 2.50704e+06 5.37943e+06 2.78068e+06 1.07637e+07 4.79409e+06 2.73677e+06 1.77038e+06 1.63809e+06 1.82666e+06 1.3833e+06 1.37404e+06 1.56064e+06 1.35214e+06 1.60528e+06 1.32594e+06 1.36757e+06 1.27244e+06
threshold=1.0000000180025095e-35 0.20346191134857275 41.953151611830769 113.61401437796748 147.19915526419507 145.25178461759691 0.11999972465400027 0.52044444444444449 71.907647277601754 0.040833333333333346 0.70033333333333359 20.682779021084816 195.94718125713351 172.00503490767841 163.5334098156452 121.31720883073699 147.19915526419507 116.90209583102994 172.48559991947982 0.040833333333333346 0.97970588235294132 0.23990740740740746 3.7808333333333337 0.53916666666666679 0.54037878787878801 0.73083333333333356 2.1908333333333343 0.45999893142664433 0.35992424242424254 0.19363636363636369
decision_type=2 2 2 2 2 2 2 2 2 2 2 2 2 2 2 2 2 2 2 2 2 2 2 2 2 2 2 2 2 2
left_child=12 2 6 7 5 -5 23 9 -9 -4 11 -8 13 14 15 17 -17 -1 19 -15 21 -20 29 -2 -25 -14 -27 28 -16 -3
right_child=1 22 3 4 -6 -7 10 8 -10 -11 -12 -13 25 18 27 16 -18 -19 20 -21 -22 -23 -24 24 -26 26 -28 -29 -30 -31
leaf_value=-0.24440394552364975 6.1040926009113505 0.7952321651439358 -16.602516092520496 3.6223670275584894 1.3606817324476062 28.990027495875509 30.35959777468727 -1.0058765795425726 11.694992668063215 -2.1960419137118925 4.2508391197919844 10.304907260662631 -3.4916368200006653 -3.4122837192535402 -5.6622336001396185 4.1423809587369442 -1.4927440264131262 -4.6017224067017555 -2.0879994581678814 3.5275371200321617 -5.6138939288168244 2.100600264259239 5.8991939503305098 -14.941949973728345 -0.20110684534153306 1.151622590467825 -5.3281591030782911 -12.403227910773699 -1.9326635381363044 0.0021555870927488481
leaf_weight=29643 58 5543 25 216 834 65 20 142 77 885 79 113 692 99 409 1606 1792 644 457 1162 131 602 101 22 82 454 120 42 618 57651
leaf_count=29643 58 5543 25 216 834 65 20 142 77 885 79 113 692 99 409 1606 1792 644 457 1162 131 602 101 22 82 454 120 42 618 57651
internal_value=0.000187828 0.144332 1.67192 0.991793 3.43689 9.57234 5.73911 -1.42389 3.49256 -2.60962 10.1051 13.5247 -0.246775 -0.186891 -0.295903 -0.18503 1.17102 -0.337204 1.35832 2.98042 -0.361609 0.292786 0.0811231 -0.00132058 -3.43202 -2.00507 -0.209937 -3.78615 -3.42202 0.0717311
internal_weight=104384 65913 2618 2244 1115 281 374 1129 219 910 212 133 38471 37205 34754 33685 3398 30287 2451 1261 1190 1059 63295 162 104 1266 574 1069 1027 63194
internal_count=104384 65913 2618 2244 1115 281 374 1129 219 910 212 133 38471 37205 34754 33685 3398 30287 2451 1261 1190 1059 63295 162 104 1266 574 1069 1027 63194
is_linear=0
shrinkage=0.05


Tree=111
num_leaves=31
num_cat=1
split_feature=2 4 4 0 1 0 4 1 0 4 4 0 0 2 0 4 4 0 4 0 4 4 4 2 0 5 0 0 4 2
split_gain=1.69795e+06 1.95102e+06 1.13049e+07 4.19338e+07 1.07845e+08 2.78629e+07 6.12326e+06 5.00447e+06 3.2914e+06 9.2391e+06 6.79595e+06 1.11104e+07 2.71195e+06 2.07761e+06 2.01686e+06 6.45477e+06 1.4282e+08 6.2392e+06 7.37074e+06 3.59177e+06 3.47221e+06 1.56322e+06 669927 791804 765345 735230 3.56151e+06 878652 635859 631655
threshold=7.2949045658111578 19.020390382422935 20.876902363572629 0.14001774458882627 0.019999953988310573 0.19438611718302773 18.763233794326226 0.044999874682521743 0.26004182463998643 18.762557873974824 17.963562687527723 0.15999963279306892 0.15999963279306892 7.5821911334991468 0.44520146530287003 36.972016444086492 36.97190895456697 0.17999958091807369 36.972463042473613 0.8504674470996485 33.920180761862021 18.762716287834049 19.020390382422935 7.2804038047790538 11.239974006385806 0 11.799972907264712 11.017994619494585 7.3558067376044018 5.5858000000000017
decision_type=10 2 2 2 2 2 2 2 2 2 2 2 2 10 2 2 2 2 2 2 2 2 2 8 2 1 2 2 2 10
left_child=22 6 3 -3 5 -5 8 12 10 28 -2 -12 -8 -6 17 16 -16 20 -19 -17 -4 -11 -1 25 -25 29 27 -27 -10 -24
right_child=1 2 14 4 13 -7 7 -9 9 21 11 -13 -14 -15 15 19 -18 18 -20 -21 -22 -23 23 24 -26 26 -28 -29 -30 -31
leaf_value=-0.010659628840391136 -2.2932417519580373 -23.902898577631049 -2.9774368596593801 8.103606473869748 -2.4989369049008459 50.041148597340523 -7.3363982887006518 12.627030887603759 -1.2844273736340646 -14.037587965622846 0.69962037698451773 13.801583773374558 -20.456914059221745 2.4783259214112694 0.1350029951933425 -1.1945675938131006 50.935110060067018 -4.0927285611298911 -0.52817987821339818 0.27366189907383065 0.30321818181748778 -4.5969913747860831 -0.64099645135965444 -2.8080132964706421 -13.174153154009865 -1.8940530659767889 18.57951719086746 6.5900179340964868 -0.022466212814686862 -6.3306550268251067
leaf_weight=6042 572 112 838 53 410 161 236 27 1698 148 497 239 47 427 3020 4617 144 2009 5209 42504 20847 64 11632 124 20 154 28 37 2420 48
leaf_count=6042 572 112 838 53 410 161 236 27 1698 148 497 239 47 427 3020 4617 144 2009 5209 42504 20847 64 11632 124 20 154 28 37 2420 48
internal_value=0.000194281 0.0925103 0.157196 5.04888 8.15392 39.7408 -0.781205 -7.61126 -0.404377 -1.06836 1.79279 4.96716 -9.5798 0.0401616 0.0852914 0.276596 2.46238 -0.247536 -1.52074 0.12978 0.176308 -11.2226 -0.440305 -0.65584 -4.32872 -0.611031 2.25295 -0.224753 -0.543005 -0.664919
internal_weight=104384 86299 80351 1163 1051 214 5948 310 5638 4330 1308 736 283 837 79188 50285 3164 28903 7218 47121 21685 212 18085 12043 144 11899 219 191 4118 11680
internal_count=104384 86299 80351 1163 1051 214 5948 310 5638 4330 1308 736 283 837 79188 50285 3164 28903 7218 47121 21685 212 18085 12043 144 11899 219 191 4118 11680
cat_boundaries=0 1
cat_threshold=2
is_linear=0
shrinkage=0.05


Tree=112
num_leaves=31
num_cat=0
split_feature=2 0 4 4 4 4 3 4 4 3 4 4 4 3 4 3 3 0 0 3 0 4 3 0 4 4 3 4 2 4
split_gain=1.53734e+06 1.77033e+06 2.49754e+06 1.65691e+06 1.79514e+06 9.69642e+06 5.33416e+06 1.01322e+07 5.44638e+06 3.22297e+06 2.77442e+06 1.4705e+06 1.39743e+06 2.17224e+06 1.84008e+06 1.57275e+06 1.28874e+06 2.4957e+06 1.10449e+06 765344 1.1263e+06 629733 1.55036e+06 1.97094e+06 1.28824e+06 1.1785e+06 1.04523e+06 870678 1.09907e+06 632736
threshold=7.1956784248352061 10.645000149766956 21.749337827658128 267.93661157518937 79.705660969726708 72.667141910237405 0.53916666666666679 151.35422855133075 88.454092356621871 0.98058823529411787 71.907647277601754 9.9012941391447971 178.95663949190643 1.7608333333333337 57.66614639130723 0.5150555555555556 2.8875000000000006 14.160053463278464 18.379957119216922 2.6408333333333336 1.0000000180025095e-35 129.26794387731482 1.8608333333333336 10.49995939216377 255.24665026500438 139.57060578323578 2.080833333333334 65.36560507059913 5.3756500000000011 82.341677575627799
decision_type=10 2 2 2 2 2 2 2 2 2 2 2 2 2 2 2 2 2 2 2 2 2 2 2 2 2 2 2 10 2
left_child=21 3 11 4 5 10 8 -8 -6 -7 -2 -3 13 15 -15 -4 18 -18 -14 20 -5 26 -23 -24 25 -25 -1 -28 -29 -30
right_child=1 2 12 19 6 9 7 -9 -10 -11 -12 -13 16 14 -16 -17 17 -19 -20 -21 -22 22 23 24 -26 -27 27 28 29 -31
leaf_value=-0.36641661738121456 -0.073206543798379861 0.73927183049065726 0.004100398734350085 6.4536043200200908 4.2374627294561833 -0.50930697790788526 3.6008451332164557 -0.015768394486669564 -0.61077054058463043 -4.9532711605887094 5.0676330852553537 15.72418158667428 -0.050288325518002719 18.600100369262694 4.1477004380758649 1.4019736836341965 19.120519529010938 2.0580770922069269 0.75358755618651829 -10.038129310607911 -1.1815713175510403 -0.40278768572807622 2.3381623369237272 -0.50060296489178768 2.310620402359381 -5.3242037654435972 3.1979137740474313 1.5154428536135311 -11.85494520394802 -2.3766830268549541
leaf_weight=12974 27253 27 3639 48 611 577 3058 5278 10832 1394 264 41 19744 24 196 4500 22 321 5452 23 3484 2930 163 161 81 596 387 218 24 62
leaf_count=12974 27253 27 3639 48 611 577 3058 5278 10832 1394 264 41 19744 24 196 4500 22 321 5452 23 3484 2930 163 161 81 596 387 218 24 62
internal_value=0.000210647 0.0866121 0.368219 -0.0944725 -0.0192387 -0.26642 0.349271 1.31123 -0.351551 -3.65324 -0.0237024 9.87131 0.348865 0.909967 5.80138 0.777053 0.165186 3.20488 0.12368 -1.1368 -1.07601 -0.425924 -0.983542 -2.68135 -3.65933 -4.30033 -0.265454 1.62798 -0.374501 -5.1277
internal_weight=104384 86788 33966 52822 49267 29488 19779 8336 11443 1971 27517 68 33898 8359 220 8139 25539 343 25196 3555 3532 17596 3931 1001 838 757 13665 691 304 86
internal_count=104384 86788 33966 52822 49267 29488 19779 8336 11443 1971 27517 68 33898 8359 220 8139 25539 343 25196 3555 3532 17596 3931 1001 838 757 13665 691 304 86
is_linear=0
shrinkage=0.05


Tree=113
num_leaves=31
num_cat=1
split_feature=1 0 4 4 4 4 1 3 3 4 1 5 4 4 4 4 4 4 4 3 3 3 4 4 3 3 3 0 3 4
split_gain=1.28977e+06 2.32925e+06 2.70346e+06 4.79212e+06 5.09361e+06 1.16862e+07 3.42223e+06 2.41963e+06 2.07711e+06 1.78183e+06 1.50164e+06 2.74202e+06 1.42349e+06 2.28949e+06 4.82373e+06 2.45993e+06 2.42713e+06 9.43745e+06 4.34045e+06 1.59514e+06 1.49382e+06 1.65067e+06 1.24553e+06 1.36582e+06 1.24512e+06 1.23859e+06 1.41922e+06 1.18513e+06 1.22467e+06 1.18143e+06
threshold=1.0000000180025095e-35 0.20346191134857275 41.953151611830769 113.61401437796748 147.19915526419507 145.25178461759691 0.11999972465400027 1.5808333333333338 0.040833333333333346 72.667141910237405 0.99999769051669152 0 195.94718125713351 172.00503490767841 163.5334098156452 172.48559991947982 121.31720883073699 147.19915526419507 116.90209583102994 0.040833333333333346 0.97970588235294132 0.23990740740740746 28.553654166726833 26.695935969762441 3.7808333333333337 0.72041666666666682 2.1908333333333343 0.45999893142664433 0.35992424242424254 153.11144539855789
decision_type=2 2 2 2 2 2 2 2 2 2 2 1 2 2 2 2 2 2 2 2 2 2 2 2 2 2 2 2 2 2
left_child=12 2 6 7 5 -5 22 8 -4 -9 11 -8 13 14 16 19 18 -18 -1 -15 21 -17 23 -2 -3 -14 -27 28 -16 -6
right_child=1 24 3 4 29 -7 10 9 -10 -11 -12 -13 25 15 27 20 17 -19 -20 -21 -22 -23 -24 -25 -26 26 -28 -29 -30 -31
leaf_value=-0.22674808240029695 0.014369539609853772 0.065125830755328531 -15.786587462792028 3.4282979693129869 -5.4668596223195394 27.488925123503716 18.108376578572155 -0.37174056096510455 -1.4777266561996241 19.755125377281853 4.6687553341653611 1.8053743809775302 -3.3029916353465598 -3.2273202096939091 -5.3586118498691704 -1.9659889503298371 3.8763191557253274 -1.4002258346484517 -4.3727887965745706 3.3601535614855225 -5.3433507270523997 2.0157288472594117 5.0974566990307402 -13.45912110695472 5.5938681982720597 1.1150062113632284 -4.9762737701352968 -11.729663940252259 -1.8292721620303174 1.8175332665313566
leaf_weight=29643 68 63194 25 216 59 65 86 21 1061 22 89 37 691 99 409 457 1606 1792 644 1162 131 602 69 25 101 455 120 42 618 775
leaf_count=29643 68 63194 25 216 59 65 86 21 1061 22 89 37 691 99 409 457 1606 1792 644 1162 131 602 69 25 101 455 120 42 618 775
internal_value=0.000225509 0.134498 1.59569 0.938526 3.26219 9.07168 5.52563 -1.35718 -1.82134 10.1406 9.69123 13.2584 -0.229824 -0.173693 -0.277867 1.30296 -0.172877 1.09404 -0.315048 2.84083 -0.327675 0.297223 0.048321 -3.71213 0.0740364 -1.87795 -0.162641 -3.58293 -3.23867 1.29627
internal_weight=104384 65913 2618 2244 1115 281 374 1129 1086 43 212 123 38471 37205 34754 2451 33685 3398 30287 1261 1190 1059 162 93 63295 1266 575 1069 1027 834
internal_count=104384 65913 2618 2244 1115 281 374 1129 1086 43 212 123 38471 37205 34754 2451 33685 3398 30287 1261 1190 1059 162 93 63295 1266 575 1069 1027 834
cat_boundaries=0 1
cat_threshold=2
is_linear=0
shrinkage=0.05


Tree=114
num_leaves=31
num_cat=0
split_feature=2 4 4 3 1 0 1 3 4 3 3 3 0 3 2 0 4 4 0 4 4 4 0 2 0 0 4 2 2 2
split_gain=1.40444e+06 1.702e+06 1.0207e+07 3.99297e+07 1.30479e+08 5.78669e+07 1.12714e+07 6.78763e+06 1.03447e+07 5.22956e+06 2.20268e+07 3.77769e+06 7.4144e+06 3.75362e+06 2.7942e+06 1.68332e+06 5.88547e+06 1.29083e+08 5.61311e+06 6.6414e+06 3.36675e+06 3.10847e+06 1.51549e+06 1.38154e+06 1.18756e+06 647096 608840 758787 614371 1.038e+06
threshold=7.2949045658111578 19.020390382422935 20.876902363572629 0.76060606060606073 0.019999953988310573 0.19438611718302773 1.2999969742627144 0.76060606060606073 18.763233794326226 0.4400617283950618 0.45339506172839511 0.42006172839506178 0.26004182463998643 0.56848484848484859 7.5753664255142219 0.44520146530287003 36.972016444086492 36.97190895456697 0.17999958091807369 36.972463042473613 36.972866100304209 33.920180761862021 0.23329679544179047 7.5542726755142215 0.15999963279306892 0.15999963279306892 15.84039880220352 4.6196500000000009 2.7159958660602572 5.0131500000000004
decision_type=10 2 2 2 2 2 2 2 2 2 2 2 2 2 10 2 2 2 2 2 2 2 2 10 2 2 2 10 10 10
left_child=26 7 3 6 5 -5 24 9 -9 11 22 23 -13 -12 -6 18 17 -17 21 -20 -18 -4 -11 -2 -3 -10 28 -28 -1 -30
right_child=1 2 15 4 14 -7 -8 8 25 10 13 12 -14 -15 -16 16 20 -19 19 -21 -22 -23 -24 -25 -26 -27 27 -29 29 -31
leaf_value=-1.088102437198843 -0.93367177029848869 -21.870856348497146 -2.8097603335007038 2.4153789787633082 -3.986712936330465 63.239270992279046 4.1264750701730906 -2.5242844129607489 -17.63596578100324 26.158118921653511 -3.9797489497788621 16.228165642804111 -11.022433943409737 4.888578865725016 2.0726909016188286 0.12559719633392727 -6.549114851320863 48.420814797434311 -3.8768466814367741 -0.49325033332932311 0.13767104402717872 0.29430508227736552 10.891392099131709 1.1803506665089978 -33.744874835544167 -27.79951762859638 -8.6698881386066304 -0.57203046205111974 1.2425080353605806 -0.32067613573084625
leaf_weight=984 3670 88 838 55 305 135 43 369 79 96 304 28 182 195 502 3020 188 144 2009 5209 46933 20847 22 978 35 25 28 12618 1745 2710
leaf_count=984 3670 88 838 55 305 135 43 369 79 96 304 28 182 195 502 3020 188 144 2009 5209 46933 20847 22 978 35 25 28 12618 1745 2710
internal_value=0.000222815 0.0841815 0.144599 4.79268 8.57559 45.7372 -17.8429 -0.731872 -6.47186 -0.234887 4.09738 -0.785847 -7.32931 -0.511314 -0.219512 0.0762745 0.251046 2.33822 -0.227789 -1.43542 0.110854 0.174227 23.4273 -0.488695 -25.4946 -20.3207 -0.400398 -0.590645 0.0419623 0.291755
internal_weight=104384 86299 80351 1163 997 190 166 5948 473 5475 617 4858 210 499 807 79188 50285 3164 28903 7218 47121 21685 118 4648 123 104 18085 12646 5439 4455
internal_count=104384 86299 80351 1163 997 190 166 5948 473 5475 617 4858 210 499 807 79188 50285 3164 28903 7218 47121 21685 118 4648 123 104 18085 12646 5439 4455
is_linear=0
shrinkage=0.05


Tree=115
num_leaves=31
num_cat=0
split_feature=2 4 4 0 1 0 4 1 0 4 4 0 0 2 0 4 4 1 0 0 1 0 2 4 2 1 0 4 0 1
split_gain=1.26778e+06 1.5363e+06 9.21386e+06 3.50224e+07 8.8688e+07 2.57461e+07 5.03516e+06 4.36628e+06 2.69181e+06 6.84158e+06 5.67074e+06 9.89717e+06 2.33742e+06 1.7183e+06 1.61791e+06 1.68351e+06 2.76873e+06 1.53841e+06 1.13986e+06 1.05425e+06 857593 600407 579094 571310 1.08435e+06 808285 720927 549141 471148 729346
threshold=7.2949045658111578 19.020390382422935 20.876902363572629 0.14001774458882627 0.019999953988310573 0.35274331010320692 18.763233794326226 0.044999874682521743 0.25297908095009852 18.762557873974824 17.963562687527723 0.15999963279306892 0.19438611718302773 7.5821911334991468 13.739968146217349 248.50768118551136 244.04934087507249 12.919964401295308 0.27214977569888577 14.719965851997378 15.279964382118226 13.659968197303774 7.5200507164001467 129.26794387731482 5.5858000000000017 10.359971439942887 0.31999926703441151 7.3558067376044018 0.69983697289668767 14.139960988067484
decision_type=10 2 2 2 2 2 2 2 2 2 2 2 2 10 2 2 2 2 2 2 2 2 10 2 8 2 2 2 2 2
left_child=23 6 3 -3 5 -5 8 12 10 27 22 -12 -8 -6 15 16 -4 19 -11 -16 -19 -17 -2 28 25 26 -25 -10 -1 -30
right_child=1 2 14 4 13 -7 7 -9 9 18 11 -13 -14 -15 17 21 -18 20 -20 -21 -22 -23 -24 24 -26 -27 -28 -29 29 -31
leaf_value=-0.69109493968188029 -3.9734270004712609 -21.90486879956406 -0.049428203540625493 42.032845084965231 -2.2757492268491548 -13.444118417104086 -7.0481919343793216 12.011646844914981 -1.1656144008465696 -1.0198298260900709 0.66613484927239908 13.345904961487641 -21.291461681452667 2.250699300744754 2.5595771317048506 -0.65842176839427047 1.8273184894124244 0.73388574865900036 -10.854424563240761 14.847416468302407 0.14445003927833183 -3.1461924387741091 -0.70904077267513055 -0.78682753285724005 -12.246472081456865 -1.2428541259676371 2.0760692291372282 0.0044214277137804943 0.31350827263552145 -0.54401556906321891
leaf_weight=4009 241 112 42707 191 410 23 251 27 1704 35 497 222 32 427 43 8215 2059 10153 193 29 15733 249 311 500 20 3020 391 2435 5834 4311
leaf_count=4009 241 112 42707 191 410 23 251 27 1704 35 497 222 32 427 43 8215 2059 10153 193 29 15733 249 311 500 20 3020 391 2435 5834 4311
internal_value=0.000227732 0.0799974 0.137398 4.55357 7.39126 36.0355 -0.695317 -6.88886 -0.353608 -0.943013 1.67066 4.59427 -8.72805 0.0333668 0.072483 -0.0853422 0.036931 0.396114 -9.3558 7.64451 0.375658 -0.731972 -2.13887 -0.380404 -0.913587 -0.852516 0.470419 -0.477439 -0.232269 -0.0509037
internal_weight=104384 86299 80351 1163 1051 214 5948 310 5638 4367 1271 719 283 837 79188 53230 44766 25958 228 72 25886 8464 552 18085 3931 3911 891 4139 14154 10145
internal_count=104384 86299 80351 1163 1051 214 5948 310 5638 4367 1271 719 283 837 79188 53230 44766 25958 228 72 25886 8464 552 18085 3931 3911 891 4139 14154 10145
is_linear=0
shrinkage=0.05


Tree=116
num_leaves=31
num_cat=1
split_feature=0 0 3 3 3 3 3 3 4 0 5 3 4 3 4 4 4 2 3 4 3 4 3 4 3 0 3 3 2 0
split_gain=1.15391e+06 1.57571e+06 1.30921e+06 1.03058e+06 1.80034e+06 1.0196e+06 1.28459e+06 2.03809e+06 1.59761e+06 1.81883e+06 1.52148e+06 1.47284e+06 1.224e+06 4.55142e+06 4.9592e+06 2.55802e+06 2.93196e+06 952949 940437 1.27577e+06 931148 854292 791191 1.8862e+06 3.38012e+06 544988 1.90583e+06 1.11079e+06 476557 541589
threshold=19.35995519575501 19.719954595108039 2.8875000000000006 0.48840909090909096 0.45993827160493833 0.020833333333333339 0.12022727272727275 0.23342592592592595 276.38051498725684 13.439969079307557 0 0.24053030303030307 37.746023660788687 0.040833333333333346 36.898829917399304 40.456495911064998 56.279287858403407 2.6867630183696751 0.4400617283950618 278.99955054364256 0.11348484848484851 15.84039880220352 1.5208333333333337 278.99955054364256 1.8803571428571433 20.059953451095584 1.640714285714286 2.3208333333333337 7.4989146471023567 9.2999783966751099
decision_type=2 2 2 2 2 2 2 2 2 2 1 2 2 2 2 2 2 10 2 2 2 2 2 2 2 2 2 2 10 2
left_child=5 18 3 4 -3 28 12 8 10 -10 -8 21 13 -7 -15 20 -17 -13 19 -2 -14 -9 -20 24 -24 26 -5 -27 -1 -30
right_child=1 2 -4 25 -6 6 7 11 9 -11 -12 17 15 14 -16 16 -18 -19 22 -21 -22 -23 23 -25 -26 27 -28 -29 29 -31
leaf_value=-1.4483106746524572 -4.3315797200536732 0.27433177673906711 11.141109696405906 0.65054594087900364 5.1285878392505655 6.7243676402733774 -1.2949834761916017 -1.5888302632761588 3.8408790496123992 -0.23610012127455937 0.050548749982737021 -7.9272820044818673 4.4766218885138072 0.46197030078635049 -7.9422896517233417 -4.0993125916992037 1.07483470269537 -0.0074488816014457188 3.0356664291100262 2.9664292986081993 12.78116104888916 2.3283175409627748 -4.5621281839819519 -4.7414045859632035 18.727062742299047 -1.8193966801232795 -6.6205146554360788 2.4744995660131628 -9.265593213333803 -2.2340164149192074
leaf_weight=223 124 810 26 1471 249 158 7286 161 382 957 2952 37 236 485 274 292 4180 80182 1155 114 39 998 33 104 28 1047 95 175 50 61
leaf_count=223 124 810 26 1471 249 158 7286 161 382 957 2952 37 236 485 274 292 4180 80182 1155 114 39 998 33 104 28 1047 95 175 50 61
internal_value=0.000211432 0.709741 0.169403 0.0923736 1.41947 -0.0387376 -0.029383 -0.0739309 -0.694627 0.929006 -0.907048 0.0143781 0.7016 -0.969965 -2.57843 1.02464 0.736146 -0.0112006 2.05198 -0.838088 5.69642 1.78327 2.57332 -0.661898 6.25754 -0.412039 0.205507 -1.20295 -2.7925 -5.45589
internal_weight=104384 5431 3873 3847 1059 98953 98619 92955 11577 1339 10238 81378 5664 917 759 4747 4472 80219 1558 238 275 1159 1320 165 61 2788 1566 1222 334 111
internal_count=104384 5431 3873 3847 1059 98953 98619 92955 11577 1339 10238 81378 5664 917 759 4747 4472 80219 1558 238 275 1159 1320 165 61 2788 1566 1222 334 111
cat_boundaries=0 1
cat_threshold=2
is_linear=0
shrinkage=0.05


Tree=117
num_leaves=31
num_cat=0
split_feature=1 2 2 3 4 4 4 4 4 4 3 4 3 1 3 1 4 3 3 4 1 4 2 2 4 3 1 3 4 3
split_gain=1.13022e+06 1.42354e+06 1.31273e+06 1.58015e+06 1.50493e+06 1.89565e+06 4.51791e+06 2.21619e+06 1.99692e+06 1.59496e+06 1.34768e+06 1.31167e+06 2.33455e+06 3.27145e+06 3.74922e+06 2.15743e+06 4.43196e+06 2.98439e+06 1.88274e+06 1.53799e+06 6.84422e+06 1.06261e+07 2.73129e+06 2.10675e+06 2.45498e+06 1.67194e+06 1.24098e+06 1.22253e+06 1.04671e+06 962056
threshold=1.0000000180025095e-35 4.8776500000000018 7.7019032955169688 1.4804166666666669 195.94718125713351 172.00503490767841 163.5334098156452 172.48559991947982 121.31720883073699 172.47761194907295 0.97970588235294132 248.50768118551136 0.48840909090909096 13.599968220170341 0.93984848484848504 12.919964401295308 278.63826055011754 0.35992424242424254 1.0937254901960787 145.25178461759691 6.859984245947035 147.19915526419507 7.5652331590652473 7.6362954139709478 70.311670125367542 0.5150555555555556 15.139965027656556 1.0937254901960787 171.83167905709141 0.72041666666666682
decision_type=2 10 10 2 2 2 2 2 2 2 2 2 2 2 2 2 2 2 2 2 2 2 10 10 2 2 2 2 2 2
left_child=2 26 4 -4 5 6 8 9 -1 -7 -9 19 15 14 -14 16 -13 -17 -15 23 21 -21 -22 25 -25 -3 -2 -28 -8 -6
right_child=1 11 3 -5 29 7 28 10 -10 -11 -12 12 13 18 -16 17 -18 -19 -20 20 22 -23 -24 24 -26 -27 27 -29 -30 -31
leaf_value=-0.2419891297385276 -1.1534342919621712 -0.31372906052293331 -1.5910529096433503 -9.8208924967050564 -3.129977403492425 1.5905923074179187 -4.3877874988178149 0.27127021751531732 1.0375635649093979 5.5782490636348037 -5.0862939171357588 -1.1319578069642482 -3.277938738887606 -0.46939339479805064 -0.59223408804285782 -0.64176885650002979 4.5865046896456985 1.8300555729540595 0.8823475055177652 20.215745750734179 0.27199346012274517 2.4488535911623277 -11.439779837036134 -0.34202266307748591 -3.9138089198975061 0.56162704432114074 -2.7924702264280885 -18.32989227294922 -0.9026827009749967 -0.25917003455958348
leaf_weight=29627 1343 8428 667 63 691 916 769 1059 3398 345 131 552 1782 6114 4794 3618 875 1842 4450 86 11371 2602 49 1844 650 15460 33 20 300 505
leaf_count=29627 1343 8428 667 63 691 916 769 1059 3398 345 131 552 1782 6114 4794 3618 875 1842 4450 86 11371 2602 49 1844 650 15460 33 20 300 505
internal_value=0.000209486 0.125904 -0.215142 -2.31377 -0.174489 -0.117344 -0.213911 1.22545 -0.110306 2.68514 -0.322283 0.160093 -0.132566 -0.444977 -1.32041 0.644894 2.37521 0.192314 0.100046 0.333759 0.755139 3.0246 0.220744 0.108402 -1.27412 0.25279 -1.45318 -8.88661 -3.4115 -1.91904
internal_weight=104384 65913 38471 730 37741 36545 34094 2451 33025 1261 1190 64517 24027 17140 6576 6887 1427 5460 10564 40490 14108 2688 11420 26382 2494 23888 1396 53 1069 1196
internal_count=104384 65913 38471 730 37741 36545 34094 2451 33025 1261 1190 64517 24027 17140 6576 6887 1427 5460 10564 40490 14108 2688 11420 26382 2494 23888 1396 53 1069 1196
is_linear=0
shrinkage=0.05


Tree=118
num_leaves=31
num_cat=1
split_feature=2 4 4 3 1 3 1 3 5 3 3 3 3 3 2 3 1 4 4 2 4 2 3 4 4 1 2 1 2 3
split_gain=1.10877e+06 1.33998e+06 8.2619e+06 3.37621e+07 1.05304e+08 1.71313e+07 1.02907e+07 6.04593e+06 9.56773e+06 4.3893e+06 1.88818e+07 3.56153e+06 3.17487e+06 3.21423e+06 2.35592e+06 1.48398e+06 1.38758e+06 2.02458e+06 1.72789e+06 1.21294e+06 536484 622614 564843 779601 1.4486e+06 748837 649993 513332 624606 579732
threshold=7.2949045658111578 19.020390382422935 20.876902363572629 0.75023809523809526 0.019999953988310573 1.0803703703703706 1.2999969742627144 0.76060606060606073 0 0.4400617283950618 0.45339506172839511 0.63527777777777794 0.42006172839506178 0.43339506172839515 7.5753664255142219 0.020833333333333339 0.99999769051669152 33.920180761862021 175.85592669041588 7.5542726755142215 15.84039880220352 4.6196500000000009 0.70033333333333359 5.4946598705377818 5.4934507320493147 13.909961877399091 2.7159958660602572 14.299966861717225 4.8186000000000009 2.7658333333333336
decision_type=10 2 2 2 2 2 2 2 1 2 2 2 2 2 10 2 2 2 2 10 2 10 2 2 2 2 10 2 10 2
left_child=20 7 3 6 5 -5 -3 9 -9 12 -11 -12 19 -14 -6 -4 17 -17 -18 -2 22 -22 23 24 -1 -24 -25 -23 29 -29
right_child=1 2 15 4 14 -7 -8 8 -10 10 11 -13 13 -15 -16 16 18 -19 -20 -21 21 27 25 26 -26 -27 -28 28 -30 -31
leaf_value=0.42088613700488503 -0.82957012707537681 -24.322588984926544 -6.8263008619883028 49.085586070498906 -3.6866918693560793 14.054868569374086 4.0991692915829745 -19.303990199610876 -2.2475323421069926 21.685513082231797 -2.4099002275482757 8.7190164439431559 -11.802611942634584 0.74779678344726574 1.8772406134624444 -1.6821370903285429 0.7555021279786529 -0.056258137583775396 0.055247119184776122 1.1512494384615366 -7.8528299864407236 -0.30278877024264622 2.2172150242239095 -1.0087787838925795 -4.2024000038893972 -0.16389540427526264 0.51171926742509166 -4.8639579483514988 -0.85267982903440864 4.0137489242780786
leaf_weight=356 3670 119 77 147 305 47 43 105 368 118 413 86 124 86 502 2020 12896 36400 27795 978 28 8684 623 984 322 701 2453 160 3754 20
leaf_count=356 3670 119 77 147 305 47 43 105 368 118 413 86 124 86 502 2020 12896 36400 27795 978 28 8684 623 984 322 701 2453 160 3754 20
internal_value=0.000184354 0.0747839 0.128392 4.31021 7.73995 40.7144 -16.7996 -0.649299 -6.0666 -0.18026 3.78872 -0.478279 -0.685026 -6.68371 -0.227563 0.0669215 0.0737171 -0.141783 0.277189 -0.412621 -0.355778 -0.534363 0.0594625 -0.229592 -1.77778 0.957345 0.0762382 -0.517501 -0.991263 -3.86079
internal_weight=104384 86299 80351 1163 1001 194 162 5948 473 5475 617 499 4858 210 807 79188 79111 38420 40691 4648 18085 12646 5439 4115 678 1324 3437 12618 3934 180
internal_count=104384 86299 80351 1163 1001 194 162 5948 473 5475 617 499 4858 210 807 79188 79111 38420 40691 4648 18085 12646 5439 4115 678 1324 3437 12618 3934 180
cat_boundaries=0 1
cat_threshold=2
is_linear=0
shrinkage=0.05


Tree=119
num_leaves=31
num_cat=2
split_feature=2 4 4 3 5 0 4 3 5 3 3 3 0 3 0 2 3 0 4 0 2 0 3 4 2 3 3 4 2 2
split_gain=1.00091e+06 1.20952e+06 7.46292e+06 3.06862e+07 8.80778e+07 5.24258e+07 8.25702e+06 5.46943e+06 7.77214e+06 4.14451e+06 1.72892e+07 8.30092e+06 3.85467e+06 2.86784e+06 6.15405e+06 1.73371e+06 1.34108e+06 1.37782e+06 5.51285e+06 5.11297e+06 1.12773e+06 936630 840863 516178 539262 741593 388314 610689 663488 383636
threshold=7.2949045658111578 19.020390382422935 20.876902363572629 0.76060606060606073 0 0.19438611718302773 20.682779021084816 0.67055555555555568 1 0.4400617283950618 0.45993827160493833 0.48022222222222227 0.23999945136201387 0.42006172839506178 0.26004182463998643 7.5786202669143687 0.020833333333333339 0.44520146530287003 36.972016444086492 0.17999958091807369 7.572619390487672 0.15999963279306892 0.83015151515151531 223.10929251321144 5.5043500000000014 2.3208333333333337 1.4804166666666669 255.24665026500438 4.8776500000000018 5.390550000000002
decision_type=10 2 2 2 1 2 2 2 1 2 2 2 2 2 2 10 2 2 2 2 10 2 2 2 8 2 2 2 10 8
left_child=23 7 3 6 5 -5 -3 9 22 13 12 -12 -11 20 -15 -6 -4 19 -19 -18 -2 -8 -9 29 26 -26 -25 28 -28 -1
right_child=1 2 16 4 15 -7 21 8 -10 10 11 -13 -14 14 -16 -17 17 18 -20 -21 -22 -23 -24 24 25 -27 27 -29 -30 -31
leaf_value=-0.11100039405342431 -0.64959744881924009 4.9715170062215712 -6.489361552030612 -2.1196214484093621 -2.8447528014343453 53.648641247580237 -18.391047548929851 -10.579501317024231 -2.1531912587193465 19.725640611029291 -12.677113299447983 2.7061325606546154 -3.4493952941894537 15.105438043988983 -9.7178426128984157 1.8920709123355104 0.17876015719130967 2.2492371636253981 0.092495778690108749 -1.3577861787365961 1.9610331118522391 -28.375952209379619 -20.105126439379408 1.3448263881769447 -2.4400113300396051 -13.892210066659111 -8.1883188209199069 1.1372562064244911 -1.996206400880137 -0.59339052821761296
leaf_weight=10969 4190 37 77 60 326 140 89 39 370 153 121 311 20 28 182 471 21671 3161 47063 7216 458 40 76 107 45 20 56 102 184 6602
leaf_count=10969 4190 37 77 60 326 140 89 39 370 153 121 311 20 28 182 471 21671 3161 47063 7216 458 40 76 107 45 20 56 102 184 6602
internal_value=0.000183262 0.0710616 0.121993 4.09646 7.41281 36.9908 -15.7467 -0.61687 -5.69983 -0.164648 3.73434 -1.62192 17.042 -0.650885 -6.35214 -0.0465811 0.0635705 0.0700306 0.228279 -0.205104 -0.391986 -21.6816 -16.9938 -0.338023 -1.89832 -6.12094 -1.27477 -2.0959 -3.46903 -0.292274
internal_weight=104384 86299 80351 1163 997 200 166 5948 485 5463 605 432 173 4858 210 797 79188 79111 50224 28887 4648 129 115 18085 514 65 449 342 240 17571
internal_count=104384 86299 80351 1163 997 200 166 5948 485 5463 605 432 173 4858 210 797 79188 79111 50224 28887 4648 129 115 18085 514 65 449 342 240 17571
cat_boundaries=0 1 2
cat_threshold=2 2
is_linear=0
shrinkage=0.05


Tree=120
num_leaves=31
num_cat=2
split_feature=1 0 2 3 0 2 3 3 3 3 1 0 0 3 2 3 3 3 3 0 3 0 3 3 5 0 0 5 0 2
split_gain=981128 2.01447e+06 1.60466e+06 7.4333e+06 2.00012e+06 1.74094e+06 1.78938e+06 1.33415e+06 1.1402e+06 1.16434e+06 1.61403e+06 2.64282e+06 1.79994e+06 1.30825e+06 1.11273e+06 1.43382e+06 1.23473e+06 2.55699e+06 5.26837e+07 6.60819e+07 2.59279e+06 3.67871e+06 2.17107e+06 1.7788e+06 1.62042e+06 4.64149e+06 1.58153e+06 3.15757e+06 1.05722e+06 975907
threshold=1.0000000180025095e-35 0.20346191134857275 7.5200507164001467 0.50083333333333346 0.039999890417299407 7.4989146471023567 1.1991666666666669 0.040833333333333346 3.7808333333333337 0.19363636363636369 12.959969866744816 11.799972907264712 14.011457475470676 0.23342592592592595 7.7019032955169688 1.4804166666666669 0.23990740740740746 0.33992424242424252 0.32674242424242433 0.44520146530287003 0.35992424242424254 0.19438611718302773 0.24053030303030307 0.1400757575757576 0 0.47463794734305109 0.361846610693976 1 0.19438611718302773 4.8553500000000005
decision_type=2 2 10 2 2 10 2 2 2 2 2 2 2 2 10 2 2 2 2 2 2 2 2 2 1 2 2 1 2 10
left_child=14 2 3 4 7 -5 -7 -2 9 10 11 -3 -12 -11 16 -16 23 18 22 -20 21 -19 -18 26 25 -25 -1 -28 -6 -15
right_child=1 8 -4 5 28 6 -8 -9 -10 13 12 -13 -14 29 15 -17 17 20 19 -21 -22 -23 -24 24 -26 -27 27 -29 -30 -31
leaf_value=0.52952080260765999 -12.122483705373909 0.089830957926965174 -0.40824704652979876 1.2081003697816428 2.3193968035579893 7.9395296787195013 17.652424291413407 -0.61962792098397268 5.3431800777538152 -1.3273068004620947 -1.7254624342304472 3.7419334720664459 0.79673035636263867 -1.483713097718881 -1.4443367454213298 -9.2835284906625741 2.8211337744723681 0.39025412020861988 -1.2842863074962685 44.538165017852663 -0.12905677166285498 -5.4047976763277674 -0.42549557475154476 -1.4903220339886583 -0.25060831239582115 -9.2128335387855067 -5.1520730151470753 0.54332912335965866 11.315225270680019 0.058044770359581638
leaf_weight=3792 25 1006 789 76 512 291 57 834 101 1835 972 975 2590 1045 667 63 565 526 163 151 19962 570 5706 2832 2246 208 399 621 34 54771
leaf_count=3792 25 1006 789 76 512 291 57 834 101 1835 972 975 2590 1045 667 63 565 526 163 151 19962 570 5706 2832 2246 208 399 621 34 54771
internal_value=0.000154385 0.117265 1.47614 2.28881 0.535778 8.08286 9.57647 -0.968115 0.0610367 0.05251 0.744597 1.88829 0.108181 -0.0140441 -0.20049 -2.13265 -0.163062 0.00979564 0.869668 20.8228 -0.259121 -2.62577 -0.132579 -0.636211 -1.26928 -2.02156 0.059338 -1.68744 2.89925 0.0291535
internal_weight=104384 65913 2618 1829 1405 424 348 859 63295 63194 5543 1981 3562 57651 38471 730 37741 27643 6585 314 21058 1096 6271 10098 5286 3040 4812 1020 546 55816
internal_count=104384 65913 2618 1829 1405 424 348 859 63295 63194 5543 1981 3562 57651 38471 730 37741 27643 6585 314 21058 1096 6271 10098 5286 3040 4812 1020 546 55816
cat_boundaries=0 1 2
cat_threshold=2 2
is_linear=0
shrinkage=0.05


Tree=121
num_leaves=31
num_cat=0
split_feature=0 1 1 3 0 3 3 4 3 1 0 4 3 4 3 3 3 0 1 1 3 4 3 1 3 1 3 3 3 4
split_gain=949262 1.61124e+06 970427 2.45764e+06 2.34129e+06 2.26175e+06 2.08542e+06 1.25911e+06 1.39865e+06 1.15615e+06 2.11284e+06 1.2894e+06 941120 886075 2.1959e+06 2.09834e+06 1.41764e+06 1.77555e+06 1.06571e+06 1.83695e+06 1.61065e+06 868760 973968 970737 1.01702e+06 802318 752824 1.04596e+06 1.6119e+06 1.01707e+06
threshold=19.35995519575501 18.939956020095828 18.309957441986089 0.66022727272727277 18.742363650087714 0.4400617283950618 1.0202380952380954 141.52957083783937 1.7008333333333336 17.879958365402228 18.379957119216922 230.57262448925982 1.0396296296296299 278.99955054364256 2.8375000000000008 2.7658333333333336 1.8803571428571433 20.009953390335088 19.499954920974734 20.049953179412842 0.50861111111111124 257.29026212764853 0.46696969696969709 18.009958560455328 1.5401190476190478 18.59995679335022 0.020833333333333339 0.12022727272727275 0.23342592592592595 37.746023660788687
decision_type=2 2 2 2 2 2 2 2 2 2 2 2 2 2 2 2 2 2 2 2 2 2 2 2 2 2 2 2 2 2
left_child=2 21 9 5 6 -4 -5 -6 -9 26 -11 -12 -13 15 18 16 -3 -18 20 -20 -15 22 -2 -23 25 -25 -1 29 -29 -28
right_child=1 13 3 4 7 -7 -8 8 -10 10 11 12 -14 14 -16 -17 17 -19 19 -21 -22 23 -24 24 -26 -27 27 28 -30 -31
leaf_value=-2.3989377863496095 -4.9164407159731942 -0.43132456761477844 -4.7211126073201495 -12.732732694389846 -8.0157450319436876 8.6152609707305299 0.89598688441514973 0.75462002128116357 -6.5869261514687842 12.795239864349366 -2.5371899628467696 6.3754264320959733 0.38982386447204886 4.7252620031020864 13.200101078086428 -10.812390792767207 19.159500884215035 -0.37365020186812792 -1.318820577642436 5.2501179338087809 0.55334016327928637 -6.500443759351163 5.1856450357578261 5.4595760775804525 -4.4716985525923256 1.3621083008786918 -0.8875862387494714 -0.61776140704163562 0.014228988888005098 0.93111280846715738
leaf_weight=334 25 2171 47 98 64 94 39 362 78 44 138 132 130 329 35 47 20 26 833 121 775 36 320 159 58 476 917 11540 80205 4731
leaf_count=334 25 2171 47 98 64 94 39 362 78 44 138 132 130 329 35 47 20 26 833 121 775 36 320 159 58 476 917 11540 80205 4731
internal_value=0.000169424 0.643714 -0.0351574 -1.78841 -3.10306 4.16783 -8.87461 -1.51973 -0.55881 -0.0211734 2.52162 1.36242 3.41826 0.21592 0.957288 -0.46957 -0.245526 8.34587 0.742764 -0.481023 1.79976 2.37737 4.4415 1.39576 1.81474 2.39507 -0.0327517 -0.0246125 -0.0652707 0.635726
internal_weight=104384 5431 98953 782 641 141 137 504 440 98171 444 400 262 4357 2093 2264 2217 46 2058 954 1104 1074 345 729 693 635 97727 97393 91745 5648
internal_count=104384 5431 98953 782 641 141 137 504 440 98171 444 400 262 4357 2093 2264 2217 46 2058 954 1104 1074 345 729 693 635 97727 97393 91745 5648
is_linear=0
shrinkage=0.05


Tree=122
num_leaves=31
num_cat=0
split_feature=0 1 1 3 0 3 3 1 0 3 1 1 3 3 3 2 3 3 0 1 3 3 0 1 1 3 3 1 3 3
split_gain=857357 1.4534e+06 877270 2.22018e+06 2.11478e+06 2.04428e+06 1.88429e+06 1.04507e+06 1.91165e+06 1.00122e+06 1.41636e+06 735200 948313 773906 957149 701272 959261 1.16062e+06 633192 587918 572984 535241 495222 493375 765457 588543 483782 455895 682018 589315
threshold=19.35995519575501 18.939956020095828 18.309957441986089 0.66022727272727277 18.742363650087714 0.4400617283950618 1.0202380952380954 17.879958365402228 18.379957119216922 0.9004901960784315 18.769956406723029 20.049953179412842 2.0162500000000003 1.3802380952380955 2.8875000000000006 7.2949045658111578 0.020833333333333339 0.11348484848484851 19.599954671737674 19.099955547164921 0.9607407407407409 0.94009803921568647 20.444953004414881 13.909961877399091 0.3199992689446855 0.49507575757575767 1.5208333333333337 18.17995724693299 0.65516666666666679 0.72041666666666682
decision_type=2 2 2 2 2 2 2 2 2 2 2 2 2 2 2 10 2 2 2 2 2 2 2 2 2 2 2 2 2 2
left_child=2 26 7 5 6 -4 -5 15 -9 10 -6 13 20 18 19 23 -17 -18 -3 -15 -13 -11 -20 24 -1 -25 -2 28 -10 -29
right_child=1 11 3 4 9 -7 -8 8 27 21 -12 12 -14 14 -16 16 17 -19 22 -21 -22 -23 -24 25 -26 -27 -28 29 -30 -31
leaf_value=-0.46833323953070832 2.5613734833024617 2.2899524895419474 -4.4899747653802233 -12.102526860477951 -1.3130535272762858 8.189032165452053 0.85230744573473938 12.16969499206543 -2.0415735605455216 -9.6849911330296443 9.7671894693374632 2.8056938298688672 8.0016479798519242 3.4073835198879245 6.686239135496078 -4.5913529303031302 0.88863268128259154 -0.0037283184134493212 0.20909784398192338 -2.9507841624908724 -3.4567019166510842 -2.2290838716580317 -2.8619308139807984 0.10927322201028374 0.3764838751229248 -0.9095215920221561 -1.4427719612819394 3.3716317816341626 3.9827633537677336 -3.3058602149943086
leaf_weight=6152 993 359 47 98 87 94 39 44 61 25 42 122 65 39 30 111 3827 75704 3139 416 51 350 136 1943 4751 5239 81 50 196 93
leaf_count=6152 993 359 47 98 87 94 39 44 61 25 42 122 65 39 30 111 3827 75704 3139 416 51 350 136 1943 4751 5239 81 50 196 93
internal_value=0.000169737 0.611768 -0.0334034 -1.70038 -2.94991 3.9608 -8.43517 -0.0201075 2.39745 -1.44511 2.34181 0.205468 2.90151 0.04902 -1.82489 -0.0311156 0.0327109 0.0392223 0.29955 -2.39951 0.950269 -2.75059 0.0807319 -0.312179 -0.100202 -0.633922 2.25832 1.29482 2.55047 -0.963838
internal_weight=104384 5431 98953 782 641 141 137 98171 444 504 129 4357 238 4119 485 97727 79642 79531 3634 455 173 375 3275 18085 10903 7182 1074 400 257 143
internal_count=104384 5431 98953 782 641 141 137 98171 444 504 129 4357 238 4119 485 97727 79642 79531 3634 455 173 375 3275 18085 10903 7182 1074 400 257 143
is_linear=0
shrinkage=0.05


Tree=123
num_leaves=31
num_cat=1
split_feature=0 0 4 3 3 4 3 4 3 4 3 0 3 3 3 3 3 3 3 4 0 5 3 4 3 4 3 4 0 4
split_gain=774121 1.21608e+06 1.07478e+06 2.82938e+06 1.74792e+06 1.28455e+06 1.42301e+06 1.06776e+06 831191 1.17484e+06 719992 2.22475e+06 879810 677372 1.61084e+06 1.12303e+06 629803 861532 1.48874e+06 1.28726e+06 1.41255e+06 1.39525e+06 1.25278e+06 901342 4.02463e+06 4.44967e+06 2.50626e+06 2.31585e+06 2.29969e+06 820828
threshold=19.35995519575501 19.719954595108039 278.99955054364256 2.8375000000000008 2.7658333333333336 250.6632397057476 0.88068627450980408 112.62422041420211 0.4400617283950618 199.80677468231644 1.3208333333333335 20.199953392590846 1.1701190476190479 2.8375000000000008 1.9470833333333337 1.5208333333333337 0.020833333333333339 0.12022727272727275 0.23342592592592595 276.38051498725684 13.439969079307557 0 0.24053030303030307 37.746023660788687 0.040833333333333346 36.898829917399304 0.040833333333333346 266.8464034540753 11.799972907264712 36.972016444086492
decision_type=2 2 2 2 2 2 2 2 2 2 2 2 2 2 2 2 2 2 2 2 2 1 2 2 2 2 2 2 2 2
left_child=16 8 4 10 5 7 -7 -3 9 -2 12 -12 -4 14 15 -10 -1 23 19 21 -21 -19 -20 24 -18 -26 28 -28 -25 -24
right_child=1 2 3 -5 -6 6 -8 -9 13 -11 11 -13 -14 -15 -16 -17 17 18 22 20 -22 -23 29 26 25 -27 27 -29 -30 -31
leaf_value=-2.196015121002922 -7.7725013808250427 -1.5299707644377722 0.79900813643702207 15.503520115072076 -10.419194115956625 -0.59771202308396176 -5.3039042911409338 1.5158382543878055 2.67030000025707 0.84277601484248521 -5.8198321967997018 2.9125645785565144 5.1518367547313062 -4.252276070179084 16.189140021006263 -2.6658308814631568 6.3751186776723507 -1.1535265012717824 1.6460108170227052 3.432180389399317 -0.16075551755508577 0.13495346776905512 0.27781876075476858 -3.756760958335204 0.50711278080871258 -7.4535791845581763 1.8644734609702991 -1.4185424920370884 2.2351938719895936 -0.09817180931036712
leaf_weight=334 49 432 1360 32 44 495 237 857 1155 189 148 142 126 38 20 107 158 7286 1159 382 957 2952 19029 498 485 274 3376 638 235 61190
leaf_count=334 49 432 1360 32 44 495 237 857 1155 189 148 142 126 38 20 107 158 7286 1159 382 957 2952 19029 498 485 274 3376 638 235 61190
internal_value=0.000167868 0.58132 0.106644 0.996518 -0.672583 -0.455335 -2.1266 0.494656 1.76048 -0.956036 0.72655 -1.54864 1.17131 2.25063 2.44655 2.21611 -0.031734 -0.0243818 -0.0608639 -0.591355 0.866057 -0.782032 0.014611 0.57425 -0.860156 -2.37273 0.851465 1.34243 -1.8353 -0.0089795
internal_weight=104384 5431 3873 1808 2065 2021 732 1289 1558 238 1776 290 1486 1320 1282 1262 98953 98619 92955 11577 1339 10238 81378 5664 917 759 4747 4014 733 80219
internal_count=104384 5431 3873 1808 2065 2021 732 1289 1558 238 1776 290 1486 1320 1282 1262 98953 98619 92955 11577 1339 10238 81378 5664 917 759 4747 4014 733 80219
cat_boundaries=0 1
cat_threshold=2
is_linear=0
shrinkage=0.05


Tree=124
num_leaves=31
num_cat=0
split_feature=1 0 4 4 4 4 1 3 4 0 3 4 3 3 4 4 3 4 4 3 4 3 4 4 4 3 4 3 3 3
split_gain=836929 1.81105e+06 2.46762e+06 4.04127e+06 4.40174e+06 9.52839e+06 3.08273e+06 2.14716e+06 2.57455e+06 1.67021e+06 1.41072e+06 2.37248e+06 1.16532e+06 1.31179e+06 1.14043e+06 9.25855e+06 6.82938e+06 1.4918e+07 5.64912e+06 5.37439e+06 5.1751e+06 4.69122e+06 4.4763e+06 3.9345e+06 5.56893e+06 7.49914e+06 3.92633e+06 3.71422e+06 2.47335e+06 1.76873e+06
threshold=1.0000000180025095e-35 0.20346191134857275 41.953151611830769 113.61401437796748 147.19915526419507 145.25178461759691 0.11999972465400027 0.52044444444444449 71.907647277601754 0.039999890417299407 0.70033333333333359 20.682779021084816 0.53916666666666679 0.54037878787878801 147.19915526419507 121.31720883073699 0.33992424242424252 145.25178461759691 154.65435644450841 0.25505555555555554 121.56743733502135 0.33992424242424252 121.56743733502135 116.90209583102994 112.62422041420211 0.060833333333333343 145.25178461759691 1.3358333333333337 0.23990740740740746 0.14840909090909096
decision_type=2 2 2 2 2 2 2 2 2 2 2 2 2 2 2 2 2 2 2 2 2 2 2 2 2 2 2 2 2 2
left_child=14 2 6 7 5 -5 12 9 -9 -4 11 -8 -2 -14 15 23 19 22 21 26 -21 -16 -18 24 27 -26 -17 -1 -25 -20
right_child=1 -3 3 4 -6 -7 10 8 -10 -11 -12 -13 13 -15 18 16 17 -19 29 20 -22 -23 -24 28 25 -27 -28 -29 -30 -31
leaf_value=-0.10274839564033014 5.5763009634260401 0.055012119342516014 -4.2116717063155775 3.2069580614621738 1.0755317618328477 24.9338307094574 27.780854103451688 -0.9066550920976626 10.394488741434538 0.13312488942473419 3.7471402749940754 9.2645833366377328 -13.758179254946501 -0.24285069095083031 -8.9993694887794771 3.993386038608115 11.403403085355228 32.132949713927054 1.3226380532773756 8.8200632021162235 -12.52110164075658 2.9993603129643147 2.9823786040385269 7.2072514187230006 -8.3429551843853744 9.0415988119899868 -13.798246493620031 -2.3582930235240176 -4.9624200865695762 -0.80859634334600072
leaf_weight=27291 58 63295 532 216 834 65 20 142 77 378 79 113 22 82 345 354 196 51 1213 35 137 106 800 44 76 321 33 1955 600 4914
leaf_count=27291 58 63295 532 216 834 65 20 142 77 378 79 113 22 82 345 354 196 51 1213 35 137 106 800 44 76 321 33 1955 600 4914
internal_value=0.000163053 0.108326 1.39676 0.768986 2.90289 8.30336 5.15132 -1.33915 3.09597 -2.40874 9.10489 12.2356 -0.0465827 -3.20571 -0.185152 -0.0615078 3.63684 6.01744 -0.784529 -0.824773 -8.15251 -6.17886 4.64931 -0.25773 -0.173662 5.70096 2.4446 -0.2536 -4.12106 -0.386515
internal_weight=104384 65913 2618 2244 1115 281 374 1129 219 910 212 133 162 104 38471 31893 1606 1047 6578 559 172 451 996 30287 29643 397 387 29246 644 6127
internal_count=104384 65913 2618 2244 1115 281 374 1129 219 910 212 133 162 104 38471 31893 1606 1047 6578 559 172 451 996 30287 29643 397 387 29246 644 6127
is_linear=0
shrinkage=0.05


Tree=125
num_leaves=31
num_cat=0
split_feature=2 4 4 0 1 0 4 1 0 0 4 4 0 2 4 4 0 4 4 1 0 0 2 4 4 2 1 0 1 1
split_gain=774572 1.04636e+06 6.6698e+06 2.7143e+07 6.70408e+07 2.05705e+07 3.66579e+06 3.63055e+06 2.03724e+06 1.94968e+06 5.42306e+06 4.48449e+06 7.48256e+06 1.49454e+06 1.31969e+06 3.69012e+06 3.06024e+06 2.25912e+06 2.13469e+06 1.27561e+06 1.10204e+06 891251 535185 479976 471899 915976 691376 657450 367464 973489
threshold=7.2949045658111578 19.020390382422935 20.876902363572629 0.14001774458882627 0.019999953988310573 0.35274331010320692 18.763233794326226 0.25999940797617699 0.19438611718302773 0.25297908095009852 18.762557873974824 17.963562687527723 0.15999963279306892 7.624369907379152 33.920180761862021 34.12810361454143 8.9482511799928321 34.663429674957491 25.632744012084355 9.1099751930655923 0.19438611718302773 0.27214977569888577 7.5200507164001467 7.3556680490284956 129.26794387731482 5.5858000000000017 9.7999771048552393 0.31999926703441151 0.3199992689446855 13.599968220170341
decision_type=10 2 2 2 2 2 2 2 2 2 2 2 2 10 2 2 2 2 2 2 2 2 10 2 2 8 2 2 2 2
left_child=24 6 3 -3 5 -5 9 8 -8 11 23 22 -13 -6 16 20 18 -17 -4 -18 -16 -12 -2 -11 28 26 27 -26 -1 -30
right_child=1 2 14 4 13 -7 7 -9 -10 10 21 12 -14 -15 15 17 19 -19 -20 -21 -22 -23 -24 -25 25 -27 -28 -29 29 -31
leaf_value=-0.47981031445251143 -3.7141807075485218 -19.425109716179097 0.072005151590464819 36.631826547943056 -0.40139089175290316 -12.928348530133565 -5.9197144455990696 12.079042622492864 -19.197367272810503 -1.1305236205885616 -0.90616821765899658 0.6213404409356984 11.646498554896882 12.010072898674011 6.068254676594913 -2.7939143222902532 11.11101687499068 0.096812220506503704 -2.885348872457643 2.0734533088378022 -3.8520695877075202 -9.6025408829364594 -0.57648795005554954 0.0096775925683661723 -0.66911958645739245 -11.19763710930234 -1.0818069013130887 2.1036779688575851 0.83592617996584984 -0.31426272350066792
leaf_weight=5551 241 112 1054 191 813 23 253 25 32 1388 35 497 222 24 320 681 43 75257 1448 355 30 193 311 2751 500 20 3039 372 2664 5939
leaf_count=5551 241 112 1054 191 813 23 253 25 32 1388 35 497 222 24 320 681 43 75257 1448 355 30 193 311 2751 500 20 3039 372 2664 5939
internal_value=0.000200439 0.0625518 0.109924 3.86727 6.36554 31.2699 -0.577299 -5.86195 -7.47247 -0.285739 -0.787359 1.43702 4.03695 -0.0315935 0.0546929 0.0944951 -0.992022 0.0708521 -1.63999 3.07529 5.20937 -8.27738 -1.95063 -0.372865 -0.297318 -0.781894 -0.72578 0.51482 -0.162691 0.0419593
internal_weight=104384 86299 80351 1163 1051 214 5948 310 285 5638 4367 1271 719 837 79188 76288 2900 75938 2502 398 350 228 552 4139 18085 3931 3911 872 14154 8603
internal_count=104384 86299 80351 1163 1051 214 5948 310 285 5638 4367 1271 719 837 79188 76288 2900 75938 2502 398 350 228 552 4139 18085 3931 3911 872 14154 8603
is_linear=0
shrinkage=0.05


Tree=126
num_leaves=31
num_cat=0
split_feature=1 0 4 4 4 3 1 3 3 4 1 3 4 4 4 4 3 3 4 4 3 0 3 4 3 3 3 3 1 4
split_gain=734025 1.65329e+06 2.29304e+06 3.6493e+06 4.08343e+06 3.06015e+06 2.80356e+06 1.96586e+06 1.72317e+06 1.54846e+06 1.37153e+06 1.76499e+06 1.10029e+06 2.93672e+06 3.99779e+06 8.33757e+06 6.17386e+06 3.79556e+06 6.53137e+06 3.56736e+06 3.22064e+06 1.21733e+06 1.2878e+06 1.06952e+06 1.03909e+06 1.17178e+06 1.03321e+06 1.02187e+06 1.40673e+06 3.40826e+06
threshold=1.0000000180025095e-35 0.20346191134857275 41.953151611830769 113.61401437796748 178.95663949190643 0.50083333333333346 0.11999972465400027 1.6608333333333336 0.040833333333333346 72.667141910237405 2.2199948400125509 0.81941176470588251 172.73573143991823 172.00503490767841 147.19915526419507 121.31720883073699 0.33992424242424252 0.11348484848484851 162.74490812503146 116.90209583102994 0.2488333333333333 0.06023571162254697 0.11348484848484851 227.46626986163585 0.53916666666666679 0.54037878787878801 3.7808333333333337 0.19962121212121217 12.959969866744816 278.99955054364256
decision_type=2 2 2 2 2 2 2 2 2 2 2 2 2 2 2 2 2 2 2 2 2 2 2 2 2 2 2 2 2 2
left_child=12 2 6 7 5 -5 24 8 -4 -9 11 -8 13 14 15 19 -17 18 -16 -1 -19 22 -14 -24 -2 -26 27 28 29 -3
right_child=1 26 3 4 -6 -7 10 9 -10 -11 -12 -13 21 -15 17 16 -18 20 -20 -21 -22 -23 23 -25 25 -27 -28 -29 -30 -31
leaf_value=-0.16063811441351117 5.304014049919985 0.57730848139534208 -14.404499256427471 3.6087887851184703 -0.054594620810247331 12.207075137860246 14.337147078113219 -0.24705135908993811 -1.3718267098857666 18.942170647943303 0.36857769942865137 3.6491106526968906 -8.3510649489247513 1.8431201423320147 -15.099494161800463 -0.78697338535530226 5.718575263019182 -6.4602635673273996 4.2154737005732654 -3.9193519805055264 -1.8837433177103016 0.064451255633564006 -0.71943111816954186 -4.1963301762388374 -12.962184554390285 -0.18894630018487035 5.0787578432115854 -0.020656721851001925 0.096511837923498156 5.3659325222901693
leaf_weight=29643 58 1529 25 373 599 143 112 21 1063 20 40 60 85 1823 48 559 1047 480 410 644 1923 845 621 343 22 82 101 57531 3644 490
leaf_count=29643 58 1529 25 373 599 143 112 21 1063 20 40 60 85 1823 48 559 1047 480 410 644 1923 845 621 343 22 82 101 57531 3644 490
internal_value=0.000189586 0.101485 1.33253 0.727371 2.75515 6.01066 4.95182 -1.27592 -1.68425 9.34156 8.72214 10.6514 -0.173359 -0.112493 -0.215123 -0.0544799 3.45511 -2.00525 2.1627 -0.240688 -2.80021 -1.34812 -2.48498 -1.95962 -0.00537398 -2.98874 0.050546 0.0424294 0.683219 1.74156
internal_weight=104384 65913 2618 2244 1115 516 374 1129 1088 41 212 172 38471 36577 34754 31893 1606 2861 458 30287 2403 1894 1049 964 162 104 63295 63194 5663 2019
internal_count=104384 65913 2618 2244 1115 516 374 1129 1088 41 212 172 38471 36577 34754 31893 1606 2861 458 30287 2403 1894 1049 964 162 104 63295 63194 5663 2019
is_linear=0
shrinkage=0.05


Tree=127
num_leaves=31
num_cat=0
split_feature=2 0 4 3 3 0 0 4 4 3 3 3 4 0 3 0 4 3 3 0 4 0 3 3 4 4 4 3 3 3
split_gain=706628 1.02023e+06 1.69969e+06 2.85447e+06 2.92373e+06 2.21989e+06 3.63278e+06 2.20304e+06 2.01744e+06 1.8657e+06 1.5528e+06 1.47828e+06 2.03412e+06 1.58476e+06 1.34754e+06 1.33133e+06 1.47434e+06 2.97412e+06 1.43342e+06 1.19174e+06 1.87593e+06 946794 809972 741442 1.11463e+06 881163 721345 691038 674648 515792
threshold=7.2949045658111578 13.739968146217349 248.50768118551136 0.47983333333333339 0.93984848484848504 11.799972907264712 13.280323082430719 244.04934087507249 226.09322441914176 1.2754761904761909 0.33992424242424252 0.1801515151515152 278.44569124894218 17.319960113349918 0.22007575757575762 15.290764050833879 250.6632397057476 1.6208333333333338 3.101666666666667 14.011457475470676 253.03728638509264 11.799972907264712 0.23342592592592595 0.59011111111111114 51.935772360415989 278.99955054364256 141.52957083783937 2.6408333333333336 0.31933333333333336 2.6408333333333336
decision_type=10 2 2 2 2 2 2 2 2 2 2 2 2 2 2 2 2 2 2 2 2 2 2 2 2 2 2 2 2 2
left_child=29 2 7 5 21 14 -7 8 9 -2 11 19 22 -14 -4 16 17 -12 -18 20 -3 -5 -13 24 -17 -25 -21 -6 -10 -1
right_child=1 10 3 4 27 6 -8 -9 28 -11 15 12 13 -15 -16 23 18 -19 -20 26 -22 -23 -24 25 -26 -27 -28 -29 -30 -31
leaf_value=-0.23370444828583828 0.15547245400312237 2.8537680392574383 -4.8280417007078862 -1.8336172615571442 -0.54238365754597195 3.8286014350738031 -1.1077085132911184 1.6564898036383522 -0.35138798839876761 -0.74159349535588848 1.5571672800152412 -3.3979322057869825 1.5913436382700992 -2.4982522915336509 0.88587943438062067 7.4143926787958483 0.075084971999753447 8.2314866105998679 6.5375358830810928 3.6078422751082266 -5.4694053189833092 -4.2018523060871678 -1.3253939142228377 -0.3232842553925428 0.76119724645355102 0.57588021656672939 0.69062023381370696 -9.0487710762023923 -3.2183291906967906 -1.7024206457049957
leaf_weight=17467 42155 107 230 860 4786 921 625 2059 302 6719 2701 691 928 317 186 63 2392 177 88 243 181 833 1487 6194 3909 4863 1618 23 641 618
leaf_count=17467 42155 107 230 860 4786 921 625 2059 302 6719 2701 691 928 317 186 63 2392 177 88 243 181 833 1487 6194 3909 4863 1618 23 641 618
internal_value=0.000185155 0.0597391 -0.0530224 -0.709951 -1.21431 0.961244 1.83357 0.0541726 -0.0120851 0.0321347 0.321838 -0.417806 -1.06298 0.548884 -2.27725 0.524002 1.20064 1.97036 0.306942 0.609864 -2.37792 -3.00065 -1.98419 0.282711 0.868565 0.0721948 1.07327 -0.584941 -2.30153 -0.283985
internal_weight=104384 86299 60340 8464 6502 1962 1546 51876 49817 48874 25959 5572 3423 1245 416 20387 5358 2878 2480 2149 288 1693 2178 15029 3972 11057 1861 4809 943 18085
internal_count=104384 86299 60340 8464 6502 1962 1546 51876 49817 48874 25959 5572 3423 1245 416 20387 5358 2878 2480 2149 288 1693 2178 15029 3972 11057 1861 4809 943 18085
is_linear=0
shrinkage=0.05


Tree=128
num_leaves=31
num_cat=0
split_feature=1 3 2 4 4 4 1 3 2 3 1 4 2 3 3 4 4 3 2 3 4 1 4 3 3 4 4 4 2 2
split_gain=705666 861763 629520 1.00687e+06 4.03623e+06 2.8359e+06 1.36651e+06 854382 771017 1.66215e+06 1.84528e+06 1.78939e+06 1.48924e+06 1.46719e+06 1.31153e+06 974568 6.68841e+06 2.71354e+06 933108 1.29401e+06 739415 723926 648071 630804 514733 497244 404438 357106 295468 190853
threshold=20.049953179412842 2.0162500000000003 7.6113693475723272 240.72410923780095 70.311670125367542 246.27150400024991 5.2199879331066183 1.8608333333333336 7.4111087799072273 1.8803571428571433 19.709954508804326 74.184791746501446 7.3940989494323732 2.3608333333333338 1.2203571428571431 51.935772360415989 60.679466652429532 0.077500000000000013 7.334843802452089 0.4400617283950618 266.8464034540753 3.7799912001055689 56.279287858403407 0.92029411764705893 0.9607407407407409 15.84039880220352 244.53765163147617 244.47254802948251 7.7260485410690309 7.6791862726211555
decision_type=2 2 8 2 2 2 2 2 10 2 2 2 10 2 2 2 2 2 10 2 2 2 2 2 2 2 2 2 8 8
left_child=2 24 8 4 21 26 20 28 12 15 11 -11 18 -12 23 17 -17 -10 25 -20 -7 22 -4 -14 -2 -1 27 -5 -6 -23
right_child=1 -3 3 5 7 6 -8 -9 9 10 13 -13 14 -15 -16 16 -18 -19 19 -21 -22 29 -24 -25 -26 -27 -28 -29 -30 -31
leaf_value=0.14510354932567573 2.613009425062474 7.5756768561854502 0.098610422735084441 2.7749332755378679 -4.7953680663707345 -2.9692644092001417 6.6570204785563902 -1.4299141530118882 4.4616523529875165 -0.77012514430280554 1.9094968492934048 1.9861799537219236 -2.5435312788389166 -9.5177157915142221 2.6196490595361279 -2.6281890380554143 0.070838727838134052 0.27783423653959677 -0.37444867835710471 3.6163875122693812 -0.62009798685038209 -3.2444293601557899 -1.3407381873287656 -6.602057285353542 -3.3223438720519725 -0.41441362864236586 2.9014341418757414 0.81058019639038204 -8.292998259531128 -8.6123668127793529
leaf_weight=5714 122 65 3562 295 481 379 60 199 395 755 46 2667 244 70 86 2407 49063 18185 436 379 2836 52 1001 159 51 13012 500 1067 71 25
leaf_count=5714 122 65 3562 295 481 379 60 199 395 755 46 2667 244 70 86 2407 49063 18185 436 379 2836 52 1001 159 51 13012 500 1067 71 25
internal_value=0.000175701 2.71395 -0.0060519 -0.372606 -0.849854 0.128307 -0.757466 -4.24795 0.0351731 0.110035 1.16725 1.378 -0.239853 -5.0086 -2.96242 0.0566225 -0.0554301 0.367015 -0.171574 1.48356 -0.897868 -0.299063 -0.217368 -4.15718 0.854214 -0.243685 1.68583 1.23777 -5.25944 -5.0754
internal_weight=104384 238 104146 10528 5391 5137 3275 751 93618 73588 3538 3422 20030 116 489 70050 51470 18580 19541 815 3215 4640 4563 403 173 18726 1862 1362 552 77
internal_count=104384 238 104146 10528 5391 5137 3275 751 93618 73588 3538 3422 20030 116 489 70050 51470 18580 19541 815 3215 4640 4563 403 173 18726 1862 1362 552 77
is_linear=0
shrinkage=0.05


Tree=129
num_leaves=31
num_cat=1
split_feature=1 0 4 4 4 4 1 3 4 0 1 5 4 3 3 4 4 4 4 4 4 3 4 3 4 3 0 3 3 3
split_gain=701759 1.47919e+06 2.05585e+06 3.22306e+06 3.78385e+06 8.50733e+06 2.53009e+06 1.88103e+06 2.2004e+06 1.50334e+06 1.28278e+06 2.15003e+06 1.1322e+06 1.00147e+06 3.57068e+06 4.46883e+06 2.59585e+06 3.0446e+06 2.5188e+06 1.78586e+06 6.0282e+06 1.74202e+07 4.5715e+06 3.96628e+06 3.56161e+06 2.20196e+06 959604 936536 936337 1.06598e+06
threshold=1.0000000180025095e-35 0.20346191134857275 41.953151611830769 113.61401437796748 147.19915526419507 145.25178461759691 0.11999972465400027 0.52044444444444449 71.907647277601754 0.039999890417299407 0.99999769051669152 0 153.11144539855789 1.8803571428571433 1.3558333333333337 85.189214138531426 78.278830207735794 197.59788178585998 71.907647277601754 147.19915526419507 145.25178461759691 0.33992424242424252 154.65435644450841 0.33992424242424252 121.31720883073699 0.52044444444444449 1.0000000180025095e-35 3.7808333333333337 0.53916666666666679 0.54037878787878801
decision_type=2 2 2 2 2 2 2 2 2 2 2 1 2 2 2 2 2 2 2 2 2 2 2 2 2 2 2 2 2 2
left_child=13 2 6 7 5 -5 28 9 -9 -4 11 -8 -6 14 19 18 -15 -18 -16 20 24 -22 23 -21 -1 -24 -17 -3 -2 -30
right_child=1 27 3 4 12 -7 10 8 -10 -11 -12 -13 -14 16 15 26 17 -19 -20 22 21 -23 25 -25 -26 -27 -28 -29 29 -31
leaf_value=-0.11119437888287698 5.0215935793165434 0.043291876292874336 -3.9037078260768761 2.7890223866014434 -5.717169043540955 23.316995609908396 15.86098250652182 -0.74197689207075368 9.7062896839471975 0.21810555890084574 3.6416855754587383 1.4299636827017135 1.412824614090505 -1.4429014470691541 -1.7418405317680088 5.274883321540071 5.2283555925153129 -2.7924074802504433 -7.0124917571405874 -8.3012030742278693 -13.106115395041073 34.651431090615013 0.08046493921847267 3.0675993727734596 2.5659423603502969 -2.1729942710182071 -0.022912815350391705 4.8382264465794842 -12.362977580194887 -0.18004101193094826
leaf_weight=28489 58 63194 532 216 59 65 86 142 77 378 89 37 775 497 401 108 502 154 523 345 33 43 4113 98 1298 1471 396 101 22 82
leaf_count=28489 58 63194 532 216 59 65 86 142 77 378 89 37 775 497 401 108 502 154 523 345 33 43 4113 98 1298 1471 396 101 22 82
internal_value=0.000157827 0.0992015 1.26362 0.690619 2.5963 7.60335 4.69062 -1.19205 2.95901 -2.1932 8.27233 11.5665 0.902176 -0.169533 -0.214388 -2.66543 1.28117 3.34404 -4.72948 -0.116794 0.0416649 14.0136 -0.901814 -5.78495 0.00554674 -0.513448 1.12052 0.0510196 -0.0185145 -2.85045
internal_weight=104384 65913 2618 2244 1115 281 374 1129 219 910 212 123 834 38471 37318 1428 1153 656 924 35890 29863 76 6027 443 29787 5584 504 63295 162 104
internal_count=104384 65913 2618 2244 1115 281 374 1129 219 910 212 123 834 38471 37318 1428 1153 656 924 35890 29863 76 6027 443 29787 5584 504 63295 162 104
cat_boundaries=0 1
cat_threshold=2
is_linear=0
shrinkage=0.05


Tree=130
num_leaves=31
num_cat=0
split_feature=0 1 1 3 0 3 3 1 0 3 1 1 3 3 3 3 3 3 0 0 3 3 3 1 3 0 3 1 3 3
split_gain=650404 1.23567e+06 811863 1.98713e+06 1.90565e+06 1.85947e+06 1.68936e+06 921783 1.71176e+06 913534 1.28057e+06 592006 779201 629617 766943 573012 643902 1.06525e+06 568611 549712 1.10866e+06 964128 539869 494673 465246 453164 415642 411955 624096 528838
threshold=19.35995519575501 18.939956020095828 18.309957441986089 0.66022727272727277 18.742363650087714 0.4400617283950618 1.030294117647059 17.879958365402228 18.379957119216922 0.9004901960784315 18.769956406723029 20.049953179412842 2.0162500000000003 1.3802380952380955 2.8875000000000006 0.020833333333333339 0.11348484848484851 0.23342592592592595 11.959972063575746 20.099953286518097 1.0202380952380954 0.91977777777777792 1.9208333333333336 19.099955547164921 0.9607407407407409 19.019955969009406 1.5208333333333337 18.17995724693299 0.65516666666666679 0.72041666666666682
decision_type=2 2 2 2 2 2 2 2 2 2 2 2 2 2 2 2 2 2 2 2 2 2 2 2 2 2 2 2 2 2
left_child=2 26 7 5 6 -4 -5 15 -9 10 -6 13 24 19 23 -1 18 -18 -17 21 -21 -3 -11 -15 -13 -7 -2 28 -10 -29
right_child=1 11 3 4 9 25 -8 8 27 22 -12 12 -14 14 -16 16 17 -19 -20 20 -22 -23 -24 -25 -26 -27 -28 29 -30 -31
leaf_value=-2.090963128306083 2.3320027987539049 0.015387102490196947 -4.3358170453707379 -11.43239536972046 -1.244271411878819 13.458211353008563 0.92886499337660955 11.501419949425591 -1.9878644090698612 -1.9367695549108064 9.2914712900616401 2.4812741887860184 7.2005001085454765 3.1397106878757479 5.9466459772663738 0.17632654816975546 -0.47173463400790872 0.019979215734886591 1.3867429543742622 -0.30255092747689871 -6.7962399270500944 2.1213931061050766 -7.8449048978632154 -2.6923416245426779 -3.1615442170775854 5.5271422172614511 -1.379141211596931 3.1711125260708379 3.7746679138925474 -3.1545736360549927
leaf_weight=334 993 1920 47 99 87 25 38 44 61 332 42 122 65 39 30 2984 12767 80205 1437 887 70 757 43 416 51 69 81 50 196 93
leaf_count=334 993 1920 47 99 87 25 38 44 61 332 42 122 65 39 30 2984 12767 80205 1437 887 70 757 43 416 51 69 81 50 196 93
internal_value=0.000178465 0.532872 -0.0290633 -1.6327 -2.8148 3.7232 -8.0218 -0.0162727 2.25421 -1.38631 2.23102 0.158247 2.57753 0.0178651 -1.67235 -0.0266111 -0.0195101 -0.0475477 0.569986 0.243844 -0.784137 0.611494 -2.63331 -2.18665 0.809146 7.75598 2.05108 1.21086 2.40448 -0.936098
internal_weight=104384 5431 98953 782 641 141 137 98171 444 504 129 4357 238 4119 485 97727 97393 92972 4421 3634 957 2677 375 455 173 94 1074 400 257 143
internal_count=104384 5431 98953 782 641 141 137 98171 444 504 129 4357 238 4119 485 97727 97393 92972 4421 3634 957 2677 375 455 173 94 1074 400 257 143
is_linear=0
shrinkage=0.05


Tree=131
num_leaves=31
num_cat=0
split_feature=1 0 4 4 4 4 1 1 2 1 2 2 1 4 4 4 4 4 3 3 4 3 3 3 3 3 3 3 3 3
split_gain=604317 1.3457e+06 1.85667e+06 3.08623e+06 4.04288e+06 4.55682e+06 3.17258e+06 2.28897e+06 2.28279e+06 1.17259e+06 1.58143e+06 907912 1.18059e+06 901286 1.58062e+06 3.77914e+06 1.86976e+06 1.55981e+06 9.87232e+06 5.19874e+06 1.55562e+06 1.17291e+06 3.05904e+06 2.11443e+06 1.15944e+06 1.53489e+06 985544 925430 1.20017e+06 892456
threshold=1.0000000180025095e-35 0.20346191134857275 41.953151611830769 60.679466652429532 112.62422041420211 113.26472074577529 0.73999829899484537 0.11999972465400027 7.5324984788894662 2.2199948400125509 7.5146818161010751 4.8553500000000005 15.139965027656556 195.94718125713351 172.00503490767841 163.5334098156452 172.48559991947982 95.557937423290767 0.53916666666666679 1.3358333333333337 172.47761194907295 0.35992424242424254 0.56066666666666676 0.11348484848484851 0.97970588235294132 0.23990740740740746 0.040833333333333346 0.66022727272727277 2.1908333333333343 1.0937254901960787
decision_type=2 2 2 2 2 2 2 2 10 2 10 10 2 2 2 2 2 2 2 2 2 2 2 2 2 2 2 2 2 2
left_child=13 2 7 8 6 -6 -5 -2 -4 10 -9 12 -3 14 15 17 20 19 -19 -1 26 23 -23 -17 25 -18 -16 -15 -29 -14
right_child=1 11 3 4 5 -7 -8 9 -10 -11 -12 -13 29 27 16 21 24 18 -20 -21 -22 22 -24 -25 -26 -27 -28 28 -30 -31
leaf_value=-0.099998781607981299 -0.019613299823246121 -1.0508601018424581 -8.2088777390843131 12.270933460358165 -6.4971509119338808 1.5990377493559063 -0.72528886427342065 12.100701305028732 -0.17824721023369738 0.14724298500433203 0.31540701843596797 0.071433748097120484 -2.0309772824105763 -2.7222239075533272 -3.3144601184844968 -1.3610463824732051 -1.9391155992624023 -0.65650666679117109 3.413781718064854 -2.9619637832582262 5.3120580625189531 2.2368909209792629 -4.714687967247964 -8.458454910963118 -4.7261017186713943 1.9004148493600923 1.945928680102152 1.1378948204803263 -4.4497470391012177 -16.905271299453009
leaf_weight=24848 162 1069 152 141 196 1475 70 136 210 40 36 62186 20 680 99 196 457 5027 2116 1694 345 273 374 226 131 602 817 466 120 20
leaf_count=24848 162 1069 152 141 196 1475 70 136 210 40 36 62186 20 680 99 196 457 5027 2116 1694 345 273 374 226 131 602 817 466 120 20
internal_value=0.000180869 0.0920914 1.20273 0.658189 1.4717 0.646074 7.97628 4.4595 -3.56356 7.86626 9.65012 0.0461349 -1.37125 -0.157289 -0.112626 -0.199184 1.11431 -0.106256 0.54956 -0.282764 2.45507 -3.12458 -1.78255 -5.17305 -0.307313 0.243236 1.37439 -1.46871 -0.0119549 -9.69918
internal_weight=104384 65913 2618 2244 1882 1671 211 374 362 212 172 63295 1109 38471 37205 34754 2451 33685 7143 26542 1261 1069 647 422 1190 1059 916 1266 586 40
internal_count=104384 65913 2618 2244 1882 1671 211 374 362 212 172 63295 1109 38471 37205 34754 2451 33685 7143 26542 1261 1069 647 422 1190 1059 916 1266 586 40
is_linear=0
shrinkage=0.05


Tree=132
num_leaves=31
num_cat=0
split_feature=2 4 4 4 1 3 2 3 2 4 4 1 2 3 4 4 3 3 3 3 2 3 1 4 4 4 1 4 4 1
split_gain=599176 860828 3.59583e+06 2.54804e+06 1.23789e+06 745200 719318 1.74055e+06 1.35807e+06 1.89598e+06 2.59826e+06 1.46836e+06 1.34855e+06 1.18221e+06 925044 1.18269e+07 2.53686e+06 2.43819e+06 3.59873e+06 1.57322e+06 853923 1.02291e+06 919891 775341 667874 833519 658127 606712 1.66744e+06 584554
threshold=7.6113693475723272 240.72410923780095 70.311670125367542 246.27150400024991 5.2199879331066183 1.8608333333333336 7.4111087799072273 1.8803571428571433 7.4653149604797369 197.59788178585998 74.184791746501446 1.0000000180025095e-35 7.3940989494323732 1.2203571428571431 53.530094638705926 56.279287858403407 0.42672839506172849 0.077500000000000013 0.1003787878787879 0.11348484848484851 7.3310961961746228 0.43993827160493837 11.639973171662575 28.553654166726833 266.8464034540753 267.16028083755992 3.7799912001055689 56.279287858403407 51.885076554379133 10.839974905344109
decision_type=8 2 2 2 2 2 10 2 10 2 2 2 8 2 2 2 2 2 2 2 10 2 2 2 2 2 2 2 2 2
left_child=6 2 26 -3 24 -4 12 14 -9 10 -10 -11 20 29 17 16 -16 23 -19 -17 -1 -22 -23 -8 -5 -26 27 28 -2 -14
right_child=1 3 5 4 -6 -7 7 8 9 11 -12 -13 13 -15 15 19 -18 18 -20 -21 21 22 -24 -25 25 -27 -28 -29 -30 -31
leaf_value=-0.23637516547886564 -0.60228211393431408 1.5820319326947807 -4.9508095515943786 -2.8362232123275635 6.3230012201090329 -1.3740381639361381 -1.9102990849121761 -2.0221792736747868 0.1647964762748404 -4.6868501132403235 4.6272635759000407 0.83471617585051183 -4.6492829552361892 2.4835143279207164 -7.4160071349551107 1.1401321161738043 -1.3520627511754819 -5.1649044835259517 0.35454067087457869 -0.026282677360188994 -0.18719460197554758 4.0922586819082909 -1.9636304174755752 5.0250227370357248 1.917467215590331 -0.89468610271479543 -4.8330062281779753 -1.2879475820341897 1.7591349496624689 1.2064619748811334
leaf_weight=18563 2496 1862 552 379 60 199 45 302 533 128 840 1808 355 86 645 3081 236 299 18954 46605 537 366 75 350 293 2543 77 1001 1066 48
leaf_count=18563 2496 1862 552 379 60 199 45 302 533 128 840 1808 355 86 645 3081 236 299 18954 46605 537 366 75 350 293 2543 77 1001 1066 48
internal_value=0.000158121 -0.357498 -0.79878 0.105667 -0.733945 -4.00613 0.0402805 0.112381 1.18278 1.47581 2.89631 0.46742 -0.225456 -2.81623 0.0573163 -0.0558105 -5.79499 0.348453 0.268559 0.0460674 -0.160483 1.27876 3.06022 4.23208 -0.867572 -0.603575 -0.278906 -0.201013 0.104713 -3.95055
internal_weight=104384 10528 5391 5137 3275 751 93856 73826 3611 3309 1373 1936 20030 489 70215 50567 881 19648 19253 49686 19541 978 441 395 3215 2836 4640 4563 3562 403
internal_count=104384 10528 5391 5137 3275 751 93856 73826 3611 3309 1373 1936 20030 489 70215 50567 881 19648 19253 49686 19541 978 441 395 3215 2836 4640 4563 3562 403
is_linear=0
shrinkage=0.05


Tree=133
num_leaves=31
num_cat=0
split_feature=0 1 3 1 3 0 3 3 4 3 1 0 4 3 4 0 3 1 3 3 4 1 3 0 3 0 0 3 4 3
split_gain=571832 1.1179e+06 809393 740302 1.80003e+06 1.72071e+06 1.68357e+06 1.53979e+06 1.11846e+06 1.20791e+06 823025 1.53103e+06 1.1552e+06 848138 705712 3.13445e+06 3.48949e+06 2.60945e+06 5.41759e+06 2.06321e+06 1.3458e+06 648127 1.03272e+06 806273 695203 685475 609717 530434 470537 1.80694e+06
threshold=19.35995519575501 19.099955547164921 2.8875000000000006 18.309957441986089 0.66022727272727277 18.742363650087714 0.4400617283950618 0.85011111111111126 141.52957083783937 1.7008333333333336 17.879958365402228 18.379957119216922 230.57262448925982 1.0396296296296299 248.50768118551136 17.560083461233347 0.3467424242424243 17.349959723434452 1.0803703703703706 0.60083333333333344 244.04934087507249 20.049953179412842 1.3802380952380955 19.599954671737674 2.0162500000000003 20.199953392590846 19.019955969009406 1.1533823529411766 257.29026212764853 0.46030303030303038
decision_type=2 2 2 2 2 2 2 2 2 2 2 2 2 2 2 2 2 2 2 2 2 2 2 2 2 2 2 2 2 2
left_child=3 28 21 10 6 7 -5 -6 -7 -10 14 -12 26 -14 15 20 -17 19 -19 -16 -1 22 23 -3 -23 -24 -13 -9 29 -2
right_child=1 2 -4 4 5 8 -8 27 9 -11 11 12 13 -15 17 16 -18 18 -20 -21 -22 24 25 -25 -26 -27 -28 -29 -30 -31
leaf_value=-0.01685717677471112 -3.2021615164496682 3.3049945648599066 9.3301230646216347 -4.129373224973679 -12.617979829866593 -7.4486032101007611 7.3762426620533592 -5.2994464950783309 0.79950278143909026 -6.0229912905149821 10.875758309258355 -4.2188639595272308 5.8970033860385875 0.21608238951395486 0.50646547318982871 -5.5638682940346857 6.7960593875654185 -6.0118856314428761 7.3867649139087277 -0.57942825524641195 1.1832237198754869 0.76426801223179397 -4.2694823064712386 -0.14173103616204991 6.8013093228773647 -0.14323334558665404 3.9403732470808359 3.9928845592339837 0.93084108048894765 3.8688800799577852
leaf_weight=75249 109 180 22 47 72 64 94 42 362 78 44 110 132 130 6759 69 313 443 90 12394 2410 173 246 2710 65 170 28 23 1247 509
leaf_count=75249 109 180 22 47 72 64 94 42 362 78 44 110 132 130 6759 69 313 443 90 12394 2410 173 246 2710 65 170 28 23 1247 509
internal_value=0.000143068 0.499625 -0.0192352 -0.0272755 -1.5586 -2.68368 3.53893 -7.63159 -1.32625 -0.420843 -0.0150616 2.13035 1.14362 3.08978 -0.0248306 0.0426531 4.5548 -0.292344 -3.73984 -0.196215 0.0203998 -0.0798899 -0.261593 0.0740111 2.43462 -2.58767 -2.54689 -2.00064 1.4912 2.61856
internal_weight=104384 5431 3566 98953 782 641 141 137 504 440 98171 444 400 262 97727 78041 382 19686 533 19153 77659 3544 3306 2890 238 416 138 65 1865 618
internal_count=104384 5431 3566 98953 782 641 141 137 504 440 98171 444 400 262 97727 78041 382 19686 533 19153 77659 3544 3306 2890 238 416 138 65 1865 618
is_linear=0
shrinkage=0.05


Tree=134
num_leaves=31
num_cat=0
split_feature=1 0 4 4 4 3 1 3 3 1 2 4 4 4 4 3 4 4 3 4 4 0 3 4 4 0 3 3 3 3
split_gain=564593 1.21006e+06 1.66645e+06 2.7002e+06 3.62158e+06 2.70053e+06 2.0586e+06 1.69967e+06 1.44312e+06 1.13452e+06 2.12912e+06 876511 1.00839e+06 866393 5.0621e+06 5.12512e+06 5.36791e+06 5.19995e+06 2.9852e+06 2.78773e+06 1.18056e+07 1.0648e+08 1.28499e+08 4.18254e+06 8.70181e+06 7.90295e+06 5.68701e+06 5.56132e+06 5.2981e+06 4.75055e+06
threshold=1.0000000180025095e-35 0.20346191134857275 41.953151611830769 113.61401437796748 178.95663949190643 0.50083333333333346 0.11999972465400027 0.040833333333333346 1.6608333333333336 0.99999769051669152 7.5146818161010751 28.553654166726833 26.695935969762441 52.689545455218465 76.622426155062485 0.98058823529411787 57.66614639130723 72.667141910237405 1.6608333333333336 36.97190895456697 36.972016444086492 0.44520146530287003 0.32674242424242433 36.928172484557372 36.898829917399304 0.17999958091807369 0.82004901960784327 0.66022727272727277 0.85988095238095252 0.83015151515151531
decision_type=2 2 2 2 2 2 2 2 2 2 10 2 2 2 2 2 2 2 2 2 2 2 2 2 2 2 2 2 2 2
left_child=13 2 6 7 5 -5 11 -4 -9 10 -8 12 -2 19 15 16 -15 -18 -16 23 21 -21 -23 24 26 29 -1 -26 -27 -25
right_child=1 -3 3 4 -6 -7 9 8 -10 -11 -12 -13 -14 14 18 -17 17 -19 -20 20 -22 22 -24 25 27 28 -28 -29 -30 -31
leaf_value=-0.58535446946861425 0.027344542931819305 0.045402317345070123 -13.733928354703464 3.1808865682039671 -0.2751850965260218 11.256787576389812 14.745783204734327 -1.1567592567974996 8.2934596923419406 3.1086786755224072 0.30303014439505505 4.2158101527350293 -11.549495752774753 -3.0102363159752641 -0.20855104724122908 -5.0621554485607412 6.8450434195829306 -1.229118878395361 2.8019578974673607 -4.1008132666053321 0.20232927291054434 -3.6651146300409878 90.478643986002609 1.4788533738470726 11.849517555460638 -8.2579523939906174 2.5984929417454383 1.71938345180574 1.6784802446409182 -4.7992665202558777
leaf_weight=11167 68 63295 25 373 599 143 87 1063 41 89 36 69 25 1097 13724 1068 358 448 875 462 4584 70 74 1176 244 644 1603 304 169 404
leaf_count=11167 68 63295 25 373 599 143 87 1063 41 89 36 69 25 1097 13724 1068 358 448 875 462 4584 70 74 1176 244 644 1603 304 169 404
internal_value=0.000142774 0.0889811 1.14216 0.626265 2.37054 5.43643 4.22758 -1.09695 -0.798608 7.45837 10.5552 -0.0201436 -3.17442 -0.152064 -0.41085 -2.29179 -0.735159 2.3612 -0.0279345 0.0654885 1.07006 7.62272 45.0046 -0.26641 0.0794574 -2.19053 -0.185518 6.24326 -6.19291 -0.128455
internal_weight=104384 65913 2618 2244 1115 516 374 1129 1104 212 123 162 93 38471 17570 2971 1903 806 14599 20901 5190 606 144 15711 13318 2393 12770 548 813 1580
internal_count=104384 65913 2618 2244 1115 516 374 1129 1104 212 123 162 93 38471 17570 2971 1903 806 14599 20901 5190 606 144 15711 13318 2393 12770 548 813 1580
is_linear=0
shrinkage=0.05


Tree=135
num_leaves=31
num_cat=1
split_feature=2 4 4 4 0 0 3 2 3 2 4 4 2 0 0 4 4 3 3 5 3 0 2 4 2 4 4 4 4 4
split_gain=556488 780338 3.26222e+06 2.12681e+06 1.09001e+06 682787 675653 636281 1.55483e+06 1.22282e+06 1.67977e+06 2.13035e+06 1.20997e+06 1.61257e+06 925709 843311 1.95983e+07 8.10288e+07 2.53644e+06 9.97307e+06 3.66887e+06 1.36803e+06 787396 923277 735957 691776 817631 604142 764165 556047
threshold=7.6113693475723272 240.72410923780095 70.311670125367542 246.27150400024991 3.4999918791847233 3.4999918791847233 1.8608333333333336 7.4111087799072273 1.8803571428571433 7.4653149604797369 197.59788178585998 74.184791746501446 7.3940989494323732 9.1616146857637091 1.2339893697294186 20.682779021084816 20.876902363572629 0.77023809523809539 0.76060606060606073 0 0.4400617283950618 0.43188358347689532 7.3310961961746228 57.66614639130723 7.3608105421066297 65.36560507059913 201.6976350495344 266.8464034540753 267.16028083755992 56.279287858403407
decision_type=8 2 2 2 2 2 2 10 2 10 2 2 10 2 2 2 2 2 2 1 2 2 10 2 10 2 2 2 2 2
left_child=7 2 5 -3 27 29 -4 12 15 -10 11 -11 22 -14 -12 18 17 -17 20 -20 -9 -18 -1 -24 -25 -15 -27 -5 -29 -2
right_child=1 3 6 4 -6 -7 -8 8 9 10 14 -13 13 25 -16 16 21 -19 19 -21 -22 -23 23 24 -26 26 -28 28 -30 -31
leaf_value=-0.22240652468592725 0.1025514195795314 1.445312378707335 -4.7191056018518074 -2.6899480885471707 5.0581389405256436 -4.9080958967942463 -1.3132859355680644 -0.62701080287510735 -1.922826569469541 0.25987784979941692 -3.5627075917996578 4.3008273516214421 -4.8129302383835917 3.4900559802431808 0.74485656140962764 -19.588834267686916 -0.26077594982004071 28.775654783379593 -16.718187414418097 -0.95194751008729694 3.4678267164700536 0.21624391314966884 0.39800302979104529 10.62022308561537 2.7819095443522044 -11.096708499590555 0.92069730192422861 1.849732746271556 -0.84392311853770874 -1.2306928444702827
leaf_weight=18563 3562 1862 552 378 80 77 199 3986 302 533 133 840 313 113 1803 134 23940 241 114 786 633 40381 756 35 187 20 43 293 2524 1001
leaf_count=18563 3562 1862 552 378 80 77 199 3986 302 533 133 840 313 113 1803 134 23940 241 114 786 633 40381 756 35 187 20 43 293 2524 1001
internal_value=0.000186995 -0.344493 -0.764638 0.0964872 -0.670592 -0.269467 -3.81958 0.0388537 0.106665 1.11835 1.3964 2.73346 -0.211075 -2.66512 0.447245 0.0546209 0.105234 11.4873 -0.538599 -2.96535 -0.0652132 0.0386978 -0.14953 1.23251 4.05978 1.16015 -3.00805 -0.815574 -0.563194 -0.190131
internal_weight=104384 10528 5391 5137 3275 4640 751 93856 73826 3611 3309 1373 20030 489 1936 70215 64696 375 5519 900 4619 64321 19541 978 222 176 63 3195 2817 4563
internal_count=104384 10528 5391 5137 3275 4640 751 93856 73826 3611 3309 1373 20030 489 1936 70215 64696 375 5519 900 4619 64321 19541 978 222 176 63 3195 2817 4563
cat_boundaries=0 1
cat_threshold=2
is_linear=0
shrinkage=0.05


Tree=136
num_leaves=30
num_cat=0
split_feature=1 3 0 2 4 4 4 1 4 4 0 2 4 3 2 0 3 3 4 3 3 0 4 3 4 3 0 3 1
split_gain=503891 623126 498161 499301 704528 2.94474e+06 1.91943e+06 1.02663e+06 700426 2.73639e+06 2.08605e+06 2.23453e+06 1.90862e+06 1.6913e+06 1.1836e+06 617077 609812 422137 361428 335781 188346 88670.3 153969 78998.3 41753.6 30300.8 26342.2 23020.9 18604.7
threshold=20.049953179412842 2.0162500000000003 20.444953004414881 7.6113693475723272 240.72410923780095 70.311670125367542 246.27150400024991 5.2199879331066183 178.95663949190643 172.00503490767841 11.659972996665955 7.4714433431625373 172.73573143991823 0.59011111111111114 5.0531500000000014 3.4999918791847233 1.8608333333333336 0.9607407407407409 244.53765163147617 0.52044444444444449 2.5020833333333337 20.144953443161015 193.30658157425756 1.5208333333333337 110.28524329966014 0.4400617283950618 20.444953004414881 0.71062500000000017 19.859953578811652
decision_type=2 2 2 8 2 2 2 2 2 2 2 10 2 2 10 2 2 2 2 2 2 2 2 2 2 2 2 2 2
left_child=2 17 3 8 5 15 18 -8 9 13 11 -10 -11 -1 -12 -5 -7 21 -6 25 -3 -2 -23 -19 -21 -4 -24 -26 -29
right_child=1 20 19 4 6 16 7 -9 10 12 14 -13 -14 -15 -16 -17 -18 23 -20 24 -22 22 26 -25 27 -27 -28 28 -30
leaf_value=-0.17656490829515833 4.1433392971338234 9.1363971080202031 1.1272830306159125 -0.18063688874805445 0.94979024045355898 -4.4835769763497293 -0.75871119413374277 5.7895365934342635 0.62331714953505257 2.4140386802595195 -2.2286295437482524 -1.9799516412259877 0.054384509957647598 0.36084514521465721 0.052031376731416348 -4.6658373456123554 -1.247949963158369 -0.92137009172439566 2.5219346912612699 -6.7348422104971748 3.6090497050565831 4.8706524321165956 0.92766030181537973 -4.8780776125937706 -5.0672438394075101 -1.2288568418676205 -1.1574385849918638 -4.1174978293975197 -1.9331408550428308
leaf_weight=34786 42 32 35 4563 1362 552 3215 60 1160 2149 581 2844 1425 25278 25242 77 199 24 500 20 33 21 32 27 32 21 27 23 22
leaf_count=34786 42 32 35 4563 1362 552 3215 60 1160 2149 581 2844 1425 25278 25242 77 199 24 500 20 33 21 32 27 32 21 27 23 22
internal_value=0.000172351 2.29337 -0.00509011 -0.00088192 -0.327303 -0.726518 0.0917098 -0.637011 0.0358896 0.129596 -0.164038 -1.22579 1.47349 0.0496069 0.000633544 -0.256058 -3.62901 0.712052 1.37309 -2.84676 6.42748 2.3051 1.30073 -3.06972 -4.61171 0.237585 -0.0298415 -3.98091 -3.11494
internal_weight=104384 238 104146 103993 10528 5391 5137 3275 93465 63638 29827 4004 3574 60064 25823 4640 751 173 1862 153 65 122 80 51 97 56 59 77 45
internal_count=104384 238 104146 103993 10528 5391 5137 3275 93465 63638 29827 4004 3574 60064 25823 4640 751 173 1862 153 65 122 80 51 97 56 59 77 45
is_linear=0
shrinkage=0.05


Tree=137
num_leaves=31
num_cat=0
split_feature=3 3 4 4 4 4 4 1 3 3 4 4 4 4 4 4 3 1 4 2 1 2 1 2 1 1 1 1 3 1
split_gain=496023 551728 924499 5.70642e+06 6.91727e+06 1.92105e+06 1.55461e+06 1.04027e+06 755718 1.13452e+06 2.73771e+06 8.67572e+06 3.43002e+06 1.04207e+06 1.98156e+06 1.67316e+06 1.04121e+06 816814 1.31499e+06 712818 600766 595265 508368 333565 433821 354008 262579 205711 151997 108973
threshold=0.020833333333333339 0.09416666666666669 171.16656316259125 149.23024062292276 145.25178461759691 172.00503490767841 113.42715472994669 15.239964407661441 0.23342592592592595 0.19962121212121217 37.746023660788687 36.971468137649033 40.456495911064998 88.41331308612466 36.970795924819349 278.44569124894218 0.24053030303030307 14.969958929285179 167.99262322022392 2.6867630183696751 12.919964401295308 7.5276122331619275 15.549957359887715 7.4989146471023567 9.1099751930655923 4.559989464361192 4.559989464361192 16.039962506454472 0.077500000000000013 7.839981741104519
decision_type=2 2 2 2 2 2 2 2 2 2 2 2 2 2 2 2 2 2 2 10 2 10 2 10 2 2 2 2 2 2
left_child=23 2 3 4 6 -4 -2 20 9 10 11 -3 -12 14 -11 -15 17 18 -10 -18 -7 -21 -19 26 25 -25 -1 -9 29 -5
right_child=1 8 5 28 -6 7 -8 27 16 13 12 -13 -14 15 -16 -17 19 22 -20 21 -22 -23 -24 24 -26 -27 -28 -29 -30 -31
leaf_value=-1.7436333656033804 1.7304366598962968 -0.012956473614777218 -7.5073073707229785 10.433139707415997 -14.165833143886132 0.30447366214083821 -2.97271404223173 5.4537210616784932 1.2675933658739957 -0.97065408207945847 6.0240172918710648 -6.6444372390538211 0.29253219913066569 -2.4746391212790781 2.7923097801249894 0.93305784117479795 -6.8246962979749632 -6.2374394058144613 6.2295389942782409 0.086834476583755649 -2.361051068871292 -0.25691903433782981 -0.025496763918134904 -2.4407110482996166 -1.2792682290750168 -11.051391688028971 2.2835016391412268 2.0731691718219531 6.9755032782805602 6.3487390993322652
leaf_weight=171 1196 2669 86 98 78 772 205 84 868 1839 271 604 6481 1764 431 452 37 45 157 69887 290 15361 116 21 61 29 52 100 132 27
leaf_count=171 1196 2669 86 98 78 772 205 84 868 1839 271 604 6481 1764 431 452 37 45 157 69887 290 15361 116 21 61 29 52 100 132 27
internal_value=0.00016124 0.00634571 0.666785 1.42674 0.229623 -0.323989 1.04062 0.177429 -0.0137259 -0.347611 -0.0518399 -1.23839 0.523431 -1.00842 -0.255271 -1.77946 0.0423079 1.51297 2.03295 0.0218389 -0.424932 0.0248905 -1.78957 -1.92072 -4.14788 -7.55377 -0.798546 3.63763 8.28836 9.60834
internal_weight=104384 104050 3068 1736 1479 1332 1401 1246 100982 14511 10025 3273 6752 4486 2270 2216 86471 1186 1025 85285 1062 85248 161 334 111 50 223 184 257 125
internal_count=104384 104050 3068 1736 1479 1332 1401 1246 100982 14511 10025 3273 6752 4486 2270 2216 86471 1186 1025 85285 1062 85248 161 334 111 50 223 184 257 125
is_linear=0
shrinkage=0.05


Tree=138
num_leaves=31
num_cat=1
split_feature=2 4 4 3 1 3 1 3 5 3 3 3 3 3 2 3 4 4 4 4 1 3 4 3 3 2 3 1 3 4
split_gain=487292 728490 5.40546e+06 2.35628e+07 7.88092e+07 1.61854e+07 7.00966e+06 4.68175e+06 6.84476e+06 2.84352e+06 1.515e+07 7.34021e+06 2.45346e+06 2.52368e+06 2.0293e+06 1.75725e+06 1.16497e+06 3.2615e+06 2.17085e+06 1.86949e+06 1.96937e+06 1.59827e+06 1.05307e+06 595786 506697 493171 4.80561e+06 4.06901e+06 669307 596310
threshold=7.2949045658111578 19.020390382422935 20.876902363572629 0.77023809523809539 0.019999953988310573 1.0803703703703706 1.2999969742627144 0.76060606060606073 0 0.4400617283950618 0.45993827160493833 0.48022222222222227 0.42006172839506178 0.43339506172839515 7.5753664255142219 0.45339506172839511 33.920180761862021 34.12810361454143 34.663429674957491 25.632744012084355 5.7499866421089179 0.66022727272727277 18.762716287834049 0.25505555555555554 0.58083333333333353 5.390550000000002 2.7004166666666674 12.826637157221478 2.7658333333333336 14.407848116095989
decision_type=10 2 2 2 2 2 2 2 1 2 2 2 2 2 10 2 2 2 2 2 2 2 2 2 2 8 2 2 2 2
left_child=25 7 3 6 5 -5 24 9 -9 12 15 -12 22 -14 -6 -11 19 23 -19 20 -4 -21 -2 -18 -3 28 -27 -28 29 -1
right_child=1 2 16 4 14 -7 -8 8 -10 10 11 -13 13 -15 -16 -17 17 18 -20 21 -22 -23 -24 -25 -26 26 27 -29 -30 -31
leaf_value=0.40731068909877294 -0.49777987505870275 -22.799150818333484 -0.29804353973049608 44.356517700634413 -3.5438714417406163 10.154567997306586 3.7834873182123361 -16.447919673694756 -2.0208045733766506 19.070450870289523 -12.224124181231517 2.166382034186412 -10.287024254140855 0.8320425427645104 1.620018998087045 8.0365142808641714 9.0332519447122301 -2.753659557821639 0.080024430356361601 -3.2245505956027367 5.2783929046168536 -0.13137757275810463 1.9441232428597175 3.8385291604750549 -15.68974530130625 -0.37279155921703977 1.0773957842074593 -15.870672873604684 2.0461002830069335 -0.3708747893445053
leaf_weight=3739 4155 65 975 138 305 47 43 105 368 118 121 323 124 86 502 55 69 681 75257 1039 188 698 493 281 63 6622 57 92 373 7202
leaf_count=3739 4155 65 975 138 305 47 43 105 368 118 121 323 124 86 502 55 69 681 75257 1039 188 698 493 281 63 6622 57 92 373 7202
internal_value=0.000146593 0.0496015 0.0891284 3.47165 6.42842 35.7687 -13.6187 -0.484287 -5.2514 -0.0715593 3.12297 -1.774 -0.477848 -5.75112 -0.333602 15.6289 0.0394074 0.0768037 0.0545764 -0.944035 0.607148 -1.98238 -0.238411 4.88546 -19.4488 -0.235835 -0.573314 -9.42319 -0.0338328 -0.104923
internal_weight=104384 86299 80351 1163 992 185 171 5948 473 5475 617 444 4858 210 807 173 79188 76288 75938 2900 1163 1737 4648 350 128 18085 6771 149 11314 10941
internal_count=104384 86299 80351 1163 992 185 171 5948 473 5475 617 444 4858 210 807 173 79188 76288 75938 2900 1163 1737 4648 350 128 18085 6771 149 11314 10941
cat_boundaries=0 1
cat_threshold=2
is_linear=0
shrinkage=0.05


Tree=139
num_leaves=31
num_cat=0
split_feature=0 0 4 3 3 4 3 3 3 4 3 0 3 4 4 3 3 3 4 2 4 3 4 3 4 0 4 4 4 4
split_gain=453816 953386 916952 2.39934e+06 1.54616e+06 1.19307e+06 1.33319e+06 1.09435e+06 694261 1.03461e+06 658600 1.78405e+06 765218 637065 6.98896e+06 4.67919e+06 1.98376e+06 1.841e+06 1.67917e+06 1.92713e+06 1.5367e+06 8.17695e+06 2.70804e+06 2.68191e+06 1.69486e+06 3.03845e+06 1.96152e+06 1.34583e+06 1.4622e+07 2.88031e+06
threshold=19.35995519575501 19.719954595108039 278.99955054364256 2.8375000000000008 2.7658333333333336 248.50768118551136 0.88068627450980408 0.91977777777777792 0.4400617283950618 199.80677468231644 1.3208333333333335 20.259953323379523 1.1701190476190479 53.530094638705926 56.279287858403407 0.67055555555555568 0.077500000000000013 0.1003787878787879 38.592034641495182 7.4989146471023567 74.184791746501446 0.72041666666666682 73.493986445789304 0.5150555555555556 110.2701612581685 0.15999962844824792 110.2815329458091 36.97190895456697 36.972016444086492 36.928172484557372
decision_type=2 2 2 2 2 2 2 2 2 2 2 2 2 2 2 2 2 2 2 10 2 2 2 2 2 2 2 2 2 2
left_child=13 8 4 10 5 7 -7 -3 9 -2 12 -12 -4 16 15 -15 -1 18 19 -18 21 23 -23 -16 25 -22 -26 29 -29 -19
right_child=1 2 3 -5 -6 6 -8 -9 -10 -11 11 -13 -14 14 20 -17 17 27 -20 -21 24 22 -24 -25 26 -27 -28 28 -30 -31
leaf_value=3.4384706464910937 -7.3897385375738143 -0.38625274128356413 0.67649163727782002 14.205792591644055 -9.8617876427968341 -0.59471253876826347 -5.0668727041300272 3.0358238384986005 1.9371592043688766 0.69532137316151676 -4.8840258794917792 3.042462034069124 4.735810850828182 -6.2323023501293768 0.30861635829451717 1.1938435142969681 -0.03404657095026823 0.12962701709171137 3.8934466893831892 -7.1052554127437375 2.1345561966368281 -1.2361040464552797 -4.1146275880584691 4.3372577179478427 -2.6749491214810068 0.060645451058162672 -0.047613941818769059 8.2393202746626901 0.15941181798872267 -1.6616545897530859
leaf_weight=451 49 957 1360 32 44 509 247 308 1320 189 169 121 126 758 947 294 161 21116 74 239 2520 2687 1174 732 720 5898 48316 593 9763 2510
leaf_count=451 49 957 1360 32 44 509 247 308 1320 189 169 121 126 758 947 294 161 21116 74 239 2520 2687 1174 732 720 5898 48316 593 9763 2510
internal_value=0.000142717 0.445107 0.0248339 0.846794 -0.694888 -0.490531 -2.06062 0.448684 1.48917 -0.993184 0.59823 -1.57766 1.02364 -0.0242832 -0.117943 -4.15777 0.147559 0.104385 -2.98688 -4.26629 -0.0504134 -0.845615 -2.11221 2.06654 0.0262772 0.681669 -0.0862452 0.147591 0.622831 -0.0607388
internal_weight=104384 5431 3873 1808 2065 2021 756 1265 1558 238 1776 290 1486 98953 64046 1052 34907 34456 474 400 62994 5540 3861 1679 57454 8418 49036 33982 10356 23626
internal_count=104384 5431 3873 1808 2065 2021 756 1265 1558 238 1776 290 1486 98953 64046 1052 34907 34456 474 400 62994 5540 3861 1679 57454 8418 49036 33982 10356 23626
is_linear=0
shrinkage=0.05


Tree=140
num_leaves=31
num_cat=1
split_feature=1 0 4 4 4 4 1 1 5 4 4 4 4 3 4 4 3 3 4 4 4 4 4 3 3 4 4 4 3 4
split_gain=479001 1.14243e+06 1.51902e+06 2.48659e+06 3.62775e+06 3.95474e+06 2.90115e+06 1.86214e+06 1.84694e+06 1.0561e+06 1.20104e+06 970172 6.48238e+06 6.16565e+06 8.60088e+06 4.07183e+06 3.57471e+06 2.76021e+06 3.00029e+06 5.79638e+06 3.68944e+06 2.62011e+06 2.76196e+06 1.42111e+06 1.29931e+06 5.17291e+06 2.93527e+06 2.70135e+06 2.0279e+06 1.33295e+06
threshold=1.0000000180025095e-35 0.20346191134857275 41.953151611830769 60.679466652429532 112.62422041420211 113.26472074577529 0.73999829899484537 0.11999972465400027 0 19.020390382422935 33.920180761862021 147.19915526419507 141.52957083783937 0.33992424242424252 145.25178461759691 154.65435644450841 0.33992424242424252 1.3358333333333337 121.31720883073699 121.56743733502135 116.90209583102994 85.189214138531426 36.970795924819349 0.43993827160493837 0.16015151515151518 171.16656316259125 171.83167905709141 172.48559991947982 1.4008333333333336 172.00503490767841
decision_type=2 2 2 2 2 2 2 2 1 2 2 2 2 2 2 2 2 2 2 2 2 2 2 2 2 2 2 2 2 2
left_child=11 2 7 8 6 -6 -5 -2 -4 -9 -11 12 17 -14 -15 16 -13 18 20 -20 -1 22 -19 -16 25 -17 28 -28 -26 -27
right_child=1 -3 3 4 5 -7 -8 9 -10 10 -12 15 13 14 23 24 -18 21 19 -21 -22 -23 -24 -25 26 29 27 -29 -30 -31
leaf_value=0.013909333835610067 0.010868528913135177 0.039620468268664145 -7.3551545990915876 11.611396919891869 -6.0936770662196409 1.448684904599729 -0.81488408765952358 16.42253130171034 -0.13187917358502393 -0.87308094080172338 8.1641948370526745 -7.7348302599529326 -12.089569319556741 5.4466023021530034 18.144376608530681 7.4750657674327261 2.7384215768921041 0.055909191614361822 8.5044788902958111 0.51438718854686472 -3.843731591953464 1.3214324698448181 -4.3541853389871807 36.362644778284533 -2.9272361593391216 -3.4524601300386553 2.3643939532992455 -0.8287526743776179 3.0009497523007904 0.54556512533092139
leaf_weight=27688 162 63295 152 141 196 1475 70 26 210 50 136 345 33 175 23 251 106 539 298 943 633 494 1039 28 1574 278 973 2069 158 824
leaf_count=27688 162 63295 152 141 196 1475 70 26 210 50 136 345 33 175 23 251 106 539 298 943 633 494 1039 28 1574 278 973 2069 158 824
internal_value=0.000136022 0.0819639 1.10529 0.612733 1.34294 0.560885 7.50451 4.05107 -3.17678 7.12383 5.74312 -0.140059 -0.0260191 7.83671 10.7868 -0.692887 -5.27264 -0.0906402 0.0330357 2.43835 -0.0724449 -1.85434 -2.84874 28.6536 -0.354971 1.01224 -0.742584 0.193032 -2.38502 -0.465222
internal_weight=104384 65913 2618 2244 1882 1671 211 374 362 212 186 38471 31893 259 226 6578 451 31634 29562 1241 28321 2072 1578 51 6127 1353 4774 3042 1732 1102
internal_count=104384 65913 2618 2244 1882 1671 211 374 362 212 186 38471 31893 259 226 6578 451 31634 29562 1241 28321 2072 1578 51 6127 1353 4774 3042 1732 1102
cat_boundaries=0 1
cat_threshold=2
is_linear=0
shrinkage=0.05


Tree=141
num_leaves=31
num_cat=0
split_feature=2 3 4 4 3 0 3 3 3 0 3 3 2 4 4 0 0 3 2 0 3 2 2 0 1 1 0 2 2 1
split_gain=467852 695054 694758 1.6493e+07 6.67093e+07 3.19846e+07 2.11106e+06 1.57257e+07 4.90847e+06 3.30092e+06 2.2583e+06 2.24474e+06 2.07828e+06 1.08237e+06 2.92451e+06 2.56651e+06 517446 452552 4.21594e+06 4.0012e+06 923674 878650 741902 591745 477024 644948 684305 560570 540675 648508
threshold=7.2949045658111578 0.020833333333333339 20.682779021084816 20.876902363572629 0.77023809523809539 0.15999963279306892 0.45993827160493833 0.4400617283950618 0.48022222222222227 0.23999945136201387 0.67055555555555568 0.42006172839506178 7.5000060558319097 33.920180761862021 34.12810361454143 9.0573261553144579 0.15999963279306892 2.6408333333333336 5.405450000000001 13.387096665430567 2.7658333333333336 4.9305500000000011 4.7475500000000013 14.280871504984122 14.259966887260438 0.35999917323786407 5.4778346966344351 4.8671000000000015 4.8442500000000015 15.139965027656556
decision_type=10 2 2 2 2 2 2 2 2 2 2 2 10 2 2 2 2 2 10 2 2 10 10 2 2 2 2 10 10 2
left_child=17 -2 6 4 16 -6 7 11 12 -9 -10 -3 -8 15 -15 -5 -4 24 20 -20 21 22 -19 -21 25 -1 -27 -28 29 -26
right_child=1 2 3 13 5 -7 8 9 10 -11 -12 -13 -14 14 -16 -17 -18 18 19 23 -22 -23 -24 -25 28 26 27 -29 -30 -31
leaf_value=-0.3859909896117738 -3.8876794816766465 -0.22059733361938716 -15.177650318774548 -1.4886607764401134 -24.517397382259372 32.505353017548259 -15.764939147247667 17.33255703616452 2.4443208524092541 -4.0778844887869701 -2.195857312593986 -5.4821615861046995 -1.2972468648023074 4.6346829170124488 0.060163039661328355 2.8763056726520047 -22.480042648739285 -1.7986331699205484 0.87425467191347439 -12.550115862715414 1.9371696078270038 1.6470138602256776 -14.60401105562846 -22.306515738169352 -1.784784349014942 1.8955064945166162 -1.2403289178713102 0.33473761010419356 -0.46395266306736227 -8.9380238021744614
leaf_weight=6118 111 4629 90 2509 27 216 86 153 332 20 1234 211 35 350 75864 388 44 22 66 70 375 39 23 23 273 630 634 5117 4660 35
leaf_count=6118 111 4629 90 2509 27 216 86 153 332 20 1234 211 35 350 75864 388 44 22 66 70 375 39 23 23 273 630 634 5117 4660 35
internal_value=0.000164534 0.048623 0.0537376 0.0949539 10.5143 26.095 -0.435188 0.0797725 -1.96456 14.8481 -1.21118 -0.451062 -11.625 0.0451688 0.0812314 -0.903261 -17.7242 -0.231062 -1.55969 -8.549 0.874753 -3.83511 -8.51891 -15.1747 -0.183967 -0.0192185 0.332442 0.160913 -0.598369 -2.62396
internal_weight=104384 86299 86188 79488 377 243 6700 5013 1687 173 1566 4840 121 79111 76214 2897 134 18085 618 159 459 84 45 93 17467 12499 6381 5751 4968 308
internal_count=104384 86299 86188 79488 377 243 6700 5013 1687 173 1566 4840 121 79111 76214 2897 134 18085 618 159 459 84 45 93 17467 12499 6381 5751 4968 308
is_linear=0
shrinkage=0.05


Tree=142
num_leaves=30
num_cat=0
split_feature=1 3 0 4 3 3 0 4 1 0 1 1 2 3 2 4 4 4 3 3 3 0 4 4 4 1 4 3 1
split_gain=447733 568713 454083 429801 1.64644e+06 3.0564e+06 3.12687e+06 1.70633e+06 2.95332e+06 1.53387e+06 1.36216e+06 1.05961e+06 1.2584e+06 1.78484e+06 1.29317e+06 933330 5.85956e+06 3.63896e+06 388914 304608 176016 77371.2 139836 74965.6 39206.1 30361.4 24882.5 20711.8 17013.7
threshold=20.049953179412842 2.0162500000000003 20.444953004414881 248.50768118551136 0.48840909090909096 0.9004901960784315 14.619999042996684 275.50993669654093 12.919964401295308 11.440534806539896 13.159969443489077 1.0000000180025095e-35 7.4111087799072273 0.52044444444444449 7.3940989494323732 147.19915526419507 141.52957083783937 154.65435644450841 0.9607407407407409 0.52044444444444449 2.5020833333333337 20.144953443161015 193.30658157425756 278.83075392663449 110.28524329966014 19.899953151613875 257.29026212764853 0.71062500000000017 19.859953578811652
decision_type=2 2 2 2 2 2 2 2 2 2 2 2 10 2 8 2 2 2 2 2 2 2 2 2 2 2 2 2 2
left_child=2 18 3 11 7 6 -6 9 -9 -5 -7 15 14 -14 -13 16 -1 -17 21 25 -3 -2 -23 -20 -21 -4 -24 -26 -29
right_child=1 20 19 4 5 10 -8 8 -10 -11 -12 12 13 -15 -16 17 -18 -19 23 24 -22 22 26 -25 27 -27 -28 28 -30
leaf_value=-0.085572265717611118 3.8978864385915362 8.7279267576969026 1.143832071031843 -8.5455796804882223 -3.055919778662112 -0.60918972758426504 -0.57811224592569865 3.2207314330340786 0.29879611420107305 -0.59794117265838542 0.50312903274385345 -0.10269150773404175 -0.098765439881468561 0.71583408157712858 -3.3818701261209401 -5.0100978818196253 7.4513364942303077 -0.35742464716797584 -0.80742875715096796 -6.4514884049551826 3.3915131490370811 4.6438981921022586 -1.1591636691270051 -4.6722011231553964 -4.8209374585296167 -1.1954166752359141 0.87395237337140486 -3.9259809273481374 -1.8384065677808679
leaf_weight=31634 42 32 34 62 1882 4781 3934 1100 4032 1678 6484 12608 10701 18093 307 451 259 5987 23 20 33 21 26 28 32 22 33 23 22
leaf_count=31634 42 32 34 62 1882 4781 3934 1100 4032 1678 6484 12608 10701 18093 307 451 259 5987 23 20 33 21 26 28 32 22 33 23 22
internal_value=0.000111205 2.16175 -0.00484934 -0.000831635 -0.18664 -0.449568 -1.38029 0.466863 0.925594 -0.885882 0.0310351 0.0547754 0.229174 0.413103 -0.180896 -0.134993 -0.0241339 -0.684086 0.651234 -2.71789 6.11118 2.18046 1.24176 -2.97841 -4.39892 0.219904 -0.0263006 -3.78984 -2.96765
internal_weight=104384 238 104146 103993 23953 17081 5816 6872 5132 1740 11265 80040 41709 28794 12915 38331 31893 6438 173 153 65 122 80 51 97 56 59 77 45
internal_count=104384 238 104146 103993 23953 17081 5816 6872 5132 1740 11265 80040 41709 28794 12915 38331 31893 6438 173 153 65 122 80 51 97 56 59 77 45
is_linear=0
shrinkage=0.05


Tree=143
num_leaves=30
num_cat=0
split_feature=1 3 1 3 0 1 3 0 3 1 3 0 3 1 0 4 3 0 4 3 4 1 3 3 0 0 4 3 4
split_gain=405309 514925 424862 1.80321e+06 605786 790830 760702 3.92064e+06 925640 707242 1.63619e+06 1.54611e+06 1.52537e+06 701120 1.37196e+06 642879 589426 624913 485824 392084 388385 975542 381056 359482 262177 159749 210033 159371 74554.8
threshold=20.049953179412842 2.0162500000000003 19.709954508804326 2.3608333333333338 19.35995519575501 18.819956467483525 2.7004166666666674 20.099953286518097 2.1616666666666675 18.309957441986089 0.66022727272727277 18.742363650087714 0.4400617283950618 17.879958365402228 18.379957119216922 193.30658157425756 0.25505555555555554 19.81995397511292 85.189214138531426 1.1801960784313728 257.29026212764853 18.009958560455328 0.78044117647058842 1.3755555555555559 20.144953443161015 20.144953443161015 204.73907230827822 2.5020833333333337 276.38051498725684
decision_type=2 2 2 2 2 2 2 2 2 2 2 2 2 2 2 2 2 2 2 2 2 2 2 2 2 2 2 2 2
left_child=2 23 4 16 9 20 8 -8 -7 13 12 -12 -11 15 -15 -1 -4 19 -19 -18 22 -22 -6 25 -5 -2 -27 -3 -28
right_child=1 27 3 24 5 6 7 -9 -10 10 11 -13 -14 14 -16 -17 17 18 -20 -21 21 -23 -24 -25 -26 26 28 -29 -30
leaf_value=0.062593926751273885 3.8839419001107127 8.3047546233552865 -6.0289851503593974 -13.172125805219014 6.811971309348329 0.22300661304084701 -4.1084411852379317 14.902593486552338 -10.063881003639914 -3.9607795759042106 -7.2846892689967504 -1.305050352572521 6.9906457379428959 10.248499062750074 1.0360268326064668 -0.2202469138279185 6.1679650576114655 -7.0132158333063135 -0.23704419378652056 -1.8383389232272194 -6.4965824235452194 1.9467757194623858 2.3584032108670185 -4.4698241980322484 -6.4098654121408858 3.8008913807715139 0.0387666523388841 3.2269251296099499 -3.4870401701719866
leaf_weight=69463 50 32 42 23 72 3657 60 48 21 47 137 502 94 44 400 28264 59 27 480 20 36 457 146 28 47 30 43 33 22
leaf_count=69463 50 32 42 23 72 3657 60 48 21 47 137 502 94 44 400 28264 59 27 480 20 36 457 146 28 47 30 43 33 22
internal_value=9.96655e-05 2.05678 -0.00462002 -1.23317 0.00368124 0.571182 0.283591 4.40007 0.161551 -0.0221153 -1.52079 -2.59646 3.33795 -0.0101924 1.96996 -0.0192089 -0.378652 0.0358935 -0.61101 4.14335 2.10002 1.31831 3.85372 0.619469 -8.78605 1.62615 0.409703 5.81481 -1.18926
internal_weight=104384 238 104146 698 103448 4497 3786 108 3678 98951 780 639 141 98171 444 97727 628 586 507 79 711 493 218 173 70 145 95 65 65
internal_count=104384 238 104146 698 103448 4497 3786 108 3678 98951 780 639 141 98171 444 97727 628 586 507 79 711 493 218 173 70 145 95 65 65
is_linear=0
shrinkage=0.05


Tree=144
num_leaves=31
num_cat=0
split_feature=2 4 4 4 3 3 3 4 4 3 4 3 2 4 0 4 1 3 3 0 4 0 1 1 4 1 0 1 0 3
split_gain=427778 599664 453085 6.34826e+06 3.91756e+06 1.77824e+06 1.80035e+06 1.71557e+06 1.49515e+06 7.00123e+06 2.27853e+06 2.09273e+06 1.42549e+06 1.36136e+06 5.73157e+06 1.59404e+06 1.27781e+06 1.19347e+06 6.75158e+06 3.70685e+06 972283 606827 721127 409711 266508 356274 287336 229467 123539 111492
threshold=2.7159958660602572 7.3182521484678587 53.530094638705926 56.279287858403407 0.67055555555555568 0.077500000000000013 0.1003787878787879 38.592034641495182 74.184791746501446 0.72041666666666682 73.493986445789304 0.5150555555555556 7.4989146471023567 88.454092356621871 0.14001774458882627 92.59150347442251 13.359963216895524 0.50861111111111124 0.60083333333333344 0.19438611718302773 31.349641664846903 0.14001774458882627 8.9999792146502262 1.0000000180025095e-35 38.592034641495182 1.0000000180025095e-35 0.43188358347689532 1.0000000180025095e-35 10.645000149766956 0.44672839506172851
decision_type=10 2 2 2 2 2 2 2 2 2 2 2 10 2 2 2 2 2 2 2 2 2 2 2 2 2 2 2 2 2
left_child=1 -1 5 4 16 20 7 12 9 11 -11 -5 -7 14 -10 -15 23 19 -19 -8 28 -6 -23 -4 25 -22 -26 -9 -2 -18
right_child=2 -3 3 8 21 6 17 27 13 10 -12 -13 -14 15 -16 -17 29 18 -20 -21 24 22 -24 -25 26 -27 -28 -29 -30 -31
leaf_value=-0.79614754687177636 -3.2866365164802192 -7.4612240898949755 -5.6049498105206332 0.3131140551398105 -5.8071748118631312 0.3487728610310224 1.6783203517554073 5.4833819797803773 6.5055551214871956 -1.1520218853644115 -3.7652756126343299 3.7998206762294262 -6.7531741074770695 -1.8868669725689626 0.20283776311079965 0.051667533780238084 1.2030363074425729 -2.4617994113906776 0.29765996668499639 0.0008470987658744007 4.7512270138604302 4.0999113391984441 -0.93391483801520536 -8.2471541629848275 4.2356808951976417 10.71145850032568 -0.30103386782585306 -0.56694428589033041 0.35318468001653563 -3.0123624626227792
leaf_weight=961 41 34 454 962 30 100 4525 52 422 2828 1183 778 239 1079 2450 58588 61 2636 13905 12092 139 140 143 229 142 31 46 22 52 20
leaf_count=961 41 34 454 962 30 100 4525 52 422 2828 1183 778 239 1079 2450 58588 61 2636 13905 12092 139 140 143 229 142 31 46 22 52 20
internal_value=9.17648e-05 -1.03117 0.0100264 -0.0632773 -3.87031 0.159482 0.117534 -3.1593 -0.00318071 -0.774611 -1.92352 1.8734 -4.66333 0.0677701 1.13088 0.0165805 -5.7984 0.158443 -0.142214 0.457716 3.27473 0.839399 1.56197 -6.50161 4.45542 5.89441 3.12989 3.70099 -1.26931 0.138093
internal_weight=104384 995 103389 69367 1077 34022 33571 413 68290 5751 4011 1740 339 62539 2872 59667 764 33158 16541 16617 451 313 283 683 358 170 188 74 93 81
internal_count=104384 995 103389 69367 1077 34022 33571 413 68290 5751 4011 1740 339 62539 2872 59667 764 33158 16541 16617 451 313 283 683 358 170 188 74 93 81
is_linear=0
shrinkage=0.05


Tree=145
num_leaves=31
num_cat=1
split_feature=2 0 2 4 4 0 0 3 5 3 3 3 3 4 4 0 0 3 2 0 3 2 0 3 4 0 3 2 3 4
split_gain=413129 701653 363672 681863 4.46644e+06 1.95948e+07 5.13695e+07 4.12065e+06 6.15851e+06 3.42886e+06 2.34725e+06 1.24333e+07 1.98931e+06 949615 2.66639e+06 2.2753e+06 547624 419078 3.80939e+06 3.6254e+06 835879 796560 537580 350400 322418 487153 475583 581416 498022 348629
threshold=7.7728862047195442 1.6523269330020154 7.2949045658111578 19.020390382422935 20.876902363572629 0.16203430980392161 0.35274331010320692 0.76060606060606073 0 0.85988095238095252 0.4400617283950618 0.45339506172839511 0.42006172839506178 33.920180761862021 36.928172484557372 9.0573261553144579 0.15999963279306892 2.6408333333333336 5.405450000000001 13.387096665430567 2.7658333333333336 4.9305500000000011 14.280871504984122 3.4850000000000008 19.020390382422935 15.879962886695862 0.78044117647058842 5.0395500000000011 0.50083333333333346 35.992682306176619
decision_type=8 2 10 2 2 2 2 2 1 2 2 2 2 2 2 2 2 2 10 2 2 10 2 2 2 2 2 10 2 2
left_child=2 -2 17 7 5 9 -7 10 16 -5 12 -12 -4 15 -15 -6 -9 24 20 -20 21 -19 -21 -22 26 -26 28 -28 -1 -27
right_child=1 -3 3 4 13 6 -8 8 -10 -11 11 -13 -14 14 -16 -17 -18 18 19 22 23 -23 -24 -25 25 29 27 -29 -30 -31
leaf_value=0.16546200033080194 -1.0343880422597063 -9.6897571795114459 -0.23587953017093996 -18.629640707439847 -1.4009467016705663 26.607292431624586 -0.39554020984454996 -13.275521884909493 -1.877647293235067 -0.20756110149271351 17.342824242856324 -0.64198333504736427 -5.1998262370564934 1.5247109279249378 0.013433145733622531 2.6952913723878416 -22.440074932861329 -8.1043314108641251 0.84752899588044017 -11.928482100594213 2.9757014110794775 1.5749360089302065 -21.224697348276777 -0.21513250760178068 -0.28096946739555889 -0.45542624723343628 2.9017382617067824 0.41041146398584288 -1.1096080548158767 -6.6333689126057127
leaf_weight=3724 145 27 4648 107 2509 225 798 81 368 33 118 499 210 3039 73088 391 24 45 66 70 242 39 23 133 11331 41 301 1045 963 51
leaf_count=3724 145 27 4648 107 2509 225 798 81 368 33 118 499 210 3039 73088 391 24 45 66 70 242 39 23 133 11331 41 301 1045 963 51
internal_value=8.33431e-05 -2.44127 0.00413618 0.0469222 0.0852373 3.15991 5.56368 -0.469563 -4.94189 -14.3196 -0.0823535 2.82006 -0.451486 0.0399494 0.0737829 -0.84792 -15.5623 -0.199767 -1.4783 -8.12207 0.835785 -3.64467 -14.4289 1.84644 -0.15442 -0.310576 0.14125 0.96928 -0.0966961 -3.91471
internal_weight=104384 172 104212 86138 80190 1163 1023 5948 473 140 5475 617 4858 79027 76127 2900 105 18074 618 159 459 84 93 375 17456 11423 6033 1346 4687 92
internal_count=104384 172 104212 86138 80190 1163 1023 5948 473 140 5475 617 4858 79027 76127 2900 105 18074 618 159 459 84 93 375 17456 11423 6033 1346 4687 92
cat_boundaries=0 1
cat_threshold=2
is_linear=0
shrinkage=0.05


Tree=146
num_leaves=31
num_cat=0
split_feature=1 0 4 4 4 4 3 3 4 3 4 4 3 3 1 4 4 3 4 4 4 3 4 3 4 4 4 3 4 4
split_gain=414047 1.02477e+06 1.34958e+06 2.25027e+06 3.31514e+06 7.56695e+06 1.7052e+06 1.53735e+06 1.19328e+06 1.16824e+06 1.01878e+06 963629 794420 797232 1.23952e+06 2.63389e+06 2.61e+06 1.01342e+06 1.0692e+06 786039 5.40758e+06 4.59935e+06 1.07289e+07 4.93226e+06 4.44287e+06 3.9677e+06 3.32256e+06 3.23895e+06 2.98898e+06 2.91629e+06
threshold=1.0000000180025095e-35 0.20346191134857275 41.953151611830769 113.61401437796748 147.19915526419507 145.25178461759691 0.44672839506172851 0.040833333333333346 33.920180761862021 1.6608333333333336 153.11144539855789 20.682779021084816 3.7808333333333337 0.19962121212121217 12.959969866744816 278.99955054364256 278.94763736680397 0.23342592592592595 278.44569124894218 147.19915526419507 121.31720883073699 0.33992424242424252 145.25178461759691 0.23990740740740746 121.56743733502135 121.56743733502135 154.65435644450841 0.33992424242424252 145.25178461759691 116.90209583102994
decision_type=2 2 2 2 2 2 2 2 2 2 2 2 2 2 2 2 2 2 2 2 2 2 2 2 2 2 2 2 2 2
left_child=19 2 6 7 5 -5 -2 -4 11 -9 -6 -8 13 14 15 -3 -16 18 -15 20 29 23 25 28 -25 -23 27 -21 -22 -1
right_child=1 12 3 4 10 -7 8 9 -10 -11 -12 -13 -14 17 16 -17 -18 -19 -20 26 21 22 -24 24 -26 -27 -28 -29 -30 -31
leaf_value=-0.10523395461885479 8.1662089988356801 0.5648245835360749 -13.01039535522461 2.3211224226550571 -5.6902622655232751 21.679107056350421 2.2884371667472942 -1.0306279296164675 5.6830793786310885 7.4720290991805847 1.0726717460176611 -5.8469795148032055 4.4450696620403551 -1.9656037041270218 0.80494555051571381 4.7745064122395213 -2.3081982366198011 0.0099762030628754647 0.87441631387230556 -7.1087913918047283 3.6542794720828535 9.9502143418788922 26.898712809636045 7.9293810160954799 -11.818850655351367 2.0245011880506438 -0.32265890504869421 2.8589415996542602 -11.873595078412224 -3.5036822831591437
leaf_weight=29643 140 1529 25 216 59 65 75 1063 90 41 775 69 101 1267 2754 490 890 55816 448 345 352 196 51 35 139 800 6127 106 33 644
leaf_count=29643 140 1529 25 216 59 65 75 1063 90 41 775 69 101 1267 2754 490 890 55816 448 345 352 196 51 35 139 800 6127 106 33 644
internal_value=4.66231e-05 0.0761243 1.04532 0.581046 2.17338 6.85996 3.82196 -0.992065 1.19912 -0.708378 0.587991 -1.62319 0.0360207 0.0289036 0.594896 1.58835 0.0441743 -0.0268185 -1.22364 -0.130297 -0.0276476 2.79878 4.75244 -0.862353 -7.82387 3.5926 -0.627905 -4.76489 2.29599 -0.177609
internal_weight=104384 65913 2618 2244 1115 281 374 1129 234 1104 834 144 63295 63194 5663 2019 3644 57531 1715 38471 31893 1606 1047 559 174 996 6578 451 385 30287
internal_count=104384 65913 2618 2244 1115 281 374 1129 234 1104 834 144 63295 63194 5663 2019 3644 57531 1715 38471 31893 1606 1047 559 174 996 6578 451 385 30287
is_linear=0
shrinkage=0.05


Tree=147
num_leaves=31
num_cat=1
split_feature=2 4 4 4 3 3 3 4 4 3 5 4 4 4 0 4 3 3 0 0 4 0 0 3 4 0 0 0 0 3
split_gain=385883 525393 395382 5.72552e+06 3.52961e+06 1.58888e+06 1.63509e+06 1.5433e+06 1.34699e+06 6.33731e+06 2.10244e+06 2.04699e+06 1.28053e+06 1.23971e+06 5.18106e+06 1.42655e+06 1.09289e+06 5.79494e+06 3.23227e+06 1.08607e+06 889720 547747 573274 282998 237785 262023 211086 115889 108731 98083.5
threshold=2.7159958660602572 7.3182521484678587 53.530094638705926 56.279287858403407 0.67055555555555568 0.077500000000000013 0.1003787878787879 38.592034641495182 74.184791746501446 0.72041666666666682 0 73.493986445789304 36.971814666046562 88.454092356621871 0.14001774458882627 92.59150347442251 0.50861111111111124 0.60083333333333344 0.19438611718302773 13.739968146217349 31.349641664846903 0.14001774458882627 8.4677270478442779 0.077500000000000013 38.592034641495182 0.43188358347689532 0.49999881609046465 2.0571301421804313 10.645000149766956 0.040833333333333346
decision_type=10 2 2 2 2 2 2 2 2 2 1 2 2 2 2 2 2 2 2 2 2 2 2 2 2 2 2 2 2 2
left_child=1 -1 5 4 19 20 7 12 9 10 -5 -11 -7 14 -10 -15 18 -18 -8 23 28 -6 -23 -4 27 -26 -9 -22 -2 -30
right_child=2 -3 3 8 21 6 16 26 13 11 -12 -13 -14 15 -16 -17 17 -19 -20 -21 24 22 -24 -25 25 -27 -28 -29 29 -31
leaf_value=-0.75938981832274521 -3.1451103158224196 -6.9981488966430936 -4.1435371652427984 1.2109352856355631 -5.5187553888751619 -0.93800032312387993 1.5746316345324769 5.1485741389239275 6.1899850823876434 -1.0959386122067249 7.0507832096055241 -3.5728625778219589 -7.1342767946173753 -1.7840820559714232 0.19759067315010939 0.049786570583017602 -2.2882337335850074 0.26826468667540881 0.0082151796009393013 0.0080080297405337106 5.0136163839237806 3.6979700060023202 -0.79064299439179142 -6.6837826653922425 4.0270437147734048 -0.30488698827459459 -0.72746995990926566 9.025967594385147 2.0327504005655648 -2.3047535805827515
leaf_weight=961 41 34 146 1570 30 148 4525 53 422 2828 170 1183 191 1079 2450 58588 2636 13905 12092 80 148 143 140 538 142 46 21 22 31 21
leaf_count=961 41 34 146 1570 30 148 4525 53 422 2828 170 1183 191 1079 2450 58588 2636 13905 12092 80 148 143 140 538 142 46 21 22 31 21
internal_value=6.77233e-05 -0.979391 0.00950331 -0.0589736 -3.67446 0.149118 0.109467 -3.01336 -0.00190078 -0.734112 1.78522 -1.82719 -4.43985 0.0654429 1.07994 0.016594 0.148453 -0.139256 0.434838 -5.50459 3.09383 0.795973 1.48247 -6.14841 4.22331 2.97107 3.49352 5.58264 -1.25267 0.270536
internal_weight=104384 995 103389 69367 1077 34022 33571 413 68290 5751 1740 4011 339 62539 2872 59667 33158 16541 16617 764 451 313 283 684 358 188 74 170 93 52
internal_count=104384 995 103389 69367 1077 34022 33571 413 68290 5751 1740 4011 339 62539 2872 59667 33158 16541 16617 764 451 313 283 684 358 188 74 170 93 52
cat_boundaries=0 1
cat_threshold=2
is_linear=0
shrinkage=0.05


Tree=148
num_leaves=31
num_cat=1
split_feature=1 4 3 3 1 1 3 3 3 3 1 1 3 2 3 5 1 4 1 3 3 2 1 3 3 4 4 3 3 3
split_gain=369114 885281 1.40048e+06 2.77183e+06 2.09563e+06 1.87248e+06 1.63248e+06 1.57381e+06 1.59103e+06 1.53529e+06 1.81159e+06 3.43191e+06 1.28307e+06 1.06039e+06 1.52905e+06 2.37847e+06 7.36526e+06 2.24875e+06 4.39686e+06 2.7562e+06 1.41084e+06 1.13541e+06 959342 1.17651e+06 885470 942756 802131 772265 2.02246e+06 1.80085e+06
threshold=1.0000000180025095e-35 248.50768118551136 0.48840909090909096 1.0937254901960787 15.379964318260194 15.081625393593294 0.870294117647059 1.4608333333333337 2.080833333333334 0.44672839506172851 12.919964401295308 11.579968186739348 0.16015151515151518 7.4111087799072273 0.52044444444444449 0 0.65999846468714829 23.593139094284382 2.2199948400125509 0.1801515151515152 1.2403571428571432 7.3940989494323732 13.259969379631045 2.580833333333334 1.2203571428571431 29.151013328920875 266.8464034540753 0.2191666666666667 0.17507575757575761 0.33992424242424252
decision_type=2 2 2 2 2 2 2 2 2 2 2 2 2 10 2 1 2 2 2 2 2 8 2 2 2 2 2 2 2 2
left_child=27 13 9 4 5 -4 -6 26 -9 10 11 -3 -12 21 17 16 -16 18 -15 -19 -17 22 -2 -24 25 -23 -5 28 -1 -29
right_child=1 2 3 7 6 -7 -8 8 -10 -11 12 -13 -14 14 15 20 -18 19 -20 -21 -22 24 23 -25 -26 -27 -28 29 -30 -31
leaf_value=-0.04144608236801231 0.58537122859603918 -2.4221748167439365 -1.4651575604757787 -1.1828416624768028 -0.90466737074737513 -5.3083105702184099 1.158045026453518 -1.1626992864439749 0.78887531315261938 2.539635857755008 -1.7512852206397278 3.3433417790188571 0.17185706331513217 16.827497392381943 9.0207857448470836 0.80479420243969979 0.97373518274423232 1.2333904035723455 1.2432879872216271 -0.67010312878058453 -0.44362405034050556 4.1168746509689553 -0.25319853322980096 -3.1219857808838705 0.99689891162809452 -6.0761358571546689 1.2487827955831241 0.6159073819825116 -1.7390949768911588 -0.24582935330213684
leaf_weight=5888 3689 351 4364 376 2888 341 1435 2632 1730 767 1135 968 3666 55 293 3975 8685 2498 237 7956 5252 25 8547 372 90 192 3394 8417 2498 21668
leaf_count=5888 3689 351 4364 376 2888 341 1435 2632 1730 767 1135 968 3666 55 293 3975 8685 2498 237 7956 5252 25 8547 372 90 192 3394 8417 2498 21668
internal_value=6.30426e-05 0.0718942 -0.169884 -0.411611 -1.01467 -1.74476 -0.219849 0.257941 -0.388686 0.432386 0.167918 1.8084 -0.28306 0.210768 0.378833 0.657997 1.23733 -0.0941203 4.2261 -0.215185 0.0942241 -0.165977 -0.0926974 -0.373189 -3.16535 -4.8883 1.00601 -0.123005 -0.547285 -0.00472522
internal_weight=104384 65913 24047 17160 9028 4705 4323 8132 4362 6887 6120 1319 4801 41866 28951 18205 8978 10746 292 10454 9227 12915 12608 8919 307 217 3770 38471 8386 30085
internal_count=104384 65913 24047 17160 9028 4705 4323 8132 4362 6887 6120 1319 4801 41866 28951 18205 8978 10746 292 10454 9227 12915 12608 8919 307 217 3770 38471 8386 30085
cat_boundaries=0 1
cat_threshold=2
is_linear=0
shrinkage=0.05


Tree=149
num_leaves=26
num_cat=0
split_feature=2 3 1 1 3 1 3 3 4 1 4 3 2 4 4 4 3 3 3 4 4 3 3 3 1
split_gain=368160 469295 445087 361111 457510 402474 1.64329e+06 514696 529309 366457 755502 1.19917e+06 947604 717266 4.90944e+06 3.02285e+06 332296 209509 144463 70926.5 67224.1 60106.3 106313 14613.5 2758.46
threshold=7.7728862047195442 2.0162500000000003 0.27999936022300803 20.049953179412842 2.0162500000000003 19.709954508804326 2.3608333333333338 0.25505555555555554 85.189214138531426 1.0000000180025095e-35 246.27150400024991 0.48840909090909096 7.4111087799072273 147.19915526419507 141.52957083783937 154.65435644450841 0.9607407407407409 2.7958333333333338 2.5020833333333337 278.99955054364256 278.83075392663449 0.74016666666666675 0.54037878787878801 2.7658333333333336 0.099999769941552866
decision_type=8 2 2 2 2 2 2 2 2 2 2 2 10 2 2 2 2 2 2 2 2 2 2 2 2
left_child=3 2 19 5 16 9 7 -7 -9 13 12 -12 -11 14 -1 -15 21 23 -6 24 -18 22 -5 -8 -2
right_child=1 -3 -4 4 18 6 17 8 -10 10 11 -13 -14 15 -16 -17 20 -19 -20 -21 -22 -23 -24 -25 -26
leaf_value=-0.073006794038690231 -1.7156024150498983 2.804028792381287 -10.157459362853658 2.588388954327657 7.8572372933590051 -5.6605352029135059 -4.5631089855375748 -6.702002191373281 0.34233723352811651 -0.14586814667926692 0.41394974096818848 -0.37159454412639387 0.37130845643608268 -4.5362129955059656 6.8258848489522936 -0.29895476767206908 -0.71156768108407653 -11.996340472874818 3.0259815081428081 -4.2192041296429101 -4.3681771720688927 4.1532183947929973 -0.87484573655268738 -7.0849894989013684 -0.99068871097564704
leaf_weight=31589 57 35 21 64 32 42 20 27 559 12893 6826 16846 28290 451 259 6122 23 26 33 35 28 25 33 24 24
leaf_count=31589 57 35 21 64 32 42 20 27 559 12893 6826 16846 28290 451 259 6122 23 26 33 35 28 25 33 24 24
internal_value=6.89275e-05 -2.30458 -3.6206 0.00389484 1.9452 -0.000567483 -1.1963 -0.380525 0.00689572 0.00752546 0.0800179 -0.145069 0.209398 -0.114841 -0.0166897 -0.590337 0.590342 -8.4065 5.48753 -2.36046 -2.76461 2.00394 1.41322 -6.06567 -1.51558
internal_weight=104384 172 137 104212 238 103974 698 628 586 103276 64855 23672 41183 38421 31848 6573 173 70 65 116 51 122 97 44 81
internal_count=104384 172 137 104212 238 103974 698 628 586 103276 64855 23672 41183 38421 31848 6573 173 70 65 116 51 122 97 44 81
is_linear=0
shrinkage=0.05


end of trees

feature_importances:
water_depth_m=1182
wave_height_m=1083
sog_kn=841
stw_kn=803
draft_m=465
fuel_type=118

parameters:
[boosting: gbdt]
[objective: regression]
[metric: l2]
[tree_learner: serial]
[device_type: cpu]
[data_sample_strategy: bagging]
[data: ]
[valid: ]
[num_iterations: 150]
[learning_rate: 0.05]
[num_leaves: 31]
[num_threads: 20]
[seed: 42]
[deterministic: 0]
[force_col_wise: 0]
[force_row_wise: 0]
[histogram_pool_size: -1]
[max_depth: 6]
[min_data_in_leaf: 20]
[min_sum_hessian_in_leaf: 0.001]
[bagging_fraction: 0.8]
[pos_bagging_fraction: 1]
[neg_bagging_fraction: 1]
[bagging_freq: 0]
[bagging_seed: 400]
[bagging_by_query: 0]
[feature_fraction: 0.8]
[feature_fraction_bynode: 1]
[feature_fraction_seed: 30056]
[extra_trees: 0]
[extra_seed: 12879]
[early_stopping_round: 0]
[early_stopping_min_delta: 0]
[first_metric_only: 0]
[max_delta_step: 0]
[lambda_l1: 0.1]
[lambda_l2: 1]
[linear_lambda: 0]
[min_gain_to_split: 0]
[drop_rate: 0.1]
[max_drop: 50]
[skip_drop: 0.5]
[xgboost_dart_mode: 0]
[uniform_drop: 0]
[drop_seed: 17869]
[top_rate: 0.2]
[other_rate: 0.1]
[min_data_per_group: 100]
[max_cat_threshold: 32]
[cat_l2: 10]
[cat_smooth: 10]
[max_cat_to_onehot: 4]
[top_k: 20]
[monotone_constraints: ]
[monotone_constraints_method: basic]
[monotone_penalty: 0]
[feature_contri: ]
[forcedsplits_filename: ]
[refit_decay_rate: 0.9]
[cegb_tradeoff: 1]
[cegb_penalty_split: 0]
[cegb_penalty_feature_lazy: ]
[cegb_penalty_feature_coupled: ]
[path_smooth: 0]
[interaction_constraints: ]
[verbosity: -1]
[saved_feature_importance_type: 0]
[use_quantized_grad: 0]
[num_grad_quant_bins: 4]
[quant_train_renew_leaf: 0]
[stochastic_rounding: 1]
[linear_tree: 0]
[max_bin: 255]
[max_bin_by_feature: ]
[min_data_in_bin: 3]
[bin_construct_sample_cnt: 200000]
[data_random_seed: 175]
[is_enable_sparse: 1]
[enable_bundle: 1]
[use_missing: 1]
[zero_as_missing: 0]
[feature_pre_filter: 1]
[pre_partition: 0]
[two_round: 0]
[header: 0]
[label_column: ]
[weight_column: ]
[group_column: ]
[ignore_column: ]
[categorical_feature: 5]
[forcedbins_filename: ]
[precise_float_parser: 0]
[parser_config_file: ]
[objective_seed: 16083]
[num_class: 1]
[is_unbalance: 0]
[scale_pos_weight: 1]
[sigmoid: 1]
[boost_from_average: 1]
[reg_sqrt: 0]
[alpha: 0.9]
[fair_c: 1]
[poisson_max_delta_step: 0.7]
[tweedie_variance_power: 1.5]
[lambdarank_truncation_level: 30]
[lambdarank_norm: 1]
[label_gain: ]
[lambdarank_position_bias_regularization: 0]
[eval_at: ]
[multi_error_top_k: 1]
[auc_mu_weights: ]
[num_machines: 1]
[local_listen_port: 12400]
[time_out: 120]
[machine_list_filename: ]
[machines: ]
[gpu_platform_id: -1]
[gpu_device_id: -1]
[gpu_device_id_list: ]
[gpu_use_dp: 0]
[num_gpu: 1]

end of parameters

pandas_categorical:[["mgo", "vlsfo"]]
