tree
version=v4
num_class=1
num_tree_per_iteration=1
label_index=0
max_feature_idx=6
objective=regression
feature_names=stw_kn sog_kn draft_m wave_height_m water_depth_m vessel_type fuel_type
feature_infos=[0:21.179951067474363] [0:21.079950575195312] [2.6725511074066164:7.8314468860626221] [0.02:5.7000000000000002] [5:342.84183738607629] -1:1:0:2 -1:1:0
tree_sizes=2908 2947 2915 2946 2936 2939 2944 2937 2958 2936 2949 2950 2913 2944 2948 2909 2950 2936 2950 2952 2910 2927 2947 2923 2941 2965 2954 2935 2944 2931 2952 2944 2922 2953 2918 2938 2943 2954 2953 2936 2934 2945 2960 2962 2963 2951 2949 2945 2954 2976 2959 2938 2953 2935 2970 2971 2964 2943 2957 2955 2952 2944 2949 2949 2922 2935 2912 2932 2936 2922 2926 2951 2962 2911 2935 2949 2961 2971 2905 2959 2951 2945 2908 2931 2915 2959 2947 2940 2945 2921 2945 2914 2923 2944 2961 2887 2884 2943 2858 2896 2894 2968 2953 2975 2839 2975 2933 2964 2956 2965 2869 2871 2940 2894 2859 2804 2857 2827 2887 2901 2854 2901 2854 2827 2756 2819 2912 2753 2762 2792 2904 2799 2846 2789 2807 2878 2837 2906 2750 2840 2916 2859 2736 2875 2836 2946 2756 2822 2719 2848

Tree=0
num_leaves=31
num_cat=2
split_feature=5 1 1 1 2 1 4 3 4 1 4 1 1 1 3 1 2 1 1 3 5 3 1 1 4 1 3 1 3 2
split_gain=6.47175e+10 3.01502e+10 8.68701e+09 3.92117e+09 7.71267e+08 7.77991e+08 3.2633e+08 8.77957e+08 6.35991e+08 2.70459e+08 2.51663e+08 2.18307e+08 1.72419e+08 8.11427e+07 1.48647e+08 8.04933e+07 7.26058e+07 7.23972e+07 5.72199e+07 5.54408e+07 4.28578e+07 4.21799e+07 3.83758e+07 3.61437e+07 3.55258e+07 3.34063e+07 3.14794e+07 3.03457e+07 2.8956e+07 2.69988e+07
threshold=0 14.019955485939203 17.58995901403809 0.99999769051669152 5.5858000000000017 6.1199858496971142 20.876902363572629 0.76060606060606073 20.682779021084816 15.581623976740644 32.539182051599006 12.139971875208955 18.59995679335022 18.579956991500861 1.0135294117647062 1.0000000180025095e-35 7.4250223398208623 1.0000000180025095e-35 0.019999953988310573 1.3004166666666668 1 1.6008333333333338 13.359963216895524 17.436626025792446 55.257111901761021 13.509963103570726 3.101666666666667 14.559959909138673 0.98058823529411787 7.530397439002992
decision_type=1 2 2 2 10 2 2 2 2 2 2 2 2 2 2 2 10 2 2 2 1 2 2 2 2 2 2 2 2 10
left_child=1 3 9 6 17 10 7 -1 -9 19 18 -5 13 -4 -15 28 20 -2 -6 27 -7 -14 -19 -11 -12 -13 -21 -3 -8 -18
right_child=4 2 12 11 5 16 15 8 -10 23 24 25 21 14 -16 -17 29 22 -20 26 -22 -23 -24 -25 -26 -27 -28 -29 -30 -31
leaf_value=1291.6590921193674 1230.4639724282697 1336.7242783381487 1406.2283701804411 1312.1132084517023 1234.7453283914483 1277.9404513180882 1285.2256156414937 1286.641809904261 1440.8800577005939 1355.9800500724505 1252.1339956634458 1322.7354093235917 1422.1548007432962 1344.6574742305506 1425.992983670694 1295.0138458853758 1260.0325104363619 1242.426055643527 1246.259947028376 1349.4370234489108 1236.4159674519069 1407.5702533869951 1235.7451193125191 1379.0123835539407 1246.5838953030302 1329.6837294402599 1375.5702279593438 1343.7603943381323 1280.2855536254183 1270.4955044674894
leaf_weight=1434 5633 2389 1270 5606 5625 1489 19677 103 189 6798 5115 5418 4804 159 88 1967 2242 2956 1369 1630 64 650 8844 182 6930 2589 129 4676 3495 864
leaf_count=1434 5633 2389 1270 5606 5625 1489 19677 103 189 6798 5115 5418 4804 159 88 1967 2242 2956 1369 1630 64 650 8844 182 6930 2589 129 4676 3495 864
internal_value=1291.97 1323.72 1369.74 1297.83 1243.15 1249.03 1286.75 1307.77 1386.64 1349.23 1244.55 1319.69 1416.23 1401.05 1374.06 1285.3 1267.35 1235.17 1236.99 1343.39 1276.19 1420.44 1237.41 1356.59 1248.94 1324.99 1351.4 1341.39 1284.48 1262.94
internal_weight=104384 63253 22775 40478 41131 23698 26865 1726 292 15804 19039 13613 6971 1517 247 25139 4659 17433 6994 8824 1553 5454 11800 6980 12045 8007 1759 7065 23172 3106
internal_count=104384 63253 22775 40478 41131 23698 26865 1726 292 15804 19039 13613 6971 1517 247 25139 4659 17433 6994 8824 1553 5454 11800 6980 12045 8007 1759 7065 23172 3106
cat_boundaries=0 1 2
cat_threshold=2 1
is_linear=0
shrinkage=1


Tree=1
num_leaves=31
num_cat=1
split_feature=5 0 0 1 2 0 4 3 4 0 4 0 0 0 4 2 0 4 0 1 1 1 1 1 1 3 3 0 1 4
split_gain=5.84098e+10 2.75539e+10 8.13382e+09 3.33854e+09 6.96049e+08 7.02732e+08 2.93072e+08 7.95741e+08 5.74309e+08 2.47189e+08 2.26284e+08 2.23349e+08 1.83254e+08 1.17629e+08 9.43514e+07 1.12168e+08 8.45688e+07 1.28818e+08 6.91531e+07 8.05566e+07 6.76609e+07 6.65673e+07 6.53404e+07 6.12175e+07 5.08393e+07 4.84558e+07 4.32839e+07 3.53569e+07 3.46283e+07 3.2218e+07
threshold=0 14.379966810630801 18.379957119216922 0.73999829899484537 5.5858000000000017 6.1068796667851233 20.876902363572629 0.76060606060606073 20.682779021084816 16.039962506454472 32.539182051599006 19.019955969009406 12.780964191841049 9.4799780963516245 119.73393915156528 7.334843802452089 0.44520146530287003 36.972016444086492 17.999958659530645 18.579956991500861 18.579956991500861 18.59995679335022 1.0000000180025095e-35 1.0000000180025095e-35 0.019999953988310573 3.101666666666667 1.6008333333333338 15.019983925529987 13.359963216895524 55.257111901761021
decision_type=1 2 2 2 10 2 2 2 2 2 2 2 2 2 2 10 2 2 2 2 2 2 2 2 2 2 2 2 2 2
left_child=1 3 9 6 22 10 7 -1 -9 25 24 20 -5 -7 15 -15 23 -18 -11 -20 -4 -22 -2 -8 -6 27 -13 -3 -24 -12
right_child=4 2 11 12 5 13 16 8 -10 18 29 26 -14 14 -16 -17 17 -19 19 -21 21 -23 28 -25 -26 -27 -28 -29 -30 -31
leaf_value=-0.50396257484158735 -58.434412626754664 43.810486370739184 101.82222493741796 19.505030509658486 -54.367087051331943 -29.305289792601503 -7.7267657897383435 -5.0674846001913494 141.50060087866532 60.103987540285203 -37.861264486290388 124.28565558472252 31.152033900940143 -20.144182572911276 -29.21201173537645 12.054105219109442 34.939740615773353 -3.9033520088826972 93.817321018404741 8.3800269460678098 39.697846413791773 109.31486034252026 -47.070724768640225 2.1617009641428315 -43.502017895266704 80.653360052028631 109.93486465589936 50.591783009598878 -53.417095475821661 -43.158839006270512
leaf_weight=1427 5633 3039 725 6651 5625 3070 22279 103 189 7056 5091 5344 6879 540 568 540 303 716 266 31 100 53 2956 1683 1366 118 673 5618 8844 6898
leaf_count=1427 5633 3039 725 6651 5625 3070 22279 103 189 7056 5091 5344 6879 540 568 540 303 716 266 31 100 53 2956 1683 1366 118 673 5618 8844 6898
internal_value=0.000322466 30.1608 73.7824 5.19557 -46.3813 -40.7981 -5.05789 14.9061 89.9594 54.3449 -45.0913 119.234 25.4285 -23.5209 -12.734 -4.04878 -6.43219 7.66958 61.1193 84.9577 95.3759 64.3668 -53.9682 -7.03218 -52.2506 48.6619 122.699 48.2166 -51.8314 -40.9126
internal_weight=104384 63253 23023 40230 41131 23698 26700 1719 292 16128 18980 6895 13530 4718 1648 1080 24981 1019 7353 297 878 153 17433 23962 6991 8775 6017 8657 11800 11989
internal_count=104384 63253 23023 40230 41131 23698 26700 1719 292 16128 18980 6895 13530 4718 1648 1080 24981 1019 7353 297 878 153 17433 23962 6991 8775 6017 8657 11800 11989
cat_boundaries=0 1
cat_threshold=2
is_linear=0
shrinkage=0.05


Tree=2
num_leaves=31
num_cat=2
split_feature=5 0 0 1 5 0 4 4 3 4 0 0 0 0 4 0 4 1 1 1 0 1 4 1 3 3 0 0 1 1
split_gain=5.27168e+10 2.48685e+10 7.34136e+09 3.01449e+09 3.9209e+08 7.66573e+08 3.36006e+08 2.66208e+08 7.16359e+08 5.11935e+08 2.2445e+08 2.01376e+08 1.5724e+08 1.25375e+08 8.95272e+07 8.25878e+07 1.13661e+08 6.09134e+07 6.06817e+07 6.02266e+07 5.97319e+07 7.27095e+07 4.75287e+07 4.58117e+07 4.44913e+07 3.90179e+07 3.7316e+07 3.48691e+07 2.9328e+07 3.18097e+07
threshold=0 14.379966810630801 18.379957119216922 0.99999769051669152 1 6.1068796667851233 14.407848116095989 20.876902363572629 0.75023809523809526 20.682779021084816 16.159962429824834 19.019955969009406 12.579970740760805 9.4799780963516245 132.83142123965581 0.44520146530287003 36.972016444086492 18.579956991500861 1.0000000180025095e-35 18.59995679335022 17.999958659530645 18.579956991500861 32.539182051599006 11.209969343024381 3.101666666666667 1.6008333333333338 15.105127586337195 14.011457475470676 1.0000000180025095e-35 13.29996935408783
decision_type=1 2 2 2 1 2 2 2 2 2 2 2 2 2 2 2 2 2 2 2 2 2 2 2 2 2 2 2 2 2
left_child=1 3 10 7 5 6 -2 8 -1 -10 24 17 -5 -7 23 18 -17 -4 -9 -19 -12 -22 -8 -15 26 -13 -3 -14 -6 -30
right_child=4 2 11 12 28 13 22 15 9 -11 20 25 27 14 -16 16 -18 19 -20 -21 21 -23 -24 -25 -26 -27 -28 -29 29 -31
leaf_value=-0.43322591258151377 -54.163949566756962 42.049541424347289 96.738127672600015 18.232859853019729 -54.640999175761124 -27.830852856165269 -45.870355207601051 -7.3404446945607207 -4.672523529597691 132.77270448586376 57.568255553568214 118.0725359745436 27.336430746808105 5.8178267040268992 -26.905717421311603 33.16095818720855 -2.6703063458295158 37.732605436721649 2.284593277381882 103.95033374927662 89.144024207868839 7.9741190648078915 -38.872274817516995 -16.12541486063348 76.773321349601432 104.4462790722946 48.682991535952084 35.62776784944505 -44.578563192711613 -50.726943066972765
leaf_weight=1429 6185 3462 725 5899 3348 3068 3093 22279 104 193 6446 5344 5826 675 545 307 786 100 1767 53 266 31 11991 366 122 673 5801 1640 2854 9006
leaf_count=1429 6185 3462 725 5899 3348 3068 3093 22279 104 193 6446 5344 5826 675 545 307 786 100 1767 53 266 31 11991 366 122 673 5801 1640 2854 9006
internal_value=0.000608472 28.6535 70.0951 4.93605 -44.0627 -40.3189 -44.3412 -4.71771 14.272 84.7895 51.6287 113.276 24.34 -21.931 -10.5077 -6.02203 7.41503 90.6214 -6.63309 61.1969 58.6001 80.727 -40.3102 -1.90515 46.614 116.566 46.2086 29.1623 -50.4413 -49.2513
internal_weight=104384 63253 23023 40230 41131 25923 21269 26865 1726 297 16128 6895 13365 4654 1586 25139 1093 878 24046 153 6743 297 15084 1041 9385 6017 9263 7466 15208 11860
internal_count=104384 63253 23023 40230 41131 25923 21269 26865 1726 297 16128 6895 13365 4654 1586 25139 1093 878 24046 153 6743 297 15084 1041 9385 6017 9263 7466 15208 11860
cat_boundaries=0 1 2
cat_threshold=2 1
is_linear=0
shrinkage=0.05


Tree=3
num_leaves=31
num_cat=1
split_feature=5 0 0 0 2 0 4 3 4 0 4 0 0 0 4 2 0 3 4 4 3 2 0 0 4 4 4 3 3 3
split_gain=4.75786e+10 2.24453e+10 6.7525e+09 2.50388e+09 5.69753e+08 5.73256e+08 2.435e+08 6.46545e+08 4.61608e+08 2.20599e+08 1.85729e+08 1.81564e+08 1.60941e+08 8.72168e+07 7.69677e+07 9.61563e+07 5.78478e+07 5.13681e+07 4.22608e+07 1.51467e+08 3.52037e+07 3.44646e+07 3.23603e+07 3.1416e+07 3.12883e+07 2.95899e+07 2.87497e+07 2.47453e+07 2.45856e+07 2.45328e+07
threshold=0 14.280871504984122 18.379957119216922 0.49999881609046465 5.5858000000000017 7.0572628705318561 20.876902363572629 0.76060606060606073 20.682779021084816 15.97996235939026 32.539182051599006 19.019955969009406 12.579970740760805 9.4799780963516245 119.73393915156528 7.334843802452089 17.999958659530645 1.3175000000000003 79.705660969726708 53.530094638705926 1.640714285714286 7.5239886760711681 14.859965577217103 2.0571301421804313 7.3565387915560505 199.80677468231644 52.689545455218465 2.5020833333333337 3.101666666666667 0.43339506172839515
decision_type=1 2 2 2 10 2 2 2 2 2 2 2 2 2 2 10 2 2 2 2 2 10 2 2 2 2 2 2 2 2
left_child=1 3 9 6 23 10 7 29 -9 17 24 -4 -5 21 15 -15 -11 22 19 -8 -13 -7 -3 -2 -6 -20 -12 -14 -19 -1
right_child=4 2 11 12 5 13 18 8 -10 16 26 20 27 14 -16 -17 -18 28 25 -21 -22 -23 -24 -25 -26 -27 -28 -29 -30 -31
leaf_value=-5.7988152650027907 -51.585763685750536 36.446131706792599 86.103881322016619 16.226592623634389 -50.655788113985722 -29.019468006702631 -4.8634957674831867 -3.6443388460477197 127.23479332010162 54.007044292387825 -33.170147908354458 112.14013247277174 26.951755010100115 -18.558312689544092 -26.383051269745792 11.253421755101456 76.706898073126013 49.450352852934685 -3.3416443717111286 -18.826794743874597 98.980568228840639 -15.786053510144193 43.746122571960782 -47.101166676132159 -43.871109357447914 -13.068270442980129 -38.459692372349132 56.797011280328462 72.665372215093569 7.5671314852000906
leaf_weight=832 6298 2268 878 6238 3274 2166 8430 104 190 7428 3795 5369 6987 540 568 540 297 1522 13033 2523 648 642 4894 11135 3745 831 8428 70 128 583
leaf_count=832 6298 2268 878 6238 3274 2166 8430 104 190 7428 3795 5369 6987 540 568 540 297 1522 13033 2523 648 642 4894 11135 3745 831 8428 70 128 583
internal_value=0.000895642 27.2217 66.0485 4.37362 -41.86 -36.8087 -4.50269 13.7474 81.082 48.7119 -40.5513 107.615 22.0825 -20.6416 -11.5002 -3.65582 54.8896 43.2906 -5.75996 -8.08134 110.74 -26.0006 41.4398 -48.7242 -47.0426 -3.92555 -36.8202 27.2558 51.2942 -0.290398
internal_weight=104384 63253 23432 39821 41131 23698 26526 1709 294 16537 19242 6895 13295 4456 1648 1080 7725 8812 24817 10953 6017 2808 7162 17433 7019 13864 12223 7057 1650 1415
internal_count=104384 63253 23432 39821 41131 23698 26526 1709 294 16537 19242 6895 13295 4456 1648 1080 7725 8812 24817 10953 6017 2808 7162 17433 7019 13864 12223 7057 1650 1415
cat_boundaries=0 1
cat_threshold=2
is_linear=0
shrinkage=0.05


Tree=4
num_leaves=31
num_cat=2
split_feature=5 0 0 1 2 1 0 0 0 0 3 3 3 0 1 1 1 0 1 1 0 5 3 2 3 0 1 3 2 1
split_gain=4.29411e+10 2.02623e+10 5.88626e+09 2.56201e+09 5.14181e+08 5.17385e+08 1.71932e+08 1.63816e+08 1.46739e+08 1.09825e+08 9.80727e+07 1.32414e+08 9.27223e+07 8.43057e+07 5.50515e+07 5.47461e+07 5.04854e+07 4.86188e+07 6.56689e+07 4.48479e+07 4.34478e+07 3.69562e+07 3.66554e+07 3.29392e+07 3.17843e+07 3.07766e+07 2.88947e+07 2.59586e+07 2.26154e+07 2.63048e+07
threshold=0 14.479966376014712 18.379957119216922 0.73999829899484537 5.5858000000000017 6.1199858496971142 16.159962429824834 19.019955969009406 12.860829924512387 0.16203430980392161 0.80011904761904773 1.1533823529411766 0.31933333333333336 9.4799780963516245 18.579956991500861 18.59995679335022 1.0000000180025095e-35 17.999958659530645 18.579956991500861 1.0000000180025095e-35 0.44520146530287003 1 1.3558333333333337 7.4373547077178968 1.6008333333333338 14.011457475470676 12.499970791847231 0.77023809523809539 7.530397439002992 8.3699770756030922
decision_type=1 2 2 2 10 2 2 2 2 2 2 2 2 2 2 2 2 2 2 2 2 1 2 10 2 2 2 2 10 2
left_child=1 3 6 9 16 12 22 14 -5 19 20 -12 -6 28 -4 -16 -2 -8 -19 27 -11 23 -3 -15 -9 -10 -18 -1 -7 -30
right_child=4 2 7 8 5 13 17 24 25 10 11 -13 -14 21 15 -17 26 18 -20 -21 -22 -23 -24 -25 -26 -27 -28 -29 29 -31
leaf_value=-5.6642769783929294 -50.212489303464253 40.90995758377943 87.608618204416317 16.974820656552602 -45.580464266892371 -27.564921842451326 51.990354422304051 106.56405635971485 25.16299998596709 -4.0871719583931929 28.124835819941786 -4.8591467967883917 -36.861046005956567 -4.5303342772890032 31.602086647619117 94.623597694679546 -38.844052661641186 80.882534322560062 3.8723823791742329 2.8237298809456046 8.5600675416447398 -48.500796150328625 49.531510298903491 -20.034646109278331 94.265622064154641 32.583879808955771 -45.537365648952367 -10.056614937747293 -27.075468828615058 -8.6482671574791166
leaf_weight=15407 5633 7550 725 6916 3844 2234 6446 5344 4974 3562 720 526 15195 1086 100 53 1992 266 31 1341 838 62 1507 500 673 1968 9808 4306 377 400
leaf_count=15407 5633 7550 725 6916 3844 2234 6446 5344 4974 3562 720 526 15195 1086 100 53 1992 266 31 1341 838 62 1507 500 673 1968 9808 4306 377 400
internal_value=0.00107703 25.8612 63.691 4.69182 -39.7674 -34.9688 46.8645 102.237 22.1342 -4.36175 1.83045 14.2079 -38.6238 -20.0274 81.8036 53.9058 -46.2883 52.9213 72.8844 -6.0223 -1.67705 -10.9263 42.3498 -9.42775 105.204 27.2711 -44.4108 -6.62418 -25.0034 -17.6125
internal_weight=104384 63253 22695 40558 41131 23698 15800 6895 13858 26700 5646 1246 19039 4659 878 153 17433 6743 297 21054 4400 1648 9057 1586 6017 6942 11800 19713 3011 777
internal_count=104384 63253 22695 40558 41131 23698 15800 6895 13858 26700 5646 1246 19039 4659 878 153 17433 6743 297 21054 4400 1648 9057 1586 6017 6942 11800 19713 3011 777
cat_boundaries=0 1 2
cat_threshold=2 1
is_linear=0
shrinkage=0.05


Tree=5
num_leaves=31
num_cat=2
split_feature=0 2 6 0 1 2 0 0 0 4 3 4 2 0 1 0 0 1 4 0 0 1 1 3 3 4 2 1 6 2
split_gain=3.64081e+10 7.96732e+09 9.80577e+09 5.22188e+09 3.62425e+09 1.75033e+09 4.09228e+08 3.63562e+08 2.28689e+08 2.14261e+08 5.72483e+08 1.43647e+08 9.00963e+07 1.25289e+08 8.92007e+07 7.99384e+07 6.95458e+07 6.62365e+07 6.48686e+07 6.14062e+07 5.39328e+07 4.54841e+07 4.20498e+07 4.09273e+07 2.86742e+07 2.7395e+07 2.71605e+07 2.65846e+07 2.07763e+07 2.05895e+07
threshold=15.290764050833879 7.3691513538360605 0 17.999958659530645 0.99999769051669152 7.4989146471023567 14.011457475470676 6.1068796667851233 19.019955969009406 20.876902363572629 0.75023809523809526 32.539182051599006 5.5858000000000017 7.9612387325791962 18.579956991500861 10.220005861970135 12.579970740760805 18.59995679335022 92.717059551879103 0.44520146530287003 16.159962429824834 1.0000000180025095e-35 0.019999953988310573 2.9541666666666671 1.640714285714286 56.279287858403407 7.334843802452089 13.359963216895524 1 7.5239886760711681
decision_type=2 10 1 2 2 10 2 2 2 2 2 2 10 2 2 2 2 2 2 2 2 2 2 2 2 2 10 2 1 10
left_child=1 12 4 5 9 -2 16 11 14 10 -3 22 21 -14 -5 29 -6 -16 -17 -11 -7 -1 -4 -8 -10 -13 28 -23 -15 -9
right_child=3 2 7 8 6 20 23 15 24 19 -12 25 13 26 17 18 -18 -19 -20 -21 -22 27 -24 -25 -26 -27 -28 -29 -30 -31
leaf_value=-47.702310329947785 -42.923137806804803 -0.17720915466107728 -45.064368847493171 81.600753536839647 15.706706986859515 42.38527514144721 34.953286276334055 -24.883853448092566 101.20981807977262 -5.7647410430697823 76.008320794593573 -30.432169816422729 -42.173845232125437 -46.092024285988735 23.876662322391166 14.569773607925629 23.416220715276751 89.98003526475695 -19.254888418352646 6.3486821133313764 49.391239500344597 -38.023290144811021 -34.795699520286611 66.487738774137682 89.333146968894454 -35.302655214427936 12.701729296684267 -43.620272850243225 -15.127969178188636 -16.087892249204934
leaf_weight=5633 576 1429 4565 991 5899 4920 6000 2575 5369 24046 297 5118 1138 60 131 283 5826 53 282 1093 6446 2956 1303 105 648 6871 79 8271 513 908
leaf_count=5633 576 1429 4565 991 5899 4920 6000 2575 5369 24046 297 5118 1138 60 131 283 5826 53 282 1093 6446 2956 1303 105 648 6871 79 8271 513 908
internal_value=0.00120419 -13.9886 -5.8996 62.3292 7.53168 42.0528 25.008 -33.3039 95.9867 -4.06768 12.9688 -36.3714 -42.873 -32.1649 75.6451 -19.7669 19.5391 43.3008 -2.31681 -5.23784 46.3626 -44.0079 -42.7905 35.5064 99.9458 -33.2262 -14.6574 -42.1501 -18.4449 -22.5961
internal_weight=104384 85250 66600 19134 44695 11942 17830 21905 7192 26865 1726 17857 18650 1790 1175 4048 11725 184 565 25139 11366 16860 5868 6105 6017 11989 652 11227 573 3483
internal_count=104384 85250 66600 19134 44695 11942 17830 21905 7192 26865 1726 17857 18650 1790 1175 4048 11725 184 565 25139 11366 16860 5868 6105 6017 11989 652 11227 573 3483
cat_boundaries=0 1 2
cat_threshold=2 2
is_linear=0
shrinkage=0.05


Tree=6
num_leaves=31
num_cat=1
split_feature=0 2 6 0 1 2 0 0 4 4 0 4 2 0 0 0 4 0 0 1 1 3 1 1 0 1 2 3 4 2
split_gain=3.28594e+10 7.19075e+09 8.85002e+09 4.71675e+09 3.27095e+09 1.6024e+09 3.69587e+08 3.29034e+08 1.9342e+08 5.22069e+08 1.31847e+08 1.31006e+08 8.12806e+07 1.13057e+08 6.82332e+07 6.29271e+07 5.85656e+07 5.5422e+07 5.50218e+07 4.42624e+07 4.43114e+07 4.19405e+07 4.10504e+07 4.01279e+07 3.83616e+07 5.47151e+07 2.93642e+07 2.58919e+07 2.52928e+07 2.45344e+07
threshold=15.290764050833879 7.3691513538360605 0 18.379957119216922 0.99999769051669152 7.4989146471023567 13.900046924062918 7.0572628705318561 20.876902363572629 20.682779021084816 19.019955969009406 32.539182051599006 5.5858000000000017 7.9612387325791962 10.220005861970135 16.159962429824834 92.717059551879103 0.44520146530287003 12.579970740760805 18.579956991500861 18.59995679335022 1.5808333333333338 1.0000000180025095e-35 0.019999953988310573 17.999958659530645 18.579956991500861 7.5239886760711681 1.6008333333333338 37.026206013103618 7.334843802452089
decision_type=2 10 1 2 2 10 2 2 2 2 2 2 10 2 2 2 2 2 2 2 2 2 2 2 2 2 10 2 2 10
left_child=1 12 4 5 8 -2 18 11 9 -3 19 23 22 -14 26 -7 -16 -10 -6 -5 -21 -8 -1 -4 -17 -26 -9 -12 -13 -15
right_child=3 2 7 10 6 15 21 14 17 -11 27 28 13 29 16 24 -18 -19 -20 20 -22 -23 -24 -25 25 -27 -28 -29 -30 -31
leaf_value=-45.317618105302358 -40.780700350915133 -0.61111579144948136 -42.811643953594889 79.159803753477149 14.921504601733361 40.266441089280903 31.825035084017305 -23.580421993690265 -5.4765159545434905 70.753153728490446 96.17730432585671 -25.804670900792196 -40.067004295329028 -17.528024234372978 13.843849286630121 46.922060431988832 -18.295546187006543 6.0315382715073538 21.925979534577497 28.855614757726688 85.564347025553388 45.060581137829793 -40.042996643251229 -32.856066365931405 72.788798609815743 2.5282882264256479 -12.043891981672706 85.077276292568854 -32.4061840125621 12.07458129310608
leaf_weight=5633 576 1414 4565 725 5899 4920 5892 2514 24046 312 5344 1713 1138 573 283 6446 282 1093 5366 100 53 673 11227 1327 266 31 711 673 10510 79
leaf_count=5633 576 1414 4565 725 5899 4920 5892 2514 24046 312 5344 1713 1138 573 283 6446 282 1093 5366 100 53 673 11227 1327 266 31 711 673 10510 79
internal_value=0.00125918 -13.2893 -5.60461 59.2139 7.15534 40.5754 23.758 -31.6392 -3.86415 12.3225 92.2875 -34.4426 -40.7299 -30.5591 -18.2342 44.5965 -2.20138 -4.97595 18.2597 73.9533 48.9279 33.1885 -41.8079 -40.5754 47.7494 65.4883 -21.0415 94.9501 -31.4832 -13.9282
internal_weight=104384 85250 66600 19134 44695 12239 17830 21905 26865 1726 6895 18115 18650 1790 3790 11663 565 25139 11265 878 153 6565 16860 5892 6743 297 3225 6017 12223 652
internal_count=104384 85250 66600 19134 44695 12239 17830 21905 26865 1726 6895 18115 18650 1790 3790 11663 565 25139 11265 878 153 6565 16860 5892 6743 297 3225 6017 12223 652
cat_boundaries=0 1
cat_threshold=2
is_linear=0
shrinkage=0.05


Tree=7
num_leaves=31
num_cat=2
split_feature=5 0 0 1 2 0 0 0 0 0 3 3 1 0 1 1 1 1 0 1 0 2 3 5 3 2 3 3 1 3
split_gain=3.15689e+10 1.49355e+10 4.32025e+09 1.87634e+09 3.77943e+08 3.83102e+08 1.23283e+08 1.18875e+08 1.08403e+08 8.72999e+07 7.94012e+07 9.66059e+07 7.56876e+07 5.77533e+07 3.98537e+07 4.00882e+07 3.7113e+07 3.64793e+07 3.61647e+07 4.93945e+07 3.35898e+07 3.25961e+07 3.22349e+07 2.99352e+07 2.64379e+07 2.4829e+07 2.4519e+07 2.43001e+07 2.41927e+07 2.33557e+07
threshold=0 14.479966376014712 18.379957119216922 0.61999857212659559 5.5858000000000017 7.5068733161599308 16.039962506454472 19.019955969009406 13.038104330365876 0.16203430980392161 0.78044117647058842 1.1533823529411766 1.0000000180025095e-35 9.4799780963516245 18.579956991500861 18.59995679335022 1.0000000180025095e-35 1.0000000180025095e-35 17.999958659530645 18.579956991500861 0.44520146530287003 7.5200507164001467 1.0803703703703706 1 2.3608333333333338 7.4446953773498548 0.31933333333333336 0.76060606060606073 13.509963103570726 1.640714285714286
decision_type=1 2 2 2 10 2 2 2 2 2 2 2 2 2 2 2 2 2 2 2 2 10 2 1 2 10 2 2 2 2
left_child=1 3 6 9 16 12 22 14 -5 17 20 -12 26 21 -4 -16 -2 27 -8 -20 -11 -7 -3 25 -10 -15 -6 -1 -18 -9
right_child=4 2 7 8 5 13 18 29 24 10 11 -13 -14 23 15 -17 28 -19 19 -21 -22 -23 -24 -25 -26 -27 -28 -29 -30 -31
leaf_value=-4.8666031117859818 -43.052139439906142 34.205191644811805 75.20726633665646 14.740462004999651 -39.793847037632212 -23.895166835959671 44.246455471357699 91.344888058227326 23.051150148706977 -3.7591418121629179 22.96758530452956 -4.4488662696774242 -30.35625603484138 -3.7246160273211339 27.427118542359608 81.365354840313955 -34.384510998335188 2.8183662558566525 69.162988668148884 2.405824232697487 7.5612482285587879 -10.253520400436392 41.21596182282223 -42.935920138888889 43.002557800647821 -17.444625824985341 -34.167077555026403 -9.1054580211353553 -39.496679900861544 80.626063091354496
leaf_weight=15377 5633 6165 725 7460 3617 2100 7056 5369 6315 3430 826 525 11411 1119 100 53 3282 1309 266 31 809 556 2282 62 171 467 4366 4336 8518 648
leaf_count=15377 5633 6165 725 7460 3617 2100 7056 5369 6315 3430 826 525 11411 1119 100 53 3282 1309 266 31 809 556 2282 62 171 467 4366 4336 8518 648
internal_value=0.00137653 22.1744 54.6532 3.99937 -34.0969 -29.9828 40.2377 87.6759 18.8547 -3.78596 1.76732 12.3181 -32.978 -16.4821 70.2666 46.5187 -39.6875 -5.26266 44.9811 62.2265 -1.59741 -21.0444 36.1038 -9.12106 23.5837 -7.77294 -36.7212 -5.79938 -38.0778 90.2041
internal_weight=104384 63253 22695 40558 41131 23698 15800 6895 13946 26612 5590 1351 19394 4304 878 153 17433 21022 7353 297 4239 2656 8447 1648 6486 1586 7983 19713 11800 6017
internal_count=104384 63253 22695 40558 41131 23698 15800 6895 13946 26612 5590 1351 19394 4304 878 153 17433 21022 7353 297 4239 2656 8447 1648 6486 1586 7983 19713 11800 6017
cat_boundaries=0 1 2
cat_threshold=2 1
is_linear=0
shrinkage=0.05


Tree=8
num_leaves=31
num_cat=1
split_feature=5 0 0 0 2 0 4 3 4 4 0 0 0 0 4 2 4 4 0 2 3 3 4 2 4 2 3 3 3 0
split_gain=2.84919e+10 1.34799e+10 3.89937e+09 1.62514e+09 3.41087e+08 3.45711e+08 1.74581e+08 4.79442e+08 3.79828e+08 1.25171e+08 1.15972e+08 1.12462e+08 1.0718e+08 5.21104e+07 5.72652e+07 7.56855e+07 3.96109e+07 1.29225e+08 3.52079e+07 2.94164e+07 2.84456e+07 2.64844e+07 2.63781e+07 2.48365e+07 2.17134e+07 2.16093e+07 2.15457e+07 2.11277e+07 1.96833e+07 1.79842e+07
threshold=0 14.479966376014712 18.379957119216922 0.49999881609046465 5.5858000000000017 7.5068733161599308 20.876902363572629 0.76060606060606073 20.682779021084816 32.539182051599006 12.579970740760805 15.819963573837283 19.019955969009406 9.4799780963516245 119.73393915156528 7.334843802452089 79.705660969726708 53.530094638705926 17.999958659530645 7.5200507164001467 1.3802380952380955 2.3608333333333338 199.80677468231644 7.5635531902313238 7.3565387915560505 4.6196500000000009 0.39583333333333343 1.5808333333333338 0.23990740740740746 13.900046924062918
decision_type=1 2 2 2 10 2 2 2 2 2 2 2 2 2 2 10 2 2 2 10 2 2 2 10 2 10 2 2 2 2
left_child=1 3 11 6 25 9 7 28 -9 24 26 20 -4 19 15 -15 17 -8 -13 -7 -3 29 -18 -11 -6 -2 -5 -14 -1 -12
right_child=4 2 12 10 5 13 16 8 -10 23 21 18 27 14 -16 -17 22 -19 -20 -21 -22 -23 -24 -25 -26 -27 -28 -29 -30 -31
leaf_value=-14.568042001251897 -42.266720997696325 32.190814867149065 66.763749725333113 15.921821814478069 -39.667857220880279 -22.7009766817322 -3.8198618542236766 -6.8659775328182038 111.82300060991219 -21.963955188127642 19.563930222232671 41.461541446493079 86.8159376031943 -15.124310578647693 -21.504032093979983 11.323926397383545 -2.217580336684692 -16.717108171145139 59.127224304996084 -9.7417648502825838 40.853301604272602 40.923919862583709 -11.400748532954603 -29.094865964310401 -34.030583677350222 -37.004757339481067 9.9630026011674069 76.873282249484006 2.2873828372792206 24.868418070093504
leaf_weight=201 2307 6019 878 2628 3275 2100 8430 104 190 1393 5301 8339 5331 540 568 540 13033 2523 297 556 1145 174 831 10968 3758 15126 3610 686 1214 2319
leaf_count=201 2307 6019 878 2628 3275 2100 8430 104 190 1393 5301 8339 5331 540 568 540 13033 2523 297 556 1145 174 831 10968 3758 15126 3610 686 1214 2319
internal_value=0.00146063 21.0662 51.9217 3.79951 -32.3925 -28.4841 -3.48004 11.9729 69.9568 -31.3293 17.56 38.2264 83.2946 -15.6592 -8.66695 -1.90195 -4.54463 -6.79197 42.0759 -19.9928 33.5808 21.6272 -2.7688 -28.2931 -36.6609 -37.7035 12.4755 85.6953 -0.115515 21.1813
internal_weight=104384 63253 22695 40558 41131 23698 26526 1709 294 19394 14032 15800 6895 4304 1648 1080 24817 10953 8636 2656 7164 7794 13864 12361 7033 17433 6238 6017 1415 7620
internal_count=104384 63253 22695 40558 41131 23698 26526 1709 294 19394 14032 15800 6895 4304 1648 1080 24817 10953 8636 2656 7164 7794 13864 12361 7033 17433 6238 6017 1415 7620
cat_boundaries=0 1
cat_threshold=2
is_linear=0
shrinkage=0.05


Tree=9
num_leaves=31
num_cat=1
split_feature=5 0 0 1 2 1 4 3 4 4 0 0 0 0 4 2 0 4 4 1 1 1 3 1 0 1 4 1 3 3
split_gain=2.57147e+10 1.2166e+10 3.51936e+09 1.53768e+09 3.0782e+08 3.13074e+08 1.53891e+08 4.37073e+08 3.49575e+08 1.09965e+08 1.02824e+08 9.67028e+07 8.73975e+07 5.28178e+07 5.17046e+07 6.8643e+07 3.80127e+07 1.09599e+08 4.41448e+07 3.60102e+07 3.64213e+07 3.2045e+07 3.01351e+07 2.93371e+07 2.8092e+07 4.46089e+07 2.33202e+07 2.24424e+07 2.22592e+07 1.90458e+07
threshold=0 14.479966376014712 18.379957119216922 0.61999857212659559 5.5858000000000017 6.1199858496971142 20.876902363572629 0.76060606060606073 20.682779021084816 32.539182051599006 16.159962429824834 19.019955969009406 13.038104330365876 9.4799780963516245 116.90209583102994 7.334843802452089 0.44520146530287003 36.972016444086492 79.705660969726708 18.579956991500861 18.59995679335022 1.0000000180025095e-35 3.101666666666667 0.019999953988310573 17.999958659530645 18.579956991500861 55.257111901761021 12.499970791847231 2.5020833333333337 1.640714285714286
decision_type=1 2 2 2 10 2 2 2 2 2 2 2 2 2 2 10 2 2 2 2 2 2 2 2 2 2 2 2 2 2
left_child=1 3 10 6 21 9 7 -1 -9 23 22 19 -5 -7 15 -15 18 -18 -8 -4 -21 -2 -3 -6 -12 -26 -11 -23 -14 -13
right_child=4 2 11 12 5 13 16 8 -10 26 24 29 28 14 -16 -17 17 -19 -20 20 -22 27 -24 -25 25 -27 -28 -29 -30 -31
leaf_value=-0.37888287414898536 -38.943579651680579 32.486956680486465 68.118490462290026 13.363586849110636 -36.502342541230519 -19.376123005290665 -7.2832193929965285 -7.8234482956858518 106.85437598238494 -24.422964141023542 40.291587249695176 82.442020593625443 20.921761625887797 -14.369493280774785 -20.399620392059489 10.841561698064291 30.522323622903567 -5.6700770855168585 -2.9485886275979225 22.76420438780643 74.096058123553235 -29.433004347269584 58.102084573002188 -28.275754015303008 62.772504553348398 -0.57437039040029048 -28.90125442727237 -35.313720210656101 44.11777331082326 72.763232354162653
leaf_weight=1425 5633 8940 725 7460 5625 3011 10403 102 189 5115 6446 5369 6381 540 570 538 297 701 13495 100 53 1992 117 1369 266 31 6930 9808 105 648
leaf_count=1425 5633 8940 725 7460 5625 3011 10403 102 189 5115 6446 5369 6381 540 570 538 297 701 13495 100 53 1992 117 1369 266 31 6930 9808 105 648
internal_value=0.00153722 20.0133 49.3265 3.60974 -30.7732 -27.0603 -3.43807 11.0403 66.7689 -29.9035 36.3157 79.1316 17.0578 -15.4376 -8.23437 -1.78896 -4.43642 5.12037 -4.83572 63.4294 40.9115 -35.8185 32.8242 -34.8963 40.9997 56.1808 -27.0017 -34.3236 21.304 81.4119
internal_weight=104384 63253 22695 40558 41131 23698 26612 1716 291 19039 15800 6895 13946 4659 1648 1078 24896 998 23898 878 153 17433 9057 6994 6743 297 12045 11800 6486 6017
internal_count=104384 63253 22695 40558 41131 23698 26612 1716 291 19039 15800 6895 13946 4659 1648 1078 24896 998 23898 878 153 17433 9057 6994 6743 297 12045 11800 6486 6017
cat_boundaries=0 1
cat_threshold=2
is_linear=0
shrinkage=0.05


Tree=10
num_leaves=31
num_cat=1
split_feature=5 0 0 1 2 1 4 4 0 0 4 0 0 0 4 2 4 1 0 1 1 1 0 1 1 4 0 1 2 1
split_gain=2.32084e+10 1.09858e+10 3.36515e+09 1.1912e+09 2.77805e+08 2.82543e+08 1.39267e+08 3.78098e+08 2.916e+08 1.24823e+08 9.92789e+07 8.71893e+07 5.82897e+07 4.76644e+07 4.66726e+07 6.16788e+07 4.563e+07 3.29975e+07 3.66048e+07 3.24284e+07 3.2948e+07 2.89216e+07 2.85995e+07 4.02765e+07 2.65368e+07 2.19548e+07 2.10641e+07 2.03324e+07 1.46027e+07 1.90722e+07
threshold=0 14.160053463278464 18.379957119216922 0.51999881025514538 5.5858000000000017 6.1199858496971142 20.876902363572629 20.682779021084816 0.16203430980392161 15.819963573837283 34.663429674957491 19.019955969009406 11.959972063575746 9.4799780963516245 119.73393915156528 7.334843802452089 178.95663949190643 1.0000000180025095e-35 0.44520146530287003 18.579956991500861 18.59995679335022 1.0000000180025095e-35 17.999958659530645 18.579956991500861 0.059999861964931712 37.026206013103618 14.859965577217103 11.359973712899027 7.530397439002992 8.3699770756030922
decision_type=1 2 2 2 10 2 2 2 2 2 2 2 2 2 2 10 2 2 2 2 2 2 2 2 2 2 2 2 10 2
left_child=1 3 9 6 21 10 7 -1 -9 26 24 19 16 28 15 -15 -5 18 -8 -4 -21 -2 -11 -24 -6 -12 -3 -23 -7 -30
right_child=4 2 11 12 5 13 17 8 -10 22 25 -13 -14 14 -16 -17 -18 -19 -20 20 -22 27 23 -25 -26 -27 -28 -29 29 -31
leaf_value=-0.61148398139660642 -36.996746373391552 26.265447788627593 64.717256611595474 14.447715148680505 -34.580925392669563 -20.464741329455272 -5.1362225061176252 -1.0316788904036371 98.21808063289663 37.459725024155006 -20.319529111743329 77.34262268538015 17.912323613404443 -13.652346232519131 -19.412531495253525 10.223475560807037 4.2056991125916063 2.630940289160129 5.1834619023746313 21.637263905246662 70.459863286901395 -27.286801513748749 59.645631977663506 -0.54654929511249062 -26.473204296154854 -26.510986641150339 31.440968119366399 -33.43170571073432 -20.529559764962979 -4.8501895031324613
leaf_weight=1403 5633 3256 725 3180 5765 2234 22279 120 192 8339 1684 6017 7950 540 568 540 1654 1625 893 100 53 1587 266 31 1247 10343 5170 10213 377 400
leaf_count=1403 5633 3256 725 3180 5765 2234 22279 120 192 8339 1684 6017 7950 540 568 540 1654 1625 893 100 53 1587 266 31 1247 10343 5170 10213 377 400
internal_value=0.00167094 19.0132 45.6997 2.74294 -29.2348 -25.7076 -3.30217 10.4736 60.1637 33.7836 -28.4086 75.1773 15.2788 -14.6662 -7.82338 -1.71602 10.9449 -4.25531 -4.73832 60.2673 38.8974 -34.0279 38.0134 53.3822 -33.143 -25.6458 29.4444 -32.6077 -18.4076 -12.4744
internal_weight=104384 63253 23957 39296 41131 23698 26512 1715 312 17062 19039 6895 12784 4659 1648 1080 4834 24797 23172 878 153 17433 8636 297 7012 12027 8426 11800 3011 777
internal_count=104384 63253 23957 39296 41131 23698 26512 1715 312 17062 19039 6895 12784 4659 1648 1080 4834 24797 23172 878 153 17433 8636 297 7012 12027 8426 11800 3011 777
cat_boundaries=0 1
cat_threshold=2
is_linear=0
shrinkage=0.05


Tree=11
num_leaves=31
num_cat=1
split_feature=5 1 1 1 2 1 4 3 4 1 4 1 1 3 1 3 1 4 4 1 1 4 3 3 1 3 3 3 1 3
split_gain=2.09463e+10 9.77291e+09 2.91819e+09 1.18298e+09 2.50713e+08 2.54977e+08 1.2548e+08 3.63263e+08 2.96712e+08 1.08043e+08 8.96053e+07 6.83472e+07 4.50035e+07 3.6707e+07 3.29833e+07 6.34098e+07 3.29683e+07 3.11257e+07 2.98151e+07 2.61026e+07 2.40759e+07 2.02481e+07 1.96252e+07 1.95622e+07 1.90577e+07 1.85605e+07 1.837e+07 1.79006e+07 1.69481e+07 1.61394e+07
threshold=0 13.879955930444803 17.58995901403809 0.61999857212659559 5.5858000000000017 6.1199858496971142 20.876902363572629 0.77023809523809539 20.682779021084816 15.549957359887715 34.663429674957491 11.979972277558968 18.59995679335022 1.5808333333333338 18.579956991500861 1.0135294117647062 1.0000000180025095e-35 147.19915526419507 175.85592669041588 1.0000000180025095e-35 0.019999953988310573 56.279287858403407 1.4491666666666669 0.75941176470588245 13.509963103570726 0.43339506172839515 0.52044444444444449 2.5020833333333337 14.559959909138673 2.9541666666666671
decision_type=1 2 2 2 10 2 2 2 2 2 2 2 2 2 2 2 2 2 2 2 2 2 2 2 2 2 2 2 2 2
left_child=1 3 9 6 19 10 7 25 -9 13 20 18 14 28 -4 -16 23 22 -5 -2 -6 -12 -7 -8 -21 -1 -18 -13 -3 -14
right_child=4 2 12 11 5 17 16 8 -10 -11 21 27 29 -15 15 -17 26 -19 -20 24 -22 -23 -24 -25 -26 -27 -28 -29 -30 -31
leaf_value=-5.0646011091855696 -35.14723728931493 24.61493839056358 66.262694337306115 13.972639864560286 -32.948810918776118 -9.2363932785189746 -3.6749082761194245 -7.4403906416191781 99.044877675649289 36.81919263984431 -21.966830402992063 18.072833723803129 73.198652587110885 37.1999550080535 26.728560440994798 79.724605383712259 0.41207637017842003 -19.701364582924985 6.429657133877936 -27.705880626728721 -25.535741349097975 -26.139482287483446 -19.879694575998517 -7.0562672057157121 -32.234695369139686 6.5007732946439596 14.486792764665857 50.543879955203039 29.303366267592764 44.237640025745748
leaf_weight=843 5633 3209 1270 3257 5625 2580 17510 101 184 7147 5124 7662 5400 1112 159 88 1449 1558 2196 3282 1387 6903 521 5662 8518 588 275 42 5045 54
leaf_count=843 5633 3209 1270 3257 5625 2580 17510 101 184 7147 5124 7662 5400 1112 159 88 1449 1558 2196 3282 1387 6903 521 5662 8518 588 275 42 5045 54
internal_value=0.00170707 18.063 43.6379 2.95997 -27.7734 -24.4226 -3.10361 9.97019 61.4139 32.1827 -26.9885 15.2238 70.7646 28.6412 62.9723 45.8551 -4.0051 -13.9336 10.9367 -32.3268 -31.4863 -24.3637 -11.0304 -4.5014 -30.9775 -0.311147 2.66427 18.2564 27.4838 72.9201
internal_weight=104384 63253 23484 39769 41131 23698 26612 1716 285 16513 19039 13157 6971 9366 1517 247 24896 4659 5453 17433 7012 12027 3101 23172 11800 1431 1724 7704 8254 5454
internal_count=104384 63253 23484 39769 41131 23698 26612 1716 285 16513 19039 13157 6971 9366 1517 247 24896 4659 5453 17433 7012 12027 3101 23172 11800 1431 1724 7704 8254 5454
cat_boundaries=0 1
cat_threshold=2
is_linear=0
shrinkage=0.05


Tree=12
num_leaves=31
num_cat=2
split_feature=5 0 0 1 4 5 0 4 3 4 0 0 0 4 1 0 0 1 1 3 0 4 0 1 3 4 3 3 4 0
split_gain=1.89047e+10 8.96367e+09 2.57207e+09 1.14762e+09 1.44021e+08 2.31263e+08 1.88533e+08 1.15154e+08 3.25983e+08 2.27208e+08 7.32625e+07 7.23112e+07 6.4162e+07 4.72059e+07 3.61233e+07 3.30275e+07 3.14945e+07 2.70864e+07 2.72053e+07 2.54941e+07 2.54768e+07 2.19412e+07 2.0831e+07 3.47745e+07 2.07155e+07 1.8978e+07 1.73639e+07 1.65492e+07 2.07118e+07 1.6358e+07
threshold=0 14.500664368361599 18.379957119216922 0.99999769051669152 7.4417474773993915 1 8.8257749581760265 20.876902363572629 0.82004901960784327 20.682779021084816 16.159962429824834 19.019955969009406 13.038104330365876 145.25178461759691 1.0000000180025095e-35 0.44520146530287003 9.2999783966751099 18.579956991500861 18.59995679335022 3.101666666666667 0.14001774458882627 32.539182051599006 17.999958659530645 18.579956991500861 2.8375000000000008 278.99955054364256 1.5808333333333338 0.40068181818181825 227.89723681478856 19.763287684494021
decision_type=1 2 2 2 2 1 2 2 2 2 2 2 2 2 2 2 2 2 2 2 2 2 2 2 2 2 2 2 2 2
left_child=1 3 10 7 -2 6 21 8 20 -10 19 17 27 16 15 -9 -8 -4 -19 -3 -1 -6 -12 -24 -14 -23 29 -5 -29 -13
right_child=4 2 11 12 5 -7 13 14 9 -11 22 26 24 -15 -16 -17 -18 18 -20 -21 -22 25 23 -25 -26 -27 -28 28 -30 -31
leaf_value=-4.4930573811248502 -32.662401891531069 27.94465549669626 58.398311431030265 14.301493609045853 -26.995905857490911 -30.00046600017545 -13.305503963942016 -4.6543218255418353 -6.8078136414051063 99.596654851482768 34.572598790178681 74.312056081810908 18.118061723250786 -18.004310798738405 2.7800713603004694 5.1480213081931705 0.51881419493258008 19.137972992080275 63.490399740713613 52.101369955880301 8.6820082178846931 -22.011963177648596 54.074043152198364 -1.8147404324635865 47.974450249106205 -28.72008969801777 61.977216527236436 12.690672331244606 5.5132623113785808 68.368988606632442
leaf_weight=859 7486 8774 725 3141 3616 13669 651 22279 74 154 6446 2245 6600 1037 1967 893 1119 100 53 111 639 12388 266 31 58 1165 686 2236 1830 3086
leaf_count=859 7486 8774 725 3141 3616 13669 651 22279 74 154 6446 2245 6600 1037 1967 893 1119 100 53 111 639 12388 266 31 58 1165 686 2236 1830 3086
internal_value=0.00179126 17.1603 42.471 3.16323 -26.3851 -24.9874 -21.5558 -2.86628 9.62325 65.1829 31.2444 67.9085 14.8454 -9.53796 -3.72414 -4.27635 -4.57036 54.3329 34.8144 28.2523 1.12905 -23.52 35.1823 48.254 18.3853 -22.5907 69.8801 11.5731 9.46246 70.8852
internal_weight=104384 63253 22523 40730 41131 33645 19976 26865 1726 228 15628 6895 13865 2807 25139 23172 1770 878 153 8885 1498 17169 6743 297 6658 13553 6017 7207 4066 5331
internal_count=104384 63253 22523 40730 41131 33645 19976 26865 1726 228 15628 6895 13865 2807 25139 23172 1770 878 153 8885 1498 17169 6743 297 6658 13553 6017 7207 4066 5331
cat_boundaries=0 1 2
cat_threshold=2 1
is_linear=0
shrinkage=0.05


Tree=13
num_leaves=31
num_cat=1
split_feature=5 0 0 1 2 0 4 4 0 0 4 0 0 0 4 4 2 0 4 4 1 1 1 0 1 1 4 1 0 1
split_gain=1.70621e+10 8.09688e+09 2.49925e+09 8.50018e+08 2.04826e+08 2.12005e+08 1.0235e+08 2.78981e+08 2.32416e+08 9.57967e+07 7.21874e+07 6.52034e+07 4.23049e+07 3.77429e+07 3.67372e+07 3.58012e+07 5.52055e+07 2.61242e+07 1.01201e+08 3.75156e+07 2.43932e+07 2.46106e+07 2.29484e+07 2.11872e+07 3.13994e+07 2.03331e+07 1.85262e+07 1.72476e+07 1.71036e+07 1.52144e+07
threshold=0 14.13994659304865 18.379957119216922 0.51999881025514538 5.5858000000000017 6.1068796667851233 20.876902363572629 20.682779021084816 0.16203430980392161 15.819963573837283 32.539182051599006 19.019955969009406 11.959972063575746 9.4799780963516245 178.95663949190643 116.90209583102994 7.334843802452089 0.44520146530287003 36.972016444086492 79.705660969726708 18.579956991500861 18.59995679335022 1.0000000180025095e-35 17.999958659530645 18.579956991500861 0.059999861964931712 37.026206013103618 12.919964401295308 14.859965577217103 13.659968197303774
decision_type=1 2 2 2 10 2 2 2 2 2 2 2 2 2 2 2 10 2 2 2 2 2 2 2 2 2 2 2 2 2
left_child=1 3 9 6 22 10 7 -1 -9 28 25 20 14 -7 -5 16 -15 19 -19 -8 -4 -22 -2 -11 -25 -6 -12 -24 -3 -30
right_child=4 2 11 12 5 13 17 8 -10 23 26 -13 -14 15 -16 -17 -18 18 -20 -21 21 -23 27 24 -26 -27 -28 -29 29 -31
leaf_value=-0.54526083103916745 -31.824732270868751 22.401809764368764 55.482417217456934 12.40692039958758 -29.688060165521712 -15.824188328351461 -6.2359258901391872 -2.9570486633836732 85.633658809464222 32.146207204191448 -17.183005302110981 66.387773477491564 15.226003971815372 -12.358069929796756 3.2174894695724969 -16.561242006948241 10.250945686312022 28.952275069809613 -6.1685736496204084 -2.2342441914131879 18.190548648409326 60.374668833414717 -24.012806146895002 51.380467556728412 -1.7268389199301604 -22.543549101836525 -22.838420251552378 -28.868164786620838 46.887033465703325 26.603260166195316
leaf_weight=1403 5633 3439 725 3180 5765 3070 10382 120 192 8339 1705 6017 7767 540 1654 570 538 292 683 13440 100 53 2316 266 31 1226 10284 9484 95 5075
leaf_count=1403 5633 3439 725 3180 5765 3070 10382 120 192 8339 1705 6017 7767 540 1654 570 538 292 683 13440 100 53 2316 266 31 1226 10284 9484 95 5075
internal_value=0.00196059 16.3028 39.0731 2.24872 -25.066 -22.0373 -2.83297 8.97665 51.6597 28.8974 -24.3954 64.5156 12.9398 -12.5478 9.26398 -6.4384 -1.07549 -3.65007 4.36855 -3.97843 51.6243 33.1005 -29.1816 32.6228 45.8501 -28.4385 -22.0356 -27.9173 25.157 26.985
internal_weight=104384 63253 24140 39113 41131 23698 26512 1715 312 17245 18980 6895 12601 4718 4834 1648 1078 24797 975 23822 878 153 17433 8636 297 6991 11989 11800 8609 5170
internal_count=104384 63253 24140 39113 41131 23698 26512 1715 312 17245 18980 6895 12601 4718 4834 1648 1078 24797 975 23822 878 153 17433 8636 297 6991 11989 11800 8609 5170
cat_boundaries=0 1
cat_threshold=2
is_linear=0
shrinkage=0.05


Tree=14
num_leaves=31
num_cat=1
split_feature=5 0 0 1 2 0 4 3 4 0 4 0 0 4 3 0 4 2 1 0 2 1 4 1 1 0 1 2 3 3
split_gain=1.53991e+10 7.30789e+09 2.23768e+09 7.85571e+08 1.84854e+08 1.9177e+08 9.22656e+07 2.76225e+08 2.26969e+08 8.32973e+07 6.68855e+07 5.87851e+07 3.85073e+07 3.27454e+07 3.11681e+07 2.9572e+07 3.23165e+07 4.98326e+07 2.62168e+07 2.69646e+07 2.33575e+07 2.19677e+07 2.25275e+07 2.07116e+07 1.99145e+07 1.91458e+07 2.83519e+07 1.78729e+07 1.72891e+07 1.66236e+07
threshold=0 14.160053463278464 18.379957119216922 0.61999857212659559 5.5858000000000017 7.5068733161599308 20.876902363572629 0.77023809523809539 20.682779021084816 15.819963573837283 32.539182051599006 19.019955969009406 11.959972063575746 178.95663949190643 1.3608333333333336 9.4799780963516245 116.90209583102994 7.334843802452089 1.0000000180025095e-35 0.44520146530287003 7.5200507164001467 18.579956991500861 276.38051498725684 1.0000000180025095e-35 0.079999815953242293 17.999958659530645 18.579956991500861 7.5652331590652473 0.23990740740740746 0.52044444444444449
decision_type=1 2 2 2 10 2 2 2 2 2 2 2 2 2 2 2 2 10 2 2 10 2 2 2 2 2 2 10 2 2
left_child=1 3 9 6 23 10 7 28 -9 14 24 21 13 -5 -3 20 17 -17 19 -8 -7 -4 -23 -2 -6 -11 -27 -12 -1 -20
right_child=4 2 11 12 5 15 18 8 -10 25 27 -13 -14 -15 -16 16 -18 -19 29 -21 -22 22 -24 -25 -26 26 -28 -29 -30 -31
leaf_value=-13.93583274578312 -30.233778139140753 22.623063629574418 52.712116861106942 11.902368037627665 -28.145845274599971 -17.060748897987086 -4.219835270810349 -6.8107824456437918 86.320054155916793 30.539088814264261 -15.572268025404052 63.068937548606975 14.584008547003585 3.1535279887453083 30.806573215761166 -11.741308745545732 -15.734630403190904 9.7393493070584736 0.36914663976307577 4.6372155315904005 -5.5231087291831926 59.975398197174073 18.389839816271703 -26.521672209789063 -20.952057511490906 48.8210658452752 -1.6431951975822452 -21.52720638646122 1.8141536328230448 13.758129457615423
leaf_weight=202 5633 7020 725 3100 5863 2100 22279 101 184 8339 1439 6017 7950 1634 1406 540 570 538 1449 893 556 47 106 11800 1170 266 31 10922 1229 275
leaf_count=202 5633 7020 725 3100 5863 2100 22279 101 184 8339 1439 6017 7950 1634 1406 540 570 538 1449 893 556 47 106 11800 1170 266 31 10922 1229 275
internal_value=0.00200333 15.4881 37.2537 2.21798 -23.813 -20.9357 -2.66271 8.54801 53.4074 27.5368 -23.0548 61.2912 12.4574 8.8839 23.9921 -11.384 -6.11705 -1.02181 -3.43574 -3.87832 -14.6485 49.0507 31.471 -27.7228 -26.9522 30.9921 43.5659 -20.8353 -0.417291 2.5116
internal_weight=104384 63253 23957 39296 41131 23698 26612 1716 285 17062 19394 6895 12684 4734 8426 4304 1648 1078 24896 23172 2656 878 153 17433 7033 8636 297 12361 1431 1724
internal_count=104384 63253 23957 39296 41131 23698 26612 1716 285 17062 19394 6895 12684 4734 8426 4304 1648 1078 24896 23172 2656 878 153 17433 7033 8636 297 12361 1431 1724
cat_boundaries=0 1
cat_threshold=2
is_linear=0
shrinkage=0.05


Tree=15
num_leaves=31
num_cat=2
split_feature=5 0 0 1 4 5 0 4 3 4 0 0 0 4 1 0 0 3 3 1 1 4 3 4 3 1 1 1 3 0
split_gain=1.38981e+10 6.59991e+09 1.8803e+09 8.5043e+08 1.09724e+08 1.66497e+08 1.44255e+08 8.50386e+07 2.47082e+08 1.72756e+08 5.41372e+07 5.29969e+07 4.95002e+07 3.67777e+07 2.78968e+07 2.43925e+07 2.34194e+07 2.2568e+07 2.23548e+07 1.97808e+07 2.06961e+07 1.80747e+07 1.78579e+07 1.66458e+07 1.59708e+07 1.53507e+07 2.79244e+07 1.50138e+07 1.56447e+07 1.49028e+07
threshold=0 14.539561841274361 18.379957119216922 0.99999769051669152 7.3565387915560505 1 8.8257749581760265 20.876902363572629 0.82004901960784327 20.682779021084816 16.159962429824834 19.019955969009406 13.038104330365876 145.25178461759691 1.0000000180025095e-35 0.43188358347689532 9.2999783966751099 3.101666666666667 0.43339506172839515 18.579956991500861 18.59995679335022 32.539182051599006 2.8375000000000008 278.99955054364256 1.6808333333333336 17.58995901403809 18.579956991500861 3.7799912001055689 0.40068181818181825 19.763287684494021
decision_type=1 2 2 2 2 1 2 2 2 2 2 2 2 2 2 2 2 2 2 2 2 2 2 2 2 2 2 2 2 2
left_child=1 3 10 7 -2 6 21 8 18 -10 17 19 27 16 15 -9 -8 -3 -1 -4 -21 -6 -14 -23 29 -12 -27 -5 -29 -13
right_child=4 2 11 12 5 -7 13 14 9 -11 25 24 22 -15 -16 -17 -18 -19 -20 20 -22 23 -24 -25 -26 26 -28 28 -30 -31
leaf_value=-4.4624710029518448 -28.268189903985604 23.96977208093001 50.080140870753731 16.781386762561077 -23.231856335450445 -25.707119304934722 -11.19948624150976 -4.0191150125539084 -6.1301735162099202 86.649708736296645 29.760126634352538 64.023262037331477 15.588988579292414 -15.51921905669748 2.5166692865079616 4.1755486193604554 0.71743873588966611 46.675884903499053 7.8554582520237339 16.25611691924605 54.930661411991835 -18.838084282509843 43.295583568508349 -25.115153187805756 51.992728869099871 49.192875224779243 -1.56360297113657 11.971711681190159 7.0034774044795185 58.447922542505836
leaf_weight=849 7126 8688 725 709 3972 13671 651 22226 74 154 6501 2284 6686 1037 1967 946 1121 111 649 100 53 12388 58 1165 622 211 31 2758 3740 3111
leaf_count=849 7126 8688 725 709 3972 13671 651 22226 74 154 6501 2284 6686 1037 1967 946 1121 111 649 100 53 12388 58 1165 622 211 31 2758 3740 3111
internal_value=0.00202462 14.714 36.4971 2.73908 -22.6225 -21.4387 -18.5678 -2.46192 8.27092 56.6416 26.8533 58.2281 12.7539 -8.04486 -3.19912 -3.6844 -3.66446 24.2615 0.875879 46.6056 29.9229 -20.2539 15.8337 -19.3795 59.916 30.2312 42.7113 9.87025 9.1137 60.8197
internal_weight=104384 63253 22437 40816 41131 34005 20334 26865 1726 228 15542 6895 13951 2809 25139 23172 1772 8799 1498 878 153 17525 6744 13553 6017 6743 242 7207 6498 5395
internal_count=104384 63253 22437 40816 41131 34005 20334 26865 1726 228 15542 6895 13951 2809 25139 23172 1772 8799 1498 878 153 17525 6744 13553 6017 6743 242 7207 6498 5395
cat_boundaries=0 1 2
cat_threshold=2 1
is_linear=0
shrinkage=0.05


Tree=16
num_leaves=31
num_cat=1
split_feature=5 0 0 1 2 0 4 4 0 0 4 0 0 4 0 4 2 4 4 4 1 1 4 0 1 4 1 1 0 1
split_gain=1.25435e+10 5.9595e+09 1.8357e+09 6.23364e+08 1.50846e+08 1.59142e+08 7.51676e+07 2.03957e+08 1.87487e+08 7.08918e+07 5.26547e+07 4.77873e+07 3.20728e+07 2.9142e+07 2.71193e+07 3.72227e+07 4.43446e+07 2.11458e+07 7.24369e+07 2.48445e+07 1.81671e+07 1.78137e+07 1.89531e+07 1.63787e+07 2.34435e+07 1.60222e+07 1.60077e+07 1.59755e+07 1.39086e+07 1.39735e+07
threshold=0 14.13994659304865 18.379957119216922 0.51999881025514538 5.5858000000000017 6.1068796667851233 20.876902363572629 20.682779021084816 0.16203430980392161 15.819963573837283 32.539182051599006 19.019955969009406 11.959972063575746 181.04542460651254 9.2999783966751099 116.90209583102994 7.334843802452089 95.557937423290767 53.530094638705926 197.59788178585998 1.0000000180025095e-35 18.579956991500861 276.38051498725684 17.999958659530645 18.579956991500861 52.689545455218465 0.019999953988310573 9.4199780113872613 14.859965577217103 13.659968197303774
decision_type=1 2 2 2 10 2 2 2 2 2 2 2 2 2 2 2 10 2 2 2 2 2 2 2 2 2 2 2 2 2
left_child=1 3 9 6 20 10 7 -1 -9 28 26 21 13 -5 -7 16 -16 18 -8 -19 -2 -4 -23 -11 -25 -12 -6 -22 -3 -30
right_child=4 2 11 12 5 14 17 8 -10 23 25 -13 -14 -15 15 -17 -18 19 -20 -21 27 22 -24 24 -26 -27 -28 -29 29 -31
leaf_value=-0.45110829298885968 -27.374021284423659 19.092651433136748 47.579582450435844 10.655147502919661 -25.573067286888392 -13.752010218994057 -1.915605196571222 -4.8513701250336387 74.700270397836078 27.578957232118569 -16.173044541647801 56.921661870496223 13.067536009990704 2.4516887860601546 -11.011279754172392 -15.051365368515043 8.4954583095671641 -1.0230719494222333 -9.9884866507381105 -9.8143998673141351 -18.720428147930708 54.591502641042077 16.456865399084361 44.400887922740608 -1.4878659886680543 -20.146105609513871 -19.496099519263943 -24.560244200535021 42.261727304458617 22.858100923781581
leaf_weight=1403 5633 3439 725 3196 5625 2841 8461 120 192 8339 3704 6017 7767 1638 541 707 629 11335 4137 864 1339 47 106 266 31 8285 1366 10461 95 5075
leaf_count=1403 5633 3439 725 3196 5625 2841 8461 120 192 8339 3704 6017 7767 1638 541 707 629 11335 4137 864 1339 47 106 266 31 8285 1366 10461 95 5075
internal_value=0.00215224 13.9788 33.5139 1.92154 -21.4916 -18.8925 -2.43022 7.69043 44.1857 24.793 -20.9355 55.3188 11.0769 7.87649 -10.6708 -6.00231 -0.52602 -3.13046 -4.5672 -1.64648 -25.0235 44.2822 28.4499 27.9977 39.6222 -18.9201 -24.3886 -23.8992 21.5753 23.2228
internal_weight=104384 63253 24140 39113 41131 23698 26512 1715 312 17245 18980 6895 12601 4834 4718 1877 1170 24797 12598 12199 17433 878 153 8636 297 11989 6991 11800 8609 5170
internal_count=104384 63253 24140 39113 41131 23698 26512 1715 312 17245 18980 6895 12601 4834 4718 1877 1170 24797 12598 12199 17433 878 153 8636 297 11989 6991 11800 8609 5170
cat_boundaries=0 1
cat_threshold=2
is_linear=0
shrinkage=0.05


Tree=17
num_leaves=31
num_cat=1
split_feature=5 0 0 0 2 0 4 3 0 0 4 0 0 3 4 4 0 4 4 0 4 3 3 0 3 0 3 3 2 0
split_gain=1.13209e+10 5.37866e+09 1.65681e+09 5.38042e+08 1.36137e+08 1.43622e+08 7.04311e+07 2.07242e+08 1.78617e+08 6.39781e+07 4.7524e+07 4.30817e+07 3.49512e+07 2.8303e+07 2.70219e+07 1.07481e+08 2.45804e+07 2.34552e+07 2.17836e+07 2.16332e+07 1.71929e+07 1.6986e+07 1.61629e+07 1.48003e+07 1.46978e+07 1.61166e+07 1.40315e+07 1.31748e+07 1.29146e+07 1.77606e+07
threshold=0 14.13994659304865 18.379957119216922 0.49999881609046465 5.5858000000000017 6.1068796667851233 20.876902363572629 0.76060606060606073 0.16203430980392161 15.819963573837283 32.539182051599006 19.019955969009406 11.959972063575746 2.9541666666666671 79.705660969726708 53.530094638705926 9.6964800574538454 197.59788178585998 199.80677468231644 12.466282421897018 92.717059551879103 1.0803703703703706 1.3408333333333335 17.999958659530645 3.101666666666667 19.81995397511292 0.23990740740740746 2.5020833333333337 7.5239886760711681 8.4677270478442779
decision_type=1 2 2 2 10 2 2 2 2 2 2 2 2 2 2 2 2 2 2 2 2 2 2 2 2 2 2 2 10 2
left_child=1 3 9 6 -2 10 7 26 -9 13 -6 -4 17 21 15 -8 28 -5 -16 20 -18 -3 -12 -11 25 -13 -1 -14 -7 -30
right_child=4 2 11 12 5 16 14 8 -10 23 22 24 27 -15 18 -17 19 -19 -20 -21 -22 -23 -24 -25 -26 -27 -28 -29 29 -31
leaf_value=-12.54878545288981 -23.772538355773165 18.8157829922778 42.074848865209589 9.2617040679377727 -23.169513884165603 -14.44549738681212 -2.0361079045069199 -2.9269139299721552 76.821523268262553 26.200174497470442 -16.433519613151507 57.194453142536638 12.248221812877533 41.80026288911894 -0.92284797512919337 -13.797972254061854 0.51604191506572661 1.6327738668461409 -9.2676951808421517 -32.247756048090324 -11.382392362524405 24.037856232949178 -20.179541885972824 37.648304562644675 28.264750598972128 51.795493452257418 1.6824682261139277 38.31765722780812 -14.8049668219985 -0.57204718727763593
leaf_weight=201 17433 6370 878 3385 6991 2391 8430 115 179 8339 7063 2779 7719 153 13033 2523 933 1435 831 67 449 2086 4926 297 58 3180 1214 48 417 461
leaf_count=201 17433 6370 878 3385 6991 2391 8430 115 179 8339 7063 2779 7719 153 13033 2523 933 1435 831 67 449 2086 4926 297 58 3180 1214 48 417 461
internal_value=0.00214984 13.2802 31.8389 1.82555 -20.4172 -17.9481 -2.21412 7.60099 45.7232 23.5538 -19.889 52.5542 10.3383 20.4971 -2.89031 -4.74644 -10.1376 6.99125 -1.42367 -4.71237 -3.35509 20.1067 -17.9742 26.5982 54.0761 54.3225 -0.346505 12.4142 -12.5402 -7.34103
internal_weight=104384 63253 24140 39113 41131 23698 26526 1709 294 17245 18980 6895 12587 8609 24817 10953 4718 4820 13864 1449 1382 8456 11989 8636 6017 5959 1415 7767 3269 878
internal_count=104384 63253 24140 39113 41131 23698 26526 1709 294 17245 18980 6895 12587 8609 24817 10953 4718 4820 13864 1449 1382 8456 11989 8636 6017 5959 1415 7767 3269 878
cat_boundaries=0 1
cat_threshold=2
is_linear=0
shrinkage=0.05


Tree=18
num_leaves=31
num_cat=1
split_feature=0 2 6 0 1 2 0 0 4 3 0 4 0 1 1 1 2 0 3 4 1 2 1 1 1 1 3 3 0 1
split_gain=9.6764e+09 2.04049e+09 2.50866e+09 1.44095e+09 9.02015e+08 5.68997e+08 1.06943e+08 9.63866e+07 6.27448e+07 1.88121e+08 5.98291e+07 4.06539e+07 3.16253e+07 3.00714e+07 2.43295e+07 2.33701e+07 2.27036e+07 2.7481e+07 2.21363e+07 2.08898e+07 1.7827e+07 1.71256e+07 1.66163e+07 1.77939e+07 1.64338e+07 1.53697e+07 1.47795e+07 1.41514e+07 1.29076e+07 1.26066e+07
threshold=15.199964433204654 7.3691513538360605 0 17.999958659530645 0.99999769051669152 7.4989146471023567 5.4778346966344351 13.900046924062918 20.876902363572629 0.82004901960784327 19.019955969009406 34.663429674957491 10.220005861970135 18.579956991500861 1.0000000180025095e-35 18.59995679335022 5.5858000000000017 9.6964800574538454 3.101666666666667 92.717059551879103 15.939963033760074 7.334843802452089 0.044999874682521743 8.3699770756030922 11.899972057614617 0.019999953988310573 1.3408333333333335 1.5208333333333337 19.81995397511292 17.349959723434452
decision_type=2 10 1 2 2 10 2 2 2 2 2 2 2 2 2 2 10 2 2 2 2 10 2 2 2 2 2 2 2 2
left_child=1 16 4 5 8 -2 11 24 9 -3 13 25 -8 -5 -10 -15 22 -18 -9 -14 -7 -19 -1 -24 -6 -4 -13 28 -12 -22
right_child=3 2 6 10 7 20 12 18 14 -11 27 26 19 15 -16 -17 17 21 -20 -21 29 -23 23 -25 -26 -27 -28 -29 -30 -31
leaf_value=-24.770819804757885 -22.233752425157473 0.64144977855229579 -23.548961495970929 42.395757934854885 7.6407068246809615 22.325950622603507 -11.57306870243335 17.211857353092935 -3.2116504152693732 49.300688960437697 54.976203886988792 -15.60323188693156 10.734755192575321 8.7335064259984279 2.5793131283664605 47.91489659627279 -21.170162272959107 -11.052004605276091 42.128802443284258 -8.4599565738755498 27.079804656945146 15.381168093474017 -15.235172818719494 -22.102268833224176 11.485963400180118 -17.364094758444619 -19.198599855913702 44.672850638974097 49.820725962478747 17.140181931341672
leaf_weight=5809 708 1498 4565 991 5035 7250 3568 5974 23172 228 2535 7009 283 131 1967 53 1168 554 90 282 4265 68 1054 9865 6230 1308 4890 743 2739 352
leaf_count=5809 708 1498 4565 991 5035 7250 3568 5974 23172 228 2535 7009 283 131 1967 53 1168 554 90 282 4265 68 1054 9865 6230 1308 4890 743 2739 352
internal_value=0.00217157 -7.35576 -3.24594 31.4982 3.61186 21.2862 -17.0813 12.5056 -2.12522 7.09403 49.3482 -18.7663 -9.83304 38.9429 -2.75845 20.2175 -22.0246 -16.6502 17.5886 1.15636 23.8843 -8.14215 -22.5986 -21.4409 9.76812 -22.1747 -17.0823 51.3734 52.3087 26.3259
internal_weight=104384 84617 66099 19767 44194 12575 21905 17329 26865 1726 7192 17772 4133 1175 25139 184 18518 1790 6064 565 11867 622 16728 10919 11265 5873 11899 6017 5274 4617
internal_count=104384 84617 66099 19767 44194 12575 21905 17329 26865 1726 7192 17772 4133 1175 25139 184 18518 1790 6064 565 11867 622 16728 10919 11265 5873 11899 6017 5274 4617
cat_boundaries=0 1
cat_threshold=2
is_linear=0
shrinkage=0.05


Tree=19
num_leaves=31
num_cat=1
split_feature=5 0 0 0 2 0 4 3 0 0 4 0 0 4 4 4 3 3 0 4 2 2 0 3 3 0 3 2 3 2
split_gain=9.22157e+09 4.39137e+09 1.24533e+09 5.39452e+08 1.10873e+08 1.17436e+08 5.74958e+07 1.71553e+08 1.63402e+08 4.19046e+07 4.18643e+07 3.70046e+07 3.47182e+07 2.4085e+07 9.73148e+07 1.97374e+07 1.87099e+07 1.84185e+07 1.78865e+07 2.97306e+07 3.74769e+07 1.69725e+07 1.58099e+07 1.42185e+07 1.29108e+07 1.31765e+07 1.28544e+07 1.20018e+07 1.1816e+07 1.18065e+07
threshold=0 14.539561841274361 18.379957119216922 0.49999881609046465 5.5858000000000017 7.5068733161599308 20.876902363572629 0.77023809523809539 0.19438611718302773 12.860829924512387 7.4417474773993915 16.219962576889042 19.019955969009406 79.705660969726708 53.530094638705926 199.80677468231644 0.39583333333333343 3.101666666666667 9.2999783966751099 116.90209583102994 7.334843802452089 7.5200507164001467 0.56376389204216271 2.3208333333333337 3.101666666666667 19.81995397511292 0.23990740740740746 2.7159958660602572 0.37916666666666676 7.6042065620422372
decision_type=1 2 2 2 10 2 2 2 2 2 2 2 2 2 2 2 2 2 2 2 10 10 2 2 2 2 2 10 2 10
left_child=1 3 11 6 27 10 7 26 -9 16 -6 17 -4 14 -8 -15 22 28 21 20 -20 -7 -5 -11 25 -14 -1 -2 -3 -12
right_child=4 2 12 9 5 18 13 8 -10 23 29 -13 24 15 -16 -17 -18 -19 19 -21 -22 -23 -24 -25 -26 -27 -28 -29 -30 -31
leaf_value=-11.958098807760036 -26.824027080918796 16.53955352316002 38.030965650469504 27.971891660729394 -22.703649413177246 -13.719890122215006 -1.7853348951604913 3.966783197273811 79.193399637823234 12.355576839665467 -14.626423068266085 24.826051362878339 51.633154332027168 -0.75058214366574127 -12.977094589605834 -8.6938084096590487 5.1202736551761481 39.736068491442452 -9.8002795796024849 -13.142020312436347 8.1324206578986971 -3.4637558398446608 9.5699397345238673 25.809438687568814 24.679683341333426 46.75196401491138 1.6583742705915037 -21.12835941034335 20.681549372306762 -17.633284229221641
leaf_weight=201 995 2362 878 121 3630 1915 8430 143 145 6998 4691 6405 2779 13033 2523 831 4095 115 541 707 629 512 2874 202 58 3180 1220 16438 6660 11073
leaf_count=201 995 2362 878 121 3630 1915 8430 143 145 6998 4691 6405 2779 13033 2523 831 4095 115 541 707 629 512 2874 202 58 3180 1220 16438 6660 11073
internal_value=0.00218601 11.9861 29.7545 2.21807 -18.427 -16.1987 -2.00098 6.86713 41.9843 10.0493 -17.8569 21.9062 47.4396 -2.61192 -4.36428 -1.22729 7.31897 19.8569 -8.72407 -5.05478 -0.160821 -11.5586 10.3225 12.7366 48.806 49.0366 -0.274723 -21.455 19.5991 -16.7395
internal_weight=104384 63253 22437 40816 41131 23698 26526 1709 288 14290 19394 15542 6895 24817 10953 13864 7090 9137 4304 1877 1170 2427 2995 7200 6017 5959 1421 17433 9022 15764
internal_count=104384 63253 22437 40816 41131 23698 26526 1709 288 14290 19394 15542 6895 24817 10953 13864 7090 9137 4304 1877 1170 2427 2995 7200 6017 5959 1421 17433 9022 15764
cat_boundaries=0 1
cat_threshold=2
is_linear=0
shrinkage=0.05


Tree=20
num_leaves=31
num_cat=2
split_feature=5 0 0 1 4 5 0 4 3 4 0 1 0 4 1 0 0 3 4 1 1 1 4 3 1 3 3 3 1 0
split_gain=8.32274e+09 3.96461e+09 1.09777e+09 5.39235e+08 7.21559e+07 9.92985e+07 8.88104e+07 5.11904e+07 1.55436e+08 1.2736e+08 3.28394e+07 3.2043e+07 3.1326e+07 2.61019e+07 2.18347e+07 1.87941e+07 1.73228e+07 1.6843e+07 1.54758e+07 1.8575e+07 1.51564e+07 1.43805e+07 1.59283e+07 1.39816e+07 1.32886e+07 1.28463e+07 1.23844e+07 1.2133e+07 1.1612e+07 1.10315e+07
threshold=0 14.619999042996684 18.379957119216922 0.99999769051669152 7.3565387915560505 1 8.9482511799928321 20.876902363572629 0.82004901960784327 20.682779021084816 13.038104330365876 15.939963033760074 19.019955969009406 153.11144539855789 1.0000000180025095e-35 0.43188358347689532 0.14001774458882627 2.9541666666666671 178.95663949190643 16.939961004837041 3.7799912001055689 18.579956991500861 276.38051498725684 2.3208333333333337 1.2999969742627144 0.52044444444444449 1.5208333333333337 0.40068181818181825 17.349959723434452 9.1616146857637091
decision_type=1 2 2 2 2 1 2 2 2 2 2 2 2 2 2 2 2 2 2 2 2 2 2 2 2 2 2 2 2 2
left_child=1 3 11 7 -2 6 24 8 16 -10 20 17 21 29 15 -9 -1 -3 19 -13 -5 -4 -23 -12 -6 -16 -14 -22 -20 -8
right_child=4 2 12 10 5 -7 13 14 9 -11 23 18 26 -15 25 -17 -18 -19 28 -21 27 22 -24 -25 -26 -27 -28 -29 -30 -31
leaf_value=-4.1065397601120148 -22.083655800329858 19.12230955645536 39.087238387851357 14.607583665291187 -16.123509427545461 -19.842226387630646 -9.4082337308748745 -3.2280133318601671 -9.0905406712849945 70.527329819710019 12.039846706687454 26.022945963047171 47.239827561820519 -12.248983402666367 0.71836318161151513 3.9649121239707421 6.7573736257274577 36.076996553548177 24.060622788303437 43.851402395303971 9.4239540454472426 45.895998150507609 11.021550709354544 24.570605959293644 -12.12625895552371 11.454896674734496 40.11374771610383 5.0499083725935412 15.73371799629259 0.48047314154559484
leaf_weight=859 7126 10014 725 709 15362 13671 363 22226 74 154 6974 539 5274 933 1632 946 639 149 3694 205 2758 47 106 230 2424 335 743 3740 481 1252
leaf_count=859 7126 10014 725 709 15362 13671 363 22226 74 154 6974 539 5274 933 1632 946 639 149 3694 205 2758 47 106 230 2424 335 743 3740 481 1252
internal_value=0.00220005 11.3871 28.5417 2.25279 -17.5058 -16.5458 -14.3287 -1.9329 6.39435 44.7596 10.0553 20.9836 45.0688 -5.59557 -2.50487 -2.9342 0.529079 19.3744 24.3035 30.9876 7.66701 36.1316 21.9631 12.4433 -15.5794 2.5518 46.3667 6.90759 23.1053 -1.74663
internal_weight=104384 63253 21977 41276 41131 34005 20334 26865 1726 228 14411 15082 6895 2548 25139 23172 1498 10163 4919 744 7207 878 153 7204 17786 1967 6017 6498 4175 1615
internal_count=104384 63253 21977 41276 41131 34005 20334 26865 1726 228 14411 15082 6895 2548 25139 23172 1498 10163 4919 744 7207 878 153 7204 17786 1967 6017 6498 4175 1615
cat_boundaries=0 1 2
cat_threshold=2 1
is_linear=0
shrinkage=0.05


Tree=21
num_leaves=31
num_cat=2
split_feature=5 0 0 1 4 5 0 4 3 4 0 0 1 3 4 1 0 4 4 4 4 0 3 3 3 0 3 4 4 4
split_gain=7.51155e+09 3.58042e+09 1.11906e+09 3.58578e+08 6.5122e+07 8.96152e+07 8.02044e+07 4.48199e+07 1.43926e+08 1.37012e+08 4.20196e+07 4.00921e+07 2.54876e+07 2.40871e+07 2.26869e+07 1.96995e+07 1.69269e+07 2.39431e+07 1.60385e+07 9.22034e+07 1.78536e+07 1.33356e+07 1.15789e+07 1.1543e+07 1.13399e+07 1.19782e+07 1.10157e+07 1.07788e+07 1.37298e+07 1.13173e+07
threshold=0 14.039967583885195 17.999958659530645 0.51999881025514538 7.3565387915560505 1 8.8257749581760265 20.876902363572629 0.75023809523809526 20.682779021084816 19.019955969009406 15.819963573837283 18.579956991500861 1.3004166666666668 153.11144539855789 18.59995679335022 11.959972063575746 175.85592669041588 79.705660969726708 72.667141910237405 197.59788178585998 9.1616146857637091 2.5408333333333339 0.23990740740740746 3.101666666666667 19.879953380661018 3.101666666666667 32.539182051599006 278.99955054364256 31.349277966293069
decision_type=1 2 2 2 2 1 2 2 2 2 2 2 2 2 2 2 2 2 2 2 2 2 2 2 2 2 2 2 2 2
left_child=1 3 11 7 -2 6 27 8 23 -10 12 13 -4 -3 21 -14 17 -5 19 -9 -20 -8 -18 -1 25 -12 -15 29 -29 -6
right_child=4 2 10 16 5 -7 14 18 9 -11 24 -13 15 26 -16 -17 22 -19 20 -21 -22 -23 -24 -25 -26 -27 -28 28 -30 -31
leaf_value=-11.758731894281699 -20.979628014781291 15.3399906570996 36.804544817987953 8.6883234008788168 -15.688858076017111 -18.850187669697785 -8.943584678858242 -2.1074954813570517 -8.9705187151753005 62.303000708806145 46.483800732718151 21.386451522029315 5.8865595764824841 20.860428091145831 -11.722610159759814 41.832374075960232 9.8025290651512957 1.2856585601105206 -0.84463028605094825 -15.702558814675264 -8.2653616416709266 0.45646863503953194 38.276788285573325 1.1195561450223128 21.49492041571666 41.853378340727119 36.386312674870567 -13.704076969799509 -19.395965281196364 -22.04047577582098
leaf_weight=202 7126 7352 991 3166 3050 13671 539 9621 103 193 3094 8339 131 1504 1018 53 7360 1668 12880 1432 864 1252 35 1217 58 2865 125 12388 1165 922
leaf_count=202 7126 7352 991 3166 3050 13671 539 9621 103 193 3094 8339 131 1504 1018 53 7360 1668 12880 1432 864 1252 35 1217 58 2865 125 12388 1165 922
internal_value=0.00228147 10.8181 25.7729 1.35556 -16.6306 -15.7186 -13.6124 -1.91147 5.90352 37.555 42.3514 18.8868 33.6276 16.5636 -5.76616 16.4107 8.43795 6.13479 -2.45219 -3.8701 -1.31169 -2.37588 9.94245 -0.720703 44.0491 44.265 22.0734 -14.8697 -14.1947 -17.1684
internal_weight=104384 63253 24512 38741 41131 34005 20334 26512 1715 296 7192 17320 1175 8981 2809 184 12229 4834 24797 11053 13744 1791 7395 1419 6017 5959 1629 17525 13553 3972
internal_count=104384 63253 24512 38741 41131 34005 20334 26512 1715 296 7192 17320 1175 8981 2809 184 12229 4834 24797 11053 13744 1791 7395 1419 6017 5959 1629 17525 13553 3972
cat_boundaries=0 1 2
cat_threshold=2 1
is_linear=0
shrinkage=0.05


Tree=22
num_leaves=31
num_cat=1
split_feature=5 0 0 1 2 0 0 0 0 3 3 1 1 1 1 3 3 3 0 0 1 1 0 3 3 1 2 1 1 3
split_gain=6.7794e+09 3.23526e+09 8.94278e+08 4.3799e+08 8.17951e+07 8.79944e+07 3.79017e+07 2.66295e+07 2.57243e+07 4.02402e+07 2.06248e+08 2.29758e+07 2.01081e+07 1.90609e+07 1.79148e+07 1.65634e+07 1.59263e+07 1.51651e+07 1.50249e+07 1.71223e+07 1.36644e+07 1.62008e+07 1.35404e+07 1.24768e+07 1.18434e+07 1.14367e+07 1.09702e+07 1.08418e+07 3.46497e+07 1.08016e+07
threshold=0 14.619999042996684 17.999958659530645 0.99999769051669152 5.5858000000000017 6.1068796667851233 19.019955969009406 13.038104330365876 0.14001774458882627 0.32007575757575768 0.33992424242424252 18.579956991500861 15.939963033760074 1.0000000180025095e-35 18.699957285629278 0.35340909090909095 0.7997619047619049 1.5808333333333338 9.6964800574538454 12.466282421897018 0.044999874682521743 8.3699770756030922 3.4999918791847233 0.52044444444444449 2.8375000000000008 13.659968197303774 7.4373547077178968 17.349959723434452 17.436626025792446 1.5208333333333337
decision_type=1 2 2 2 10 2 2 2 2 2 2 2 2 2 2 2 2 2 2 2 2 2 2 2 2 2 10 2 2 2
left_child=1 3 12 8 20 15 11 22 13 -10 -11 -4 17 16 -13 -6 -1 25 -7 26 -2 -22 -5 -15 -9 -3 -20 -14 -29 -8
right_child=4 2 6 7 5 18 29 24 9 10 -12 14 27 23 -16 -17 -18 -19 19 -21 21 -23 -24 -25 -26 -27 -28 28 -30 -31
leaf_value=-2.2806648314725257 -20.388752675654761 31.117996262955486 34.966171805993611 13.714524710685666 -17.940172235728152 -9.650193403741989 42.661450843471158 11.007131426486723 -4.2763525638372668 56.105625469882185 1.5509028092957529 7.1161315752069161 22.176821201202308 1.1050671411505049 44.329482803344732 -14.538723338960317 -5.8238936851036209 23.107472386629247 0.11480789084361753 -28.02629894957823 -11.472755439237396 -17.994860348243972 6.2157452426785458 14.593235059870352 31.866143935936091 16.593543974838834 -10.456231040924694 -0.48135492063036156 31.205646755345665 36.020589997717131
leaf_weight=14929 5809 138 991 663 4826 3269 5274 7136 2347 180 4046 143 4270 1135 41 14154 4027 1080 1064 67 1054 10570 6544 201 68 8945 318 203 149 743
leaf_count=14929 5809 138 991 663 4826 3269 5274 7136 2347 180 4046 143 4270 1135 41 14154 4027 1080 1064 67 1054 10570 6544 201 68 8945 318 203 149 743
internal_value=0.00227811 10.2775 25.774 2.02607 -15.7992 -13.8853 40.2352 9.05809 -1.74626 0.972124 3.8873 31.9498 18.7373 -2.62681 15.6031 -15.4045 -3.03365 17.4882 -7.77181 -3.53038 -18.4 -17.4045 6.90739 3.14375 11.2084 16.8176 -2.3234 21.4795 12.982 41.8475
internal_weight=104384 63253 21977 41276 41131 23698 7192 14411 26865 6573 4226 1175 14785 20292 184 18980 18956 10163 4718 1449 17433 11624 7207 1336 7204 9083 1382 4622 352 6017
internal_count=104384 63253 21977 41276 41131 23698 7192 14411 26865 6573 4226 1175 14785 20292 184 18980 18956 10163 4718 1449 17433 11624 7207 1336 7204 9083 1382 4622 352 6017
cat_boundaries=0 1
cat_threshold=2
is_linear=0
shrinkage=0.05


Tree=23
num_leaves=31
num_cat=3
split_feature=5 0 0 1 1 0 1 4 3 4 0 0 0 1 4 4 4 0 4 4 3 4 3 3 1 0 5 4 3 5
split_gain=6.11865e+09 2.92055e+09 9.10498e+08 2.91873e+08 5.51266e+07 8.02794e+07 4.05505e+07 3.86045e+07 1.35547e+08 1.26528e+08 3.41839e+07 3.41491e+07 2.42748e+07 2.07077e+07 1.82408e+07 1.69454e+07 1.6713e+07 1.53017e+07 8.50584e+07 1.75426e+07 1.36978e+07 1.3399e+07 1.17174e+07 1.16986e+07 1.09307e+07 1.05237e+07 2.22117e+07 1.04665e+07 1.03153e+07 1.02822e+07
threshold=0 14.039967583885195 17.999958659530645 1.0000000180025095e-35 0.019999953988310573 12.261389200851037 0.99999769051669152 20.876902363572629 0.76060606060606073 20.682779021084816 19.019955969009406 15.150765967678394 11.959972063575746 18.579956991500861 199.80677468231644 7.3565387915560505 276.38051498725684 0.44520146530287003 36.972016444086492 79.705660969726708 3.101666666666667 145.25178461759691 2.4208333333333338 0.43339506172839515 15.999962161239624 9.1616146857637091 1 278.99955054364256 2.5408333333333339 2
decision_type=1 2 2 2 2 2 2 2 2 2 2 2 2 2 2 2 2 2 2 2 2 2 2 2 2 2 1 2 2 1
left_child=1 3 11 7 15 6 27 8 23 -10 13 20 14 -4 21 -2 -15 19 -19 -9 -3 -5 24 -1 -13 -8 -27 -6 -14 -17
right_child=4 2 10 12 5 -7 25 17 9 -11 -12 22 28 16 -16 29 -18 18 -20 -21 -22 -23 -24 -25 -26 26 -28 -29 -30 -31
leaf_value=-4.9872158670789828 -19.583204276323478 13.336414564219844 33.219625507122089 4.6608822523093236 -12.984764041706848 -17.267023131019993 -10.142582710462939 -4.3649497612830421 -8.713158577027567 60.530787066908744 39.755814104084962 17.066208227996942 8.8505490837377163 40.236785227457688 0.048614102583980967 -14.575735755079416 5.8944916241929155 26.288961509943842 -6.7375449139938546 -1.544727156700088 33.285578549124978 10.480494923565056 26.642077657245878 4.3251860218542193 20.278822969055994 -3.6563065538738111 -15.265614491045014 -18.245679872821654 35.722476776970758 -18.349013063775882
leaf_weight=825 6043 5138 991 3578 9923 10055 3798 10030 101 188 6017 7492 7360 47 1545 4728 137 286 607 12249 87 1368 432 569 4171 2050 515 1052 35 2967
leaf_count=825 6043 5138 991 3578 9923 10055 3798 10030 101 188 6017 7492 7360 47 1545 4728 137 286 607 12249 87 1368 432 569 4171 2050 515 1052 35 2967
internal_value=0.00229945 9.76394 23.2705 1.21773 -15.0094 -13.7117 -11.649 -2.02614 5.28354 36.3847 38.2245 17.0591 7.02378 30.356 4.79117 -17.5959 14.8368 -2.55725 3.85738 -2.81453 13.6749 6.27231 18.5199 -1.18572 18.2168 -8.47075 -5.99226 -13.4907 8.98255 -16.0328
internal_weight=104384 63253 24512 38741 41131 27393 17338 24855 1683 289 7192 17320 13886 1175 6491 13738 184 23172 893 22279 5225 4946 12095 1394 11663 6363 2565 10975 7395 7695
internal_count=104384 63253 24512 38741 41131 27393 17338 24855 1683 289 7192 17320 13886 1175 6491 13738 184 23172 893 22279 5225 4946 12095 1394 11663 6363 2565 10975 7395 7695
cat_boundaries=0 1 2 3
cat_threshold=2 1 1
is_linear=0
shrinkage=0.05


Tree=24
num_leaves=31
num_cat=1
split_feature=5 0 0 0 2 0 4 0 3 4 4 0 4 4 0 0 4 0 2 2 4 4 3 3 4 0 3 0 3 2
split_gain=5.52229e+09 2.63739e+09 7.27967e+08 3.40595e+08 6.70254e+07 7.34572e+07 4.04268e+07 6.34591e+07 7.96917e+07 3.14246e+07 6.62665e+07 2.80976e+07 2.77716e+07 2.2187e+07 2.12885e+07 2.01853e+07 1.61347e+07 1.35841e+07 1.78449e+07 1.36194e+07 2.34122e+07 1.31608e+07 1.1708e+07 1.11993e+07 1.06962e+07 1.05205e+07 9.98839e+06 1.10594e+07 9.70155e+06 9.42109e+06
threshold=0 14.619999042996684 18.379957119216922 0.49999881609046465 7.1956784248352061 7.5068733161599308 36.928172484557372 0.16203430980392161 0.76060606060606073 79.705660969726708 73.493986445789304 12.579970740760805 32.539182051599006 35.992682306176619 16.159962429824834 19.019955969009406 181.04542460651254 9.9403491686412639 7.5200507164001467 7.334843802452089 92.717059551879103 37.026206013103618 3.101666666666667 2.3208333333333337 233.54283251771065 11.799972907264712 3.101666666666667 19.763287684494021 0.28083333333333343 2.7159958660602572
decision_type=1 2 2 2 10 2 2 2 2 2 2 2 2 2 2 2 2 2 10 10 2 2 2 2 2 2 2 2 2 10
left_child=1 3 14 6 29 12 7 13 -9 10 -8 24 -6 -1 22 -4 -11 18 -7 28 -21 -14 -3 -13 -5 -26 27 -17 -19 -2
right_child=4 2 15 11 5 17 9 8 -10 16 -12 23 21 -15 -16 26 -18 19 -20 20 -22 -23 -24 -25 25 -27 -28 -29 -30 -31
leaf_value=-2.3062418709330745 -21.344243949982154 15.204728563633797 29.5492206709865 6.8195943300719621 -16.332466453646461 -10.264863476772748 -2.9073331827497095 4.660973335188392 35.879498632983733 -0.41585506493850311 -15.221485706419106 9.4783917475658992 -8.3129463848478373 10.73370630509025 19.206284552434759 40.625153782983851 -7.3606345051533557 17.726751229763032 -0.72040090472735829 10.554148710474713 -7.200795178029856 -13.040094595497658 32.155002703299886 20.589364523846879 -1.1331202449923765 6.0107179713387771 16.713788163783189 36.130193231360508 -10.886762148630705 -16.308450341448232
leaf_weight=2420 995 8236 878 4178 6991 2376 7639 657 296 12971 1274 8279 1717 376 6743 2431 893 31 617 392 351 10644 103 233 1037 1023 58 3528 416 16601
leaf_count=2420 995 8236 878 4178 6991 2376 7639 657 296 12971 1274 8279 1717 376 6743 2431 893 31 617 392 351 10644 103 233 1037 1023 58 3528 416 16601
internal_value=0.00229186 9.27602 23.2676 1.82593 -14.2591 -12.5125 -1.56097 3.24969 14.3848 -2.3529 -4.669 7.91654 -13.8113 -0.549446 17.1128 36.7262 -0.863677 -6.50196 -8.29819 -1.98104 2.16814 -12.3842 15.4179 9.78492 5.3659 2.41572 37.7684 37.9704 -8.86723 -16.5944
internal_weight=104384 63253 21977 41276 41131 23535 26526 3749 953 22777 8913 14750 19352 2796 15082 6895 13864 4183 2993 1190 743 12361 8339 8512 6238 2060 6017 5959 447 17596
internal_count=104384 63253 21977 41276 41131 23535 26526 3749 953 22777 8913 14750 19352 2796 15082 6895 13864 4183 2993 1190 743 12361 8339 8512 6238 2060 6017 5959 447 17596
cat_boundaries=0 1
cat_threshold=2
is_linear=0
shrinkage=0.05


Tree=25
num_leaves=31
num_cat=1
split_feature=5 0 0 1 2 1 4 4 0 0 0 4 1 0 4 1 0 4 4 2 4 0 2 4 0 1 1 1 1 1
split_gain=4.984e+09 2.38282e+09 7.42316e+08 2.40586e+08 6.05246e+07 6.50937e+07 3.22132e+07 1.04127e+08 1.18438e+08 2.78717e+07 2.71881e+07 2.49989e+07 1.87947e+07 1.87042e+07 1.54423e+07 1.51414e+07 1.29429e+07 7.72668e+07 1.43185e+07 1.24768e+07 1.24016e+07 2.09888e+07 2.68524e+07 1.18999e+07 1.16371e+07 1.10022e+07 1.38236e+07 9.80039e+06 8.90857e+06 1.81589e+07
threshold=0 14.039967583885195 17.999958659530645 1.0000000180025095e-35 5.5858000000000017 6.1199858496971142 20.876902363572629 20.682779021084816 0.19438611718302773 15.239964407661441 19.019955969009406 34.663429674957491 18.579956991500861 11.959972063575746 199.80677468231644 18.699957285629278 0.44520146530287003 36.972016444086492 79.705660969726708 7.5635531902313238 149.23024062292276 9.1616146857637091 7.334843802452089 145.25178461759691 0.26004182463998643 0.044999874682521743 13.599968220170341 0.079999816677379113 17.58995901403809 17.349959723434452
decision_type=1 2 2 2 10 2 2 2 2 2 2 2 2 2 2 2 2 2 2 10 2 2 10 2 2 2 2 2 2 2
left_child=1 3 9 6 25 11 7 24 -9 -3 12 27 -4 14 23 -14 18 -18 -8 -13 21 -7 -23 -5 -1 -2 -27 -6 29 -11
right_child=4 2 10 13 5 20 16 8 -10 28 -12 19 15 -15 -16 -17 17 -19 -20 -21 -22 22 -24 -25 -26 26 -28 -29 -30 -31
leaf_value=1.0185167115660265 -17.567265969255509 12.538406899024086 30.223018099242644 4.24869951943149 -16.345916226331052 -8.3036363163738613 -3.9746475459715591 -0.91243462677823006 60.924616093903779 17.012604915513009 35.880711938753919 -7.0869127745289111 4.9353812676005901 8.0837012889996576 0.040824072119161822 39.127513692946664 24.941817206273097 -6.5356215108401674 -1.4267221476931529 -12.36089058736453 -10.253640628474749 -8.4093946205014767 6.0404142802928682 9.7329550254881028 -11.15944558162478 -12.188291261236365 -15.996906104540159 -11.026663792373148 34.332578088420711 4.1050179536486864
leaf_weight=1138 5809 5710 991 3578 5989 1789 10030 150 159 11258 6017 1257 143 7395 1545 41 286 607 12249 10770 1550 551 769 1368 236 3380 8244 1023 72 280
leaf_count=1138 5809 5710 991 3578 5989 1789 10030 150 159 11258 6017 1257 143 7395 1545 41 286 607 12249 10770 1550 551 769 1368 236 3380 8244 1023 72 280
internal_value=0.00226264 8.81242 21.0124 1.09297 -13.5463 -11.8999 -1.85215 4.82509 31.0005 15.4039 34.5149 -13.1963 27.496 6.36428 4.40444 12.7246 -2.33731 3.56224 -2.57392 -11.8103 -6.60038 -4.77633 0.00691004 5.76724 -1.07978 -15.7835 -14.8906 -15.5716 16.8121 16.6998
internal_weight=104384 63253 24512 38741 41131 23698 24855 1683 309 17320 7192 19039 1175 13886 6491 184 23172 893 22279 12027 4659 3109 1320 4946 1374 17433 11624 7012 11610 11538
internal_count=104384 63253 24512 38741 41131 23698 24855 1683 309 17320 7192 19039 1175 13886 6491 184 23172 893 22279 12027 4659 3109 1320 4946 1374 17433 11624 7012 11610 11538
cat_boundaries=0 1
cat_threshold=2
is_linear=0
shrinkage=0.05


Tree=26
num_leaves=31
num_cat=1
split_feature=5 1 1 1 2 1 4 3 4 1 4 1 4 3 1 1 1 1 3 3 4 4 4 1 1 3 2 1 1 3
split_gain=4.4982e+09 2.10086e+09 6.33938e+08 2.62476e+08 5.46712e+07 5.99354e+07 3.1971e+07 1.01788e+08 8.46722e+07 2.46654e+07 2.22326e+07 2.02958e+07 2.03639e+07 2.0002e+07 1.51113e+07 1.57528e+07 1.35313e+07 1.23372e+07 1.18586e+07 1.18519e+07 1.11956e+07 1.0917e+07 1.09083e+07 1.03079e+07 1.5311e+07 1.01738e+07 8.89138e+06 8.77066e+06 8.61361e+06 9.69083e+06
threshold=0 13.879955930444803 17.436626025792446 0.99999769051669152 7.1956784248352061 6.1199858496971142 20.876902363572629 0.82004901960784327 20.682779021084816 15.549957359887715 34.663429674957491 17.349959723434452 278.99955054364256 1.2604166666666672 11.899972057614617 3.7799912001055689 0.13999967864231086 1.0000000180025095e-35 2.5408333333333339 1.4608333333333337 197.59788178585998 149.23024062292276 76.622426155062485 0.044999874682521743 11.579968186739348 0.52044444444444449 7.4373547077178968 0.079999816677379113 18.59995679335022 1.0700490196078434
decision_type=1 2 2 2 10 2 2 2 2 2 2 2 2 2 2 2 2 2 2 2 2 2 2 2 2 2 10 2 2 2
left_child=1 3 9 6 23 10 7 16 -9 13 27 -11 -13 -3 15 -5 -1 20 -16 -12 -8 22 -7 -2 -25 -19 -23 -6 29 -4
right_child=4 2 28 14 5 21 17 8 -10 11 19 12 -14 -15 18 -17 -18 25 -20 -21 -22 26 -24 24 -26 -27 -28 -29 -30 -31
leaf_value=-0.26634734630535684 -16.699653771248759 11.944659504928232 26.870427841841163 11.993567881409552 -15.510534749764554 -5.7353547263859008 -2.0242114882920474 -7.7223227547963464 57.19200486903037 17.562926940732861 -10.047948297144334 30.690978129460262 -4.5271095125247269 17.704874779011128 8.4664923688077387 3.9554266641947247 34.821237030029302 0.27194031717491823 37.265182428757349 -13.331389979150396 -8.3802203330768563 -0.019891074727166377 2.2746682469965074 -9.4468664207797737 -14.819523368641768 9.8263362740335012 -11.070423104748649 -10.475868881721981 33.629825181553713 35.18533235465005
leaf_weight=1471 5849 7471 1175 709 5949 2488 22458 74 154 6720 7738 51 194 1895 7834 4326 27 1632 35 4289 714 211 512 1532 10215 335 1325 1023 5454 524
leaf_count=1471 5849 7471 1175 709 5949 2488 22458 74 154 6720 7738 51 194 1895 7834 4326 27 1632 35 4289 714 211 512 1532 10215 335 1325 1023 5454 524
internal_value=0.00222125 8.37201 20.2297 1.36957 -12.8691 -11.2916 -1.44567 5.13521 36.1816 14.7914 -12.5246 17.0476 2.89894 13.1119 7.23031 5.08947 0.388877 -1.89769 8.5993 -11.2199 -2.22041 -6.12563 -4.36801 -14.9782 -14.1197 1.90332 -9.55342 -14.7734 32.6422 29.4541
internal_weight=104384 63253 23484 39769 41131 23535 26865 1726 228 16331 18999 6965 245 9366 12904 5035 1498 25139 7869 12027 23172 4536 3000 17596 11747 1967 1536 6972 7153 1699
internal_count=104384 63253 23484 39769 41131 23535 26865 1726 228 16331 18999 6965 245 9366 12904 5035 1498 25139 7869 12027 23172 4536 3000 17596 11747 1967 1536 6972 7153 1699
cat_boundaries=0 1
cat_threshold=2
is_linear=0
shrinkage=0.05


Tree=27
num_leaves=31
num_cat=1
split_feature=5 0 0 1 2 0 4 0 3 0 4 4 4 4 1 3 0 4 4 0 3 0 0 2 1 2 4 4 1 3
split_gain=4.05978e+09 1.94627e+09 5.51405e+08 2.48312e+08 4.93402e+07 5.42892e+07 2.91525e+07 4.82435e+07 5.33938e+07 2.29548e+07 2.03621e+07 1.9796e+07 6.60516e+07 1.75439e+07 1.70541e+07 1.60435e+07 1.50689e+07 1.39158e+07 1.34575e+07 1.27573e+07 1.27237e+07 1.25414e+07 1.13223e+07 1.51314e+07 1.21112e+07 1.13425e+07 1.92226e+07 1.09169e+07 1.02984e+07 9.69479e+06
threshold=0 14.500664368361599 17.999958659530645 0.99999769051669152 7.1956784248352061 7.5068733161599308 36.928172484557372 0.16203430980392161 0.76060606060606073 19.019955969009406 32.539182051599006 79.705660969726708 53.530094638705926 35.992682306176619 18.579956991500861 2.8375000000000008 15.879962886695862 276.38051498725684 181.04542460651254 12.860829924512387 1.0700490196078434 4.5999893229560858 9.9403491686412639 7.5200507164001467 8.9999792146502262 7.334843802452089 92.717059551879103 37.026206013103618 13.579968433769229 1.5008333333333337
decision_type=1 2 2 2 10 2 2 2 2 2 2 2 2 2 2 2 2 2 2 2 2 2 2 10 2 10 2 2 2 2
left_child=1 3 16 6 -2 10 7 13 -9 14 -6 12 -8 -1 -4 19 20 -16 -13 21 28 -5 23 24 -7 -24 -27 -12 -3 -11
right_child=4 2 9 15 5 22 11 8 -10 29 27 18 -14 -15 17 -17 -18 -19 -20 -21 -22 -23 25 -25 -26 26 -28 -29 -30 -31
leaf_value=-2.2020824397760466 -14.229400779502818 27.055618114838236 27.319061947753355 10.876377343112491 -14.002544289508268 -4.0357469962533612 -1.1300207814399499 4.298591719530414 29.205952929296309 33.190662160395746 -6.9148038850429803 -0.42909199495310624 -10.497450385561573 10.078236537779205 33.834598827759429 30.58588953045053 15.882388169418768 2.5286543199635934 -6.5426048928308136 8.2293461878519363 16.125992652916349 4.3669054423726186 -7.7174454612817076 -0.22271856159936265 -11.575138363345546 9.9514245587329526 -6.136928157333962 -11.219010382531549 11.123889713348911 26.973739477471021
leaf_weight=2396 17596 103 991 846 6991 809 6499 685 313 5271 1717 13028 2648 330 47 70 8046 137 966 7056 2010 5893 447 617 1567 392 351 10644 5172 746
leaf_count=2396 17596 103 991 846 6991 809 6499 685 313 5271 1717 13028 2648 330 47 70 8046 137 966 7056 2010 5893 447 617 1567 392 351 10644 5172 746
internal_value=0.00221054 7.95365 19.7477 1.43143 -12.2258 -10.7272 -1.37323 2.73208 12.1316 31.1698 -11.8437 -2.03397 -3.84269 -0.712318 24.7224 6.86549 14.3877 10.665 -0.851543 6.74292 12.735 5.18558 -5.56002 -7.19987 -9.01084 -1.433 2.3531 -10.6217 11.44 32.4245
internal_weight=104384 63253 22523 40730 41131 23535 26865 3724 998 7192 19352 23141 9147 2726 1175 13865 15331 184 13994 13795 7285 6739 4183 2993 2376 1190 743 12361 5275 6017
internal_count=104384 63253 22523 40730 41131 23535 26865 3724 998 7192 19352 23141 9147 2726 1175 13865 15331 184 13994 13795 7285 6739 4183 2993 2376 1190 743 12361 5275 6017
cat_boundaries=0 1
cat_threshold=2
is_linear=0
shrinkage=0.05


Tree=28
num_leaves=31
num_cat=1
split_feature=5 0 0 1 2 1 0 0 0 3 3 1 0 1 0 3 3 3 0 3 1 1 3 0 1 2 3 1 0 2
split_gain=3.66406e+09 1.75779e+09 5.45749e+08 1.77963e+08 4.45277e+07 4.92666e+07 2.1293e+07 2.0704e+07 1.68943e+07 3.56971e+07 2.23269e+08 1.53746e+07 1.3317e+07 1.26393e+07 1.21926e+07 1.13699e+07 1.03105e+07 1.01305e+07 9.77294e+06 9.39142e+06 9.31158e+06 1.39085e+07 8.83064e+06 1.02535e+07 8.74936e+06 8.59372e+06 8.58923e+06 8.4042e+06 1.33941e+07 8.30713e+06
threshold=0 14.039967583885195 17.999958659530645 1.0000000180025095e-35 7.1956784248352061 1.2999969742627144 15.105127586337195 19.019955969009406 0.1999995406292677 0.32007575757575768 0.33992424242424252 18.579956991500861 11.959972063575746 18.699957285629278 9.6964800574538454 1.5808333333333338 2.8375000000000008 2.7958333333333338 0.48599659707669246 0.3467424242424243 0.044999874682521743 12.499970791847231 3.101666666666667 19.763287684494021 14.239960797386468 7.6011659383773811 1.5401190476190478 9.4199780113872613 8.8257749581760265 7.334843802452089
decision_type=1 2 2 2 10 2 2 2 2 2 2 2 2 2 2 2 2 2 2 2 2 2 2 2 2 10 2 2 2 10
left_child=1 3 6 8 20 19 15 11 17 18 -11 -4 26 -13 27 -3 24 -1 -10 -6 -2 -22 23 -9 -8 -21 -5 28 -7 -16
right_child=4 2 7 12 5 14 16 22 9 10 -12 13 -14 -15 29 -17 -18 -19 -20 25 21 -23 -24 -25 -26 -27 -28 -29 -30 -31
leaf_value=-2.1052603116870832 -15.153465427259807 9.6240923364287099 25.954485708821807 3.4777363064712179 -13.308152298491885 -7.8142371346086454 24.818727357075474 33.5324179093775 -2.4643353633983516 63.468657052642413 1.1240056340629487 3.0364768264691033 6.9105241531976986 34.260233604794458 -7.2144299103151148 17.191980088864206 25.480476625775829 -18.22055748355632 -11.734899350617011 -8.7243478082449144 -8.7531437081691994 -13.454397470826519 11.140587406158447 29.234598268330281 13.982553764842912 -11.495431809309347 13.905968397689946 -11.098869173287998 0.52269119699888877 1.1110760014179639
leaf_weight=20718 5849 4451 991 6288 4697 1937 190 2431 865 151 2601 143 7395 41 450 560 205 97 423 3916 1881 9866 58 3528 11914 9977 203 1025 641 892
leaf_count=20718 5849 4451 991 6288 4697 1937 190 2431 865 151 2601 143 7395 41 450 560 205 97 423 3916 1881 9866 58 3528 11914 9977 203 1025 641 892
internal_value=0.00219812 7.55619 18.0346 0.926029 -11.6145 -10.1909 13.2257 29.6121 -1.60695 1.35169 4.56662 23.489 5.45968 10.1416 -5.75362 10.4731 14.3454 -2.18123 -5.51568 -11.3709 -13.518 -12.7024 30.8038 30.9932 14.1547 -10.715 3.80596 -7.26855 -5.74192 -1.68393
internal_weight=104384 63253 24512 38741 41131 23535 17320 7192 24855 4040 2752 1175 13886 184 4945 5011 12309 20815 1288 18590 17596 11747 6017 5959 12104 13893 6491 3603 2578 1342
internal_count=104384 63253 24512 38741 41131 23535 17320 7192 24855 4040 2752 1175 13886 184 4945 5011 12309 20815 1288 18590 17596 11747 6017 5959 12104 13893 6491 3603 2578 1342
cat_boundaries=0 1
cat_threshold=2
is_linear=0
shrinkage=0.05


Tree=29
num_leaves=31
num_cat=1
split_feature=5 0 0 0 2 0 4 0 3 4 4 0 4 4 0 4 4 0 0 3 3 0 3 3 0 4 2 3 3 0
split_gain=3.30694e+09 1.58705e+09 4.3651e+08 2.06067e+08 4.01881e+07 4.37216e+07 3.14136e+07 4.66054e+07 5.78612e+07 2.99429e+07 5.01843e+07 2.15042e+07 1.04686e+08 9.2599e+07 2.49683e+07 1.81366e+07 1.81005e+07 1.53989e+07 1.45635e+07 1.34091e+07 1.22168e+07 1.22024e+07 1.05787e+07 1.02758e+07 9.35484e+06 1.7184e+07 2.39019e+07 8.71122e+06 8.49621e+06 8.70629e+06
threshold=0 14.619999042996684 18.379957119216922 0.44520146530287003 5.5858000000000017 3.4999918791847233 36.928172484557372 0.16203430980392161 0.76060606060606073 79.705660969726708 73.493986445789304 0.48599659707669246 36.972016444086492 36.97190895456697 11.959972063575746 34.663429674957491 35.992682306176619 0.49999881609046465 16.219962576889042 0.53916666666666679 2.8375000000000008 19.019955969009406 1.4608333333333337 0.37916666666666676 9.2999783966751099 116.90209583102994 7.334843802452089 3.101666666666667 1.5008333333333337 19.763287684494021
decision_type=1 2 2 2 10 2 2 2 2 2 2 2 2 2 2 2 2 2 2 2 2 2 2 2 2 2 10 2 2 2
left_child=1 3 18 6 -2 15 7 16 -9 10 -8 12 13 -5 17 -6 -1 -13 23 -11 -16 -4 -17 -3 -7 26 -26 -25 29 -23
right_child=4 2 21 11 5 24 9 8 -10 19 -12 14 -14 -15 20 22 -18 -19 -20 -21 -22 28 -24 27 25 -27 -28 -29 -30 -31
leaf_value=-1.8861809807379495 -12.856946737274876 9.0035114842236066 22.874316261172705 -6.1457861364455457 -12.819225220470441 -7.2066091360419096 -2.7389277394271794 4.2655639344371155 31.144534321225922 -1.4785345614508401 -13.499059458856259 -7.1407850143602918 -3.0624262531201047 127.74226428985594 7.116549068062124 -8.4844263727757383 9.8918039709282173 3.722209925276394 15.077956893012843 2.1272908703551412 26.999941751529008 32.429940537328875 -11.613138165408625 12.701153116041139 -6.6941334918768192 -8.8631381863524012 7.6272204422614882 27.077122866069828 24.169151323395006 28.224106091017305
leaf_weight=2420 17433 2242 878 20 6954 3037 7225 648 289 10337 1274 349 119 35 9853 7624 376 4820 6405 3434 77 2194 4206 6328 541 707 629 107 746 3077
leaf_count=2420 17433 2242 878 20 6954 3037 7225 648 289 10337 1274 349 119 35 9853 7624 376 4820 6405 3434 77 2194 4206 6328 541 707 629 107 746 3077
internal_value=0.00217789 7.1786 18.0322 1.39939 -11.0339 -9.69238 -1.30817 2.936 12.5802 -2.0197 -4.35327 6.00891 23.4409 79.8153 5.80649 -10.7909 -0.299331 2.98752 13.2662 -0.57928 7.27343 28.4539 -9.59769 11.9273 -5.49173 -2.71468 1.00506 12.9444 29.2642 29.9806
internal_weight=104384 63253 21977 41276 41131 23698 26003 3733 937 22270 8499 15273 174 55 15099 18784 2796 5169 15082 13771 9930 6895 11830 8677 4914 1877 1170 6435 6017 5271
internal_count=104384 63253 21977 41276 41131 23698 26003 3733 937 22270 8499 15273 174 55 15099 18784 2796 5169 15082 13771 9930 6895 11830 8677 4914 1877 1170 6435 6017 5271
cat_boundaries=0 1
cat_threshold=2
is_linear=0
shrinkage=0.05


Tree=30
num_leaves=31
num_cat=1
split_feature=5 0 0 1 2 1 4 0 4 0 0 4 1 4 0 4 4 4 0 0 4 4 2 2 4 1 1 1 0 0
split_gain=2.98463e+09 1.43495e+09 4.47601e+08 1.43672e+08 3.63205e+07 4.0251e+07 2.28064e+07 3.69436e+07 3.14283e+07 1.82801e+07 1.64869e+07 1.62681e+07 1.39414e+07 1.26879e+07 1.22623e+07 7.23099e+07 1.9525e+07 1.17584e+07 1.03012e+07 9.5909e+06 1.42513e+07 1.50934e+07 9.10749e+06 8.71201e+06 1.55414e+07 8.40599e+06 1.18592e+07 8.16694e+06 1.31597e+07 7.18721e+06
threshold=0 14.011457475470676 17.999958659530645 1.0000000180025095e-35 7.1956784248352061 1.2999969742627144 36.928172484557372 0.16203430980392161 20.682779021084816 15.819963573837283 19.019955969009406 7.4417474773993915 18.579956991500861 35.992682306176619 0.44520146530287003 36.972016444086492 79.705660969726708 276.38051498725684 9.9403491686412639 11.959972063575746 175.85592669041588 145.25178461759691 7.6011659383773811 7.334843802452089 92.717059551879103 1.0000000180025095e-35 13.599968220170341 9.4199780113872613 8.9482511799928321 19.879953380661018
decision_type=1 2 2 2 10 2 2 2 2 2 2 2 2 2 2 2 2 2 2 2 2 2 10 10 2 2 2 2 2 2
left_child=1 3 9 6 25 11 7 13 -9 -3 12 -6 -4 -1 16 -16 -8 -14 27 20 21 -5 -13 -20 -25 -2 -27 28 -7 -12
right_child=4 2 10 19 5 18 14 8 -10 -11 29 22 17 -15 15 -17 -18 -19 23 -21 -22 -23 -24 24 -26 26 -28 -29 -30 -31
leaf_value=-2.1164755187360682 -13.790464213038797 10.368511181185738 23.620034460406153 3.4081727911830537 -13.293598788243381 -6.7289054818471303 -4.2334926896679903 2.1100265125241204 20.318009462115214 13.611365543698355 29.481637173999339 -7.5126842036196173 29.868771789868674 8.519388303510075 25.798985459327696 -5.707997842152162 -1.0757418577621849 1.1027374241317529 -6.6385585534412961 6.1540683142474144 -0.23111506634019469 10.147210656661208 -10.290194876460143 9.0193163828494889 -5.4467937355052252 -9.0558626817367784 -12.48924771347302 -10.040099809025531 2.0527517586746327 25.948727376697942
leaf_weight=2317 5673 9132 991 3578 3582 2097 8154 505 446 8339 3148 4062 47 318 259 607 12249 137 447 7244 1831 1082 10946 392 351 3632 8291 1123 535 2869
leaf_count=2317 5673 9132 991 3578 3582 2097 8154 505 446 8339 3148 4062 47 318 259 607 12249 137 447 7244 1831 1082 10946 392 351 3632 8291 1123 535 2869
internal_value=0.00220679 6.81995 16.2399 0.79933 -10.4823 -9.19657 -1.46859 2.21955 10.6616 11.917 26.7381 -10.2631 21.2729 -0.830159 -2.09049 3.73387 -2.33787 8.57234 -5.18577 4.90318 3.50645 4.97474 -9.539 -1.13078 2.18725 -12.2014 -11.4442 -6.47019 -4.94378 27.8017
internal_weight=104384 63253 24663 38590 41131 23535 24855 3586 951 17471 7192 18590 1175 2635 21269 866 20403 184 4945 13735 6491 4660 15008 1190 743 17596 11923 3755 2632 6017
internal_count=104384 63253 24663 38590 41131 23535 24855 3586 951 17471 7192 18590 1175 2635 21269 866 20403 184 4945 13735 6491 4660 15008 1190 743 17596 11923 3755 2632 6017
cat_boundaries=0 1
cat_threshold=2
is_linear=0
shrinkage=0.05


Tree=31
num_leaves=31
num_cat=1
split_feature=5 0 0 1 2 0 3 0 0 3 3 3 1 1 0 1 0 3 3 3 0 2 2 2 0 3 1 1 1 1
split_gain=2.69372e+09 1.29752e+09 3.30385e+08 2.00133e+08 3.27791e+07 3.63697e+07 1.82774e+07 1.23466e+07 1.22257e+07 2.87336e+07 1.70148e+08 1.13225e+07 1.10682e+07 1.08741e+07 1.08303e+07 1.05606e+07 9.8467e+06 9.23263e+06 8.86037e+06 7.82493e+06 7.86734e+06 7.6683e+06 1.38762e+07 9.17832e+06 1.06613e+07 9.61674e+06 7.6256e+06 1.18725e+07 7.61257e+06 1.23365e+07
threshold=0 14.859965577217103 18.379957119216922 0.3199992689446855 7.1956784248352061 8.8257749581760265 1.7608333333333337 13.739968146217349 0.14001774458882627 0.32007575757575768 0.33992424242424252 0.7997619047619049 16.039962506454472 1.0000000180025095e-35 0.48599659707669246 13.779962137966713 19.019955969009406 1.5808333333333338 0.29527777777777781 3.101666666666667 19.879953380661018 7.432311558723451 7.5340837955474864 7.334843802452089 9.1616146857637091 0.28083333333333343 0.044999874682521743 11.359973712899027 18.579956991500861 17.58995901403809
decision_type=1 2 2 2 10 2 2 2 2 2 2 2 2 2 2 2 2 2 2 2 2 10 10 10 2 2 2 2 2 2
left_child=1 3 12 8 26 13 7 18 11 14 -11 -1 15 -6 -10 -3 -4 -17 -5 20 -18 23 -23 25 -25 -7 -2 -28 29 -14
right_child=4 2 16 6 5 21 -8 -9 9 10 -12 -13 28 -15 -16 17 19 -19 -20 -21 -22 22 -24 24 -26 -27 27 -29 -30 -31
leaf_value=-1.2187424982383399 -13.070913912778423 25.025665667554374 20.671307170148324 6.4634395295153384 -10.912447519251518 19.419187386456656 12.846359917717137 7.5250789720593092 -2.155308624324948 52.615520471127446 1.074677514507705 -4.1739932180302333 13.933006142110532 -8.5537943517151653 -10.963419479514581 10.568034768445273 28.364860561689767 15.740739865758929 3.4212975189490451 7.9679028871908022 24.664486225917884 -8.6086171172536634 2.4336599728387065 -8.9595557782664823 5.3715518582885835 -8.2328684228777327 -6.6332691576159455 -11.453876873071394 -10.066574201583862 26.342582497259357
leaf_weight=15984 5849 138 878 3666 7943 33 879 4847 1706 166 3892 4065 4127 12805 438 8332 3094 967 6909 58 2865 1118 381 160 669 426 1464 10283 31 211
leaf_count=15984 5849 138 878 3666 7943 33 879 4847 1706 166 3892 4065 4127 12805 438 8332 3094 967 6909 58 2865 1118 381 160 669 426 1464 10283 31 211
internal_value=0.00215057 6.4791 16.746 1.48413 -9.9583 -8.73685 5.83542 5.43501 -1.21799 0.721982 3.1955 -1.81811 12.2805 -9.45725 -3.959 11.3137 25.6841 11.1076 4.47642 26.4121 26.5902 -3.37235 -5.80225 -0.542068 2.59813 -6.20691 -11.5914 -10.8537 14.3657 14.5425
internal_weight=104384 63253 20701 42552 41131 23535 16301 15422 26251 6202 4058 20049 13806 20748 2144 9437 6895 9299 10575 6017 5959 2787 1499 1288 829 459 17596 11747 4369 4338
internal_count=104384 63253 20701 42552 41131 23535 16301 15422 26251 6202 4058 20049 13806 20748 2144 9437 6895 9299 10575 6017 5959 2787 1499 1288 829 459 17596 11747 4369 4338
cat_boundaries=0 1
cat_threshold=2
is_linear=0
shrinkage=0.05


Tree=32
num_leaves=31
num_cat=1
split_feature=5 0 0 1 2 1 3 0 0 1 0 3 3 1 3 0 1 1 3 0 2 2 3 3 3 2 0 3 2 1
split_gain=2.43115e+09 1.17107e+09 2.98359e+08 1.80742e+08 2.95843e+07 3.34278e+07 1.73446e+07 1.33243e+07 1.23807e+07 1.2128e+07 1.1473e+07 2.55062e+07 1.70002e+08 1.04534e+07 1.00291e+07 9.29349e+06 8.81077e+06 8.70577e+06 8.67401e+06 8.27717e+06 8.729e+06 9.65306e+06 7.36776e+06 7.2509e+06 7.16505e+06 7.09359e+06 6.89462e+06 6.70192e+06 7.26173e+06 6.67832e+06
threshold=0 14.859965577217103 17.999958659530645 0.19999954060724254 7.1956784248352061 1.2999969742627144 1.7608333333333337 19.019955969009406 12.579970740760805 18.579956991500861 0.1999995406292677 0.32007575757575768 0.33992424242424252 18.699957285629278 2.4208333333333338 0.48599659707669246 13.659968197303774 15.999962161239624 2.7958333333333338 10.220005861970135 7.334843802452089 7.4373547077178968 1.5008333333333337 0.28083333333333343 2.8875000000000006 2.7159958660602572 19.719954595108039 0.3467424242424243 7.6011659383773811 9.4199780113872613
decision_type=1 2 2 2 10 2 2 2 2 2 2 2 2 2 2 2 2 2 2 2 10 10 2 2 2 10 2 2 10 2
left_child=1 3 14 10 25 27 8 9 -5 -4 18 15 -13 -11 16 -12 -3 -18 -1 29 23 -22 26 -21 -8 -2 -9 -6 -29 -7
right_child=4 2 7 6 5 19 24 22 -10 13 11 12 -14 -15 -16 -17 17 -19 -20 20 21 -23 -24 -25 -26 -27 -28 28 -30 -31
leaf_value=-1.5818034586663998 -15.123787082840643 24.896875685716083 21.411099965177598 3.4590123043400069 -10.908227483498043 -4.3184306427380648 10.709149875379108 28.244223851743172 6.3071262578445859 0.93374741289350727 -1.617376648946478 55.347505613502705 0.98641112992590152 29.312893036745848 18.465668270077025 -10.54829136240957 10.229947298555915 13.014902739848631 -16.491577587516939 17.26547243425923 5.8715042585164596 -10.5590465565081 20.361691792819556 -7.8265567489928358 25.170199968102054 -10.764595484647321 24.390147005048586 -6.8892850733504281 -9.4351129511240188 -8.8007291254733442
leaf_weight=21736 995 117 991 6592 4697 2664 788 1863 9075 143 918 151 2673 41 503 426 8717 4172 97 30 519 107 746 415 96 16601 3408 3916 9977 1210
leaf_count=21736 995 117 991 6592 4697 2664 788 1863 9075 143 918 151 2673 41 503 426 8717 4172 97 30 519 107 746 415 96 16601 3408 3916 9977 1210
internal_value=0.00212897 6.15533 15.9091 1.41 -9.46044 -8.30005 5.49419 24.1358 5.10906 19.2223 -1.1899 1.21372 3.91168 7.38165 11.5278 -4.4539 11.2581 11.1323 -1.6488 -4.64499 -0.753552 3.05072 25.092 -6.10003 12.3063 -11.0119 25.7574 -9.272 -8.71807 -5.72034
internal_weight=104384 63253 20701 42552 41131 23535 16551 7192 15667 1175 26001 4168 2824 184 13509 1344 13006 12889 21833 4945 1071 626 6017 445 884 17596 5271 18590 13893 3874
internal_count=104384 63253 20701 42552 41131 23535 16551 7192 15667 1175 26001 4168 2824 184 13509 1344 13006 12889 21833 4945 1071 626 6017 445 884 17596 5271 18590 13893 3874
cat_boundaries=0 1
cat_threshold=2
is_linear=0
shrinkage=0.05


Tree=33
num_leaves=31
num_cat=1
split_feature=5 0 0 1 2 0 4 0 4 4 0 4 0 4 1 4 4 4 4 1 0 1 4 0 1 1 4 2 1 1
split_gain=2.1942e+09 1.05914e+09 3.34641e+08 9.99803e+07 2.66998e+07 3.04488e+07 2.06617e+07 3.73894e+07 5.42326e+07 1.57507e+07 1.48831e+07 1.36912e+07 1.20182e+07 1.1494e+07 1.09337e+07 9.9565e+06 9.73975e+06 8.92769e+06 1.28581e+07 7.6895e+06 1.49431e+07 7.39916e+06 6.95198e+06 1.27186e+07 6.85586e+06 1.5673e+07 1.00466e+07 6.74309e+06 6.66274e+06 1.11285e+07
threshold=0 13.900046924062918 17.999958659530645 1.0000000180025095e-35 7.1956784248352061 8.8257749581760265 34.157793897804034 0.16203430980392161 20.682779021084816 34.157793897804034 15.105127586337195 33.920180761862021 19.019955969009406 143.97753043880303 18.579956991500861 278.99955054364256 276.38051498725684 197.59788178585998 95.557937423290767 9.3099784902902716 9.2999783966751099 0.11999972465400027 248.50768118551136 11.799972907264712 17.58995901403809 17.349959723434452 278.10763530731896 7.5635531902313238 0.059999862689068546 13.359963216895524
decision_type=1 2 2 2 10 2 2 2 2 2 2 2 2 2 2 2 2 2 2 2 2 2 2 2 2 2 2 10 2 2
left_child=1 3 10 6 28 9 7 11 -9 21 -3 -1 14 19 -4 27 -16 18 -8 -7 -21 -6 -5 -24 25 -12 -26 -11 -2 -30
right_child=4 2 12 22 5 13 17 8 -10 15 24 -13 -14 -15 16 -17 -18 -19 -20 20 -22 -23 23 -25 26 -27 -28 -29 29 -31
leaf_value=-3.8401876362386456 -11.838045133029283 8.0279869137041313 20.341624082067323 4.96208334592301 -11.082194064352517 5.1321883210367636 -2.775302190218131 1.9806464657770553 28.996809684314389 -4.7204755477634022 11.318509583826584 5.1190671392172415 23.837971939478948 -7.1420510821278214 26.402727263569837 -11.95541098840074 0.22827894597813703 -7.2789621060637018 -0.32217271139439063 -11.405955735921165 0.75517161416559953 -6.5616403722774939 -2.1121184600445733 3.9880242555354153 42.865229479161712 -0.6464264069418042 5.2951060769142533 -7.6856719463737679 -7.0259291339385772 -10.637183796799425
leaf_weight=1310 5883 5622 991 8462 6207 449 11138 505 293 2384 11957 631 6017 1038 47 1163 137 714 10264 342 958 1066 1110 3703 40 280 32 9928 2818 8895
leaf_count=1310 5883 5622 991 8462 6207 449 11138 505 293 2384 11957 631 6017 1038 47 1163 137 714 10264 342 958 1066 1110 3703 40 280 32 9928 2818 8895
internal_value=0.00211905 5.84777 13.8184 0.595882 -8.9875 -7.88512 -1.27525 2.82045 11.924 -8.54427 10.1628 -0.926483 22.9299 -2.97673 18.2634 -7.53083 7.02075 -1.7826 -1.5989 -0.502022 -2.45044 -10.4206 4.09907 2.58103 11.1371 11.0447 26.4687 -7.11194 -10.4614 -9.76904
internal_weight=104384 63253 25123 38130 41131 23535 24855 2739 798 20748 17931 1941 7192 2787 1175 13475 184 22116 21402 1749 1300 7273 13275 4813 12309 12237 72 12312 17596 11713
internal_count=104384 63253 25123 38130 41131 23535 24855 2739 798 20748 17931 1941 7192 2787 1175 13475 184 22116 21402 1749 1300 7273 13275 4813 12309 12237 72 12312 17596 11713
cat_boundaries=0 1
cat_threshold=2
is_linear=0
shrinkage=0.05


Tree=34
num_leaves=31
num_cat=2
split_feature=5 0 0 0 4 0 3 4 5 0 4 4 0 4 4 4 4 0 3 0 3 3 2 0 2 3 3 0 3 3
split_gain=1.98033e+09 9.55912e+08 3.02029e+08 8.3138e+07 2.42618e+07 3.36868e+07 4.70175e+07 2.42005e+07 2.42014e+07 2.46152e+07 2.29772e+07 4.41769e+07 2.03605e+07 8.43933e+07 7.67343e+07 1.494e+07 1.45888e+07 1.43444e+07 1.57801e+07 1.39972e+07 1.39011e+07 1.27062e+07 1.24956e+07 1.08389e+07 8.92957e+06 7.51413e+06 6.87757e+06 6.6161e+06 6.04427e+06 5.85374e+06
threshold=0 13.900046924062918 17.999958659530645 0.44520146530287003 36.928172484557372 0.16203430980392161 0.76060606060606073 7.3565387915560505 1 9.1616146857637091 79.705660969726708 53.530094638705926 0.48599659707669246 36.972016444086492 36.97190895456697 35.992682306176619 143.97753043880303 0.49999881609046465 0.17507575757575761 15.819963573837283 1.3608333333333336 0.53916666666666679 7.334843802452089 19.019955969009406 7.6042065620422372 0.40916666666666673 3.101666666666667 19.879953380661018 3.4850000000000008 2.4208333333333338
decision_type=1 2 2 2 2 2 2 2 1 2 2 2 2 2 2 2 2 2 2 2 2 2 10 2 8 2 2 2 2 2
left_child=1 3 19 4 5 15 -7 -2 9 24 11 -6 13 14 -5 -1 22 18 -14 20 -3 -12 -11 -4 -9 -19 27 -25 -22 -21
right_child=7 2 23 12 10 6 -8 8 -10 16 21 -13 17 -15 -16 -17 -18 25 -20 29 28 -23 -24 26 -26 -27 -28 -29 -30 -31
leaf_value=-1.490875490999841 -11.188793437101111 7.5228901691747341 17.35220826440117 -6.665941030411493 -1.3635409549301389 3.4065405763371155 27.635255713091841 -6.0837326768174265 -9.6098064229140618 -4.5013167787428765 -1.2672010316239821 -9.2647365299911666 -13.244909726430159 -2.8770341028962285 115.16516036179331 9.2095609626845896 -6.9242216389747817 5.4178045516930258 9.7962636581759597 10.916870532366966 12.107729640206653 2.2428375175877475 5.7758853668494332 24.437309384148033 -8.3517054735496128 2.8637259323246198 5.4037343495174994 21.051277090630286 28.792687270850468 18.643651786018818
leaf_weight=2420 7126 8074 1175 20 5989 648 289 7126 13671 487 10337 2510 243 119 35 376 802 5329 106 8085 1462 3434 750 3094 11169 6275 58 2865 56 254
leaf_count=2420 7126 8074 1175 20 5989 648 289 7126 13671 487 10337 2510 243 119 35 376 802 5329 106 8085 1462 3434 750 3094 11169 6275 58 2865 56 254
internal_value=0.0020525 5.55551 13.1277 0.566125 -1.0283 2.70157 10.9009 -8.53822 -7.98246 -6.88795 -1.65361 -3.69781 3.98473 20.9183 71.5349 -0.0491241 -1.67603 3.7365 -6.23872 9.65481 8.35006 -0.391822 1.72944 21.7839 -7.4687 4.03702 22.6463 22.8132 12.7418 11.1544
internal_weight=104384 63253 25123 38130 26003 3733 937 41131 34005 20334 22270 8499 12127 174 55 2796 2039 11953 349 17931 9592 13771 1237 7192 18295 11604 6017 5959 1518 8339
internal_count=104384 63253 25123 38130 26003 3733 937 41131 34005 20334 22270 8499 12127 174 55 2796 2039 11953 349 17931 9592 13771 1237 7192 18295 11604 6017 5959 1518 8339
cat_boundaries=0 1 2
cat_threshold=2 1
is_linear=0
shrinkage=0.05


Tree=35
num_leaves=31
num_cat=2
split_feature=5 1 1 1 4 5 2 4 3 4 1 1 4 3 3 3 1 4 4 3 4 3 3 2 4 3 1 4 4 2
split_gain=1.78732e+09 8.34909e+08 2.53701e+08 1.09648e+08 2.18414e+07 2.18416e+07 1.91597e+07 1.80695e+07 7.51948e+07 6.1789e+07 1.44036e+07 1.92332e+07 1.53898e+07 2.06814e+07 1.27024e+07 1.21972e+07 1.11604e+07 1.04321e+07 1.2639e+07 9.42744e+06 2.98371e+07 9.32807e+06 8.62313e+06 8.91784e+06 7.96274e+06 5.94674e+06 5.9258e+06 5.31253e+06 7.45975e+06 5.06323e+06
threshold=0 13.879955930444803 17.436626025792446 1.0000000180025095e-35 7.3565387915560505 1 7.6042065620422372 20.876902363572629 0.82004901960784327 20.682779021084816 17.349959723434452 15.939963033760074 278.99955054364256 0.95029411764705896 1.5808333333333338 0.43339506172839515 11.899972057614617 175.85592669041588 145.25178461759691 0.98058823529411787 88.454092356621871 2.5408333333333339 0.50861111111111124 7.3940989494323732 211.90888241977547 3.101666666666667 10.359971439942887 278.99955054364256 236.96908857027941 5.5858000000000017
decision_type=1 2 2 2 2 1 8 2 2 2 2 2 2 2 2 2 2 2 2 2 2 2 2 10 2 2 2 2 2 8
left_child=1 3 10 7 -2 6 22 8 15 -10 11 14 -12 -14 -3 -1 17 18 -5 24 -21 -18 -6 -24 -9 -4 -19 28 -8 -7
right_child=4 2 25 16 5 29 27 19 9 -11 12 -13 13 -15 -16 -17 21 26 -20 20 -22 -23 23 -25 -26 -27 -28 -29 -30 -31
leaf_value=-4.3412113553160898 -10.629432301170548 7.8434297643918063 20.738161537460801 2.7080176949494135 -7.5782465887007451 -9.0599337412636221 -8.6973799717378935 -0.93378837933415992 -7.5782365272469718 48.381007641330847 21.472481241959795 12.313555572653602 -17.714741920770386 21.563949476729995 13.058827554402399 4.8831611908084795 5.4294792989732343 -3.4276977559215953 8.7796359376554722 -7.9869127018846058 1.3274308298843807 30.956311764187287 1.8232775676398483 -4.5362478059827867 -6.9057949226746089 4.837305215851206 1.9150188672643731 -11.272593196318908 -5.9233403205590758 -22.683293300020523
leaf_weight=825 7126 10364 7093 3670 2199 13603 6007 19103 72 154 51 4404 152 42 1318 632 7834 807 1118 1971 1524 35 603 6363 574 60 1450 1080 4082 68
leaf_count=825 7126 10364 7093 3670 2199 13603 6007 19103 72 154 51 4404 152 42 1318 632 7834 807 1118 1971 1524 35 603 6363 574 60 1450 1080 4082 68
internal_value=0.00206719 5.27796 12.7532 0.863574 -8.11136 -7.58339 -6.5436 -1.17013 3.83078 30.5984 9.31279 9.49605 -2.70946 -9.14411 8.43292 -0.339365 4.2527 2.80651 4.12728 -1.5335 -3.92616 5.54694 -4.84831 -3.98556 -1.10834 20.6055 0.00403348 -7.93416 -7.5757 -9.12935
internal_weight=104384 63253 23484 39769 41131 34005 20334 24855 1683 226 16331 16086 245 194 11682 1457 14914 7045 4788 23172 3495 7869 9165 6966 19677 7153 2257 11169 10089 13671
internal_count=104384 63253 23484 39769 41131 34005 20334 24855 1683 226 16331 16086 245 194 11682 1457 14914 7045 4788 23172 3495 7869 9165 6966 19677 7153 2257 11169 10089 13671
cat_boundaries=0 1 2
cat_threshold=2 1
is_linear=0
shrinkage=0.05


Tree=36
num_leaves=31
num_cat=1
split_feature=5 0 0 1 2 0 3 0 3 3 0 0 3 3 1 1 1 1 3 1 3 0 3 2 2 0 2 2 3 1
split_gain=1.61311e+09 7.82842e+08 1.97857e+08 1.20584e+08 1.96698e+07 2.2533e+07 1.55569e+07 1.04499e+07 9.68645e+06 9.52374e+06 6.55931e+07 1.08784e+07 8.95339e+06 8.34107e+06 7.94072e+06 8.45464e+06 7.7963e+06 7.1037e+06 6.82409e+06 6.5976e+06 6.5464e+06 6.32939e+06 6.29886e+06 6.16296e+06 1.09832e+07 5.90752e+06 5.79273e+06 5.76752e+06 5.56573e+06 4.36778e+06
threshold=0 14.859965577217103 18.379957119216922 1.0000000180025095e-35 5.5858000000000017 8.8257749581760265 1.7608333333333337 12.361484697259941 1.3175000000000003 0.2267592592592593 0.44520146530287003 0.48599659707669246 1.8608333333333336 2.7958333333333338 13.779962137966713 16.039962506454472 13.359963216895524 1.0000000180025095e-35 2.8375000000000008 18.579956991500861 2.2070833333333337 19.019955969009406 1.5008333333333337 7.432311558723451 7.5324984788894662 19.719954595108039 7.334843802452089 2.7159958660602572 2.8875000000000006 18.579956991500861
decision_type=1 2 2 2 10 2 2 2 2 2 2 2 2 2 2 2 2 2 2 2 2 2 2 10 10 2 10 10 2 2
left_child=1 3 14 8 27 17 7 -5 9 11 -11 -1 -10 -14 -3 18 23 -6 -16 -17 -19 29 25 26 -25 -23 -7 -2 -8 -4
right_child=4 2 21 6 5 16 28 -9 12 10 -12 -13 13 -15 15 19 -18 20 -20 -21 -22 22 -24 24 -26 -27 -28 -29 -30 -31
leaf_value=-1.9353412355437092 -12.68563943456938 21.45017853603089 17.513376477038587 2.4995218642901502 -8.5147186729429531 -3.9172402207948256 9.3012575129989639 5.021489293922639 -7.3887198919229577 -0.65654135531793412 20.552130086105592 -10.584714606776066 0.39892781257369581 -14.833652657402888 8.3549384073988158 11.393386738545185 -19.623150780273207 -6.2700845166988586 17.734730865374281 -11.480262432098389 -10.360633645944507 23.395747060559597 16.131769252678797 -7.048963205346702 2.6050606876788756 19.842563872962849 2.837698150637884 -8.7562868791542368 22.027668159475034 8.1361382846011754
leaf_weight=5783 995 138 725 7175 7983 516 808 9618 1127 16114 372 387 974 98 9101 4338 65 11751 198 31 1069 1863 746 1090 403 3408 821 16438 96 153
leaf_count=5783 995 138 725 7175 7983 516 808 9618 1127 16114 372 387 974 98 9101 4338 65 11751 198 31 1069 1863 746 1090 403 3408 821 16438 96 153
internal_value=0.00200157 5.01419 12.9889 1.13436 -7.70589 -6.76734 4.2886 3.94416 -1.11157 -0.803951 -0.176758 -2.47948 -4.27912 -1.00612 9.53328 9.4114 -2.63319 -7.3425 8.55654 11.2285 -6.61196 19.9059 20.4891 -2.23617 -4.44309 21.1026 0.229723 -8.98127 10.6756 15.8904
internal_weight=104384 63253 20701 42552 41131 23698 17697 16793 24855 22656 16486 6170 2199 1072 13806 13668 2895 20803 9299 4369 12820 6895 6017 2830 1493 5271 1337 17433 904 878
internal_count=104384 63253 20701 42552 41131 23698 17697 16793 24855 22656 16486 6170 2199 1072 13806 13668 2895 20803 9299 4369 12820 6895 6017 2830 1493 5271 1337 17433 904 878
cat_boundaries=0 1
cat_threshold=2
is_linear=0
shrinkage=0.05


Tree=37
num_leaves=31
num_cat=1
split_feature=5 0 0 1 1 1 3 3 0 3 3 0 0 3 0 1 1 3 3 3 3 1 3 1 0 2 0 3 0 0
split_gain=1.45589e+09 7.06629e+08 2.22451e+08 6.68355e+07 1.78304e+07 2.43822e+07 1.13977e+07 1.07808e+07 1.12244e+07 8.7473e+06 8.61456e+06 5.90096e+07 9.82097e+06 8.49254e+06 8.4762e+06 9.09489e+06 8.75469e+06 7.94364e+06 7.53563e+06 6.46012e+06 5.74025e+06 5.74903e+06 5.71817e+06 5.54538e+06 5.05156e+06 4.3398e+06 4.47738e+06 1.03346e+07 3.8849e+06 3.68804e+06
threshold=0 13.900046924062918 17.999958659530645 1.0000000180025095e-35 0.019999953988310573 13.599968220170341 1.5208333333333337 2.8375000000000008 15.879962886695862 1.2958333333333336 0.2267592592592593 0.44520146530287003 0.48599659707669246 0.41515151515151522 19.019955969009406 18.579956991500861 18.699957285629278 1.8608333333333336 2.7958333333333338 2.4008333333333338 2.7658333333333336 19.049956042541506 1.2801388888888889 17.349959723434452 1.360728303306189 7.2804038047790538 0.21999949599564081 0.65516666666666679 20.144953443161015 11.799972907264712
decision_type=1 2 2 2 2 2 2 2 2 2 2 2 2 2 2 2 2 2 2 2 2 2 2 2 2 10 2 2 2 2
left_child=1 3 7 9 25 6 24 8 13 10 12 -12 -1 -3 15 -4 -17 -11 -19 29 21 -16 -7 -10 -6 -2 -27 -28 -22 -5
right_child=4 2 14 19 5 22 -8 -9 23 17 11 -13 -14 -15 20 16 -18 18 -20 -21 28 -23 -24 -25 -26 26 27 -29 -30 -31
leaf_value=-1.8385910047634402 -9.8183882382457686 4.8324740690849577 16.680418927884631 2.3453218785942567 -5.8187237572327888 -7.9611007697874543 -7.4034082103205821 17.149535735810296 9.802251585408623 -6.9441157095795845 -0.62018798551277177 19.522661996808264 -10.056842836233757 8.0034985186597591 21.962071609470662 -1.338810995022456 24.617586969648091 0.37900190812853668 -14.099461845629145 15.353715482230662 5.399149594714002 18.602756923515567 -10.804204626976752 3.3703000942168089 -3.8486479604871122 -10.884155553928261 -8.2945422045249302 -2.5440920699586238 19.696960830326322 4.0231190136471691
leaf_weight=5783 5901 3130 991 6174 6125 5721 6002 337 7583 1146 16096 371 387 6529 1985 143 41 974 98 110 122 3832 2579 352 6966 1164 5768 905 78 6991
leaf_count=5783 5901 3130 991 6174 6125 5721 6002 337 7583 1146 16096 371 387 6529 1985 143 41 974 98 110 122 3832 2579 352 6966 1164 5768 905 78 6991
internal_value=0.00194225 4.76361 11.274 0.473836 -7.32068 -6.58283 -5.59871 8.29355 8.12295 -1.05602 -0.762311 -0.165213 -2.35561 6.97653 18.7028 14.7858 4.54673 -4.05192 -0.956491 3.33807 19.4651 19.7527 -8.84571 9.51739 -4.77078 -8.79135 -8.01687 -7.51516 11.0456 3.23652
internal_weight=104384 63253 25123 38130 41131 27393 19093 17931 17594 24855 22637 16467 6170 9659 7192 1175 184 2218 1072 13275 6017 5817 8300 7935 13091 13738 7837 6673 200 13165
internal_count=104384 63253 25123 38130 41131 27393 19093 17931 17594 24855 22637 16467 6170 9659 7192 1175 184 2218 1072 13275 6017 5817 8300 7935 13091 13738 7837 6673 200 13165
cat_boundaries=0 1
cat_threshold=2
is_linear=0
shrinkage=0.05


Tree=38
num_leaves=31
num_cat=1
split_feature=5 0 0 1 2 0 3 0 1 1 0 3 1 3 3 0 1 0 3 1 3 2 2 2 3 0 1 2 3 1
split_gain=1.31399e+09 6.39221e+08 1.60854e+08 9.82705e+07 1.61756e+07 1.93315e+07 1.0037e+07 7.39771e+06 7.2463e+06 7.17873e+06 9.30013e+06 7.17293e+06 6.86763e+06 6.65128e+06 8.21924e+06 3.65572e+07 8.18272e+06 8.14441e+06 7.30048e+06 6.22715e+06 6.03404e+06 5.62806e+06 6.17416e+06 6.04346e+06 5.11379e+06 5.41095e+06 5.16296e+06 5.00738e+06 4.98518e+06 4.0135e+06
threshold=0 14.859965577217103 18.379957119216922 0.99999769051669152 5.5858000000000017 9.0573261553144579 1.7608333333333337 12.579970740760805 13.659968197303774 2.9599918329492101 11.799972907264712 2.4008333333333338 16.039962506454472 1.3175000000000003 0.22007575757575762 0.44520146530287003 1.0000000180025095e-35 0.48599659707669246 1.8608333333333336 1.0000000180025095e-35 2.2070833333333337 7.4373547077178968 7.334843802452089 7.5340837955474864 1.640714285714286 19.019955969009406 17.349959723434452 2.7159958660602572 2.8875000000000006 18.469956969055179
decision_type=1 2 2 2 10 2 2 2 2 2 2 2 2 2 2 2 2 2 2 2 2 10 10 10 2 2 2 10 2 2
left_child=1 3 8 13 27 19 9 21 -3 -5 -11 12 -10 14 17 -16 18 -1 -15 -6 -21 22 -7 -23 25 29 -27 -2 -8 -4
right_child=4 2 24 6 5 7 28 -9 11 10 -12 -13 -14 16 15 -17 -18 -19 -20 20 -22 23 -24 -25 -26 26 -28 -29 -30 -31
leaf_value=-1.6178722650031885 -11.562356777574164 20.977965451862854 16.491085524255119 9.4438716950420876 -7.6865904394276008 -3.3922104826029833 8.033364197273638 -18.337763900756837 7.4834941816255753 1.424277962514686 4.3758820919493422 14.222674524416618 9.9270837345521414 -6.6727135577745047 -0.40999366021958306 13.094083495912569 17.009375548760097 -8.7252324939216646 -0.90930561431814683 -5.6016400973939149 -9.5014196580703523 -6.1374348836363612 3.7223559102779293 2.8878699523797917 13.807642954432598 35.920021959387746 18.862815292487905 -7.9017028650882457 20.10196222983685 8.1032562478723378
leaf_weight=6240 995 117 658 553 7983 507 771 65 8885 3556 10711 529 4275 1127 17434 515 47 430 1072 12252 1081 808 762 240 682 45 5324 16438 96 186
leaf_count=6240 995 117 658 553 7983 507 771 65 8885 3556 10711 529 4275 1127 17434 515 47 430 1072 12252 1081 808 762 240 682 45 5324 16438 96 186
internal_value=0.00188802 4.52555 11.7317 1.01964 -6.95473 -6.10362 4.16396 -1.83071 8.61592 3.85753 3.64036 8.50873 8.27798 -0.816477 -0.578774 -0.021821 -3.42059 -2.07731 -3.86478 -6.581 -5.91851 -1.35992 0.879456 -4.06978 17.9684 18.4229 19.0124 -8.11129 9.3913 14.6544
internal_weight=104384 63253 20701 42552 41131 23698 15687 2382 13806 14820 14267 13689 13160 26865 24619 17949 2246 6670 2199 21316 13333 2317 1269 1048 6895 6213 5369 17433 867 844
internal_count=104384 63253 20701 42552 41131 23698 15687 2382 13806 14820 14267 13689 13160 26865 24619 17949 2246 6670 2199 21316 13333 2317 1269 1048 6895 6213 5369 17433 867 844
cat_boundaries=0 1
cat_threshold=2
is_linear=0
shrinkage=0.05


Tree=39
num_leaves=31
num_cat=1
split_feature=5 0 0 1 4 4 4 0 1 0 0 0 4 4 4 1 0 1 4 4 1 1 4 0 4 4 1 1 1 4
split_gain=1.18592e+09 5.77372e+08 1.81072e+08 5.43028e+07 1.62825e+07 1.57353e+07 5.77457e+07 8.12705e+07 1.4951e+07 1.35452e+07 1.15937e+07 8.62673e+06 8.0045e+06 7.84254e+06 6.98422e+06 9.23699e+06 6.8144e+06 7.79357e+06 8.16318e+06 6.67504e+06 5.5009e+06 9.17144e+06 5.22347e+06 6.16333e+06 5.0445e+06 1.31538e+07 7.40938e+06 4.98317e+06 4.66774e+06 3.6774e+06
threshold=0 13.900046924062918 17.999958659530645 1.0000000180025095e-35 7.3565387915560505 20.876902363572629 20.682779021084816 0.19438611718302773 13.909961877399091 0.26004182463998643 0.8504674470996485 15.97996235939026 197.59788178585998 95.557937423290767 248.50768118551136 9.6799775244879189 19.019955969009406 18.579956991500861 276.38051498725684 123.50874130301567 17.699958294967654 17.349959723434452 278.99955054364256 15.199964433204654 145.25178461759691 147.19915526419507 0.51999881025514538 17.349959723434452 15.279964382118226 74.184791746501446
decision_type=1 2 2 2 2 2 2 2 2 2 2 2 2 2 2 2 2 2 2 2 2 2 2 2 2 2 2 2 2 2
left_child=1 3 11 5 -2 6 9 -8 10 -1 -6 22 13 -7 24 -16 17 -4 -19 29 21 -13 28 -24 26 -26 -5 -18 -3 -12
right_child=4 2 16 14 8 12 7 -9 -10 -11 19 20 -14 -15 15 -17 27 18 -20 -21 -22 -23 23 -25 25 -27 -28 -29 -30 -31
leaf_value=1.5755439223334806 -8.7810804117519172 6.3347776194891097 15.127898905018888 -0.46591654936204085 -6.6966510764559093 -1.9875809808754412 -3.2174773406982418 47.990860940933231 -8.321442447821914 -11.562758124541446 -4.313050948587227 9.1033418274994169 -6.5045277217912094 -0.11195092803231528 -5.9155643497451607 2.1304974821693072 34.163064946713654 21.644589601357779 -2.3026970048831856 -6.2871764327310462 33.28275892091834 0.57389294069699293 5.8306467420098391 10.473894778670756 21.901342507230826 4.7653972596348613 3.9665238410099279 17.439554605546153 2.4924553466383554 -1.5159601514823
leaf_weight=1138 7126 6708 991 1257 13428 12194 150 159 6438 236 8470 7076 714 10264 387 4426 45 47 137 4303 22 330 1308 1589 115 3321 3769 5972 898 1366
leaf_count=1138 7126 6708 991 1257 13428 12194 150 159 6438 236 8470 7076 714 10264 387 4426 45 47 137 4303 22 330 1308 1589 115 3321 3769 5972 898 1366
internal_value=0.00185944 4.29943 10.1844 0.421802 -6.60707 -0.957178 3.70954 23.2022 -6.15125 -0.687872 -5.64414 7.49534 -1.29627 -1.1304 3.00357 1.48244 16.8867 13.3742 3.89818 -4.64414 8.80062 8.72341 6.57146 8.3802 3.86847 5.34513 2.8581 17.5703 5.88152 -3.92479
internal_weight=104384 63253 25123 38130 41131 24855 1683 309 34005 1374 27567 17931 23172 22458 13275 4813 7192 1175 184 14139 7428 7406 10503 2897 8462 3436 5026 6017 7606 9836
internal_count=104384 63253 25123 38130 41131 24855 1683 309 34005 1374 27567 17931 23172 22458 13275 4813 7192 1175 184 14139 7428 7406 10503 2897 8462 3436 5026 6017 7606 9836
cat_boundaries=0 1
cat_threshold=2
is_linear=0
shrinkage=0.05


Tree=40
num_leaves=31
num_cat=1
split_feature=5 0 0 1 1 1 3 2 0 3 0 3 1 3 3 3 1 0 1 0 3 3 0 3 2 0 3 0 3 3
split_gain=1.07034e+09 5.21609e+08 1.30881e+08 7.97848e+07 1.40863e+07 1.88969e+07 1.18079e+07 1.01462e+07 7.03229e+06 6.94261e+06 7.09633e+06 2.67921e+07 6.78183e+06 6.61308e+06 6.74011e+06 6.54466e+06 6.17092e+06 6.14673e+06 7.02774e+06 7.50329e+06 5.35794e+06 4.88523e+06 4.80725e+06 4.12111e+06 3.5807e+06 4.03154e+06 9.08875e+06 3.28502e+06 3.00241e+06 2.92733e+06
threshold=0 14.859965577217103 17.999958659530645 1.0000000180025095e-35 0.019999953988310573 13.359963216895524 1.7608333333333337 7.6362954139709478 12.579970740760805 1.3175000000000003 0.1999995406292677 0.82004901960784327 13.779962137966713 1.8608333333333336 2.7958333333333338 2.4208333333333338 17.58995901403809 19.019955969009406 18.579956991500861 18.742363650087714 1.2801388888888889 1.3802380952380955 19.719954595108039 2.8875000000000006 7.2804038047790538 0.21999949599564081 0.65516666666666679 16.779961107009893 0.57527777777777789 0.53015151515151526
decision_type=1 2 2 2 2 2 2 8 2 2 2 2 2 2 2 2 2 2 2 2 2 2 2 2 10 2 2 2 2 2
left_child=1 3 12 9 24 7 8 -6 -5 10 -1 -12 -3 -11 -15 16 -14 18 29 -20 -7 22 -19 -8 -2 28 -27 -17 -26 -4
right_child=4 2 17 6 5 20 23 -9 -10 13 11 -13 15 14 -16 27 -18 21 19 -21 -22 -23 -24 -25 25 26 -28 -29 -30 -31
leaf_value=-1.0414933906240764 -8.5164894500452615 18.698274134311074 6.9678825729371114 2.0733675246695626 -3.7684113133709953 -6.676906089366681 7.8653172378943781 -6.1693849818882711 4.1269218143975719 -6.2633738958000471 -0.57523464226839394 10.700065351058882 7.2741381114225554 0.48479612873960765 -13.208039844108351 11.528718750003828 21.8784186757754 19.351083711017822 -6.6869757315317786 13.415672987898191 -9.3195784924615612 13.030900300893158 16.126908057565739 18.814952540840071 -6.4799182632927703 -7.1357825580324858 -1.7440848220768643 23.39333766605543 -11.685890951998093 15.383222047869769
leaf_weight=18929 5901 138 120 7718 11247 6094 808 7237 9075 1127 3093 634 12796 974 98 435 72 1820 89 95 2815 807 3390 96 468 5768 905 68 696 871
leaf_count=18929 5901 138 120 7718 11247 6094 808 7237 9075 1127 3093 634 12796 974 98 435 72 1820 89 95 2815 807 3390 96 468 5768 905 68 696 871
internal_value=0.00184828 4.08462 10.5942 0.917624 -6.27676 -5.62097 3.48335 -4.70874 3.1833 -0.909266 -0.648837 1.34516 7.69238 -3.59091 -0.778113 7.5774 7.35755 16.043 12.7069 3.7085 -7.51287 16.6922 17.2567 9.04762 -7.58388 -6.88066 -6.40493 13.1759 -9.60013 14.3723
internal_weight=104384 63253 20701 42552 41131 27393 17697 18484 16793 24855 22656 3727 13509 2199 1072 13371 12868 7192 1175 184 8909 6017 5210 904 13738 7837 6673 503 1164 991
internal_count=104384 63253 20701 42552 41131 27393 17697 18484 16793 24855 22656 3727 13509 2199 1072 13371 12868 7192 1175 184 8909 6017 5210 904 13738 7837 6673 503 1164 991
cat_boundaries=0 1
cat_threshold=2
is_linear=0
shrinkage=0.05


Tree=41
num_leaves=31
num_cat=2
split_feature=5 1 1 1 4 3 4 5 2 1 1 3 4 3 3 3 4 4 3 1 3 4 3 4 3 2 3 4 4 3
split_gain=9.66023e+08 4.52683e+08 1.46305e+08 5.14424e+07 1.43557e+07 1.54264e+07 1.37807e+07 1.29702e+07 1.2997e+07 1.2651e+07 1.38448e+07 1.38171e+07 1.73836e+07 1.01294e+07 9.58821e+06 7.78326e+06 3.33068e+07 6.36879e+06 9.92635e+06 8.23934e+06 8.11753e+06 8.75256e+06 7.2732e+06 6.22604e+06 5.95125e+06 5.76224e+06 5.37572e+06 4.83678e+06 5.83265e+06 4.5978e+06
threshold=0 13.599968220170341 17.436626025792446 1.0000000180025095e-35 36.928172484557372 0.23990740740740746 7.3565387915560505 1 7.6042065620422372 17.349959723434452 15.999962161239624 0.95029411764705896 278.99955054364256 1.5808333333333338 0.82004901960784327 0.98058823529411787 88.454092356621871 248.50768118551136 0.48022222222222227 11.479973293266351 0.59850000000000014 145.25178461759691 0.97970588235294132 211.90888241977547 0.43993827160493837 7.4373547077178968 1.9908333333333335 278.99955054364256 236.96908857027941 3.101666666666667
decision_type=1 2 2 2 2 2 2 1 8 2 2 2 2 2 2 2 2 2 2 2 2 2 2 2 2 10 2 2 2 2
left_child=1 3 9 4 5 -1 -2 8 24 10 13 12 -11 -3 -7 23 -17 20 19 -19 21 -5 -20 -6 -8 -26 -22 28 -10 -4
right_child=6 2 29 17 15 14 7 -9 27 11 -12 -13 -14 -15 -16 16 -18 18 22 -21 26 -23 -24 -25 25 -27 -28 -29 -30 -31
leaf_value=-7.3270399567744979 -7.9629873417764871 5.6126510266014042 15.304169729030273 1.394924634813826 -0.79215377936074449 1.4952084454729577 -5.9386250266252345 -6.7349375368057984 -6.5375701226949108 17.526646752579268 9.4350728545600724 18.363758267255932 -18.502269645890379 10.107710222329359 7.5883721951765315 -8.681548432464103 1.6351156832482241 -3.3321974378683907 -2.789708445978242 5.0845761405793457 5.7234624926344528 5.2303550550466671 2.599033217029469 -6.0796373720941332 -0.21138388124219498 -3.4974897792811883 16.776732331062188 -9.0702875917824635 -4.085833062414836 1.3804268277277714
leaf_weight=389 7126 11908 7093 3961 17565 2300 1783 13671 6007 42 4026 51 152 1402 897 1606 1524 339 1546 2017 2253 2382 1051 574 1748 5634 115 1080 4082 60
leaf_count=389 7126 11908 7093 3961 17565 2300 1783 13671 6007 42 4026 51 152 1402 897 1606 1524 339 1546 2017 2253 2382 1051 574 1748 5634 115 1080 4082 60
internal_value=0.00181424 3.88054 9.15896 0.490978 -0.863823 2.06225 -5.963 -5.54366 -4.74245 6.70543 6.86493 -4.5621 -10.6523 6.08686 3.20664 -1.35724 -3.65944 2.95526 1.52326 3.8726 3.76922 2.83585 -0.608734 -0.9598 -3.34634 -2.7195 6.26711 -5.88766 -5.5461 15.1876
internal_weight=104384 63253 24734 38519 24855 3586 41131 34005 20334 17581 17336 245 194 13310 3197 21269 3130 13664 4953 2356 8711 6343 2597 18139 9165 7382 2368 11169 10089 7153
internal_count=104384 63253 24734 38519 24855 3586 41131 34005 20334 17581 17336 245 194 13310 3197 21269 3130 13664 4953 2356 8711 6343 2597 18139 9165 7382 2368 11169 10089 7153
cat_boundaries=0 1 2
cat_threshold=2 1
is_linear=0
shrinkage=0.05


Tree=42
num_leaves=31
num_cat=1
split_feature=5 0 0 1 1 1 3 3 1 0 1 0 3 3 3 0 1 1 1 3 3 3 3 0 1 0 2 2 3 0
split_gain=8.71858e+08 4.27414e+08 1.0285e+08 6.83047e+07 1.1812e+07 1.59024e+07 8.7911e+06 8.42166e+06 6.76859e+06 8.24657e+06 6.05695e+06 5.42004e+06 1.24446e+07 1.0421e+08 6.51531e+06 6.28258e+06 5.35746e+06 4.97579e+06 5.14455e+06 4.84869e+06 4.68196e+06 4.29508e+06 4.02829e+06 3.91376e+06 5.09297e+06 3.57196e+06 3.06162e+06 3.81388e+06 3.14157e+06 5.38042e+06
threshold=0 14.980364223293687 18.379957119216922 0.99999769051669152 0.019999953988310573 13.599968220170341 1.5208333333333337 2.8875000000000006 2.9599918329492101 11.799972907264712 13.939961554808542 0.11999972392986342 0.32007575757575768 0.33992424242424252 0.7997619047619049 0.29999931166803845 0.022499948315836956 16.039962506454472 18.579956991500861 0.58083333333333353 1.2801388888888889 3.101666666666667 2.8375000000000008 19.019955969009406 19.099955547164921 1.360728303306189 7.2804038047790538 7.7019032955169688 0.38916666666666672 0.15999963279306892
decision_type=1 2 2 2 2 2 2 2 2 2 2 2 2 2 2 2 2 2 2 2 2 2 2 2 2 2 10 10 2 2
left_child=1 3 10 11 26 6 25 8 -5 -10 -3 14 15 -14 19 -13 -16 22 -19 -1 -7 23 -12 -4 -25 -6 -2 28 -28 -30
right_child=4 2 21 7 5 20 -8 -9 9 -11 17 12 13 -15 16 -17 -18 18 -20 -21 -22 -23 -24 24 -26 -27 27 -29 29 -31
leaf_value=-0.97169525198994178 -7.7241030792622842 17.028696120455376 11.616483665874979 8.6584801574447141 -4.4237323453784922 -6.092077501389749 -5.8544321737897231 16.805959248502031 1.052579351448101 3.7755380147881752 6.1577828334014404 -0.44378844608121115 38.353858109731526 0.50792658718473027 -3.1937656848423455 -5.3259201438607704 13.126778866636986 8.530493142219246 -11.646040544509887 1.9226382021981259 -8.6628988046891013 1.3125368981283221 13.836308323015487 17.061125727115819 14.042643741949462 -2.7674384220525035 -6.6558164480960578 -9.6569064514373633 -9.2573834552658649 -3.3863900623349994
leaf_weight=13553 5901 152 876 576 6125 5721 6002 116 3625 11949 8533 1833 188 4837 3757 1028 50 4337 31 1619 2579 60 174 2346 3613 6966 4507 730 478 2122
leaf_count=13553 5901 152 876 576 6125 5721 6002 116 3625 11949 8533 1833 188 4837 3757 1028 50 4337 31 1619 2579 60 174 2346 3613 6966 4507 730 478 2122
internal_value=0.0017397 3.68657 9.70383 0.879165 -5.6649 -5.06439 -4.26965 3.4362 3.33913 3.14185 7.122 -0.669115 0.432603 1.9312 -1.12689 -2.19926 -2.97602 7.00554 8.38466 -0.662735 -6.89184 14.6549 6.3128 14.7718 15.2337 -3.54266 -6.86184 -6.21169 -5.8565 -4.4689
internal_weight=104384 63253 20122 43131 41131 27393 19093 16266 16150 15574 13227 26865 7886 5025 18979 2861 3807 13075 4368 15172 8300 6895 8707 6835 5959 13091 13738 7837 7107 2600
internal_count=104384 63253 20122 43131 41131 27393 19093 16266 16150 15574 13227 26865 7886 5025 18979 2861 3807 13075 4368 15172 8300 6895 8707 6835 5959 13091 13738 7837 7107 2600
cat_boundaries=0 1
cat_threshold=2
is_linear=0
shrinkage=0.05


Tree=43
num_leaves=31
num_cat=1
split_feature=5 0 0 1 1 1 2 3 0 3 3 0 3 3 3 1 3 0 1 1 3 3 3 3 2 2 2 3 2 3
split_gain=7.86887e+08 3.86674e+08 1.19953e+08 3.55246e+07 1.06614e+07 1.4415e+07 8.32008e+06 6.9742e+06 6.85172e+06 7.32499e+06 5.58204e+06 6.37784e+06 5.93442e+07 5.80281e+06 5.73913e+06 5.07493e+06 5.05458e+06 4.6889e+06 6.45946e+06 4.66564e+06 4.65044e+06 4.59137e+06 4.41292e+06 3.00094e+06 2.8695e+06 2.69873e+06 2.92943e+06 2.71211e+06 2.63593e+06 2.55582e+06
threshold=0 13.900046924062918 17.999958659530645 1.0000000180025095e-35 0.019999953988310573 13.259969379631045 7.6362954139709478 3.101666666666667 16.219962576889042 0.35992424242424254 1.3358333333333337 0.44520146530287003 0.32007575757575768 1.8608333333333336 2.7958333333333338 17.349959723434452 3.101666666666667 19.019955969009406 18.579956991500861 19.008289603309635 0.43339506172839515 2.4008333333333338 1.2537500000000004 0.060833333333333343 2.7159958660602572 7.7019032955169688 7.6687651157379157 0.57527777777777789 5.5858000000000017 2.2070833333333337
decision_type=1 2 2 2 2 2 8 2 2 2 2 2 2 2 2 2 2 2 2 2 2 2 2 2 10 10 10 2 8 2
left_child=1 3 7 10 23 6 -6 8 9 -3 11 20 -13 -12 -15 -10 17 18 -4 -19 -1 -5 -7 -2 -25 26 -26 -27 -24 -8
right_child=4 2 16 21 5 22 29 -9 15 -11 13 12 -14 14 -16 -17 -18 19 -20 -21 -22 -23 28 24 25 27 -28 -29 -30 -31
leaf_value=-1.3418440327252203 -12.327534479964864 3.2794530363598597 12.582471355259479 2.3316803348945667 -3.1395975880041851 -5.6624502349626056 -4.984826589852192 16.160002207312473 7.7503892077429901 6.0908273251727323 -5.8434822446930577 -7.7825194315544142 19.99376300928456 0.53344268843768494 -12.101735021803115 1.5603073865114039 0.10269525079166189 16.585281726388882 2.3378087542044077 13.528224393685045 0.1307586246618879 12.546094194682871 -7.8692491526644224 -9.0294284978566441 -6.2069160322217334 -4.0446310153263836 -2.4175964077304726 -10.994624787186979 -24.25188255004883 -7.9653124472081522
leaf_weight=12600 219 3194 983 13165 11064 6086 6424 171 5737 8477 1064 458 330 974 98 352 67 1835 183 4124 9331 110 2982 984 11269 192 536 538 24 813
leaf_count=12600 219 3194 983 13165 11064 6086 6424 171 5737 8477 1064 458 330 974 98 352 67 1835 183 4124 9331 110 2982 984 11269 192 536 538 24 813
internal_value=0.00169472 3.50236 8.31837 0.329067 -5.38174 -4.81122 -4.00235 6.12971 6.03223 5.32179 -0.786283 -0.556451 3.86027 -3.22942 -0.631836 7.39286 13.7735 13.902 10.978 14.4722 -0.715317 2.41726 -6.43876 -6.51889 -6.42388 -6.21864 -6.03508 -9.17472 -8.00807 -5.32071
internal_weight=104384 63253 25123 38130 41131 27393 18301 17931 17760 11671 24855 22719 788 2136 1072 6089 7192 7125 1166 5959 21931 13275 9092 13738 13519 12535 11805 730 3006 7237
internal_count=104384 63253 25123 38130 41131 27393 18301 17931 17760 11671 24855 22719 788 2136 1072 6089 7192 7125 1166 5959 21931 13275 9092 13738 13519 12535 11805 730 3006 7237
cat_boundaries=0 1
cat_threshold=2
is_linear=0
shrinkage=0.05


Tree=44
num_leaves=31
num_cat=1
split_feature=5 1 1 1 4 3 4 1 3 4 1 1 3 3 3 1 4 4 4 4 3 1 3 4 3 1 4 4 3 3
split_gain=7.10197e+08 3.33145e+08 1.0816e+08 3.81371e+07 1.3024e+07 6.02335e+07 6.74221e+07 1.13986e+07 1.25341e+07 1.09712e+07 1.06369e+07 1.01482e+07 8.33798e+06 7.55745e+06 7.5389e+06 6.75849e+06 6.6262e+06 6.86422e+06 5.9456e+06 5.91486e+06 9.04767e+06 7.00779e+06 6.87022e+06 7.71011e+06 6.46684e+06 5.24609e+06 4.96754e+06 4.57808e+06 4.51963e+06 4.17213e+06
threshold=0 13.599968220170341 17.436626025792446 1.0000000180025095e-35 20.876902363572629 0.77023809523809539 20.682779021084816 17.349959723434452 0.55950000000000022 7.3565387915560505 15.939963033760074 13.963295117490748 1.5808333333333338 1.0601470588235296 0.43339506172839515 0.79999816532109491 197.59788178585998 95.557937423290767 122.81556862416126 248.50768118551136 0.48022222222222227 11.479973293266351 0.59850000000000014 145.25178461759691 0.97970588235294132 11.579968186739348 278.99955054364256 181.04542460651254 1.9908333333333335 0.060833333333333343
decision_type=1 2 2 2 2 2 2 2 2 2 2 2 2 2 2 2 2 2 2 2 2 2 2 2 2 2 2 2 2 2
left_child=1 3 7 4 5 14 -7 10 -9 -2 12 15 -3 -10 -1 26 17 -6 25 22 21 -21 23 -5 -22 -17 29 -12 -24 -11
right_child=9 2 -4 19 16 6 -8 8 13 11 27 -13 -14 -15 -16 18 -18 -19 -20 20 24 -23 28 -25 -26 -27 -28 -29 -30 -31
leaf_value=-3.8211024805701244 -6.8972157292487939 4.7330751907888962 13.038984063987625 1.1147552078940708 -1.7065118600015314 -8.4744162943811698 42.457782271737642 -22.323877730696172 -2.4647946107387542 -11.455005841233996 11.766158836672403 -6.5777590393773622 8.8386435718088805 24.754601888348979 3.6314204696483081 -1.2220659038129744 -5.7941339461928481 0.048217792253441839 -4.9560399070566739 -3.2398975854095293 -2.9303897826544549 4.5221355909699845 5.1252507236822051 4.7144491231349637 2.1509264034630569 -4.2880651538576222 -8.2030398788319214 7.321549869218547 15.259636702784178 -4.5948268084927877
leaf_weight=825 7126 11546 7153 3961 12194 100 183 72 143 224 690 6148 1386 30 575 3924 714 10264 3272 339 1546 2017 2253 2382 1051 2165 1065 3714 115 17207
leaf_count=825 7126 11546 7153 3961 12194 100 183 72 143 224 690 6148 1386 30 575 3924 714 10264 3272 339 1546 2017 2253 2382 1051 2165 1065 3714 115 17207
internal_value=0.00160498 3.32731 7.8555 0.419528 -0.746982 3.49868 24.4941 5.74592 -4.94789 -5.11277 5.89733 -4.73863 5.17374 2.37044 -0.759834 -4.33252 -1.05549 -0.90458 -3.2371 2.54133 1.1614 3.40437 3.32572 2.46709 -0.873954 -2.31274 -4.88672 8.02043 5.62365 -4.68364
internal_weight=104384 63253 24734 38519 24855 1683 283 17581 245 41131 17336 34005 12932 173 1400 27857 23172 22458 9361 13664 4953 2356 8711 6343 2597 6089 18496 4404 2368 17431
internal_count=104384 63253 24734 38519 24855 1683 283 17581 245 41131 17336 34005 12932 173 1400 27857 23172 22458 9361 13664 4953 2356 8711 6343 2597 6089 18496 4404 2368 17431
cat_boundaries=0 1
cat_threshold=2
is_linear=0
shrinkage=0.05


Tree=45
num_leaves=31
num_cat=2
split_feature=5 1 1 1 4 3 1 3 4 4 1 5 2 3 3 4 3 3 4 3 1 3 4 3 3 2 3 2 4 4
split_gain=6.40975e+08 3.00665e+08 9.76147e+07 3.44197e+07 1.21008e+07 1.31835e+07 1.02874e+07 1.14595e+07 1.51874e+07 9.9014e+06 9.6555e+06 9.38787e+06 9.67758e+06 7.93797e+06 7.28045e+06 6.50889e+06 2.55005e+07 8.82559e+06 5.33892e+06 8.16569e+06 6.32554e+06 6.20196e+06 6.95872e+06 5.8368e+06 4.88983e+06 5.92012e+06 4.08446e+06 3.96731e+06 3.89979e+06 5.00252e+06
threshold=0 13.599968220170341 17.436626025792446 1.0000000180025095e-35 36.928172484557372 0.23990740740740746 17.349959723434452 0.95029411764705896 278.99955054364256 7.3565387915560505 16.039962506454472 1 7.6042065620422372 0.82004901960784327 1.5808333333333338 95.557937423290767 1.3558333333333337 0.5150555555555556 248.50768118551136 0.48022222222222227 11.479973293266351 0.59850000000000014 145.25178461759691 0.97970588235294132 0.50861111111111124 7.3940989494323732 1.9908333333333335 5.5858000000000017 278.99955054364256 236.96908857027941
decision_type=1 2 2 2 2 2 2 2 2 2 2 1 8 2 2 2 2 2 2 2 2 2 2 2 2 10 2 8 2 2
left_child=1 3 6 4 5 -1 10 8 -8 -2 14 12 24 -7 -3 16 -6 -17 21 20 -20 22 -5 -21 -11 -26 -23 -13 29 -14
right_child=9 2 -4 18 15 13 7 -9 -10 11 -12 27 28 -15 -16 17 -18 -19 19 23 -22 26 -24 -25 25 -27 -28 -29 -30 -31
leaf_value=-6.7031073826123508 -6.5524033085979871 4.5729085543469727 12.387125874080086 1.0590315486821791 -1.2781230334594946 1.4775220146667745 16.09718145592268 16.181995454568131 -17.581543663872615 -4.670821518015658 7.8132993534326651 -5.4540683177383853 -5.4197912965363741 7.0216913763038349 8.3615516402975114 -1.2496939353899672 -9.9300896402663898 1.8357135734336159 -3.0783791691362863 -2.7839650098755042 4.2961407934985054 4.8691019096625299 4.4788255956651124 2.0434823421411532 2.7654951158659351 -2.4148905020824896 14.50323240331535 -17.492179620715159 -7.6654338524817973 -3.1497746275402765
leaf_weight=389 7126 12072 7153 3961 9355 2300 42 51 152 2199 3846 13603 6007 897 1418 7655 936 3323 339 1546 2017 2253 2382 1051 603 6363 115 68 1080 4082
leaf_count=389 7126 12072 7153 3961 9355 2300 42 51 152 2199 3846 13603 6007 897 1418 7655 936 3323 339 1546 2017 2253 2382 1051 603 6363 115 68 1080 4082
internal_value=0.00154892 3.16103 7.46281 0.398621 -0.70958 1.97687 5.45872 -4.7005 -10.2451 -4.85719 5.60256 -4.50176 -3.82015 3.03479 4.97174 -1.16259 -2.06594 -0.31567 2.41436 1.10333 3.23418 3.15958 2.34378 -0.830272 -2.61552 -1.96613 5.3429 -5.51522 -4.80832 -4.50175
internal_weight=104384 63253 24734 38519 24855 3586 17581 245 194 41131 17336 34005 20334 3197 13490 21269 10291 10978 13664 4953 2356 8711 6343 2597 9165 6966 2368 13671 11169 10089
internal_count=104384 63253 24734 38519 24855 3586 17581 245 194 41131 17336 34005 20334 3197 13490 21269 10291 10978 13664 4953 2356 8711 6343 2597 9165 6966 2368 13671 11169 10089
cat_boundaries=0 1 2
cat_threshold=2 1
is_linear=0
shrinkage=0.05


Tree=46
num_leaves=31
num_cat=1
split_feature=5 1 1 1 4 3 4 1 1 3 4 1 1 4 3 1 1 3 4 4 1 4 4 1 4 3 3 3 4 3
split_gain=5.78497e+08 2.71472e+08 8.02188e+07 3.91027e+07 1.38003e+07 5.02905e+07 4.68848e+07 1.07459e+07 9.64689e+06 1.08237e+07 8.93585e+06 8.63344e+06 7.40582e+06 7.84872e+06 6.48068e+06 6.19039e+06 6.53073e+06 6.04544e+06 5.99141e+06 8.80822e+06 5.78323e+06 5.34114e+06 5.29322e+06 4.39255e+06 4.05332e+06 3.87912e+06 3.70666e+06 3.55318e+06 3.43859e+06 3.43696e+06
threshold=0 14.059955358937602 17.436626025792446 0.99999769051669152 20.876902363572629 0.82004901960784327 20.682779021084816 0.13999967864231086 17.349959723434452 0.55950000000000022 7.3565387915560505 13.963295117490748 16.039962506454472 278.99955054364256 1.0700490196078434 2.9599918329492101 11.708306160100303 2.5020833333333337 181.04542460651254 121.31720883073699 0.79999816532109491 123.50874130301567 197.59788178585998 11.579968186739348 278.99955054364256 1.0002222222222226 0.060833333333333343 2.1404166666666673 41.953151611830769 2.7658333333333336
decision_type=1 2 2 2 2 2 2 2 2 2 2 2 2 2 2 2 2 2 2 2 2 2 2 2 2 2 2 2 2 2
left_child=1 3 8 4 5 7 -7 -1 12 -10 -2 20 13 -3 -11 -5 22 -18 19 -6 24 23 -17 -22 26 -13 -12 -23 -14 -4
right_child=10 2 29 15 18 6 -8 -9 9 14 11 25 28 -15 -16 16 17 -19 -20 -21 21 27 -24 -25 -26 -27 -28 -29 -30 -31
leaf_value=-0.15004416319076169 -6.2248291269944778 3.997990447354399 11.956405860580357 7.796304873858209 -1.3099325626627831 -7.0617727342605594 41.228274483342325 31.118350039890842 -20.609683775183274 -1.4192827142461351 -10.61330970984565 -4.8290608795048691 21.052775101454365 6.827648044559627 27.06373352050781 2.056344711793018 3.1202144447940032 19.459385711968991 -4.7096722515383513 0.78758101877122511 -1.0187973423834629 -3.9086599166050742 -1.9007415306055959 -3.8159108136869602 -7.4104642135408092 -7.3567402116655884 -4.147674833822955 -8.9632389212793822 7.2558738429431688 5.3503609534374732
leaf_weight=1471 7126 7840 6948 576 17097 74 154 27 72 151 224 3368 45 3570 22 2604 9248 56 966 7076 3931 2851 1250 2183 1065 2780 17207 396 3801 205
leaf_count=1471 7126 7840 6948 576 17097 74 154 27 72 151 224 3368 45 3570 22 2604 9248 56 966 7076 3931 2851 1250 2183 1065 2780 17207 396 3801 205
internal_value=0.00147834 3.00303 7.38797 0.556131 -0.55336 3.77023 25.5928 0.433918 5.36623 -4.46249 -4.61439 -4.27674 5.52435 4.88386 2.33753 2.72628 2.50376 3.22064 -0.850349 -0.695934 -3.90217 -2.88889 0.772748 -2.01797 -4.41481 -5.97304 -4.23137 -4.52768 7.42274 11.7679
internal_weight=104384 63253 22654 40599 26865 1726 228 1498 15501 245 41131 34005 15256 11410 173 13734 13158 9304 25139 24173 27857 9361 3854 6114 18496 6148 17431 3247 3846 7153
internal_count=104384 63253 22654 40599 26865 1726 228 1498 15501 245 41131 34005 15256 11410 173 13734 13158 9304 25139 24173 27857 9361 3854 6114 18496 6148 17431 3247 3846 7153
cat_boundaries=0 1
cat_threshold=2
is_linear=0
shrinkage=0.05


Tree=47
num_leaves=31
num_cat=2
split_feature=5 0 0 1 4 4 0 0 4 1 5 0 4 2 1 4 4 4 1 1 0 4 4 4 4 4 2 4 2 1
split_gain=5.22121e+08 2.61262e+08 6.24129e+07 3.99825e+07 1.12135e+07 3.76737e+07 9.68454e+06 5.9289e+07 8.06432e+06 8.05979e+06 7.88419e+06 1.18627e+07 1.01489e+07 1.17224e+07 7.77207e+06 7.27767e+06 7.11813e+06 6.95546e+06 6.06023e+06 5.21993e+06 5.11599e+06 5.45271e+06 1.8905e+07 5.38657e+06 4.63995e+06 4.87599e+06 3.99523e+06 3.70145e+06 3.57491e+06 3.15103e+06
threshold=0 14.980364223293687 18.742363650087714 1.0000000180025095e-35 53.530094638705926 79.705660969726708 0.44520146530287003 0.48599659707669246 7.3565387915560505 18.579956991500861 1 9.2999783966751099 116.90209583102994 7.334843802452089 17.58995901403809 20.876902363572629 197.59788178585998 72.667141910237405 14.079967187583927 17.349959723434452 13.739968146217349 41.953151611830769 60.679466652429532 11.705622633911013 276.38051498725684 35.992682306176619 7.4373547077178968 278.63826055011754 5.5858000000000017 0.47999889740452173
decision_type=1 2 2 2 2 2 2 2 2 2 1 2 2 10 2 2 2 2 2 2 2 2 2 2 2 2 10 2 8 2
left_child=1 3 9 4 6 17 15 -8 29 14 11 24 13 -13 18 -1 -7 -6 -3 -4 21 23 -23 -5 25 -10 -14 -16 -12 -2
right_child=8 2 19 20 5 16 7 -9 10 -11 28 12 26 -15 27 -17 -18 -19 -20 -21 -22 22 -24 -25 -26 -27 -28 -29 -30 -31
leaf_value=3.2777880074237582 -6.3514499565392493 14.707087196576394 28.54659258635148 -5.5168878033994577 -4.0121878728984326 -0.12160637135261754 50.799296237721165 0.98739163891538895 -5.0829169264200935 -9.2507358806133286 -4.9336983436313773 -2.4240096547288346 1.5120602106616117 7.9542185792604831 14.238470751943513 -0.37245054854543225 -5.2597111002690307 -9.5048679217704617 5.3827168283803317 11.553504547603197 3.6545699435074184 -7.5188500299747432 1.9725626896243029 5.9181883385933274 -6.5971018145225333 -3.1125214875649818 -6.795517438049159 6.4183751841276653 -16.359393265212795 -3.3821341051021196
leaf_weight=1656 6074 176 45 112 976 11774 67 492 4143 89 13603 483 206 621 386 7761 714 1415 12912 6261 5837 551 10591 1185 1386 13012 483 253 68 1052
leaf_count=1656 6074 176 45 112 976 11774 67 492 4143 89 13603 483 206 621 386 7761 714 1415 12912 6261 5837 551 10591 1185 1386 13012 483 253 68 1052
internal_value=0.00144925 2.853 7.55749 0.658072 -0.647326 -1.5169 0.649642 7.03775 -4.38374 5.67548 -4.06298 -3.43835 0.444963 3.41565 5.77293 0.269731 -0.415775 -7.26539 5.50922 11.6793 2.43333 1.86001 1.50256 4.92724 -3.81388 -3.58865 -4.31309 11.1571 -4.99172 -5.91363
internal_weight=104384 63253 20122 43131 24855 14879 9976 559 41131 13816 34005 20334 1793 1104 13727 9417 12488 2391 13088 6306 18276 12439 11142 1297 18541 17155 689 639 13671 7126
internal_count=104384 63253 20122 43131 24855 14879 9976 559 41131 13816 34005 20334 1793 1104 13727 9417 12488 2391 13088 6306 18276 12439 11142 1297 18541 17155 689 639 13671 7126
cat_boundaries=0 1 2
cat_threshold=2 1
is_linear=0
shrinkage=0.05


Tree=48
num_leaves=31
num_cat=1
split_feature=5 0 0 1 4 3 4 1 1 4 1 1 3 4 1 0 4 4 0 1 3 1 1 4 3 4 3 3 4 4
split_gain=4.71233e+08 2.35799e+08 5.63317e+07 3.6134e+07 1.12896e+07 4.54127e+07 4.24077e+07 9.69744e+06 7.27936e+06 7.27818e+06 7.40248e+06 7.11044e+06 5.99457e+06 6.03376e+06 7.39723e+06 5.76689e+06 5.56288e+06 4.15198e+07 1.20149e+07 5.44016e+06 5.32213e+06 5.25496e+06 4.72924e+06 4.45712e+06 4.03282e+06 4.53978e+06 3.96823e+06 3.55778e+06 2.90269e+06 8.35829e+06
threshold=0 14.980364223293687 18.742363650087714 0.99999769051669152 20.876902363572629 0.82004901960784327 20.682779021084816 0.25999940797617699 18.579956991500861 7.3565387915560505 14.059955358937602 17.699958294967654 2.8875000000000006 263.05597234752685 9.6799775244879189 0.8504674470996485 53.530094638705926 79.705660969726708 0.44520146530287003 13.939961554808542 2.1616666666666675 3.7799912001055689 17.349959723434452 275.50993669654093 1.3802380952380955 278.99955054364256 1.4384523809523813 0.93011904761904773 143.97753043880303 246.27150400024991
decision_type=1 2 2 2 2 2 2 2 2 2 2 2 2 2 2 2 2 2 2 2 2 2 2 2 2 2 2 2 2 2
left_child=1 3 8 4 5 7 -7 -1 11 -2 15 19 13 21 -15 28 18 -18 -6 -3 23 -5 -4 -17 25 -24 -13 -12 -11 -30
right_child=9 2 22 12 16 6 -8 -9 -10 10 27 26 -14 14 -16 20 17 -19 -20 -21 -22 -23 24 -25 -26 -27 -28 -29 29 -31
leaf_value=-0.26244603893727814 -5.6180181029314369 14.65079371859825 27.150291217306389 7.3696799378240421 -0.22890512666073276 -6.9072438585917162 39.017329738493885 32.455829434602158 -8.7933384017944345 -4.7899660632108683 -4.278734306722499 10.07686829022893 13.764073921126178 -8.8150101954172992 1.4504181241800778 -2.3100023198809443 -7.0409617021588762 -0.21439163961915134 7.3362496182502799 5.157976157775181 -5.9875631776932359 2.836696857770912 10.220055423951317 -5.7485193764449809 7.7087023110720043 13.160023708738724 26.637653383493429 -6.7864787040528372 -0.9451995261880376 -5.3329385170818489
leaf_weight=1476 7126 152 45 685 7936 74 154 22 89 9081 2896 437 116 180 5778 12642 2648 13994 561 13099 1240 9507 3121 1018 829 2311 39 2781 2097 2250
leaf_count=1476 7126 152 45 685 7936 74 154 22 89 9081 2896 437 116 180 5778 12642 2648 13994 561 13099 1240 9507 3121 1018 829 2311 39 2781 2097 2250
internal_value=0.00140568 2.71043 7.17979 0.625208 -0.500904 3.40966 24.1469 0.23939 5.39182 -4.16461 -3.85988 5.48443 2.48502 2.40316 1.13886 -3.52937 -0.769522 -1.30096 0.271375 5.26796 -2.85173 3.14205 11.0956 -2.56666 10.9759 11.473 11.4867 -5.50819 -4.28103 -3.21699
internal_weight=104384 63253 20122 43131 26865 1726 228 1498 13816 41131 34005 13727 16266 16150 5958 28328 25139 16642 8497 13251 14900 10192 6306 13660 6261 5432 476 5677 13428 4347
internal_count=104384 63253 20122 43131 26865 1726 228 1498 13816 41131 34005 13727 16266 16150 5958 28328 25139 16642 8497 13251 14900 10192 6306 13660 6261 5432 476 5677 13428 4347
cat_boundaries=0 1
cat_threshold=2
is_linear=0
shrinkage=0.05


Tree=49
num_leaves=31
num_cat=1
split_feature=5 1 1 1 4 4 3 3 3 3 1 3 1 1 1 3 4 3 4 3 4 4 4 3 3 3 1 4 4 4
split_gain=4.25314e+08 2.00289e+08 6.48457e+07 2.32426e+07 9.14581e+06 3.05311e+07 1.20573e+07 1.64061e+07 1.18449e+07 8.98691e+06 8.4844e+06 9.77045e+06 7.38566e+06 6.85147e+06 8.83561e+06 6.68671e+06 6.64258e+06 6.42939e+06 6.42512e+06 5.89015e+06 4.51381e+06 7.32445e+06 4.46183e+06 7.30039e+06 5.19128e+06 5.12165e+06 5.04534e+06 3.94066e+06 3.70575e+06 3.78497e+06
threshold=0 13.599968220170341 17.436626025792446 1.0000000180025095e-35 53.530094638705926 79.705660969726708 0.22007575757575762 0.077500000000000013 0.33992424242424252 0.98058823529411787 17.349959723434452 0.55950000000000022 15.939963033760074 0.019999953988310573 13.909961877399091 0.33992424242424252 267.93661157518937 2.2070833333333337 197.59788178585998 1.0700490196078434 34.663429674957491 36.972866100304209 248.50768118551136 0.48022222222222227 1.9908333333333335 0.97970588235294132 11.479973293266351 41.953151611830769 28.553654166726833 7.4417474773993915
decision_type=1 2 2 2 2 2 2 2 2 2 2 2 2 2 2 2 2 2 2 2 2 2 2 2 2 2 2 2 2 2
left_child=1 3 10 4 6 9 7 -1 -8 -6 12 -12 15 20 16 -3 17 -15 -7 -13 28 -22 24 26 -5 -25 -24 -14 29 -2
right_child=13 2 -4 22 5 18 8 -9 -10 -11 11 19 27 14 -16 -17 -18 -19 -20 -21 21 -23 23 25 -26 -27 -28 -29 -30 -31
leaf_value=8.0088516012077431 -5.7112960539289084 2.0481197726006317 10.099646247191709 2.5159972486894322 -3.7941888885217452 -0.10480789180649504 4.9206392028042778 -4.7849617166582137 0.38089906739043417 -9.9639409157022669 -20.113129544192802 -1.8871327316761015 19.802281210510824 -2.3009053369216637 -5.0045541787247148 4.6497356015067668 -5.1249233360549269 -5.9060881455396661 -4.9863887361781991 25.265260792607847 0.80096208791033219 -4.4911679169577416 -2.8443083798350663 -2.8798176369403321 13.167414352564975 1.6423173865024356 3.7416801169402421 6.1839405735949144 -8.3888166566405982 -2.9854285739682282
leaf_weight=293 6374 3328 7153 8596 1324 11774 1878 1698 6107 1067 72 151 53 15840 7190 9604 3022 1341 714 22 782 3979 339 1546 115 1051 2017 4351 1007 1596
leaf_count=293 6374 3328 7153 8596 1324 11774 1878 1698 6107 1067 72 151 53 15840 7190 9604 3022 1341 714 22 782 3979 339 1546 115 1051 2017 4351 1007 1596
internal_value=0.00140482 2.57506 6.0861 0.320429 -0.590232 -1.37555 0.581073 -2.89912 1.44909 -6.5505 4.45266 -4.77236 4.5833 -3.95643 -3.49912 3.98043 -2.96314 -2.58262 -0.384289 1.6911 -4.86796 -3.62194 1.97686 0.778418 2.65811 -1.04979 2.79323 6.35229 -5.52831 -5.16588
internal_weight=104384 63253 24734 38519 24855 14879 9976 1991 7985 2391 17581 245 17336 41131 27393 12932 20203 17181 12488 173 13738 4761 13664 4953 8711 2597 2356 4404 8977 7970
internal_count=104384 63253 24734 38519 24855 14879 9976 1991 7985 2391 17581 245 17336 41131 27393 12932 20203 17181 12488 173 13738 4761 13664 4953 8711 2597 2356 4404 8977 7970
cat_boundaries=0 1
cat_threshold=2
is_linear=0
shrinkage=0.05


Tree=50
num_leaves=31
num_cat=1
split_feature=5 0 0 1 3 1 2 0 0 2 3 1 1 3 1 3 0 3 0 3 1 3 0 3 3 3 3 3 0 2
split_gain=3.83857e+08 1.93315e+08 4.61755e+07 2.93814e+07 7.26936e+06 6.82335e+06 6.21013e+06 1.44542e+07 5.87736e+06 5.79109e+06 5.53725e+06 5.2044e+06 4.42022e+06 3.65742e+06 3.60335e+06 3.58662e+06 2.29984e+07 1.36583e+08 7.3384e+06 6.51106e+06 3.47247e+06 5.20298e+06 3.83337e+06 3.42173e+06 3.29922e+06 3.26756e+06 3.51221e+06 8.12429e+06 3.18183e+06 2.80219e+06
threshold=0 14.980364223293687 18.742363650087714 1.0000000180025095e-35 1.1202777777777781 18.579956991500861 7.3310961961746228 10.220005861970135 17.761495818405717 7.4373547077178968 1.8803571428571433 14.079967187583927 17.349959723434452 1.6808333333333336 11.639973171662575 0.2267592592592593 0.44520146530287003 0.33992424242424252 0.48599659707669246 0.16840909090909092 11.708306160100303 0.11348484848484851 8.4677270478442779 2.7958333333333338 2.8875000000000006 2.2070833333333337 0.64015151515151525 0.88068627450980408 19.959953700332644 2.7159958660602572
decision_type=1 2 2 2 2 2 10 2 2 10 2 2 2 2 2 2 2 2 2 2 2 2 2 2 2 2 2 2 2 10
left_child=1 3 5 15 20 8 29 25 11 14 -10 -3 -4 28 -9 18 23 -18 19 -1 22 -22 -5 -17 -6 26 -8 -28 -14 -2
right_child=6 2 12 4 24 -7 7 9 10 -11 -12 -13 13 -15 -16 16 17 -19 -20 -21 21 -23 -24 -25 -26 -27 27 -29 -30 -31
leaf_value=0.08817344724652236 -7.0193147574993509 13.179458996087817 25.549830103335175 1.6934543239576811 4.194008451534093 -8.8579280240800653 -4.1128450231731977 8.9323764167970516 7.4287903718943626 -6.2945695688989431 20.611220503620718 4.5378607014905255 11.197743958013696 6.3361380826994891 -0.4350093392277441 -0.45739784298114189 49.575468854552213 -6.8651963548510002 -8.2627257541083186 -3.4154360626986042 6.0763837694572302 1.9143641515096608 -0.94859816813603892 -9.7785100466795658 12.807572069299908 -6.0910141149605073 0.42695998460733292 -3.2597683799455872 8.6757220490144871 -4.289292500523624
leaf_weight=3725 995 176 45 3755 2351 89 7830 383 1005 107 86 12460 3687 644 140 18082 153 352 387 2058 818 9073 2163 98 116 1085 1722 11290 1930 17579
leaf_count=3725 995 176 45 3755 2351 89 7830 383 1005 107 86 12460 3687 644 140 18082 153 352 387 2058 818 9073 2163 98 116 1085 1722 11290 1930 17579
internal_value=0.00134029 2.44634 6.4931 0.558295 2.08011 4.87431 -3.75866 -3.20082 4.96399 4.26129 8.48585 4.65926 10.0384 9.92286 6.4288 -0.560741 -0.215562 10.2988 -1.60586 -1.15903 1.68598 2.25915 0.727799 -0.508179 4.60405 -3.4154 -3.27583 -2.77187 10.3329 -4.43591
internal_weight=104384 63253 20122 43131 18276 13816 41131 22557 13727 630 1091 12636 6306 6261 523 24855 18685 505 6170 5783 15809 9891 5918 18180 2467 21927 20842 13012 5617 18574
internal_count=104384 63253 20122 43131 18276 13816 41131 22557 13727 630 1091 12636 6306 6261 523 24855 18685 505 6170 5783 15809 9891 5918 18180 2467 21927 20842 13012 5617 18574
cat_boundaries=0 1
cat_threshold=2
is_linear=0
shrinkage=0.05


Tree=51
num_leaves=31
num_cat=1
split_feature=5 0 0 0 0 4 4 4 0 3 4 4 4 3 2 0 4 3 4 3 4 4 0 4 3 3 3 4 0 4
split_gain=3.46446e+08 1.74647e+08 5.36908e+07 1.39763e+07 1.49329e+07 6.32418e+07 6.18378e+07 1.1957e+07 2.01516e+07 2.63632e+07 1.25563e+07 1.1411e+07 2.47693e+07 1.03255e+07 5.6047e+06 1.30456e+07 5.5978e+06 5.42182e+06 5.03583e+06 6.94746e+06 5.26046e+06 4.98395e+06 4.87118e+06 4.82555e+06 3.96206e+06 3.57122e+06 6.89097e+06 5.71951e+06 3.36031e+06 7.0994e+06
threshold=0 13.900046924062918 17.761495818405717 0.44520146530287003 0.48599659707669246 36.972016444086492 36.97190895456697 36.928172484557372 0.16203430980392161 0.43993827160493837 33.920180761862021 79.705660969726708 53.530094638705926 0.53916666666666679 7.3310961961746228 10.220005861970135 92.717059551879103 3.101666666666667 33.920180761862021 1.2403571428571432 267.93661157518937 40.456495911064998 9.1616146857637091 26.695935969762441 3.101666666666667 0.40916666666666673 0.32007575757575768 154.65435644450841 19.019955969009406 275.50993669654093
decision_type=1 2 2 2 2 2 2 2 2 2 2 2 2 2 10 2 2 2 2 2 2 2 2 2 2 2 2 2 2 2
left_child=1 3 17 7 5 6 -5 8 10 -10 -1 12 -9 -13 -2 18 -17 21 22 20 -20 -3 23 -16 28 26 -6 -27 29 -4
right_child=14 2 24 4 25 -7 -8 11 9 -11 -12 13 -14 -15 15 16 -18 -19 19 -21 -22 -23 -24 -25 -26 27 -28 -29 -30 -31
leaf_value=-3.3545110773730764 -4.2141437476893691 11.083476131227235 10.691251228101214 -10.098855523608981 1.4293624249172683 -4.4893727733790874 99.088008783128529 -0.59401148366219114 -1.305583453812925 15.662958985294365 3.3447820839131879 -0.80119494406379577 -6.5102318232628624 2.3629625937136667 -3.9107916740554658 8.2818801900923784 -1.186687128055222 13.026112327575683 -1.2426296316636292 -3.900818787187994 -4.9663034578469869 3.8679239737910316 6.8888579942803636 -7.4369297159172127 -2.5325665757427478 2.7012640433612902 5.8192561256890887 -0.50418937908141581 9.749440003993227 3.6953066732126012
leaf_weight=1384 18574 242 698 20 4565 119 35 5989 396 541 1412 10337 2510 3434 5622 348 282 166 7057 6885 1095 17229 94 1174 72 2081 1111 4196 5959 757
leaf_count=1384 18574 242 698 20 4565 119 35 5989 396 541 1412 10337 2510 3434 5622 348 282 166 7057 6885 1095 17229 94 1174 72 2081 1111 4196 5959 757
internal_value=0.00132748 2.32413 5.56078 0.191489 1.59316 16.0935 59.9123 -0.462241 2.15618 8.49787 0.0286644 -0.90123 -2.3418 -0.0120514 -3.57075 -3.0408 4.0484 4.05448 -3.24466 -2.73139 -1.74335 3.9685 -4.36429 -4.52093 9.10859 1.38075 2.2895 0.558768 9.22197 7.05648
internal_weight=104384 63253 25123 38130 12127 174 55 26003 3733 937 2796 22270 8499 13771 41131 22557 630 17637 21927 15037 8152 17471 6890 6796 7486 11953 5676 6277 7414 1455
internal_count=104384 63253 25123 38130 12127 174 55 26003 3733 937 2796 22270 8499 13771 41131 22557 630 17637 21927 15037 8152 17471 6890 6796 7486 11953 5676 6277 7414 1455
cat_boundaries=0 1
cat_threshold=2
is_linear=0
shrinkage=0.05


Tree=52
num_leaves=31
num_cat=1
split_feature=5 1 1 1 4 1 4 3 3 1 4 4 4 1 1 4 3 3 4 4 4 4 3 4 3 3 3 3 3 1
split_gain=3.12683e+08 1.47609e+08 4.21939e+07 2.32172e+07 1.0015e+07 9.65248e+06 9.47023e+06 1.27316e+07 7.64725e+06 7.1301e+06 8.83945e+06 6.99257e+06 6.50279e+06 5.69901e+06 7.15628e+06 5.68991e+06 5.23014e+06 3.72416e+06 3.57439e+06 6.16852e+06 3.12149e+06 3.41043e+06 2.9177e+06 3.54648e+06 2.7607e+06 2.7178e+06 2.68839e+06 2.51705e+06 4.4911e+06 3.88263e+06
threshold=0 15.489957474296325 10.359971439942887 17.436626025792446 175.85592669041588 17.349959723434452 278.99955054364256 0.86058823529411776 1.1603921568627453 1.0000000180025095e-35 145.25178461759691 20.876902363572629 38.814310056685947 0.019999953988310573 13.909961877399091 267.93661157518937 2.2070833333333337 3.4850000000000008 34.663429674957491 36.972866100304209 28.553654166726833 25.479514141707288 1.2341666666666671 57.66614639130723 0.060833333333333343 3.101666666666667 0.12022727272727275 0.42006172839506178 0.69937500000000019 17.699958294967654
decision_type=1 2 2 2 2 2 2 2 2 2 2 2 2 2 2 2 2 2 2 2 2 2 2 2 2 2 2 2 2 2
left_child=1 2 4 5 9 -3 -7 -8 12 11 -11 -1 -4 18 15 16 -15 -10 20 -20 21 -2 -16 -24 -21 27 -14 29 -29 -5
right_child=13 3 8 25 -6 6 7 -9 17 10 -12 -13 26 14 22 -17 -18 -19 19 24 -22 -23 23 -25 -26 -27 -28 28 -30 -31
leaf_value=2.7095461253154625 -4.7099857153607125 4.9973713641802835 9.240033014612953 -8.2559553084262571 -4.2268065994107307 13.908994136773623 -18.646997220215976 8.9206826557096885 4.6798779707028553 0.58469773823836335 6.0147172477300632 -0.63102153349669876 4.1741747568430698 -1.8866166129354707 -3.6112813881403407 -4.4935198043838396 -5.1381252975522891 17.369602557683397 0.94390662068256104 -9.5113871912123482 -7.4360710068514182 0.14351861769758811 -3.0934168323816045 -7.1303402293173868 -3.6012306200847242 -1.9061361613039112 1.9055531410743201 11.120475846417154 8.1962808154974223 7.1127879674492789
leaf_weight=1683 7590 7125 327 42 1522 51 134 60 3312 3298 969 22457 1444 15840 4771 3022 1341 58 782 208 1007 380 831 1588 3771 60 13660 1960 4064 1027
leaf_count=1683 7590 7125 327 42 1522 51 134 60 3312 3298 969 22457 1444 15840 4771 3022 1341 58 782 208 1007 380 831 1588 3771 60 13660 1960 4064 1027
internal_value=0.00132846 2.20805 0.889385 6.63228 -0.27674 4.6617 -5.08092 -10.1189 2.74564 -0.0649605 1.81893 -0.39802 2.27412 -3.39223 -2.97518 -2.49283 -2.14069 4.90337 -4.22353 -3.11479 -4.81114 -4.47859 -4.32998 -5.74539 -3.91249 8.6617 2.1227 8.75135 9.1494 6.50181
internal_weight=104384 63253 48730 14523 29929 7370 245 194 18801 28407 4267 24140 15431 41131 27393 20203 17181 3370 13738 4761 8977 7970 7190 2419 3979 7153 15104 7093 6024 1069
internal_count=104384 63253 48730 14523 29929 7370 245 194 18801 28407 4267 24140 15431 41131 27393 20203 17181 3370 13738 4761 8977 7970 7190 2419 3979 7153 15104 7093 6024 1069
cat_boundaries=0 1
cat_threshold=2
is_linear=0
shrinkage=0.05


Tree=53
num_leaves=31
num_cat=1
split_feature=0 2 6 0 1 2 0 4 3 1 4 4 4 3 4 1 4 3 0 3 1 3 3 0 3 0 1 1 0 2
split_gain=2.83907e+08 6.10177e+07 6.42167e+07 3.77686e+07 2.47622e+07 1.38216e+07 1.17774e+07 7.06838e+06 4.23248e+07 5.76481e+06 5.8082e+06 5.68768e+06 5.18299e+06 4.87098e+06 4.94025e+06 4.7748e+06 4.20522e+06 6.0673e+06 4.3298e+06 4.14497e+06 3.90774e+06 3.23767e+06 3.02424e+06 2.69603e+06 6.02577e+06 3.43221e+06 2.31905e+06 6.58794e+06 4.74009e+06 4.00392e+06
threshold=15.239964407661441 7.334843802452089 0 17.761495818405717 0.19999954060724254 7.4989146471023567 10.220005861970135 20.876902363572629 0.77023809523809539 14.399966612480165 41.467459884849028 33.920180761862021 92.717059551879103 1.1202777777777781 263.05597234752685 16.80995403041177 33.920180761862021 1.2403571428571432 9.1616146857637091 2.6158333333333341 16.699960787338259 3.101666666666667 3.4850000000000008 19.019955969009406 1.8803571428571433 19.879953380661018 0.099999769941552866 10.839974905344109 10.645000149766956 5.5858000000000017
decision_type=2 10 1 2 2 10 2 2 2 2 2 2 2 2 2 2 2 2 2 2 2 2 2 2 2 2 2 2 2 10
left_child=1 26 4 5 7 -2 16 8 -3 -7 15 -9 -8 14 -6 -11 18 -18 -4 -12 -5 23 -15 24 -22 -25 -1 28 -28 -30
right_child=3 2 6 20 13 9 12 11 -10 10 19 -13 -14 22 -16 -17 17 -19 -20 -21 21 -23 -24 25 -26 -27 27 -29 29 -31
leaf_value=-4.5737797461225336 -3.4024366829626072 -0.86654849627802388 -4.1168511622352746 24.075253391754938 2.2399988970337819 12.800309434983326 8.1345691938992015 -6.5225003905349057 20.252786544628311 10.15136260769197 3.6727198801895997 -0.56156846651611991 -1.0004029249176118 3.682599636807117 0.35966769996883191 36.355378447033111 -1.5381306606994254 -3.5544467840923235 6.6413786659240728 9.4784975820196919 5.4864923792600422 -2.3704128209205524 17.899309949372945 9.8975851564421244 18.931820850372315 7.4790022363436108 -0.87056587313478961 -3.8411586819684822 0.33180305397188348 23.763196551348713
leaf_weight=6559 646 1415 6640 38 10405 187 344 406 284 111 10682 23896 282 2749 5259 20 8149 6885 94 316 1364 72 37 3059 88 2865 1340 10120 36 36
leaf_count=6559 646 1415 6640 38 10405 187 344 406 284 111 10682 23896 282 2749 5259 20 8149 6885 94 316 1364 72 37 3059 88 2865 1340 10120 36 36
internal_value=0.00127055 -1.24651 -0.549297 5.45052 0.550687 3.70692 -2.73264 -0.443406 2.67353 4.11304 3.96593 -0.661419 4.02441 1.95158 1.60876 14.3971 -2.92713 -2.4617 -3.96571 3.84038 8.23579 8.15175 3.87776 8.25477 6.31383 8.72936 -3.82248 -3.3948 -0.195261 12.2126
internal_weight=104384 84936 66845 19448 44451 11962 22394 26001 1699 11316 11129 24302 626 18450 15664 131 21768 15034 6734 10998 7486 7448 2786 7376 1452 5924 18091 11532 1412 72
internal_count=104384 84936 66845 19448 44451 11962 22394 26001 1699 11316 11129 24302 626 18450 15664 131 21768 15034 6734 10998 7486 7448 2786 7376 1452 5924 18091 11532 1412 72
cat_boundaries=0 1
cat_threshold=2
is_linear=0
shrinkage=0.05


Tree=54
num_leaves=31
num_cat=1
split_feature=5 1 1 1 1 4 3 4 4 3 3 3 3 1 3 3 1 1 4 3 2 4 3 2 4 4 1 4 4 4
split_gain=2.54705e+08 1.21407e+08 3.95042e+07 1.31865e+07 7.20174e+06 8.52394e+06 1.16448e+07 6.92853e+06 2.46602e+07 9.60545e+06 1.45405e+07 1.04068e+07 8.03842e+06 5.88064e+06 5.44837e+06 5.32985e+06 4.71046e+06 6.03193e+06 5.71876e+06 4.13981e+06 3.71481e+06 3.50165e+06 3.28122e+06 8.16885e+06 3.23394e+06 1.66915e+07 5.82946e+06 5.15178e+06 4.56264e+06 4.80305e+06
threshold=0 13.509963103570726 17.436626025792446 1.0000000180025095e-35 17.349959723434452 278.99955054364256 0.95029411764705896 53.530094638705926 79.705660969726708 0.22007575757575762 0.077500000000000013 0.45993827160493833 0.98058823529411787 16.039962506454472 1.4491666666666669 0.33992424242424252 0.019999953988310573 13.259969379631045 267.93661157518937 1.5208333333333337 5.5858000000000017 233.54283251771065 2.4208333333333338 5.4121500000000013 41.953151611830769 60.679466652429532 8.1199810039901745 178.95663949190643 11.705622633911013 19.020390382422935
decision_type=1 2 2 2 2 2 2 2 2 2 2 2 2 2 2 2 2 2 2 2 8 2 2 10 2 2 2 2 2 2
left_child=1 3 4 7 13 -6 -7 9 12 10 -1 -11 -9 15 -10 -3 -2 18 19 -18 22 -21 -19 -24 28 26 -26 -27 -5 -30
right_child=16 2 -4 24 5 6 -8 8 14 11 -12 -13 -14 -15 -16 -17 17 20 -20 21 -22 -23 23 -25 25 27 -28 -29 29 -31
leaf_value=7.7072731151710574 -3.8172886600253157 1.4505506102263575 7.8186057977253505 -5.7616724121465097 12.951367820593028 -16.267163673849666 13.23145969568297 -3.2028638642911638 -0.55179705793894207 3.4558694606925737 -4.3370538566718038 -0.20542470991758544 -9.037287063472224 5.2829326307819109 3.5680335632195646 3.6572873163370909 -1.230168349137398 -3.4108070465925273 -4.1511542177476963 -3.9881434209704247 -14.678627262966977 -1.0284749176406542 -4.2563749768013315 -19.986106994976335 -11.803566026846827 2.8876178664448062 -1.6427198299935561 0.71798810797933976 16.075964374254493 3.8633996552794283
leaf_weight=293 13738 3715 7153 112 51 152 42 1324 11627 3325 1698 4660 1067 3846 861 10405 10729 8522 3010 3082 76 1480 390 104 306 4802 262 6360 86 1106
leaf_count=293 13738 3715 7153 112 51 152 42 1324 11627 3325 1698 4660 1067 3846 861 10405 10729 8522 3010 3082 76 1480 390 104 306 4802 262 6360 86 1106
internal_value=0.00129727 1.99295 4.67019 0.200652 3.43317 -5.06684 -9.84573 -0.474825 -1.15835 0.544654 -2.5616 1.3194 -5.80921 3.54936 -0.267487 3.07683 -3.06152 -2.68237 -2.15919 -1.76683 -3.73511 -3.02841 -3.64124 -7.60159 1.48868 1.22586 -7.12783 1.65156 3.85006 4.75725
internal_weight=104384 63253 25364 37889 18211 245 194 24855 14879 9976 1991 7985 2391 17966 12488 14120 41131 27393 18301 15291 9092 4562 9016 494 13034 11730 568 11162 1304 1192
internal_count=104384 63253 25364 37889 18211 245 194 24855 14879 9976 1991 7985 2391 17966 12488 14120 41131 27393 18301 15291 9092 4562 9016 494 13034 11730 568 11162 1304 1192
cat_boundaries=0 1
cat_threshold=2
is_linear=0
shrinkage=0.05


Tree=55
num_leaves=31
num_cat=1
split_feature=0 5 0 0 4 2 1 4 0 4 1 4 1 1 3 4 3 1 4 3 4 4 4 3 4 4 3 1 3 3
split_gain=2.32466e+08 1.01351e+08 2.8917e+07 2.24041e+07 9.73762e+06 8.15182e+06 6.72092e+06 6.04467e+06 9.94688e+06 9.31382e+06 5.59857e+06 4.9971e+06 4.22805e+06 5.88271e+06 4.61216e+06 3.94179e+06 3.92955e+06 3.90329e+06 3.64909e+06 3.06599e+06 4.06446e+06 2.98947e+06 5.34223e+06 2.85295e+06 2.83456e+06 3.19537e+06 2.44261e+06 2.39742e+06 2.34948e+06 2.33076e+06
threshold=15.339964343803407 0 18.742363650087714 10.645000149766956 175.85592669041588 7.4989146471023567 18.579956991500861 36.928172484557372 0.14001774458882627 121.31720883073699 14.599959832866267 41.467459884849028 0.019999953988310573 14.059955358937602 1.5208333333333337 38.814310056685947 2.8875000000000006 17.349959723434452 267.93661157518937 1.3802380952380955 278.99955054364256 34.663429674957491 36.972866100304209 0.46030303030303038 28.553654166726833 7.4417474773993915 0.060833333333333343 19.399954428695683 1.1005882352941179 1.0403431372549021
decision_type=2 1 2 2 2 10 2 2 2 2 2 2 2 2 2 2 2 2 2 2 2 2 2 2 2 2 2 2 2 2
left_child=1 3 5 4 7 -2 10 8 -1 -9 -7 -12 21 14 18 -5 28 -4 -14 20 23 24 -23 -19 25 -3 -24 -22 -17 -15
right_child=2 12 17 15 -6 6 -8 9 -10 -11 11 -13 13 29 -16 16 -18 19 -20 -21 27 22 26 -25 -26 -27 -28 -29 -30 -31
leaf_value=-0.16647357843556032 -2.5706371181090124 -4.3480152734902386 22.361244407322101 7.615615237943782 -4.0873275484620235 11.288616655029386 -9.7071563187705152 -1.0346326103595564 4.8673009576123789 1.053137234618039 13.349092346917104 3.7370747859078244 -1.3644873989419253 -3.0721649446035997 -3.269376963954985 1.6164043484888133 10.095428129283562 3.7741524667209485 -3.7616602083557624 4.8548212615567516 10.902935896372268 1.1642005488624747 -8.6205474268933813 7.6708215942392677 -6.6645604506531173 -1.8446473674169166 -3.0623321985574745 7.4960523653753217 3.3020505761636949 -5.0835427896822543
leaf_weight=2640 505 6374 45 317 1572 258 89 16279 1561 7950 136 11428 12747 3324 6452 12075 147 580 1813 829 1508 782 208 2541 1007 1596 3771 803 2495 2552
leaf_count=2640 505 6374 45 317 1572 258 89 16279 1561 7950 136 11428 12747 3324 6452 12075 147 580 1813 829 1508 782 208 2541 1007 1596 3771 803 2495 2552
internal_value=0.00121961 -1.10189 5.04827 0.531583 -0.257862 3.64736 3.91118 -0.0459798 1.70468 -0.34958 4.01452 3.85126 -2.91265 -2.54783 -2.15654 2.10692 1.98775 7.80554 -1.66322 7.69736 8.1302 -3.62644 -2.61261 6.94812 -4.16378 -3.84701 -3.35498 9.72291 1.90527 -3.94644
internal_weight=104384 85662 18722 45036 30002 12416 11911 28430 4201 24229 11822 11564 40626 26888 21012 15034 14717 6306 14560 6261 5432 13738 4761 3121 8977 7970 3979 2311 14570 5876
internal_count=104384 85662 18722 45036 30002 12416 11911 28430 4201 24229 11822 11564 40626 26888 21012 15034 14717 6306 14560 6261 5432 13738 4761 3121 8977 7970 3979 2311 14570 5876
cat_boundaries=0 1
cat_threshold=2
is_linear=0
shrinkage=0.05


Tree=56
num_leaves=31
num_cat=1
split_feature=0 5 0 0 2 1 1 3 1 1 3 0 0 3 3 3 3 3 1 3 2 3 3 0 3 0 1 0 0 2
split_gain=2.0994e+08 8.82582e+07 2.82769e+07 1.86811e+07 1.01545e+07 4.96171e+06 3.89589e+06 5.38316e+06 4.4613e+06 3.52565e+06 3.46799e+06 5.49805e+06 4.55064e+07 4.48554e+06 3.38065e+06 3.16532e+06 3.02708e+06 2.88978e+06 2.82017e+06 2.77168e+06 2.48152e+06 2.48144e+06 2.96427e+06 2.36142e+06 4.54688e+06 2.95069e+06 2.34821e+06 2.23994e+06 1.97135e+06 1.90239e+06
threshold=15.239964407661441 0 17.761495818405717 10.645000149766956 7.4989146471023567 14.599959832866267 0.019999953988310573 2.2070833333333337 14.079967187583927 17.089960260223396 0.2267592592592593 0.44520146530287003 0.49999881609046465 0.12022727272727275 0.020833333333333339 3.4850000000000008 2.6158333333333341 3.7808333333333337 1.0000000180025095e-35 3.101666666666667 7.640443897247315 0.12022727272727275 1.1005882352941179 19.019955969009406 1.0700490196078434 19.763287684494021 17.349959723434452 9.9403491686412639 11.659972996665955 7.7019032955169688
decision_type=2 1 2 2 10 2 2 2 2 2 2 2 2 2 2 2 2 2 2 2 8 2 2 2 2 2 2 2 2 10
left_child=1 3 4 10 -2 -6 29 8 20 -4 13 18 -13 14 -1 21 26 -9 -12 23 -8 28 -23 24 -11 -25 -7 -15 -5 -3
right_child=2 6 9 15 5 16 7 17 -10 19 11 12 -14 27 -16 -17 -18 -19 -20 -21 -22 22 -24 25 -26 -27 -28 -29 -30 -31
leaf_value=-11.049206911527373 -2.9152403083845542 -3.3053113674264916 16.354866264567658 -2.3474154545654331 9.3384046869616153 3.2935154401522952 -1.4599382478798479 -5.1986497693631515 -3.5034133853497447 3.7424966110086566 -0.40530459776678951 28.91985552403132 0.62950472753575881 -2.0978908936323402 0.4713608623303871 16.35835604215923 8.2604983447158826 4.6245882760456354 1.8538614054869449 -3.1157202733965477 -2.6641907138530687 1.3320730886072045 3.2578395141545311 8.8589950879157353 10.762306515151916 6.5752220149819536 -2.4869935258540359 -11.52707317687571 4.5371689820570147 -5.929987079528467
leaf_weight=64 646 13008 101 113 355 10480 13092 2026 5194 1110 18180 149 2716 4204 3132 37 303 77 1494 67 6358 10611 2462 2390 291 3527 178 63 1226 730
leaf_count=64 646 13008 101 113 355 10480 13092 2026 5194 1110 18180 149 2716 4204 3132 37 303 77 1494 67 6358 10611 2462 2390 291 3527 178 63 1226 730
internal_value=0.00118569 -1.07181 4.68712 0.466377 3.17844 3.52654 -2.76064 -2.40892 -2.20153 7.09711 -0.244968 0.0643757 2.11038 -1.1791 0.237276 1.94333 3.33747 -4.83695 -0.233663 6.9683 -1.85371 1.90519 1.69497 7.06104 5.20721 7.49903 3.19675 -2.23978 3.95485 -3.4452
internal_weight=104384 84936 19448 44451 11962 11316 40485 26747 24644 7486 30002 22539 2865 7463 3196 14449 10961 2103 19674 7385 19450 14412 13073 7318 1401 5917 10658 4267 1339 13738
internal_count=104384 84936 19448 44451 11962 11316 40485 26747 24644 7486 30002 22539 2865 7463 3196 14449 10961 2103 19674 7385 19450 14412 13073 7318 1401 5917 10658 4267 1339 13738
cat_boundaries=0 1
cat_threshold=2
is_linear=0
shrinkage=0.05


Tree=57
num_leaves=31
num_cat=1
split_feature=0 5 0 0 4 2 4 0 4 1 4 1 2 0 2 4 3 1 4 4 4 3 1 1 4 2 0 4 1 4
split_gain=1.89545e+08 8.25409e+07 2.37999e+07 1.82192e+07 8.81028e+06 6.1754e+06 5.47858e+06 8.91214e+06 8.41115e+06 5.05616e+06 4.6706e+06 4.30962e+06 3.85081e+06 9.99826e+06 4.78014e+06 3.59356e+06 3.32904e+06 3.18752e+06 3.14559e+06 4.58454e+06 3.03253e+06 2.50808e+06 2.32059e+06 2.31612e+06 2.20751e+06 2.12634e+06 2.1184e+06 6.00092e+06 2.76006e+06 1.66358e+06
threshold=15.339964343803407 0 17.761495818405717 10.645000149766956 175.85592669041588 7.4989146471023567 36.928172484557372 0.16203430980392161 121.31720883073699 14.599959832866267 41.467459884849028 16.80995403041177 7.3310961961746228 10.220005861970135 7.4563735008239762 38.814310056685947 2.8875000000000006 17.089960260223396 276.38051498725684 33.920180761862021 275.50993669654093 2.9541666666666671 11.639973171662575 13.939961554808542 248.50768118551136 2.7159958660602572 19.019955969009406 275.50993669654093 19.099955547164921 220.40638309362274
decision_type=2 1 2 2 2 10 2 2 2 2 2 2 10 2 10 2 2 2 2 2 2 2 2 2 2 10 2 2 2 2
left_child=1 3 5 4 6 -2 7 -1 -8 -7 11 -11 25 18 22 -5 24 -4 19 -14 -12 26 -15 -18 -17 -3 27 -19 -28 -27
right_child=2 12 17 15 -6 9 8 -9 -10 10 20 -13 13 14 -16 16 23 21 -20 -21 -22 -23 -24 -25 -26 29 28 -29 -30 -31
leaf_value=0.0026073199669468562 -2.2968852698414226 -5.4206684368393994 15.545139957596275 7.1594193599452769 -3.8752676938714794 10.261247739482341 -0.97121347519166834 4.8827009404481387 1.0128082313432978 8.531888427348699 2.1973413492519489 33.59554917108445 -3.2537273099498365 7.7278396053784464 -6.8844061700228991 2.3272544016104741 24.273751641186802 8.3646509799152469 -4.5235731880531214 -1.6676334144131582 3.9101420123064319 -2.8330504760742188 0.37381879571321852 6.5728055383414627 1.0961097640313093 -2.9502631276309166 8.4799311250017038 1.8087787914118949 6.2575565303063243 -5.7148456254057223
leaf_weight=2796 505 995 101 317 1572 258 16279 1405 7950 101 5072 20 6890 397 86 7265 21 670 1576 13461 5280 69 147 126 7305 16511 2304 729 3613 563
leaf_count=2796 505 995 101 317 1572 258 16279 1405 7950 101 5072 20 6890 397 86 7265 21 670 1576 13461 5280 69 147 126 7305 16511 2304 729 3613 563
internal_value=0.0011605 -0.994923 4.55852 0.479196 -0.232708 3.10294 -0.0311678 1.6355 -0.320203 3.35725 3.18621 12.9161 -2.62903 -2.19313 4.01278 1.8998 1.78603 6.74255 -2.37162 -2.20475 3.07124 6.62007 5.74497 9.24847 1.71011 -3.17304 6.7096 4.95221 7.12421 -3.04175
internal_weight=104384 85662 18722 45036 30002 11236 28430 4201 24229 10731 10473 121 40626 22557 630 15034 14717 7486 21927 20351 10352 7385 544 147 14570 18069 7316 1399 5917 17074
internal_count=104384 85662 18722 45036 30002 11236 28430 4201 24229 10731 10473 121 40626 22557 630 15034 14717 7486 21927 20351 10352 7385 544 147 14570 18069 7316 1399 5917 17074
cat_boundaries=0 1
cat_threshold=2
is_linear=0
shrinkage=0.05


Tree=58
num_leaves=31
num_cat=1
split_feature=0 5 0 1 2 4 4 0 0 4 4 4 1 4 1 4 2 0 2 4 1 1 4 4 4 4 0 1 1 1
split_gain=1.71159e+08 7.18338e+07 2.29987e+07 1.55406e+07 8.32672e+06 6.15701e+06 2.15849e+07 6.72057e+06 4.24892e+07 5.70656e+06 5.48917e+06 4.29554e+06 4.31752e+06 4.17194e+06 3.91912e+06 3.60601e+06 3.38489e+06 9.02378e+06 4.31746e+06 3.00745e+06 4.70081e+06 2.93563e+06 2.84386e+06 6.22916e+06 2.83924e+06 4.13765e+06 2.36338e+06 2.09484e+06 1.81229e+06 5.4005e+06
threshold=15.239964407661441 0 17.761495818405717 1.0000000180025095e-35 7.4989146471023567 53.530094638705926 79.705660969726708 0.44520146530287003 0.48599659707669246 147.19915526419507 73.493986445789304 41.467459884849028 14.399966612480165 36.928172484557372 16.80995403041177 275.50993669654093 7.3310961961746228 10.220005861970135 7.4563735008239762 248.50768118551136 9.6799775244879189 16.699960787338259 11.705622633911013 25.632744012084355 276.38051498725684 33.920180761862021 7.0572628705318561 11.639973171662575 0.13999967864231086 10.839974905344109
decision_type=2 1 2 2 10 2 2 2 2 2 2 2 2 2 2 2 10 2 10 2 2 2 2 2 2 2 2 2 2 2
left_child=1 3 4 5 -2 7 10 13 -9 -8 -7 14 -13 -1 -6 -14 28 24 27 22 26 -4 -5 -24 25 -18 -21 -19 -3 -30
right_child=2 16 21 19 11 6 9 8 -10 -11 -12 12 15 -15 -16 -17 17 18 -20 20 -22 -23 23 -25 -26 -27 -28 -29 29 -31
leaf_value=1.5926812817318243 -2.646467246803379 -3.677069983985485 20.125221504798304 -5.9279656632389646 8.316743605450581 -2.8689771598352336 0.79013209689898289 42.918723859786994 0.75072112455450257 -1.3506585025496447 -7.6709145055497432 10.637126284780042 2.0391749530676684 -0.58082325826313264 31.995760105678013 3.8506769038354678 -3.0910645425109995 7.3424185199496437 -6.5441425632608343 -1.3704111509796297 0.98522043273680071 6.3329798281622978 9.744154462257713 1.8728786703338571 -4.2975380068530784 -1.5842579410919275 -9.2977787155986586 0.35525413240935355 0.30013201215254709 -3.0287500731215724
leaf_weight=3532 646 6428 38 112 113 1129 6590 67 492 5898 1262 185 5459 5885 20 5539 6890 397 86 227 7267 7448 256 11574 1576 13461 160 147 1385 10115
leaf_count=3532 646 6428 38 112 113 1129 6590 67 492 5898 1262 185 5459 5885 20 5539 6890 397 86 227 7267 7448 256 11574 1576 13461 160 147 1385 10115
internal_value=0.0011571 -0.967675 4.23221 0.420023 2.8716 -0.410093 -1.05444 0.550947 5.87247 -0.220976 -5.40565 3.18682 3.07986 0.234467 12.0897 2.95178 -2.49129 -2.0835 3.81223 1.47289 0.699043 6.40567 1.96876 2.04402 -2.25306 -2.09453 -4.6634 5.45847 -3.00422 -2.62785
internal_weight=104384 84936 19448 44451 11962 24855 14879 9976 559 12488 2391 11316 11183 9417 133 10998 40485 22557 630 19596 7654 7486 11942 11830 21927 20351 387 544 17928 11500
internal_count=104384 84936 19448 44451 11962 24855 14879 9976 559 12488 2391 11316 11183 9417 133 10998 40485 22557 630 19596 7654 7486 11942 11830 21927 20351 387 544 17928 11500
cat_boundaries=0 1
cat_threshold=2
is_linear=0
shrinkage=0.05


Tree=59
num_leaves=31
num_cat=1
split_feature=5 1 1 1 3 4 1 3 4 4 3 3 4 4 4 4 1 3 4 4 4 3 1 4 2 1 3 4 3 1
split_gain=1.52541e+08 7.41696e+07 2.71907e+07 6.40805e+06 7.75332e+06 9.78259e+06 5.17473e+06 5.89886e+06 4.8733e+06 7.42423e+06 6.17116e+06 8.28346e+06 6.16399e+06 2.31381e+07 9.77842e+06 7.52722e+06 5.66745e+06 5.57955e+06 5.03592e+06 4.36914e+06 3.09885e+06 3.66072e+06 2.84374e+06 4.14843e+06 2.81954e+06 5.22736e+06 2.78106e+06 2.70952e+06 2.4801e+06 2.27426e+06
threshold=0 12.78163710871633 17.436626025792446 17.349959723434452 1.0601470588235296 278.99955054364256 16.039962506454472 0.34007575757575764 36.928172484557372 17.963562687527723 0.23990740740740746 0.45993827160493833 79.705660969726708 53.530094638705926 36.97190895456697 60.679466652429532 0.022499948315836956 1.2004761904761907 172.48958797418496 88.454092356621871 7.3560773828755339 1.4008333333333336 13.544962857794493 109.92111091775602 7.334843802452089 10.839974905344109 2.3608333333333338 33.920180761862021 2.1616666666666675 0.47999889740452173
decision_type=1 2 2 2 2 2 2 2 2 2 2 2 2 2 2 2 2 2 2 2 2 2 2 2 10 2 2 2 2 2
left_child=1 8 3 6 5 -5 7 -3 9 -1 16 -12 13 14 -10 -15 -11 19 -19 -14 29 24 -23 -24 -22 27 -8 -26 -25 -2
right_child=20 2 -4 4 -6 -7 26 -9 12 10 11 -13 17 15 -16 -17 -18 18 -20 -21 21 22 23 28 25 -27 -28 -29 -30 -31
leaf_value=-6.0440666832367587 -3.7977081412139935 0.85136966519714297 6.07679888881077 11.992159485710992 17.923759556816471 -14.234590537021328 4.0731489508965231 2.8466856132073146 -2.2084118084426705 -5.8892886455213871 5.8420388049488885 0.87313704398287051 4.0084186648720079 -8.8068663532774547 1.7050137732714701 -3.3210154596330241 7.9291090770389721 5.036075372664147 -0.63232314277282564 -0.15682335988248722 -2.456915570969159 -2.5546020567435304 -2.1352560047337956 -4.8490890640036159 -2.6565207104537549 4.4803931603780613 13.077040806527842 -1.1004821684746977 -9.6089538213777175 -1.2531744401949545
leaf_weight=299 5352 5258 7153 44 30 171 3759 12542 2473 384 1386 2123 652 879 4498 2169 91 1084 613 17558 11213 7426 934 754 3939 368 87 9660 433 1052
leaf_count=299 5352 5258 7153 44 30 171 3759 12542 2473 384 1386 2123 652 879 4498 2169 91 1084 613 17558 11213 7426 934 754 3939 368 87 9660 433 1052
internal_value=0.00114524 1.54245 3.40057 2.52586 -5.50023 -8.83656 2.61695 2.25736 -0.035175 1.54209 2.11281 2.83688 -0.260957 -1.2724 0.316587 -4.90543 -3.23087 0.248128 2.98933 -0.00747674 -2.36912 -2.18262 -3.01643 -4.6314 -1.86637 -1.39212 4.28017 -1.55136 -6.59205 -3.37997
internal_weight=104384 63253 29044 21891 245 215 21646 17800 34209 4283 3984 3509 29926 10019 6971 3048 475 19907 1697 18210 41131 34727 9547 2121 25180 13967 3846 13599 1187 6404
internal_count=104384 63253 29044 21891 245 215 21646 17800 34209 4283 3984 3509 29926 10019 6971 3048 475 19907 1697 18210 41131 34727 9547 2121 25180 13967 3846 13599 1187 6404
cat_boundaries=0 1
cat_threshold=2
is_linear=0
shrinkage=0.05


Tree=60
num_leaves=31
num_cat=1
split_feature=0 5 0 0 4 2 4 4 4 0 4 3 3 4 4 0 2 2 2 3 0 3 3 4 4 3 2 4 3 3
split_gain=1.40135e+08 5.83227e+07 1.88754e+07 1.29014e+07 7.634e+06 7.28217e+06 4.57714e+06 6.55566e+06 3.98277e+06 3.50693e+06 3.05777e+06 3.01132e+06 2.8426e+06 3.49229e+06 3.42257e+06 3.61156e+06 7.3434e+06 2.77496e+06 7.24597e+06 2.7544e+06 2.55792e+06 4.10493e+06 3.58431e+06 2.57896e+06 2.25482e+06 2.09378e+06 2.06675e+06 2.02185e+06 4.54e+06 4.48204e+06
threshold=15.239964407661441 0 19.019955969009406 10.645000149766956 175.85592669041588 7.4989146471023567 172.00503490767841 41.953151611830769 40.456495911064998 0.11999972392986342 38.814310056685947 2.4008333333333338 2.2070833333333337 7.3562521018756888 45.704953969212717 13.340064673431202 5.3632500000000016 7.334843802452089 7.4446953773498548 3.4850000000000008 19.879953380661018 2.6408333333333336 0.43993827160493837 278.83075392663449 248.50768118551136 0.080833333333333354 5.4809500000000009 278.99955054364256 2.8375000000000008 2.7658333333333336
decision_type=2 1 2 2 2 10 2 2 2 2 2 2 2 2 2 2 10 10 10 2 2 2 2 2 2 2 10 2 2 2
left_child=1 3 5 4 6 -2 7 -1 -7 -8 -5 25 13 -3 -14 26 -17 -15 -19 24 21 22 23 -4 -12 -10 -16 29 -29 -22
right_child=2 12 20 10 -6 8 9 -9 11 -11 19 -13 14 17 15 16 -18 18 -20 -21 27 -23 -24 -25 -26 -27 -28 28 -30 -31
leaf_value=0.68624854868450447 -2.3899453746259698 -3.1859071176312921 -0.18311149271653623 6.4752321919410951 -3.6069809515972242 11.291447329241656 1.0572389186238833 -0.92822594192227914 8.0724831771850596 5.650864821826711 2.0893296939512069 6.958524088807585 2.3272080436563982 -2.4904964899701985 0.59520159353425317 -4.1903558083844548 -16.452760734403203 1.5189557852985547 -1.8559354357104478 14.938963837874562 4.3070983683208821 -4.9506606268018913 8.1379105341299827 7.1955699973832017 0.82450899309569614 2.7225919199668818 -4.2232373392775076 6.0822262685283448 26.127589637493266 -12.071626372004665
leaf_weight=11000 646 6702 244 314 1572 144 2246 14675 185 509 7051 452 193 12983 278 397 176 1755 16891 37 1529 68 2607 229 7047 12004 1110 1270 28 42
leaf_count=11000 646 6702 244 314 1572 144 2246 14675 185 509 7051 452 193 12983 278 397 176 1755 16891 37 1529 68 2607 229 7047 12004 1110 1270 28 42
internal_value=0.00109516 -0.875546 3.82953 0.374855 -0.216293 2.78658 -0.0286888 -0.236533 3.04831 1.90768 1.60225 2.95352 -2.24841 -2.14899 -4.01595 -4.64111 -7.97893 -1.92917 -1.53822 1.49355 6.15673 7.14264 7.41116 3.39686 1.4572 2.80445 -3.25842 5.07282 6.53442 3.86182
internal_weight=104384 84936 19448 44451 30002 13431 28430 25675 12785 2755 14449 12641 40485 38331 2154 1961 573 31629 18646 14135 6017 3148 3080 473 14098 12189 1388 2869 1298 1571
internal_count=104384 84936 19448 44451 30002 13431 28430 25675 12785 2755 14449 12641 40485 38331 2154 1961 573 31629 18646 14135 6017 3148 3080 473 14098 12189 1388 2869 1298 1571
cat_boundaries=0 1
cat_threshold=2
is_linear=0
shrinkage=0.05


Tree=61
num_leaves=31
num_cat=1
split_feature=0 5 0 1 1 3 2 1 3 1 1 0 1 3 1 3 0 3 0 3 3 3 1 2 3 3 3 3 3 1
split_gain=1.26525e+08 5.46384e+07 1.60636e+07 1.31896e+07 4.39943e+06 4.30254e+06 3.65321e+06 2.86836e+06 4.17675e+06 3.44543e+06 2.84341e+06 2.70736e+06 2.61647e+06 4.07448e+06 2.88366e+06 2.53216e+06 1.67902e+07 1.13599e+08 6.67945e+06 5.37264e+06 2.75212e+06 2.52289e+06 2.4161e+06 2.40506e+06 2.36292e+06 2.28242e+06 2.3811e+06 2.16408e+06 2.00198e+06 1.93206e+06
threshold=15.339964343803407 0 17.761495818405717 1.0000000180025095e-35 14.599959832866267 1.1202777777777781 7.4989146471023567 17.349959723434452 0.67055555555555568 17.436626025792446 1.6599961476850511 17.999958659530645 0.019999953988310573 1.5208333333333337 13.939961554808542 0.2267592592592593 0.44520146530287003 0.33992424242424252 0.48599659707669246 0.16840909090909092 0.24053030303030307 0.85988095238095252 11.899972057614617 7.7122111320495614 0.72041666666666682 2.8375000000000008 0.1801515151515152 3.4850000000000008 3.7808333333333337 14.199960873658872
decision_type=2 1 2 2 2 2 10 2 2 2 2 2 2 2 2 2 2 2 2 2 2 2 2 10 2 2 2 2 2 2
left_child=1 3 4 15 -2 21 -6 8 -4 11 -7 -9 -3 14 -14 18 20 -18 19 -1 -17 22 -5 28 -10 26 -8 -12 -15 -23
right_child=2 12 7 5 6 10 25 9 24 -11 27 -13 13 23 -16 16 17 -19 -20 -21 -22 29 -24 -25 -26 -27 -28 -29 -30 -31
leaf_value=0.29655385983410487 8.9335105603250842 -2.7037549373527616 1.6032475815628739 0.47532313533783582 -1.7882573779629429 11.850826081381905 4.9136746929235366 -6.9582133386592675 30.947362426334905 5.4831209356471211 2.6497706255005529 8.0739639441911564 -1.09532896200712 -3.2085927041458633 -2.4939550870053182 3.1223970732530497 44.709701373174596 -6.7626761093473977 -7.6134320390931114 -2.8860092580364043 -0.4535595016644573 0.27342390981522907 1.7656634930992252 -0.25529757413600235 12.77518265579641 8.2738511720902661 2.2415644257459357 13.959685638782592 4.7543539623692634 -3.272184133771626
leaf_weight=3725 261 13738 87 6005 502 89 915 98 20 7080 2836 42 14087 6910 4992 554 153 352 387 2058 17626 1530 9167 820 159 172 9386 42 79 512
leaf_count=3725 261 13738 87 6005 502 89 915 98 20 7080 2836 42 14087 6910 4992 554 153 352 387 2058 17626 1530 9167 820 159 172 9386 42 79 512
internal_value=0.00106941 -0.812751 3.72453 0.386602 2.5287 1.33617 2.37558 5.51881 10.6181 5.3295 3.09442 -2.42325 -2.14227 -1.8553 -1.46139 -0.384424 -0.0943963 8.88946 -1.26257 -0.836329 -0.344423 1.03296 1.25502 -2.81739 14.9663 2.57532 2.47937 2.81961 -3.11792 -0.616747
internal_weight=104384 85662 18722 45036 11236 20181 10975 7486 266 7220 2967 140 40626 26888 19079 24855 18685 505 6170 5783 18180 17214 15172 7809 179 10473 10301 2878 6989 2042
internal_count=104384 85662 18722 45036 11236 20181 10975 7486 266 7220 2967 140 40626 26888 19079 24855 18685 505 6170 5783 18180 17214 15172 7809 179 10473 10301 2878 6989 2042
cat_boundaries=0 1
cat_threshold=2
is_linear=0
shrinkage=0.05


Tree=62
num_leaves=31
num_cat=1
split_feature=0 5 1 0 3 4 4 3 3 0 3 4 4 1 1 3 3 1 3 2 0 1 1 4 4 4 4 3 0 3
split_gain=1.14384e+08 5.32016e+07 1.34205e+07 1.19043e+07 5.35046e+06 4.60571e+06 1.73906e+07 7.18252e+06 7.06949e+06 6.74882e+07 1.23965e+07 5.18702e+06 3.75831e+06 2.92269e+06 5.6327e+06 2.76107e+06 3.66102e+06 2.72925e+06 2.51423e+06 3.21744e+06 8.42079e+06 3.20907e+06 3.39483e+06 4.08315e+06 2.4512e+06 1.23491e+07 3.58498e+06 2.39681e+06 2.31425e+06 2.81282e+06
threshold=15.639963781471254 0 1.0000000180025095e-35 19.019955969009406 1.6208333333333338 53.530094638705926 79.705660969726708 0.98058823529411787 0.22007575757575762 0.44520146530287003 0.077500000000000013 147.19915526419507 85.189214138531426 18.769956406723029 18.579956991500861 0.98058823529411787 0.70033333333333359 17.349959723434452 2.3608333333333338 5.3756500000000011 13.387096665430567 0.019999953988310573 14.139960988067484 267.93661157518937 41.953151611830769 60.679466652429532 11.705622633911013 2.7004166666666674 17.761495818405717 0.1801515151515152
decision_type=2 1 2 2 2 2 2 2 2 2 2 2 2 2 2 2 2 2 2 10 2 2 2 2 2 2 2 2 2 2
left_child=1 2 5 13 24 8 7 -7 10 -10 -1 -8 -6 14 28 16 -16 -5 21 -20 -21 -3 23 -23 26 -26 -4 -22 29 -2
right_child=3 18 4 17 12 6 11 -9 9 -11 -12 -13 -14 -15 15 -17 -18 -19 19 20 27 22 -24 -25 25 -27 -28 -29 -30 -31
leaf_value=7.2826090624203692 5.4039521827648205 -2.5802856344159508 -5.4460173278888773 17.7313480111827 14.619189732481795 -2.3651385797493303 0.78966171560654574 -7.8791596291625829 0.4130937638911838 30.57346874937258 -3.8381874524533153 -1.251352399570151 3.6020938235725413 19.875916836547852 8.7654485988616937 9.6032440401160191 -12.78539823515662 5.4776817293977818 -1.1712992634979695 -3.8639135059757059 -8.2741870285482957 -1.0446834987117748 -2.7525097895036703 -3.0497816298777276 -5.5588919989568284 1.2175388932375593 3.8364999822389581 -22.20022991354546 4.8810731348748755 2.3411046083672664
leaf_weight=293 823 13699 112 45 81 1324 6590 1067 7796 189 1698 5898 1430 24 23 22 115 5972 588 766 50 17379 5357 2973 697 18283 1325 88 1285 8392
leaf_count=293 823 13699 112 45 81 1324 6590 1067 7796 189 1698 5898 1430 24 23 22 115 5972 588 766 50 17379 5357 2973 697 18283 1325 88 1285 8392
internal_value=0.00107708 -0.721286 0.430288 3.79342 1.33187 -0.365141 -0.922434 -4.82808 0.466058 1.13071 -2.19879 -0.174318 4.20197 2.79119 2.75086 -6.53323 -9.15633 5.57226 -2.03848 -4.05314 -5.92424 -1.9621 -1.63262 -1.33772 1.11927 0.968409 3.10973 -17.2504 2.89295 2.61521
internal_weight=104384 87683 46783 16701 21928 24855 14879 2391 9976 7985 1991 12488 1511 10684 10660 160 138 6017 40900 1492 904 39408 25709 20352 20417 18980 1437 138 10500 9215
internal_count=104384 87683 46783 16701 21928 24855 14879 2391 9976 7985 1991 12488 1511 10684 10660 160 138 6017 40900 1492 904 39408 25709 20352 20417 18980 1437 138 10500 9215
cat_boundaries=0 1
cat_threshold=2
is_linear=0
shrinkage=0.05


Tree=63
num_leaves=31
num_cat=1
split_feature=0 5 0 1 2 1 3 1 1 1 1 3 2 0 2 1 3 1 0 3 0 3 3 0 3 0 3 3 3 1
split_gain=1.03383e+08 4.27599e+07 1.40033e+07 9.99046e+06 5.57902e+06 3.49502e+06 3.21543e+06 2.69344e+06 4.92468e+06 2.5845e+06 2.47132e+06 2.46428e+06 2.27529e+06 7.09403e+06 3.82936e+06 2.27934e+06 2.2362e+06 2.22647e+06 9.74438e+06 2.17572e+06 2.37273e+06 2.89788e+06 2.12796e+06 1.34401e+07 9.87431e+07 5.79763e+06 4.66737e+06 2.43273e+06 1.8315e+06 1.68874e+06
threshold=15.239964407661441 0 19.019955969009406 1.0000000180025095e-35 7.4989146471023567 14.399966612480165 1.1202777777777781 18.769956406723029 18.579956991500861 1.6599961476850511 17.349959723434452 0.84083333333333343 7.3310961961746228 10.220005861970135 7.4183825016021734 11.639973171662575 0.020833333333333339 9.53997812353599 8.8257749581760265 1.3802380952380955 20.059953451095584 0.45993827160493833 0.2267592592592593 0.44520146530287003 0.33992424242424252 0.48599659707669246 0.16840909090909092 0.24053030303030307 3.4850000000000008 3.7799912001055689
decision_type=2 1 2 2 10 2 2 2 2 2 2 2 10 2 10 2 2 2 2 2 2 2 2 2 2 2 2 2 2 2
left_child=1 3 4 22 -2 -6 11 8 -7 -8 -4 16 -3 17 15 -15 -5 18 -14 20 21 -12 25 27 -25 26 -1 -24 -11 -13
right_child=2 12 10 6 5 7 9 -9 -10 28 19 29 13 14 -16 -17 -18 -19 -20 -21 -22 -23 23 24 -26 -27 -28 -29 -30 -31
leaf_value=0.30115955410641182 -2.1398432804315917 -2.3479597094991935 16.864053616731063 -6.3618318441698349 9.3896437128316226 2.5986041495640104 11.066837039189208 18.921872891235349 -6.2048361517331623 2.295206214539236 3.4979962425671403 5.4085378222209277 -1.8491453764913564 8.615728710112025 -2.1376757065966876 0.68186530279196234 1.1790832739534067 -3.9985192196917638 3.7087037057969519 2.7842250392918415 3.7490401582115767 6.9075849329645358 2.9547899769012993 41.353081476038156 -6.6351977159078679 -7.0686527471444043 -2.6651653064944432 -0.4072694392240595 13.356690565410412 -1.0412056386378747
leaf_weight=3725 646 17928 45 98 187 12414 89 24 160 2689 787 106 20065 304 197 129 14603 1042 820 807 1322 3056 554 153 352 387 2058 17626 37 1974
leaf_count=3725 646 17928 45 98 187 12414 89 24 160 2689 787 106 20065 304 197 129 14603 1042 820 807 1322 3056 554 153 352 387 2058 17626 37 1974
internal_value=0.00104829 -0.751915 3.28936 0.318738 2.39104 2.62013 1.16291 2.51891 2.4861 2.72645 5.29384 0.900479 -1.92743 -1.59311 3.6342 6.25909 1.12838 -1.74346 -1.63076 5.20384 5.58128 6.21044 -0.346837 -0.080963 7.95681 -1.15185 -0.754746 -0.30466 2.45019 -0.710073
internal_weight=104384 84936 19448 44451 13431 12785 19596 12598 12574 2815 6017 16781 40485 22557 630 433 14701 21927 20885 5972 5165 3843 24855 18685 505 6170 5783 18180 2726 2080
internal_count=104384 84936 19448 44451 13431 12785 19596 12598 12574 2815 6017 16781 40485 22557 630 433 14701 21927 20885 5972 5165 3843 24855 18685 505 6170 5783 18180 2726 2080
cat_boundaries=0 1
cat_threshold=2
is_linear=0
shrinkage=0.05


Tree=64
num_leaves=31
num_cat=1
split_feature=0 5 0 0 4 4 4 4 3 1 4 4 1 1 1 1 3 3 1 3 4 3 0 4 4 3 3 1 4 3
split_gain=9.36669e+07 4.47284e+07 1.16341e+07 8.40557e+06 7.11056e+06 4.5368e+06 1.64668e+07 1.0062e+07 3.96586e+06 4.20224e+06 5.60935e+06 3.13681e+06 2.72585e+06 2.69745e+06 2.36417e+06 4.73464e+06 2.49647e+06 3.31056e+06 2.2575e+06 2.808e+06 2.21787e+06 2.89249e+06 2.74933e+06 3.36877e+06 2.16077e+06 4.72933e+06 2.11878e+06 2.07347e+06 2.06975e+06 2.04736e+06
threshold=15.819963573837283 0 10.645000149766956 19.019955969009406 175.85592669041588 121.31720883073699 147.19915526419507 52.850771244946998 1.0803703703703706 15.279964382118226 278.99955054364256 38.593007338145675 15.108292000956824 11.809967735490714 18.769956406723029 18.579956991500861 0.98058823529411787 0.70033333333333359 18.939956020095828 2.6408333333333336 7.355930341194008 1.4008333333333336 13.619968222846987 109.92111091775602 278.99955054364256 2.7658333333333336 2.8375000000000008 0.47999889740452173 278.99955054364256 0.1801515151515152
decision_type=2 1 2 2 2 2 2 2 2 2 2 2 2 2 2 2 2 2 2 2 2 2 2 2 2 2 2 2 2 2
left_child=1 2 4 14 5 7 -7 -1 9 11 -11 -4 13 -10 15 29 17 -17 19 -5 27 -22 -23 -24 25 -20 -26 -3 -14 -2
right_child=3 20 8 18 -6 6 -8 -9 12 10 -12 -13 28 -15 -16 16 -18 -19 24 -21 21 22 23 -25 26 -27 -28 -29 -30 -31
leaf_value=0.62564298890223868 5.1358662588852777 -3.1501761995541915 6.1969952473437289 7.0552521856886505 -3.460883906097906 5.0952227105991321 -0.25993968702557008 -1.597296940241302 8.7055410798290112 -6.1150535592138082 4.4463756999674811 1.1163022868388535 2.7075560734302702 1.9941138154867137 18.013622952270506 8.6427524713675172 9.4407112668908155 -11.84407201662146 3.7158890807625662 -4.6897568391404061 -1.4092635977726058 -1.9828004963162045 -1.7325958927768133 -5.8062836777371887 5.3819116166262306 -12.152140572071076 17.329598485043174 -0.70399164328660291 9.05020597558239 2.5258255395758731
leaf_weight=11022 823 4991 310 1516 1572 1879 6071 9458 157 428 177 13226 232 2899 24 23 22 115 2259 52 25423 7440 896 1173 2106 47 37 1049 291 8666
leaf_count=11022 823 4991 310 1516 1572 1879 6071 9458 157 428 177 13226 232 2899 24 23 22 115 2259 52 25423 7440 896 1173 2106 47 37 1049 291 8666
internal_value=0.00104992 -0.628917 0.411478 3.562 -0.188504 -0.00744607 1.00625 -0.400975 1.42727 1.05082 -3.02293 1.23311 2.91395 2.34165 2.64878 2.6087 -5.89652 -8.39195 5.02943 6.66301 -1.84069 -1.68763 -2.43162 -4.04383 4.45232 3.38734 5.59618 -2.72552 6.24719 2.75272
internal_weight=104384 88694 47722 15690 30002 28430 7950 20480 17720 14141 605 13536 3579 3056 9673 9649 160 138 6017 1568 40972 34932 9509 2069 4449 2306 2143 6040 523 9489
internal_count=104384 88694 47722 15690 30002 28430 7950 20480 17720 14141 605 13536 3579 3056 9673 9649 160 138 6017 1568 40972 34932 9509 2069 4449 2306 2143 6040 523 9489
cat_boundaries=0 1
cat_threshold=2
is_linear=0
shrinkage=0.05


Tree=65
num_leaves=31
num_cat=1
split_feature=0 5 1 0 3 4 3 0 0 4 4 4 1 4 3 1 1 2 3 4 0 1 1 1 3 3 1 1 2 3
split_gain=8.45406e+07 4.03692e+07 1.06766e+07 7.58584e+06 4.53718e+06 4.00701e+06 3.82604e+07 5.87852e+07 1.34332e+07 6.49543e+06 5.20706e+06 3.87356e+06 6.65632e+06 4.42111e+06 2.57909e+06 2.47837e+06 2.41901e+06 2.22221e+06 2.2462e+06 3.23249e+06 2.85973e+06 2.20058e+06 2.14417e+06 4.27103e+06 2.25887e+06 2.99493e+06 2.13743e+06 2.78024e+06 2.14635e+06 1.97982e+06
threshold=15.819963573837283 0 0.13999967864231086 19.019955969009406 1.0803703703703706 20.876902363572629 0.77023809523809539 0.20346191134857275 0.26004182463998643 33.920180761862021 34.12810361454143 38.593007338145675 0.99999769051669152 60.679466652429532 0.69937500000000019 15.108292000956824 0.79999816532109491 2.7159958660602572 2.2070833333333337 45.704953969212717 13.340064673431202 17.349959723434452 18.769956406723029 18.579956991500861 0.98058823529411787 0.70033333333333359 0.019999953988310573 14.239960797386468 7.7019032955169688 2.3208333333333337
decision_type=2 1 2 2 2 2 2 2 2 2 2 2 2 2 2 2 2 10 2 2 2 2 2 2 2 2 2 2 10 2
left_child=1 2 5 22 11 6 8 -8 -1 14 -11 12 -4 -13 -7 16 -6 -3 26 -20 -21 -5 23 -2 25 -25 28 -28 -19 -17
right_child=3 17 4 21 15 9 7 -9 -10 10 -12 13 -14 -15 -16 29 -18 18 19 20 -22 -23 -24 24 -26 -27 27 -29 -30 -31
leaf_value=0.95835448825855163 2.6151219692702163 -4.0821440590924052 15.241835251118255 15.694087756613028 15.141174629529317 -8.790350555837156 -3.3736609812172094 42.034954353167855 -11.735192967709594 5.7402947868203782 -0.44761426590323011 -2.9417371922419111 2.4206361684953244 0.85770859243772957 1.2325942507827725 7.8643685780774737 2.1066528725157223 -1.9679995363998299 2.7494216068468842 -2.6189760017580075 -6.7661094931965113 4.6932243987194155 17.148969334411621 8.2286208288619918 8.9891991540660019 -11.256973438591794 -1.0778723262998706 -2.4204626687035167 -4.7599840382214449 1.0297310985254762
leaf_weight=1161 9489 995 112 45 35 319 146 138 253 344 23349 803 979 16065 80 375 3415 11973 203 1388 594 5972 24 23 22 115 20330 4759 730 148
leaf_count=1161 9489 995 112 45 35 319 146 138 253 344 23349 803 979 16065 80 375 3415 11973 203 1388 594 5972 24 23 22 115 20330 4759 730 148
internal_value=0.00102726 -0.597463 0.390934 3.38406 1.2019 -0.298734 2.04814 18.7611 -1.31952 -0.46422 -0.357533 0.863549 3.74959 0.676672 -6.78267 2.73071 2.24324 -1.74868 -1.6905 -3.24918 -3.86465 4.77809 2.51651 2.47834 -5.59975 -7.9735 -1.6003 -1.33263 -2.12881 5.93595
internal_weight=104384 88694 47722 15690 21932 25790 1698 284 1414 24092 23693 17959 1091 16868 399 3973 3450 40972 39977 2185 1982 6017 9673 9649 160 138 37792 25089 12703 523
internal_count=104384 88694 47722 15690 21932 25790 1698 284 1414 24092 23693 17959 1091 16868 399 3973 3450 40972 39977 2185 1982 6017 9673 9649 160 138 37792 25089 12703 523
cat_boundaries=0 1
cat_threshold=2
is_linear=0
shrinkage=0.05


Tree=66
num_leaves=31
num_cat=1
split_feature=0 2 0 0 6 4 2 4 2 1 4 1 4 3 4 4 1 3 1 4 4 0 3 1 3 0 1 3 3 2
split_gain=7.63059e+07 1.69762e+07 1.77346e+07 1.14303e+07 8.83584e+06 7.30919e+06 5.05226e+06 4.66864e+06 4.34756e+06 3.75291e+06 3.19554e+06 3.77137e+06 3.18766e+06 2.51343e+06 4.95128e+06 3.81345e+06 2.50427e+06 3.47214e+06 2.88362e+06 3.67266e+06 2.41749e+06 3.50329e+06 2.33498e+06 2.11545e+06 1.77778e+06 4.30538e+06 2.91166e+06 1.67259e+06 1.65663e+06 1.3311e+06
threshold=15.150765967678394 7.334843802452089 10.220005861970135 17.761495818405717 0 175.85592669041588 7.4989146471023567 17.963562687527723 7.4073057174682626 14.399966612480165 41.467459884849028 16.80995403041177 275.50993669654093 0.12022727272727275 266.8464034540753 23.593139094284382 17.349959723434452 0.67055555555555568 17.436626025792446 278.99955054364256 276.38051498725684 9.1616146857637091 0.72041666666666682 11.639973171662575 0.42006172839506178 17.999958659530645 17.699958294967654 0.97970588235294132 0.86058823529411776 2.7159958660602572
decision_type=2 10 2 2 1 2 10 2 10 2 2 2 2 2 2 2 2 2 2 2 2 2 2 2 2 2 2 2 2 10
left_child=1 29 4 6 5 7 -2 -3 23 27 11 -11 -12 14 -10 -15 17 -5 19 -18 21 -6 -19 -4 26 -26 -20 -8 -21 -1
right_child=3 2 8 16 20 -7 9 -9 13 10 12 -13 -14 15 -16 -17 18 22 24 28 -22 -23 -24 -25 25 -27 -28 -29 -30 -31
leaf_value=-3.8030356687811171 -1.9875772123738598 -6.5345570593012274 8.9826238074808415 0.8675100924751975 -1.4690121942621566 -3.6297256892030192 5.3584494260446922 0.071839045573779334 6.0946820455267057 5.9897221338852589 1.0680956682715346 29.144724978492373 2.7375658498250539 18.996888638200431 0.010000240063004 0.84472631266854925 8.6943207838224321 28.872696282523023 -11.205013720487294 -13.697808998237221 -3.3799202508126438 2.2031108697184498 10.884395747452976 0.69618821833350442 19.239556314849857 4.4915755682421201 2.8943938421321751 14.490938460610131 -0.19670519482932594 -1.9192575950570845
leaf_weight=993 802 269 263 87 19521 1450 150 28033 692 114 5767 20 5674 28 646 13102 45 20 37 58 1576 671 159 109 49 5967 1027 76 37 16942
leaf_count=993 802 269 263 87 19521 1450 150 28033 692 114 5767 20 5674 28 646 13102 45 20 37 58 1576 671 159 109 49 5967 1027 76 37 16942
internal_value=0.00102022 -0.658935 -0.29004 2.77014 -0.728729 -0.168626 1.8507 0.00881887 1.2329 2.1117 1.98664 9.63602 1.89621 1.09541 3.15914 0.88488 4.31759 9.07933 4.14093 -2.94827 -1.49422 -1.34688 13.0435 6.563 4.28151 4.61488 2.39403 8.47988 -8.49636 -2.02376
internal_weight=104384 84295 66360 20089 51520 29752 12603 28302 14840 11801 11575 134 11441 14468 1338 13130 7486 266 7220 140 21768 20192 179 372 7080 6016 1064 226 95 17935
internal_count=104384 84295 66360 20089 51520 29752 12603 28302 14840 11801 11575 134 11441 14468 1338 13130 7486 266 7220 140 21768 20192 179 372 7080 6016 1064 226 95 17935
cat_boundaries=0 1
cat_threshold=2
is_linear=0
shrinkage=0.05


Tree=67
num_leaves=31
num_cat=1
split_feature=5 1 1 4 3 4 4 4 4 3 3 4 1 4 1 3 1 3 1 4 3 2 1 1 4 1 2 4 4 4
split_gain=6.73751e+07 3.44403e+07 1.15961e+07 3.92886e+06 6.43161e+06 2.57798e+07 1.28031e+07 4.36583e+06 1.70336e+07 6.61791e+06 3.42402e+06 2.93498e+06 2.81872e+06 5.56446e+06 6.06799e+06 9.95644e+06 3.2997e+06 2.58422e+06 2.15681e+06 2.13329e+06 1.88397e+06 2.91334e+06 6.5768e+06 2.31907e+06 2.3856e+06 3.47824e+06 2.45058e+06 2.18813e+06 1.88896e+06 2.57642e+06
threshold=0 15.939963033760074 11.899972057614617 36.928172484557372 0.82004901960784327 20.876902363572629 36.898829917399304 79.705660969726708 53.530094638705926 1.2004761904761907 2.8375000000000008 38.593007338145675 17.58995901403809 181.04542460651254 17.349959723434452 0.55950000000000022 16.939961004837041 2.3608333333333338 13.939961554808542 53.530094638705926 2.4208333333333338 5.3756500000000011 12.826637157221478 0.019999953988310573 267.93661157518937 13.739962214239119 5.5858000000000017 66.320971107628864 92.717059551879103 78.278830207735794
decision_type=1 2 2 2 2 2 2 2 2 2 2 2 2 2 2 2 2 2 2 2 2 10 2 2 2 2 8 2 2 2
left_child=1 2 3 4 6 -6 -1 8 -5 -9 11 -4 13 16 17 -16 -3 -15 -12 -18 23 -22 -23 28 25 -25 -27 -24 29 -2
right_child=20 12 10 7 5 -7 -8 9 -10 -11 18 -13 -14 14 15 -17 19 -19 -20 -21 21 22 27 24 -26 26 -28 -29 -30 -31
leaf_value=-0.63242421159731521 -2.0235805921892407 4.6663966791946576 6.3010889121099396 0.17747324545785459 19.047791540850248 0.23739422135055066 11.65229009824364 -0.15649542069111044 -4.3616863715044927 3.3892062219424575 21.501416100419085 1.2661553219726076 4.1047627004567335 2.2072142468941927 -17.58392238822638 0.72225964894259942 27.657271336146763 10.652115329824468 5.4955403069409456 10.413960389966281 -0.72495208400845745 -3.200152588936215 0.13346870149884904 -0.64390950427916127 -2.554297006716995 -1.8817377425171973 -12.57578202477208 -17.702134200354092 -0.13823803909213503 -4.8276378734105698
leaf_weight=3039 11627 571 293 6892 240 746 227 16375 2951 1430 22 18962 6971 3622 101 273 20 92 274 152 557 593 20 15737 3037 7313 53 121 1192 881
leaf_count=3039 11627 571 293 6892 240 746 227 16375 2951 1430 22 18962 6971 3622 101 273 20 92 274 152 557 593 20 15737 3037 7313 53 121 1192 881
internal_value=0.00102902 1.02537 0.466557 -0.121099 1.29368 4.83065 0.224716 -0.338717 -1.1837 0.12845 1.42535 1.34309 3.46128 2.53209 1.80771 -4.25508 6.50985 2.41922 6.75357 12.5673 -1.57423 -3.45377 -5.52075 -1.51324 -1.23698 -1.06371 -1.96038 -15.1891 -2.04022 -2.22145
internal_weight=104384 63253 51451 31900 4252 986 3266 27648 9843 17805 19551 19255 11802 4831 4088 374 743 3714 296 172 41131 1291 734 39840 26140 23103 7366 141 13700 12508
internal_count=104384 63253 51451 31900 4252 986 3266 27648 9843 17805 19551 19255 11802 4831 4088 374 743 3714 296 172 41131 1291 734 39840 26140 23103 7366 141 13700 12508
cat_boundaries=0 1
cat_threshold=2
is_linear=0
shrinkage=0.05


Tree=68
num_leaves=31
num_cat=1
split_feature=0 5 0 3 0 4 4 3 3 3 4 4 0 3 3 4 3 3 3 3 2 3 4 0 0 0 4 4 4 0
split_gain=6.26821e+07 2.96153e+07 7.92327e+06 6.45389e+06 5.69917e+06 3.7429e+06 7.3471e+06 2.51741e+07 3.91559e+06 3.52508e+06 3.21993e+06 2.7711e+06 2.43099e+06 2.54864e+06 2.68041e+06 2.4351e+06 3.91564e+06 3.14751e+06 2.04966e+06 1.87954e+06 1.77559e+06 1.8488e+06 2.84199e+06 2.44398e+06 1.85314e+06 2.43375e+06 2.36304e+06 1.70864e+06 1.63338e+06 3.32371e+06
threshold=15.819963573837283 0 13.739968146217349 0.33992424242424252 19.239955272384645 17.963562687527723 20.876902363572629 0.82004901960784327 0.72041666666666682 0.13015151515151518 171.16656316259125 278.63826055011754 19.719954595108039 0.4400617283950618 2.8375000000000008 278.99955054364256 2.7658333333333336 2.8375000000000008 3.4850000000000008 0.1801515151515152 2.7159958660602572 2.2070833333333337 45.704953969212717 13.340064673431202 0.92332403387878881 13.939978476112223 143.97753043880303 278.99955054364256 175.85592669041588 17.319960113349918
decision_type=2 1 2 2 2 2 2 2 2 2 2 2 2 2 2 2 2 2 2 2 10 2 2 2 2 2 2 2 2 2
left_child=1 2 5 9 19 -1 7 -7 -8 10 -4 -11 13 27 -15 16 -14 -17 -5 -2 -3 24 -23 -24 26 -26 -22 -6 29 -21
right_child=4 20 3 18 12 6 8 -9 -10 11 -12 -13 15 14 -16 17 -18 -19 -20 28 21 22 23 -25 25 -27 -28 -29 -30 -31
leaf_value=-5.5708221567511558 4.4566132890503232 -3.5861588566370273 10.087655273793253 2.2434727273305088 -2.9286629630076257 0.74843988363250169 0.19629996243990541 18.306991674793441 -1.0042340519104624 -2.420156242455219 1.0306347975775187 1.4367457851946908 2.6046451533534203 6.7662696731361294 -4.9186676833208871 4.5086198998423752 -12.311602164798312 20.115898301962652 11.765804336280155 1.980308272270052 -2.1032549168605317 2.7616824751157387 -2.2881425935319641 -6.121694757910336 -0.69915698777259205 -1.8764687126501103 -0.74674415637237579 5.231088665569982 1.6771845109509327 7.0581989411307333
leaf_weight=299 838 995 126 7510 132 1400 26188 238 9169 1656 433 647 2021 1551 50 1776 44 32 56 1115 12558 203 1388 594 14651 6268 4315 123 7555 453
leaf_count=299 838 995 126 7510 132 1400 26188 238 9169 1656 433 647 2021 1551 50 1776 44 32 56 1115 12558 203 1388 594 14651 6268 4315 123 7555 453
internal_value=0.00100661 -0.514336 0.332238 1.55054 2.91404 -0.00845228 0.036653 3.3093 -0.11505 -0.471794 3.08649 -1.33645 4.17064 5.65942 6.3985 3.45592 2.28101 4.79582 2.3155 2.19096 -1.50036 -1.44836 -2.86242 -3.43956 -1.36653 -1.05199 -1.75641 1.01226 1.98238 3.45089
internal_weight=104384 88694 47722 10428 15690 37294 36995 1638 35357 2862 559 2303 5729 1856 1601 3873 2065 1808 7566 9961 40972 39977 2185 1982 37792 20919 16873 255 9123 1568
internal_count=104384 88694 47722 10428 15690 37294 36995 1638 35357 2862 559 2303 5729 1856 1601 3873 2065 1808 7566 9961 40972 39977 2185 1982 37792 20919 16873 255 9123 1568
cat_boundaries=0 1
cat_threshold=2
is_linear=0
shrinkage=0.05


Tree=69
num_leaves=31
num_cat=1
split_feature=0 5 1 0 3 1 4 4 3 0 0 4 4 4 1 0 1 0 4 3 3 3 4 1 0 3 3 3 3 4
split_gain=5.65739e+07 2.67296e+07 7.99121e+06 5.14399e+06 3.98086e+06 3.62496e+06 4.92469e+06 3.15374e+06 1.70896e+07 4.7253e+07 1.38522e+07 8.56708e+06 6.04438e+06 2.86894e+06 2.51421e+06 2.12092e+06 2.33772e+06 1.92886e+06 1.7809e+06 3.86894e+06 1.77217e+06 1.74905e+06 1.79086e+06 3.24639e+06 8.18544e+06 1.8411e+06 3.22548e+06 1.69323e+06 1.68669e+06 1.60597e+06
threshold=15.819963573837283 0 1.0000000180025095e-35 19.239955272384645 1.0803703703703706 15.279964382118226 278.99955054364256 34.157793897804034 0.75023809523809526 0.20346191134857275 0.26004182463998643 34.663429674957491 36.928172484557372 248.50768118551136 18.939956020095828 1.8224627509052966 15.108292000956824 0.16203430980392161 278.99955054364256 2.7658333333333336 2.8375000000000008 0.080833333333333354 175.85592669041588 16.939961004837041 18.379957119216922 2.3608333333333338 2.5020833333333337 2.2983333333333342 1.3208333333333335 7.355930341194008
decision_type=2 1 2 2 2 2 2 2 2 2 2 2 2 2 2 2 2 2 2 2 2 2 2 2 2 2 2 2 2 2
left_child=1 2 7 21 5 13 -7 8 10 -10 -1 17 -13 -4 -5 -6 -17 -9 19 -16 28 -2 23 -23 -25 27 -27 -24 -20 -3
right_child=3 29 4 14 15 6 -8 11 9 -11 -12 12 -14 -15 18 16 -18 -19 20 -21 -22 22 25 24 -26 26 -28 -29 -30 -31
leaf_value=0.59193531077468287 7.2859703193604961 -2.1782676746925822 1.3041046399920362 5.8907422134395357 9.2095370831872749 -6.0152645333100869 3.8813336101207838 -7.8831058461297818 0.56631149771130918 31.187091536862511 -11.770715166351051 4.6561851916619714 -0.5302912695914882 0.013585100470696316 2.7222347268031317 1.7425040898858652 5.3341615849858481 -22.08745081583659 4.9020345704467632 -11.628173954188824 15.156063928604127 2.1990492711814964 1.5978685677009601 14.426533412056642 0.67239371947325999 20.123916937884161 3.6569636514527462 -8.1317947084638806 1.2046464794342007 -1.2951233296867497
leaf_weight=1810 158 6040 11306 1306 111 428 177 245 504 167 258 576 21269 6956 2247 3366 523 26 1715 47 37 1288 7761 205 228 33 244 44 377 34932
leaf_count=1810 158 6040 11306 1306 111 428 177 245 504 167 258 576 21269 6956 2247 3366 523 26 1715 47 37 1288 7761 205 228 33 244 44 377 34932
internal_value=0.0009833 -0.488607 0.315665 2.76844 0.990203 0.686366 -3.11826 -0.304936 1.29518 8.22236 -0.955348 -0.503155 -0.393329 0.812573 3.96227 2.42279 2.22677 -9.3221 3.39164 2.42328 4.43342 2.08149 1.99687 3.46134 7.20242 1.68463 5.68408 1.54198 4.23662 -1.42536
internal_weight=104384 88694 47722 15690 22867 18867 605 24855 2739 671 2068 22116 21845 18262 5729 4000 3889 271 4423 2294 2129 9961 9803 1721 433 8082 277 7805 2092 40972
internal_count=104384 88694 47722 15690 22867 18867 605 24855 2739 671 2068 22116 21845 18262 5729 4000 3889 271 4423 2294 2129 9961 9803 1721 433 8082 277 7805 2092 40972
cat_boundaries=0 1
cat_threshold=2
is_linear=0
shrinkage=0.05


Tree=70
num_leaves=31
num_cat=1
split_feature=0 5 0 1 2 1 4 4 4 0 4 4 4 4 4 1 4 1 1 1 4 0 4 4 4 0 4 4 4 1
split_gain=5.11718e+07 2.0004e+07 7.62531e+06 5.4451e+06 3.57486e+06 3.44254e+06 2.96943e+06 1.35522e+07 5.03575e+06 4.58385e+06 3.51795e+07 4.45171e+06 3.17461e+06 2.83557e+06 2.59309e+06 3.05832e+06 2.90495e+06 2.57354e+06 2.2311e+06 2.38183e+06 3.20163e+06 2.23043e+06 2.15604e+06 1.74917e+06 5.27417e+06 1.56102e+06 4.56016e+06 2.06173e+06 1.49372e+06 1.91037e+06
threshold=15.150765967678394 0 17.761495818405717 1.0000000180025095e-35 7.4989146471023567 14.399966612480165 53.530094638705926 79.705660969726708 73.493986445789304 0.44520146530287003 36.97190895456697 147.19915526419507 17.963562687527723 263.05597234752685 41.467459884849028 16.459962423629765 275.50993669654093 9.6799775244879189 17.349959723434452 17.436626025792446 278.99955054364256 7.0572628705318561 173.65532581007514 11.705622633911013 19.020390382422935 17.999958659530645 278.63826055011754 278.99955054364256 7.355930341194008 14.079967187583927
decision_type=2 1 2 2 10 2 2 2 2 2 2 2 2 2 2 2 2 2 2 2 2 2 2 2 2 2 2 2 2 2
left_child=1 3 4 6 -2 -6 9 8 -8 12 -11 -9 -1 23 15 -7 -16 21 22 20 -20 -15 -4 -5 -25 26 -21 -27 -3 -30
right_child=2 28 18 13 5 14 7 11 -10 10 -12 -13 -14 17 16 -17 -18 -19 19 25 -22 -23 -24 24 -26 27 -28 -29 29 -31
leaf_value=-6.779382182592264 -1.7109843541617284 -2.0742752835176521 14.73071932183691 -4.9228556664222118 7.8360252325545332 4.3520688535599481 -1.7566154944036914 0.81626446579430523 -6.3542552702033621 -14.227129860036513 13.021158761231186 -1.0745547103670041 0.23852986218027172 -0.9651575143650386 0.74554936157597251 22.30927417878182 2.3391701453198293 0.23056595791628773 7.7985032811372186 22.912676026193722 -8.2538661325474578 -8.9254111026910454 4.9737742896724404 13.595771723177243 1.2409587487927987 2.6612284189590101 -1.3914437203407291 4.39330683361431 -1.0652997252250582 -2.1342029241572336
leaf_weight=163 802 5963 82 112 226 104 1129 6590 1262 169 390 5898 9254 227 5767 30 5674 6154 45 37 95 143 184 86 12389 3957 39 3047 29495 4871
leaf_count=163 802 5963 82 112 226 104 1129 6590 1262 169 390 5898 9254 227 5767 30 5674 6154 45 37 95 143 184 86 12389 3957 39 3047 29495 4871
internal_value=0.000966166 -0.539478 2.26863 0.198218 1.51766 1.7372 -0.289699 -0.737178 -4.18495 0.377712 4.7726 -0.0767711 0.116349 0.832767 1.61746 8.50785 1.53602 -0.0132079 3.53254 3.36592 -3.07543 -4.05747 8.02548 1.27121 1.32721 3.49371 10.5847 3.41527 -1.34369 -1.21686
internal_weight=104384 84295 20089 43966 12603 11801 24855 14879 2391 9976 559 12488 9417 19111 11575 134 11441 6524 7486 7220 140 370 266 12587 12475 7080 76 7004 40329 34366
internal_count=104384 84295 20089 43966 12603 11801 24855 14879 2391 9976 559 12488 9417 19111 11575 134 11441 6524 7486 7220 140 370 266 12587 12475 7080 76 7004 40329 34366
cat_boundaries=0 1
cat_threshold=2
is_linear=0
shrinkage=0.05


Tree=71
num_leaves=31
num_cat=1
split_feature=0 5 0 4 4 4 0 4 4 3 3 3 3 0 3 4 3 3 4 0 3 3 2 0 3 4 4 4 3 0
split_gain=4.62358e+07 2.17485e+07 6.33731e+06 5.77796e+06 4.53177e+06 4.97729e+06 4.24288e+06 3.03597e+06 3.00252e+06 2.85153e+06 2.2561e+06 1.93209e+06 1.90821e+06 2.1423e+06 2.54755e+06 2.07813e+06 1.84958e+06 1.79913e+06 1.65634e+06 3.00795e+06 1.61877e+06 1.59426e+06 2.96239e+06 6.4278e+06 2.04472e+06 1.67235e+06 4.91157e+06 3.11847e+06 1.93493e+06 1.55455e+06
threshold=15.819963573837283 0 10.645000149766956 175.85592669041588 172.00503490767841 163.5334098156452 19.019955969009406 172.73573143991823 38.814310056685947 1.0803703703703706 0.12022727272727275 0.1801515151515152 1.3802380952380955 20.009953390335088 0.45993827160493833 278.83075392663449 2.3608333333333338 3.4850000000000008 175.85592669041588 17.319960113349918 0.73083333333333356 2.3608333333333338 5.3756500000000011 13.387096665430567 2.7004166666666674 33.920180761862021 36.986709699773236 31.349277966293069 1.4008333333333336 17.119960333755497
decision_type=2 1 2 2 2 2 2 2 2 2 2 2 2 2 2 2 2 2 2 2 2 2 10 2 2 2 2 2 2 2
left_child=1 2 3 4 5 -1 11 -6 -4 10 -10 -2 13 14 15 -8 18 -11 19 -13 -15 25 -23 -24 -25 27 -27 -3 -28 -20
right_child=6 21 8 -5 7 -7 12 -9 9 17 -12 16 -14 20 -16 -17 -18 -19 29 -21 -22 22 23 24 -26 26 28 -29 -30 -31
leaf_value=-0.046041903559021422 4.1581671174307564 -1.4215920759377554 5.6802014271460504 -3.1088398624858562 2.8984013633140964 -3.2981928932788542 -0.90086888059671377 -0.9146882971425141 2.5459601048077971 2.0594435582010919 0.40533983730684348 1.6376711976957101 1.2809160587724557 3.6864506034724807 5.2356967203577502 4.5132446429043602 5.3942152468124531 11.019262787668328 1.5956378677628642 6.7182369615847337 0.46370182018766815 -0.14090798342556565 -2.888583401481887 -6.3325552981507549 -19.145970287095295 1.7228586996884836 -0.84781863689461145 -4.0244034825273722 -1.8512045187094193 -0.14309383521553751
leaf_weight=24440 831 14040 340 1572 2056 1235 344 699 1365 3507 12452 1069 807 962 2885 364 315 56 5368 400 655 593 766 50 88 1585 15665 1253 6932 1690
leaf_count=24440 831 14040 340 1572 2056 1235 344 699 1365 3507 12452 1069 807 962 2885 364 315 56 5368 400 655 593 766 50 88 1585 15665 1253 6932 1690
internal_value=0.000947825 -0.441655 0.283819 -0.158996 0.00421505 -0.202597 2.5028 1.93096 1.03352 0.9423 0.616984 1.85399 3.54536 3.8958 4.57617 1.88509 1.63699 2.20332 1.49758 3.02471 2.3821 -1.28663 -2.88799 -4.68785 -14.5824 -1.22583 -0.966955 -1.6351 -1.15569 1.17935
internal_weight=104384 88694 47722 30002 28430 25675 15690 2755 17720 17380 13817 9673 6017 5210 3593 708 8842 3563 8527 1469 1617 40972 1497 904 138 39475 24182 15293 22597 7058
internal_count=104384 88694 47722 30002 28430 25675 15690 2755 17720 17380 13817 9673 6017 5210 3593 708 8842 3563 8527 1469 1617 40972 1497 904 138 39475 24182 15293 22597 7058
cat_boundaries=0 1
cat_threshold=2
is_linear=0
shrinkage=0.05


Tree=72
num_leaves=31
num_cat=1
split_feature=0 5 0 0 4 4 4 4 2 4 3 4 4 3 3 0 3 3 0 3 4 3 4 0 2 4 4 4 4 2
split_gain=4.17672e+07 1.62451e+07 6.30463e+06 4.07698e+06 5.21495e+06 4.18589e+06 1.43676e+07 7.51795e+06 3.03185e+06 2.32576e+06 2.27143e+06 4.0725e+06 2.24492e+06 2.21924e+06 2.19304e+06 2.26957e+06 1.86912e+06 2.11835e+06 2.74079e+06 1.83919e+06 1.49474e+06 1.49062e+06 2.31628e+06 2.12813e+06 4.87286e+06 1.8e+06 4.25839e+06 2.77595e+06 1.86643e+06 1.68495e+06
threshold=15.150765967678394 0 17.761495818405717 10.645000149766956 175.85592669041588 121.31720883073699 147.19915526419507 52.850771244946998 7.4989146471023567 26.695935969762441 0.12022727272727275 266.8464034540753 41.467459884849028 2.9541666666666671 2.8375000000000008 17.319960113349918 0.42006172839506178 0.48840909090909096 19.959953700332644 2.2983333333333342 208.08813912549496 2.2070833333333337 45.704953969212717 13.340064673431202 5.3632500000000016 33.920180761862021 36.986709699773236 31.349277966293069 276.38051498725684 5.4809500000000009
decision_type=2 1 2 2 2 2 2 2 10 2 2 2 2 2 2 2 2 2 2 2 2 2 2 2 10 2 2 2 2 10
left_child=1 3 8 4 5 7 -7 -1 -2 -5 11 -11 -10 16 15 -14 -4 20 -19 -12 -18 25 -23 29 -25 27 -27 -3 -28 -24
right_child=2 21 13 9 -6 6 -8 -9 12 10 19 -13 14 -15 -16 -17 17 18 -20 -21 -22 22 23 24 -26 26 28 -29 -30 -31
leaf_value=0.51339329668540812 -1.6065472246372463 -1.3626156121383328 1.4034689826428732 9.7242997521645318 -2.9534966559632334 4.7971655804638536 -0.20503373508669848 -1.4080830807635332 7.93342501974454 5.5766751562994479 0.5191991796546318 -0.027828342060045322 1.5646079709114185 -5.3670908839861546 6.7122985570629439 -1.6724269884741099 -3.0438929999215265 4.0532959414237606 1.6583689713629053 3.9041493505779883 7.790084026429712 2.7810061886185093 1.531339645507515 -2.4715969716382182 -12.46764073564508 1.6497294251405723 -0.92199377327023402 -3.8340452326072909 -2.7812209233906025 -2.8168160647084113
leaf_weight=11022 802 13752 1122 73 1572 1879 6071 9458 136 660 12181 636 10899 74 197 569 34 4170 1677 414 409 189 278 394 176 1570 20176 1238 1446 1110
leaf_count=11022 802 13752 1122 73 1572 1879 6071 9458 136 660 12181 636 10899 74 197 569 34 4170 1677 414 409 189 278 394 176 1570 20176 1238 1446 1110
internal_value=0.000908083 -0.487354 2.04962 0.177431 -0.151054 0.0040019 0.977701 -0.374001 1.36677 0.883149 0.83599 2.82841 1.56896 3.19888 1.49408 1.40387 3.28511 3.62048 3.3668 0.630765 6.95359 -1.21208 -2.4939 -3.00424 -5.57453 -1.13994 -0.863871 -1.56697 -1.04646 -1.94545
internal_weight=104384 84295 20089 43966 30002 28430 7950 20480 12603 13964 13891 1296 11801 7486 11665 11468 7412 6290 5847 12595 443 40329 2147 1958 570 38182 23192 14990 21622 1388
internal_count=104384 84295 20089 43966 30002 28430 7950 20480 12603 13964 13891 1296 11801 7486 11665 11468 7412 6290 5847 12595 443 40329 2147 1958 570 38182 23192 14990 21622 1388
cat_boundaries=0 1
cat_threshold=2
is_linear=0
shrinkage=0.05


Tree=73
num_leaves=31
num_cat=1
split_feature=0 5 0 3 0 4 4 3 3 3 4 4 0 3 3 4 4 3 3 4 3 3 2 4 0 0 3 3 3 3
split_gain=3.78381e+07 1.76837e+07 5.36913e+06 5.60695e+06 3.56884e+06 3.2042e+06 6.13874e+06 2.07815e+07 3.29439e+06 2.8883e+06 2.81731e+06 2.51126e+06 1.86666e+06 2.03805e+06 2.27074e+06 3.19004e+06 1.80267e+06 3.13619e+06 2.77577e+06 1.6434e+06 1.56835e+06 1.55457e+06 1.46592e+06 1.45389e+06 2.1693e+06 5.53341e+06 1.44437e+06 2.92913e+06 1.52717e+06 1.42023e+06
threshold=15.819963573837283 0 13.739968146217349 0.33992424242424252 19.239955272384645 17.963562687527723 20.876902363572629 0.82004901960784327 0.72041666666666682 0.13015151515151518 171.16656316259125 278.63826055011754 19.719954595108039 0.4400617283950618 1.5008333333333337 278.99955054364256 278.99955054364256 2.7658333333333336 2.8375000000000008 248.50768118551136 3.4850000000000008 0.080833333333333354 2.7159958660602572 175.85592669041588 17.319960113349918 18.379957119216922 2.3608333333333338 2.5020833333333337 2.2983333333333342 2.3608333333333338
decision_type=2 1 2 2 2 2 2 2 2 2 2 2 2 2 2 2 2 2 2 2 2 2 10 2 2 2 2 2 2 2
left_child=1 2 5 9 21 -1 7 -7 -8 10 -4 -11 13 -6 -15 -16 17 19 -18 -14 -5 -2 -3 24 -23 -26 28 -28 -25 -24
right_child=4 22 3 20 12 6 8 -9 -10 11 -12 -13 16 14 15 -17 18 -19 -20 -21 -22 23 29 26 25 -27 27 -29 -30 -31
leaf_value=-5.172346741918723 6.5979842003486446 -3.0565280928142577 9.1422538681856302 1.9075537062032322 0.40933732379227883 0.68063890028199847 0.16285101034730598 16.633921847961936 -0.93834223498536273 -2.441613115708225 0.67134991281549983 1.2301170910933965 3.0132406565153862 5.9905171751919619 8.5082624503170567 -3.7860324284696092 3.5159889835684432 -11.436304230584039 18.166374288038774 0.066996228161072327 10.236917209959866 1.8377311514530181 -1.055378000402404 1.2577206579126616 11.144906773000956 0.32627840029887667 18.630385822969327 2.9440738957195869 -7.9816985325283474 -2.6248832854352027
leaf_weight=299 158 995 126 7510 255 1400 26188 238 9169 1656 433 647 1265 1373 81 147 1776 44 32 756 56 1249 38480 7761 239 233 33 244 44 1497
leaf_count=299 158 995 126 7510 255 1400 26188 238 9169 1656 433 647 1265 1373 81 147 1776 44 32 756 56 1249 38480 7761 239 233 33 244 44 1497
internal_value=0.000871857 -0.399524 0.25465 1.25755 2.26415 -0.0258025 0.0159313 3.00737 -0.122736 -0.62738 2.59364 -1.41 3.25853 4.5628 5.22367 0.599737 2.63249 1.6219 3.78519 1.91171 1.97055 1.69197 -1.16146 1.61223 2.93165 5.81635 1.33094 4.87315 1.20462 -1.11421
internal_weight=104384 88694 47722 10428 15690 37294 36995 1638 35357 2862 559 2303 5729 1856 1601 228 3873 2065 1808 2021 7566 9961 40972 9803 1721 472 8082 277 7805 39977
internal_count=104384 88694 47722 10428 15690 37294 36995 1638 35357 2862 559 2303 5729 1856 1601 228 3873 2065 1808 2021 7566 9961 40972 9803 1721 472 8082 277 7805 39977
cat_boundaries=0 1
cat_threshold=2
is_linear=0
shrinkage=0.05


Tree=74
num_leaves=31
num_cat=1
split_feature=0 5 1 0 4 0 4 4 4 4 4 4 0 4 4 4 1 0 2 0 4 1 0 1 1 4 4 1 1 4
split_gain=3.41536e+07 1.59605e+07 5.42843e+06 3.22105e+06 2.52465e+06 1.15085e+07 1.68108e+07 1.16432e+07 7.82009e+06 5.38957e+06 2.04148e+06 8.37587e+06 6.80673e+06 3.03151e+06 2.52299e+06 3.48619e+06 1.97785e+06 1.74571e+06 1.36093e+06 5.54e+06 1.07542e+07 3.24034e+06 5.9972e+06 3.2142e+06 2.52625e+06 2.2834e+06 1.2678e+06 1.5422e+06 1.24625e+06 1.13725e+06
threshold=15.819963573837283 0 1.0000000180025095e-35 19.239955272384645 34.157793897804034 0.16203430980392161 20.682779021084816 33.920180761862021 34.663429674957491 36.928172484557372 41.953151611830769 60.679466652429532 7.9612387325791962 178.95663949190643 11.705622633911013 19.020390382422935 18.939956020095828 0.16203430980392161 7.3310961961746228 9.2999783966751099 99.462654092432331 9.4199780113872613 8.8257749581760265 11.579968186739348 11.209969343024381 76.622426155062485 278.99955054364256 20.049953179412842 19.709954508804326 175.85592669041588
decision_type=2 1 2 2 2 2 2 2 2 2 2 2 2 2 2 2 2 2 10 2 2 2 2 2 2 2 2 2 2 2
left_child=1 2 4 29 5 7 -7 -1 17 -10 14 12 -12 -13 -4 -16 -5 -6 -3 21 23 22 -20 -21 -22 -23 -18 28 -28 -2
right_child=3 18 10 16 8 6 -8 -9 9 -11 11 13 -14 -15 15 -17 26 -19 19 20 24 25 -24 -25 -26 -27 27 -29 -30 -31
leaf_value=-3.6034233855361162 2.7684029173040088 -1.4223461928343566 -4.5845197070594379 4.8058539421271993 -7.5035971180985612 0.67767395946348141 15.718074432992609 4.6586417214003033 4.4261825478180237 -0.47130144987720252 -10.34415728175877 1.6878619788378204 -0.50583792963343277 0.41670236736401201 12.881996215225639 2.5306756770301786 1.7731247196522153 -21.016867246274597 -1.0599404243953987 7.8620802512921788 -3.5227428663912281 -6.6482172549491709 4.4048423159840047 -11.665065207047896 3.4589824293711611 -0.90358607654719014 3.740541931935073 8.933979721615307 0.57171352665455311 1.3613654000554205
leaf_weight=1310 1741 18415 112 1306 245 505 293 631 576 21269 301 7192 421 13483 86 1272 2294 26 20001 588 545 429 514 21 169 290 1624 121 384 8220
leaf_count=1310 1741 18415 112 1306 245 505 293 631 576 21269 301 7192 421 13483 86 1272 2294 26 20001 588 545 429 514 21 169 290 1624 121 384 8220
internal_value=0.00086881 -0.379533 0.241951 2.15113 -0.269545 1.16212 6.21279 -0.916489 -0.446897 -0.34197 0.797903 0.673998 -4.61605 0.858948 2.59975 3.19521 3.09582 -8.87259 -1.10339 -0.842955 2.29512 -1.03857 -0.922813 7.1707 -1.86767 -4.33567 2.58991 3.46875 3.13514 1.60754
internal_weight=104384 88694 47722 15690 24855 2739 798 1941 22116 21845 22867 21397 722 20675 1470 1358 5729 271 40972 22557 1323 21234 20515 609 714 719 4423 2129 2008 9961
internal_count=104384 88694 47722 15690 24855 2739 798 1941 22116 21845 22867 21397 722 20675 1470 1358 5729 271 40972 22557 1323 21234 20515 609 714 719 4423 2129 2008 9961
cat_boundaries=0 1
cat_threshold=2
is_linear=0
shrinkage=0.05


Tree=75
num_leaves=31
num_cat=1
split_feature=5 1 1 1 3 3 4 4 3 4 3 4 1 4 3 1 4 3 3 1 2 4 4 4 3 4 4 1 4 4
split_gain=2.98098e+07 1.6107e+07 5.45661e+06 5.34114e+06 6.87914e+06 4.37934e+06 2.70392e+06 5.43688e+06 1.78367e+07 3.14076e+07 5.88942e+06 2.70896e+06 4.42623e+06 3.86061e+06 2.57882e+06 3.54888e+06 3.3924e+06 1.31397e+06 3.55864e+06 2.31966e+06 1.30169e+06 1.30612e+06 1.53598e+06 3.40637e+06 2.71387e+06 4.13605e+06 3.07037e+06 1.2407e+06 1.00486e+06 889399
threshold=0 12.499970791847231 17.436626025792446 17.349959723434452 0.55950000000000022 1.0700490196078434 17.963562687527723 20.876902363572629 0.82004901960784327 20.682779021084816 0.23990740740740746 33.920180761862021 0.13999967864231086 34.157793897804034 0.34007575757575764 15.859963177536013 172.48958797418496 0.42006172839506178 0.69937500000000019 17.699958294967654 2.7159958660602572 276.38051498725684 244.04934087507249 246.27150400024991 1.2754761904761909 56.279287858403407 35.992682306176619 18.17995724693299 7.3182521484678587 278.10763530731896
decision_type=1 2 2 2 2 2 2 2 2 2 2 2 2 2 2 2 2 2 2 2 10 2 2 2 2 2 2 2 2 2
left_child=1 6 3 14 -5 -6 -1 8 10 -10 -8 12 -9 -13 15 -3 -16 19 -19 -4 28 22 24 -24 26 -26 -22 -20 -2 -21
right_child=20 2 17 4 5 -7 7 11 9 -11 -12 13 -14 -15 16 -17 -18 18 27 29 21 -23 23 -25 25 -27 -28 -29 -30 -31
leaf_value=-4.797025549713771 -2.5267016131466491 -0.18853507110227186 -10.267052746262662 -19.052717448195367 -3.8178090577141237 19.593113589079483 -7.1858121694638903 -6.4403087394267322 -9.346656627115749 28.632332212313628 1.9693658248980257 3.5401128980473127 3.3404490980341395 -0.19762702171545207 2.9711755841558687 2.8572692859835942 1.1891065099272078 4.7688490068992477 4.5006841440248513 -0.005364227762705163 -1.3578017110513911 -2.3636782909166607 1.5453867914797472 -1.2382107207211741 -0.40971132390497511 -2.708539130860006 -0.26252691457098182 1.8554018074271696 -11.165315527779716 2.9454003052475222
leaf_weight=299 961 5178 42 72 151 22 205 399 83 155 1192 706 162 30225 3382 1172 12697 1960 505 473 12631 1688 1885 2633 3141 5190 12968 3619 34 554
leaf_count=299 961 5178 42 72 151 22 205 399 83 155 1192 706 162 30225 3382 1172 12697 1960 505 473 12631 1688 1885 2633 3141 5190 12968 3619 34 554
internal_value=0.0008299 0.682187 1.52681 1.14688 -6.18095 -0.745175 -0.0715186 -0.0287231 2.7816 15.4038 0.621725 -0.174713 -3.61499 -0.112201 1.22719 0.37398 1.5641 2.73082 3.01489 1.11277 -1.04698 -1.00264 -0.942825 -0.0767521 -1.05814 -1.84198 -0.802987 2.18034 -2.83281 1.58769
internal_weight=104384 63253 29827 22674 245 173 33426 33127 1635 238 1397 31492 561 30931 22429 6350 16079 7153 6084 1069 41131 40136 38448 4518 33930 8331 25599 4124 995 1027
internal_count=104384 63253 29827 22674 245 173 33426 33127 1635 238 1397 31492 561 30931 22429 6350 16079 7153 6084 1069 41131 40136 38448 4518 33930 8331 25599 4124 995 1027
cat_boundaries=0 1
cat_threshold=2
is_linear=0
shrinkage=0.05


Tree=76
num_leaves=31
num_cat=1
split_feature=0 5 0 3 0 3 4 4 4 0 3 4 0 3 3 4 4 3 3 4 3 3 0 2 4 4 0 3 4 2
split_gain=2.80148e+07 1.29537e+07 4.17821e+06 4.70566e+06 2.67485e+06 2.61372e+06 2.54398e+06 2.47889e+06 4.91488e+06 1.75301e+07 3.10041e+06 2.30195e+06 2.03132e+06 1.7855e+06 1.51871e+06 1.56544e+06 1.46906e+06 2.81627e+06 2.5332e+06 1.51079e+06 1.43394e+06 1.433e+06 1.32649e+06 2.67227e+06 2.06831e+06 5.79359e+06 1.9485e+06 2.54414e+06 1.87239e+06 1.80001e+06
threshold=15.819963573837283 0 13.739968146217349 0.33992424242424252 19.35995519575501 0.13015151515151518 183.86084511137298 17.963562687527723 20.876902363572629 0.16203430980392161 0.72041666666666682 278.63826055011754 19.719954595108039 0.4400617283950618 1.5208333333333337 278.99955054364256 278.99955054364256 2.7658333333333336 2.8375000000000008 248.50768118551136 0.1801515151515152 3.4850000000000008 0.92332403387878881 4.8553500000000005 143.97753043880303 246.27150400024991 13.860014677691879 0.41515151515151522 56.279287858403407 5.4946500000000009
decision_type=2 1 2 2 2 2 2 2 2 2 2 2 2 2 2 2 2 2 2 2 2 2 2 10 2 2 2 2 2 10
left_child=1 2 7 5 20 6 -4 -1 9 -9 -10 -7 13 -6 -15 -16 17 19 -18 -14 -2 -5 24 -24 28 -26 27 -25 -3 -30
right_child=4 22 3 21 12 11 -8 8 10 -11 -12 -13 16 14 15 -17 18 -19 -20 -21 -22 -23 23 26 25 -27 -28 -29 29 -31
leaf_value=-4.5579738162100325 3.4529132748728708 -1.3210946681703288 7.7901083987257769 1.693855790971255 0.38209634972416712 -2.3580870688714053 0.31530396819262957 -2.1298019222276068 0.15843599813914763 8.2367144353693629 -0.90984599266990185 1.1573153930907081 2.6499149669600888 5.7290456868492861 6.8938297578596295 -3.1263430235435568 3.0148089513189351 -11.054590496910944 17.007805223753959 -0.17463670142615018 1.2962926450036978 9.6551692865605947 -2.4667316381480799 -1.4774826202423972 1.4869749886185595 -2.0836419628631204 -1.2883420233378091 0.11204802930313613 -1.4347656771615258 -3.9413473592911168
leaf_weight=299 839 10572 158 7510 238 1656 401 878 26188 760 9169 647 1265 1155 61 104 1776 44 32 756 9420 56 2049 3255 2153 2403 6567 11096 1357 1520
leaf_count=299 839 10572 158 7510 238 1656 401 878 26188 760 9169 647 1265 1155 61 104 1776 44 32 756 9420 56 2049 3255 2153 2403 6567 11096 1357 1520
internal_value=0.000786652 -0.343736 0.216154 1.10086 1.94824 -0.625922 2.43819 -0.031247 0.0054609 2.68215 -0.118615 -1.3704 2.84554 4.37027 5.08851 0.597268 2.23121 1.31903 3.27174 1.59376 1.47298 1.75405 -0.995856 -0.743901 -1.31719 -0.396341 -0.575033 -0.248556 -1.62908 -2.75997
internal_weight=104384 88694 47722 10428 15690 2862 559 37294 36995 1638 35357 2303 5431 1558 1320 165 3873 2065 1808 2021 10259 7566 40972 22967 18005 4556 20918 14351 13449 2877
internal_count=104384 88694 47722 10428 15690 2862 559 37294 36995 1638 35357 2303 5431 1558 1320 165 3873 2065 1808 2021 10259 7566 40972 22967 18005 4556 20918 14351 13449 2877
cat_boundaries=0 1
cat_threshold=2
is_linear=0
shrinkage=0.05


Tree=77
num_leaves=31
num_cat=1
split_feature=5 1 1 3 4 1 4 3 4 4 3 4 3 3 4 3 4 1 1 4 3 3 3 3 4 2 1 4 4 4
split_gain=2.43052e+07 1.32932e+07 5.45693e+06 3.16752e+06 2.65479e+06 5.76999e+06 4.27352e+06 2.51015e+06 6.45462e+06 4.08079e+06 1.72683e+07 5.83579e+06 2.83054e+06 2.59154e+06 2.14259e+06 1.71983e+06 1.45776e+06 2.51617e+06 5.92675e+06 2.57445e+06 2.09537e+06 3.88284e+06 1.42069e+06 1.25929e+06 1.20466e+06 1.36232e+06 4.51496e+06 1.98793e+06 1.23496e+06 1.1036e+06
threshold=0 16.039962506454472 0.13999967864231086 1.5808333333333338 38.593007338145675 0.99999769051669152 60.679466652429532 0.2267592592592593 36.972016444086492 20.876902363572629 0.77023809523809539 33.920180761862021 0.11348484848484851 0.16015151515151518 85.189214138531426 3.2641666666666671 259.32885354690455 17.879958365402228 17.349959723434452 278.99955054364256 2.1404166666666673 1.8608333333333336 3.2641666666666671 0.060000000000000005 276.38051498725684 7.3310961961746228 10.679975307694123 33.920180761862021 220.40638309362274 41.953151611830769
decision_type=1 2 2 2 2 2 2 2 2 2 2 2 2 2 2 2 2 2 2 2 2 2 2 2 2 10 2 2 2 2
left_child=1 2 7 4 5 -4 -6 8 13 10 -9 -11 -10 -1 -5 16 20 18 -18 -19 21 -3 -16 -2 25 28 27 -27 -25 -28
right_child=23 15 3 14 6 -7 -8 9 12 11 -12 -13 -14 -15 22 -17 17 19 -20 -21 -22 -23 -24 24 -26 26 29 -29 -30 -31
leaf_value=-10.705266252040865 -3.8615412116976469 2.9573215558067796 13.425787865266964 9.8530488787378587 -2.8465355822951302 1.7683009754208214 0.64278708844479548 -0.045199479309378253 0.95679237822125907 -6.1732048621539839 13.628766003809478 -0.027374791934481287 -1.3587683756313087 -3.7506413866634873 1.9703392640015285 -6.1344447369729318 1.7243351466201293 0.7678898044510456 -4.0703529223960953 3.4266855602903181 -4.9700750023641707 15.479437462791566 7.8925143776764388 -1.1085764052188238 -2.2262278352268257 -1.3790048282926988 -3.3911510643592253 -0.33868576283686525 -3.5814521321190096 5.4909470905241422
leaf_weight=164 366 3790 117 97 913 1062 21981 1216 2159 394 284 17455 3392 726 1943 61 2496 1330 535 2890 80 62 106 17636 1689 6938 38 13580 519 365
leaf_count=164 366 3790 117 97 913 1062 21981 1216 2159 394 284 17455 3392 726 1943 61 2496 1330 535 2890 80 62 106 17636 1689 6938 38 13580 519 365
internal_value=0.000762983 0.616003 0.278958 0.786896 0.622745 2.93555 0.503516 -0.23744 -1.09232 0.0471786 2.55109 -0.163377 -0.458146 -5.04275 2.62713 2.17484 2.22071 1.79986 0.700511 2.58911 2.99614 3.16284 2.28041 -0.945372 -0.919095 -0.862541 -0.587476 -0.690512 -1.17946 4.6471
internal_weight=104384 63253 52009 26219 24073 1179 22894 25790 6441 19349 1500 17849 5551 890 2146 11244 11183 7251 3031 4220 3932 3852 2049 41131 40765 39076 20921 20518 18155 403
internal_count=104384 63253 52009 26219 24073 1179 22894 25790 6441 19349 1500 17849 5551 890 2146 11244 11183 7251 3031 4220 3932 3852 2049 41131 40765 39076 20921 20518 18155 403
cat_boundaries=0 1
cat_threshold=2
is_linear=0
shrinkage=0.05


Tree=78
num_leaves=31
num_cat=1
split_feature=0 5 1 3 1 3 3 0 0 1 3 3 3 1 1 3 3 3 3 1 3 0 0 3 0 1 3 1 1 1
split_gain=2.29635e+07 1.08541e+07 4.10866e+06 3.2798e+06 3.38585e+06 2.86079e+06 2.32153e+06 2.01226e+06 1.90715e+06 2.13326e+06 2.82857e+06 2.03437e+06 1.90415e+06 4.79323e+06 1.55904e+07 1.99027e+06 1.68248e+06 2.10981e+06 2.06182e+06 1.58738e+06 2.21182e+06 3.64667e+06 1.6143e+06 2.30163e+06 1.50129e+06 1.71881e+06 1.42582e+06 2.40105e+06 1.37656e+06 1.37193e+06
threshold=15.97996235939026 0 1.0000000180025095e-35 1.0937254901960787 15.139965027656556 0.98058823529411787 0.85988095238095252 1.8224627509052966 17.761495818405717 17.349959723434452 0.67055555555555568 0.72041666666666682 0.61033333333333351 17.349959723434452 17.436626025792446 2.4008333333333338 2.7958333333333338 2.3208333333333337 1.3358333333333337 17.436626025792446 0.59011111111111114 17.999958659530645 17.999958659530645 0.5150555555555556 17.319960113349918 16.309955447264425 1.1533823529411766 15.199964433204654 15.108292000956824 17.436626025792446
decision_type=2 1 2 2 2 2 2 2 2 2 2 2 2 2 2 2 2 2 2 2 2 2 2 2 2 2 2 2 2 2
left_child=1 2 16 4 6 -6 -4 -5 12 10 -10 -12 13 24 -15 26 17 18 -1 20 -11 -22 23 -21 25 -2 29 -28 -9 -14
right_child=8 -3 3 7 5 -7 -8 28 9 19 11 -13 15 14 -16 -17 -18 -19 -20 22 21 -23 -24 -25 -26 -27 27 -29 -30 -31
leaf_value=-0.14217049076024532 2.0008954895669975 -0.89892891755475124 0.79230502265247349 8.584299554169716 -2.5957229720555763 5.4997273841425152 -0.97947881352846222 1.3199514849798661 -0.61475216490301232 10.502515579986571 25.086030611310687 8.3609670697040865 1.0364513797662878 -22.12385088492131 19.70067540139863 5.3046102652732463 -6.7493800473454018 3.94949535147436 -1.9280308318419017 -2.152527734892709 -10.757183428022598 9.9431287619045801 2.2520000592119263 15.891325415039063 -1.3335971294003208 4.6629840947545445 10.432872118722825 -1.7533344701686506 3.6672041142357927 -8.0844091079348601
leaf_weight=22719 2454 41019 16028 110 1323 118 2089 3342 87 24 20 159 2271 68 32 198 98 299 1739 27 89 27 7004 49 253 806 41 1082 768 41
leaf_count=22719 2454 41019 16028 110 1323 118 2089 3342 87 24 20 159 2271 68 32 198 98 299 1739 27 89 27 7004 49 253 806 41 1082 768 41
internal_value=0.000736334 -0.299893 0.205366 0.675219 0.402396 -1.92945 0.587965 1.93924 1.83012 2.38986 6.78076 10.3587 1.25159 2.06421 -8.67741 0.443096 -0.244136 -0.218113 -0.269222 2.22717 -3.02955 -5.89516 2.33153 9.53624 2.37237 2.6603 0.161405 -1.29953 1.75935 0.871279
internal_weight=104384 89652 48633 23778 19558 1441 18117 4220 14732 7486 266 179 7246 3613 100 3633 24855 24757 24458 7220 140 116 7080 76 3513 3260 3435 1123 4110 2312
internal_count=104384 89652 48633 23778 19558 1441 18117 4220 14732 7486 266 179 7246 3613 100 3633 24855 24757 24458 7220 140 116 7080 76 3513 3260 3435 1123 4110 2312
cat_boundaries=0 1
cat_threshold=2
is_linear=0
shrinkage=0.05


Tree=79
num_leaves=31
num_cat=1
split_feature=0 5 0 1 4 1 1 1 1 4 4 4 4 1 1 0 0 4 1 4 0 4 4 1 1 2 0 0 4 2
split_gain=2.08822e+07 7.73826e+06 3.22064e+06 3.2144e+06 3.1596e+06 7.72476e+06 5.40218e+06 3.11746e+06 2.74221e+06 2.48795e+06 2.17149e+06 3.79795e+06 5.06279e+06 1.93059e+06 1.80962e+06 1.97715e+06 1.65865e+06 1.56373e+06 1.43073e+06 2.44371e+06 1.46066e+06 3.52224e+06 1.36165e+06 1.35033e+06 5.74139e+06 5.97514e+06 4.63762e+06 2.21086e+06 3.36674e+06 1.50981e+06
threshold=15.150765967678394 0 17.761495818405717 14.399966612480165 275.50993669654093 17.349959723434452 17.349959723434452 16.039962506454472 1.0000000180025095e-35 263.05597234752685 172.73573143991823 172.00503490767841 147.19915526419507 17.349959723434452 9.6799775244879189 7.0572628705318561 17.319960113349918 173.65532581007514 17.436626025792446 278.99955054364256 17.999958659530645 278.63826055011754 278.99955054364256 0.79999816532109491 8.9999792146502262 7.5324984788894662 9.2999783966751099 8.719979832981112 106.93991843328517 7.4862299203872693
decision_type=2 1 2 2 2 2 2 2 2 2 2 2 2 2 2 2 2 2 2 2 2 2 2 2 2 10 2 2 2 10
left_child=1 8 3 -2 6 16 7 -5 10 -10 11 12 -1 17 15 -11 -6 -4 19 -15 21 -20 -22 -3 27 26 -26 29 -29 -25
right_child=2 23 13 4 5 -7 -8 -9 9 14 -12 -13 -14 18 -16 -17 -18 -19 20 -21 22 -23 -24 24 25 -27 -28 28 -30 -31
leaf_value=-0.013662827687858923 6.7545081335737356 -1.0763414096602562 12.156013907237227 -0.63114767558610185 2.2004018648391863 -9.9245725859497966 17.990635808763052 1.8523722202609649 0.97531923733743686 -0.70859327981477249 -2.2501273085074462 2.0678873031265756 -2.2871459887331489 6.6275285610945325 -0.023317504876905301 -8.2021328429049927 -1.9225460834382102 3.8520403557596978 19.903333812512852 -7.3978547674417499 1.5269997765739016 -1.4514758496284488 2.9339697817758736 1.9502014234787293 -4.0484074160570209 6.5602707797563999 -0.78439863329079429 8.1481461475440806 -0.032500823749261991 -0.55667746124565598
leaf_weight=18957 234 24575 82 4955 5285 138 41 1695 12587 227 1264 1823 2811 45 6154 143 255 184 37 95 3957 39 3047 1403 1203 259 11332 281 227 1049
leaf_count=18957 234 24575 82 4955 5285 138 41 1695 12587 227 1264 1823 2811 45 6154 143 255 184 37 95 3957 39 3047 1403 1203 259 11332 281 227 1049
internal_value=0.000737309 -0.344505 1.44935 0.961299 0.851164 1.71855 0.114952 0.00205238 0.114314 0.564625 -0.231939 -0.123713 -0.30734 2.27075 -0.227769 -3.61906 2.01031 6.44787 2.11599 -2.87463 2.21507 9.06835 2.13942 -0.844692 -0.483292 -0.942415 -1.09795 1.50082 4.49973 0.877932
internal_weight=104384 84295 20089 12603 12369 5678 6691 6650 43966 19111 24855 23591 21768 7486 6524 370 5540 266 7220 140 7080 76 7004 40329 15754 12794 12535 2960 508 2452
internal_count=104384 84295 20089 12603 12369 5678 6691 6650 43966 19111 24855 23591 21768 7486 6524 370 5540 266 7220 140 7080 76 7004 40329 15754 12794 12535 2960 508 2452
cat_boundaries=0 1
cat_threshold=2
is_linear=0
shrinkage=0.05


Tree=80
num_leaves=31
num_cat=1
split_feature=5 1 1 4 4 4 4 1 3 1 4 4 3 3 1 3 3 3 3 3 4 3 3 3 2 1 3 1 1 2
split_gain=1.79329e+07 1.01276e+07 3.45351e+06 3.03149e+06 4.2969e+06 3.76122e+06 4.77265e+06 3.61445e+06 3.3549e+06 5.62897e+06 2.87896e+06 2.37086e+06 2.32859e+06 1.99402e+06 2.10082e+06 1.94355e+06 1.69854e+06 1.59769e+06 1.31484e+06 2.06745e+06 1.20657e+06 1.97771e+06 1.86073e+06 1.14868e+06 1.12168e+06 2.05712e+06 1.91451e+06 1.43883e+06 4.34593e+06 5.15049e+06
threshold=0 11.899972057614617 16.039962506454472 175.85592669041588 172.00503490767841 163.5334098156452 121.31720883073699 0.022499948315836956 0.31933333333333336 11.708306160100303 172.48559991947982 26.695935969762441 0.75941176470588245 2.8375000000000008 13.939961554808542 0.11348484848484851 1.2537500000000004 3.2641666666666671 1.0803703703703706 2.1908333333333343 259.32885354690455 2.3208333333333337 2.1404166666666673 0.060000000000000005 4.8776500000000018 15.139965027656556 1.0937254901960787 0.79999816532109491 8.9999792146502262 7.5324984788894662
decision_type=1 2 2 2 2 2 2 2 2 2 2 2 2 2 2 2 2 2 2 2 2 2 2 2 10 2 2 2 2 8
left_child=1 3 11 4 5 6 -1 10 9 -5 -6 -3 -9 15 -15 -13 -7 20 -10 -20 22 -22 -4 -2 25 -25 -27 -26 -29 -30
right_child=23 2 17 8 7 16 -8 12 18 -11 -12 13 -14 14 -16 -17 -18 -19 19 -21 21 -23 -24 24 27 26 -28 28 29 -31
leaf_value=-0.31187878327039792 -3.5970470826435403 11.760296547558843 2.7758806555682218 -1.2151746842915649 2.8205056409873097 -3.3514277502216263 1.5546587166235568 8.1207920685721326 -3.2373971446026659 8.3386767721650621 -0.66090703773891113 2.8615417521212017 -2.0248845881698787 19.308154824298363 3.5610030928017191 0.57297014293936732 2.9729876160723534 -6.1387886715704392 2.8331202470845191 -5.4895289266488767 1.3519866554889113 5.355542228376903 -4.8872356782136137 -1.4399393511949989 -0.96100494490191068 -3.6345546608812671 -23.084449342091879 1.4541594876880071 -0.87957336715873868 6.233518822816702
leaf_weight=20767 366 48 3852 661 1270 1168 4100 325 1771 200 1114 975 68 22 282 18782 116 61 231 109 6929 322 80 4067 21557 33 20 2797 12032 259
leaf_count=20767 366 48 3852 661 1270 1168 4100 325 1771 200 1114 975 68 22 282 18782 116 61 231 109 6929 322 80 4067 21557 33 20 2797 12032 259
internal_value=0.000726391 0.529196 1.16735 -0.098035 0.0582179 -0.140388 -0.00407906 1.92786 -1.61843 1.01116 1.19411 0.774893 6.36461 0.748023 4.76019 0.68605 -2.77819 1.86911 -2.69092 0.156688 1.91333 1.53049 2.61876 -0.81197 -0.786877 -1.56904 -11.2658 -0.698897 -0.324372 -0.729189
internal_weight=104384 63253 31353 31900 28928 26151 24867 2777 2972 861 2384 20109 393 20061 304 19757 1284 11244 2111 340 11183 7251 3932 41131 40765 4120 53 36645 15088 12291
internal_count=104384 63253 31353 31900 28928 26151 24867 2777 2972 861 2384 20109 393 20061 304 19757 1284 11244 2111 340 11183 7251 3932 41131 40765 4120 53 36645 15088 12291
cat_boundaries=0 1
cat_threshold=2
is_linear=0
shrinkage=0.05


Tree=81
num_leaves=31
num_cat=1
split_feature=0 5 0 1 4 1 1 0 4 4 0 4 4 4 1 1 4 4 1 4 0 4 4 0 4 4 4 4 1 4
split_gain=1.71398e+07 6.26964e+06 2.69167e+06 2.96977e+06 2.57472e+06 6.88216e+06 4.86697e+06 2.91742e+06 2.43811e+06 3.84847e+06 1.6499e+07 1.73769e+07 6.10099e+06 3.38932e+06 2.40679e+06 1.74927e+06 1.63912e+06 1.4057e+06 1.28456e+06 2.19757e+06 1.32332e+06 3.17108e+06 1.2944e+06 1.12842e+06 2.22107e+06 1.80994e+06 5.18033e+06 1.68828e+06 2.52396e+06 1.67646e+06
threshold=15.150765967678394 0 17.761495818405717 14.619953580915203 275.50993669654093 17.349959723434452 17.349959723434452 15.879962886695862 17.963562687527723 25.632744012084355 0.14001774458882627 20.598587732389834 28.553654166726833 18.763233794326226 1.0000000180025095e-35 17.349959723434452 279.0016283573446 173.65532581007514 17.436626025792446 278.99955054364256 17.999958659530645 278.63826055011754 278.99955054364256 0.92332403387878881 123.50874130301567 143.97753043880303 246.27150400024991 33.920180761862021 11.639973171662575 56.279287858403407
decision_type=2 1 2 2 2 2 2 2 2 2 2 2 2 2 2 2 2 2 2 2 2 2 2 2 2 2 2 2 2 2
left_child=1 8 3 -2 6 16 7 -5 -1 10 13 -12 -11 -10 -14 17 -6 -4 19 -17 21 -20 -22 25 27 29 -27 -25 -29 -3
right_child=2 23 15 4 5 -7 -8 -9 9 12 11 -13 14 -15 -16 18 -18 -19 20 -21 22 -23 -24 24 -26 26 -28 28 -30 -31
leaf_value=-4.3911895301779111 4.3967955896399777 -1.0571770815771016 11.45159073918699 -1.3618377184273416 1.9814379368059667 -9.4990271590253439 16.986469194889068 0.8023850575931738 0.75996578233009582 -9.2853422289984575 1.7789884232945443 15.552798806488184 -0.27350716324266738 -5.2403341549627473 0.49138050525929294 6.2000811974898626 -1.7755267632317233 3.5793849166325624 18.814202527497944 -7.1007954370975499 1.3415991990280842 -1.4466257362365724 2.7132596876434594 -0.70949315476126951 -1.3413298888937122 1.5853611818712703 -1.7909814473770407 1.0183636375070944 -0.83142505113290088 -2.4186036245519706
leaf_weight=299 568 10572 82 2648 5124 138 41 3777 445 174 624 361 22894 498 18671 45 307 184 37 95 3957 39 3047 8457 6064 2153 2403 4816 2987 2877
leaf_count=299 568 10572 82 2648 5124 138 41 3777 445 174 624 361 22894 498 18671 45 307 184 37 95 3957 39 3047 8457 6064 2153 2403 4816 2987 2877
internal_value=0.000700111 -0.312079 1.3131 0.866927 0.699981 1.48791 0.0212362 -0.0896502 0.100912 0.131771 2.31519 6.83771 0.0308617 -2.41099 0.0700838 2.06402 1.76878 6.03997 1.91673 -2.81183 2.01061 8.53337 1.93863 -0.762307 -0.524744 -1.05681 -0.195446 -0.220142 0.310245 -1.34857
internal_weight=104384 84295 20089 12603 12035 5569 6466 6425 43966 43667 1928 985 41739 943 41565 7486 5431 266 7220 140 7080 76 7004 40329 22324 18005 4556 16260 7803 13449
internal_count=104384 84295 20089 12603 12035 5569 6466 6425 43966 43667 1928 985 41739 943 41565 7486 5431 266 7220 140 7080 76 7004 40329 22324 18005 4556 16260 7803 13449
cat_boundaries=0 1
cat_threshold=2
is_linear=0
shrinkage=0.05


Tree=82
num_leaves=31
num_cat=0
split_feature=0 2 1 1 2 2 4 4 1 0 1 4 1 3 3 0 4 4 0 0 3 1 3 1 3 3 3 4 3 1
split_gain=1.54711e+07 4.24038e+06 4.83865e+06 4.74949e+06 2.97512e+06 2.81593e+06 3.18866e+06 1.68944e+07 6.30519e+06 2.43005e+06 2.73974e+06 2.58371e+06 6.32298e+06 9.00527e+06 4.4868e+06 4.53503e+06 2.16002e+06 2.32061e+06 1.81504e+06 1.72576e+06 1.66082e+06 2.12954e+06 3.1021e+06 1.55523e+06 1.5291e+06 1.5118e+06 1.47893e+06 1.30899e+06 1.25355e+06 1.18798e+06
threshold=15.150765967678394 7.3310961961746228 0.99999769051669152 3.7799912001055689 7.3940989494323732 7.530397439002992 53.530094638705926 60.679466652429532 0.11999972465400027 17.761495818405717 14.399966612480165 275.50993669654093 17.349959723434452 0.57527777777777789 0.91977777777777792 16.285096863165684 172.73666716826514 95.555931740717114 10.645000149766956 9.6964800574538454 2.9541666666666671 17.349959723434452 0.67055555555555568 16.699960787338259 1.6208333333333338 0.95029411764705896 0.72041666666666682 263.05597234752685 3.7808333333333337 17.436626025792446
decision_type=2 10 2 2 10 10 2 2 2 2 2 2 2 2 2 2 2 2 2 2 2 2 2 2 2 2 2 2 2 2
left_child=1 28 5 16 19 6 8 -8 -3 10 25 14 23 -14 15 -12 17 -4 -6 -5 21 22 -11 -13 -16 27 -24 -2 -1 -23
right_child=9 2 3 4 18 -7 7 -9 -10 20 11 12 13 -15 24 -17 -18 -19 -20 -21 -22 29 26 -25 -26 -27 -28 -29 -30 -31
leaf_value=-1.0124642947320879 5.7215086735891445 0.3546458324066617 2.7637313518642208 -1.7348254636269584 -0.44606871935962256 -0.9424951325816322 -7.9566978301904356 -0.22308153008813147 9.6308563702593588 -1.1239158094657415 -0.39817320808715789 2.0001999355923776 -22.414725134878452 3.0343975520778343 -2.7501920171160341 2.7379488337031117 -2.2838192510553474 8.3643757215343406 0.58012671755366674 6.6393702856532322 -5.4457375703811648 -2.6715533707666062 23.0338088680449 -1.2797722197620913 0.63466902127822211 11.361645160154865 8.646104112960197 -5.1409764256348485 4.9043627476162381 1.9665417988059326
leaf_weight=17683 111 12129 456 78 6188 15950 738 15904 185 87 2838 5152 65 73 1483 1940 115 312 14184 284 74 140 20 388 430 87 147 36 89 7018
leaf_count=17683 111 12129 456 78 6188 15950 738 15904 185 87 2838 5152 65 73 1483 1940 115 312 14184 284 74 140 20 388 430 87 147 36 89 7018
internal_value=0.000684716 -0.296479 -0.113177 0.50142 0.348374 -0.409038 -0.115168 -0.566491 0.494779 1.24756 0.823627 0.721954 1.50632 -9.02749 0.056216 0.875484 4.09067 5.04692 0.268413 4.83516 1.96106 2.03573 6.52717 1.77029 -1.98941 6.17199 10.4961 3.04451 -0.982559 1.87547
internal_weight=104384 84295 66523 21617 20734 44906 28956 16642 12314 20089 12603 12369 5678 138 6691 4778 883 768 20372 362 7486 7412 254 5540 1913 234 167 147 17772 7158
internal_count=104384 84295 66523 21617 20734 44906 28956 16642 12314 20089 12603 12369 5678 138 6691 4778 883 768 20372 362 7486 7412 254 5540 1913 234 167 147 17772 7158
is_linear=0
shrinkage=0.05


Tree=83
num_leaves=31
num_cat=1
split_feature=0 5 0 4 4 0 3 4 4 3 0 3 2 4 3 3 4 3 3 4 4 3 3 4 3 2 0 3 2 0
split_gain=1.39633e+07 5.05615e+06 2.21797e+06 2.20459e+06 3.41434e+06 1.49456e+07 2.63782e+07 5.55865e+06 2.88401e+06 2.25146e+06 1.85081e+06 1.60348e+06 1.39357e+06 1.88132e+06 1.44063e+06 3.49786e+06 1.47934e+06 1.27047e+06 1.42524e+06 1.13767e+06 1.09921e+06 2.41653e+06 2.34759e+06 1.20334e+06 1.08279e+06 2.49696e+06 5.37421e+06 1.77208e+06 1.32297e+06 1.24295e+06
threshold=15.150765967678394 0 19.35995519575501 17.963562687527723 25.632744012084355 0.15999962844824792 0.4400617283950618 28.553654166726833 18.763233794326226 0.020833333333333339 19.719954595108039 0.4400617283950618 7.4989146471023567 40.456495911064998 0.33992424242424252 0.18768939393939396 175.85592669041588 1.5208333333333337 1.8803571428571433 199.80677468231644 278.99955054364256 2.7658333333333336 2.8375000000000008 248.50768118551136 2.3608333333333338 5.3756500000000011 13.387096665430567 2.7004166666666674 5.0756000000000006 0.92332403387878881
decision_type=2 1 2 2 2 2 2 2 2 2 2 2 10 2 2 2 2 2 2 2 2 2 2 2 2 10 2 2 10 2
left_child=1 3 12 -1 5 8 -7 -6 -5 -9 11 19 -2 -14 15 -15 -16 -13 -19 -4 21 23 -22 -12 29 28 -27 -28 -26 -3
right_child=2 24 10 4 7 6 -8 9 -10 -11 20 17 13 14 16 -17 -18 18 -20 -21 22 -23 -24 -25 25 26 27 -29 -30 -31
leaf_value=-4.1823280597070855 -1.1600384714999057 -0.94495807070677529 -6.9829700950622557 0.69525165270975098 -8.8689617074966431 -2.4395597653400096 14.397029276015951 -8.4259024605689898 -4.6964066016523587 0.076922012259833361 1.8709028603923088 4.7697907818723664 6.4607622283966322 2.1410531122843763 2.5545376968553262 -1.4056699927169933 0.9370416054179197 -4.4040815114420511 4.8382471540239127 1.4937269494784506 2.1153331475182906 -10.787110197703043 15.580969625837875 -0.64943301030635203 -1.3560670058315958 -2.0078698710827196 -4.9718188108444217 -16.947298501796936 3.6009264666003151 -0.37712467963682678
leaf_weight=299 802 17691 49 478 174 428 508 77 514 41488 1265 1155 154 1120 1674 1829 9079 85 80 189 1776 44 32 756 341 766 49 88 221 21173
leaf_count=299 802 17691 49 478 174 428 508 77 514 41488 1265 1155 154 1120 1674 1829 9079 85 80 189 1776 44 32 756 341 766 49 88 221 21173
internal_value=0.000667981 -0.281644 1.18523 0.089233 0.118577 2.17516 6.70385 0.0235294 -2.10032 0.0609679 2.04829 3.50333 0.865328 0.982634 0.920597 -0.05839 1.18906 4.18397 0.0791687 -0.27337 1.46222 0.67353 2.36215 0.928258 -0.68596 -2.02 -3.64706 -12.7312 0.596138 -0.635622
internal_weight=104384 84295 20089 43966 43667 1928 936 41739 992 41565 5431 1558 14658 13856 13702 2949 10753 1320 165 238 3873 2065 1808 2021 40329 1465 903 137 562 38864
internal_count=104384 84295 20089 43966 43667 1928 936 41739 992 41565 5431 1558 14658 13856 13702 2949 10753 1320 165 238 3873 2065 1808 2021 40329 1465 903 137 562 38864
cat_boundaries=0 1
cat_threshold=2
is_linear=0
shrinkage=0.05


Tree=84
num_leaves=31
num_cat=1
split_feature=0 5 4 3 3 0 0 0 3 3 4 0 3 0 3 0 4 4 0 3 4 3 3 4 0 3 3 3 0 0
split_gain=1.2603e+07 4.56334e+06 2.03288e+06 3.83797e+06 4.39661e+06 3.59864e+06 4.12945e+06 3.59525e+06 3.69806e+06 2.93183e+06 2.41109e+06 2.27852e+06 2.14794e+06 3.43207e+06 3.08673e+06 2.00382e+06 1.99031e+06 3.08213e+06 1.34943e+07 2.3645e+07 5.01967e+06 3.73188e+06 2.03466e+06 1.847e+06 1.8364e+06 1.64041e+06 3.00103e+06 2.25149e+06 1.61531e+06 1.57731e+06
threshold=15.150765967678394 0 278.99955054364256 0.88068627450980408 0.58083333333333353 18.379957119216922 17.319960113349918 16.399961905807498 0.73083333333333356 0.47363636363636369 269.10220127150848 17.119960333755497 1.6808333333333336 20.099953286518097 2.1008333333333336 20.259953323379523 17.963562687527723 25.632744012084355 0.14001774458882627 0.76060606060606073 28.553654166726833 0.76060606060606073 0.020833333333333339 279.0016283573446 19.019955969009406 0.41515151515151522 0.1801515151515152 0.83015151515151531 19.019955969009406 16.285096863165684
decision_type=2 1 2 2 2 2 2 2 2 2 2 2 2 2 2 2 2 2 2 2 2 2 2 2 2 2 2 2 2 2
left_child=1 16 7 4 -4 6 -6 25 9 11 -10 -9 13 23 29 -16 -1 18 21 -20 -19 -18 -22 -5 -12 26 -2 -27 -7 -14
right_child=2 -3 3 12 5 28 -8 8 10 -11 24 -13 14 -15 15 -17 17 20 19 -21 22 -23 -24 -25 -26 27 -28 -29 -30 -31
leaf_value=-3.9739087396204478 1.4140945771058986 -0.65169043545295946 1.8880292907642859 4.4360804623670376 -1.5684026002009492 12.77154625415802 -9.5932822305052152 2.8693767362428613 1.152267330342817 4.0126445856771822 -4.2052006398109576 -0.63565073013562579 2.3362628835480233 -6.1813341758932383 2.1512323593916154 9.9539375926971445 -1.0703835584848016 -8.428047277917182 1.9074659408413475 20.274926012315248 -8.0100085268570833 -10.909294671706105 0.073076015076168496 -1.6791958828782307 0.14174081648908446 1.8004724792500928 -2.8615022005171848 -0.76424196764443697 1.1760433146393587 -3.9205010815702872
leaf_weight=299 611 40329 2936 2293 765 31 202 957 2187 1784 444 898 146 83 470 99 835 174 758 227 77 108 41488 130 535 1552 1246 1905 495 320
leaf_count=299 611 40329 2936 2293 765 31 202 957 2187 1784 444 898 146 83 470 99 835 174 758 227 77 108 41488 130 535 1552 1246 1905 495 320
internal_value=0.00062544 -0.267583 1.12601 1.74621 0.764857 -1.44366 -3.25293 0.718022 1.47896 2.56593 0.229182 1.17317 2.9731 3.76432 1.05558 3.52391 0.0847561 0.112637 2.06661 6.15665 0.0223323 -2.20758 0.0579095 4.10742 -1.83198 -0.256514 -1.45472 0.387358 1.88238 -1.95941
internal_weight=104384 84295 20089 7970 4429 1493 967 12119 6805 3639 3166 1855 3541 2506 1035 569 43966 43667 1928 985 41739 943 41565 2423 979 5314 1857 3457 526 466
internal_count=104384 84295 20089 7970 4429 1493 967 12119 6805 3639 3166 1855 3541 2506 1035 569 43966 43667 1928 985 41739 943 41565 2423 979 5314 1857 3457 526 466
cat_boundaries=0 1
cat_threshold=2
is_linear=0
shrinkage=0.05


Tree=85
num_leaves=31
num_cat=1
split_feature=0 5 1 0 1 3 1 3 0 3 0 3 3 3 1 3 3 1 0 1 1 3 3 2 3 3 3 2 1 1
split_gain=1.13805e+07 4.0162e+06 2.24323e+06 2.11617e+06 1.86349e+06 1.73173e+06 1.86048e+06 1.64364e+06 1.22459e+07 8.64798e+07 5.5814e+06 3.91251e+06 2.25152e+06 1.56056e+06 1.98407e+06 2.72934e+06 1.39017e+06 2.50405e+06 2.07602e+06 1.36244e+06 1.27476e+06 1.5493e+06 1.06759e+06 987414 1.11144e+06 987410 1.55309e+06 1.72297e+06 1.06512e+06 975396
threshold=15.105127586337195 0 13.599968220170341 17.761495818405717 1.0000000180025095e-35 1.5808333333333338 1.6599961476850511 0.2267592592592593 0.44520146530287003 0.33992424242424252 0.48599659707669246 0.11348484848484851 0.24053030303030307 2.9541666666666671 17.349959723434452 0.67055555555555568 0.29527777777777781 12.959969866744816 13.579968433769229 14.539953834918402 14.619953580915203 1.5608333333333337 0.060833333333333343 7.4989146471023567 2.6158333333333341 3.7808333333333337 2.3608333333333338 5.3756500000000011 0.73999829899484537 17.436626025792446
decision_type=2 1 2 2 2 2 2 2 2 2 2 2 2 2 2 2 2 2 2 2 2 2 2 10 2 2 2 10 2 2
left_child=1 4 -2 20 7 16 -7 10 12 -10 11 -1 -9 14 15 -5 17 -6 -18 -8 21 -4 -3 -22 -25 26 28 -28 -24 -16
right_child=2 22 3 13 5 6 19 8 9 -11 -12 -13 -14 -15 29 -17 18 -19 -20 -21 23 -23 25 24 -26 -27 27 -29 -30 -31
leaf_value=1.2757614038694893 8.936878386285569 -3.3910080701688869 2.1729239513490066 -1.0762014255740426 1.7771521032273583 11.024294700036968 2.4842489021230953 2.9461064324744117 38.949848351664357 -5.9601320760300327 -6.7225617612176336 -1.4651708920254982 -0.28829472715824539 -5.4862016871929171 -2.5093194572299931 9.8230589324235922 -0.54377872446443809 -0.36261608326505412 0.80690799086469844 -2.0184464856854936 -1.0839600385212955 11.757113032133683 -0.75400519050494119 0.57011534215492266 3.6105960971946476 4.6382651279502438 0.13003367204158034 -3.5726595264472025 -0.21273880379947344 1.6930987823123069
leaf_weight=1978 89 343 519 87 3547 56 1084 554 153 352 387 3805 17626 74 140 167 6994 2224 4794 198 881 45 23670 11075 308 89 487 884 14756 7018
leaf_count=1978 89 343 519 87 3547 56 1084 554 153 352 387 3805 17626 74 140 167 6994 2224 4794 198 881 45 23670 11075 308 89 487 884 14756 7018
internal_value=0.000596038 -0.256736 1.05976 1.02482 0.0748207 0.449044 2.18232 -0.209704 0.0239571 7.69633 -0.917203 -0.527611 -0.189576 1.69282 1.76522 6.10025 0.316851 0.952618 0.00554641 1.78779 0.634888 2.95708 -0.617322 0.527861 0.652695 -0.593385 -0.605201 -2.25827 -0.546164 1.61057
internal_weight=104384 83981 20403 20314 43752 18897 1338 24855 18685 505 6170 5783 18180 7486 7412 254 17559 5771 11788 1282 12828 564 40229 12264 11383 39886 39797 1371 38426 7158
internal_count=104384 83981 20403 20314 43752 18897 1338 24855 18685 505 6170 5783 18180 7486 7412 254 17559 5771 11788 1282 12828 564 40229 12264 11383 39886 39797 1371 38426 7158
cat_boundaries=0 1
cat_threshold=2
is_linear=0
shrinkage=0.05


Tree=86
num_leaves=31
num_cat=1
split_feature=0 5 2 3 3 4 0 4 4 0 3 4 4 4 3 4 3 4 0 0 0 4 4 2 4 4 3 0 0 3
split_gain=1.02739e+07 3.44904e+06 2.04033e+06 1.85839e+06 3.56385e+06 2.68477e+06 2.10943e+06 1.80935e+06 2.88269e+06 1.22676e+07 2.27371e+07 4.49211e+06 2.49772e+06 1.93089e+06 1.56723e+06 2.54098e+06 5.05745e+06 3.51294e+06 1.4481e+06 1.02775e+06 1.08386e+06 981940 1.36312e+06 2.50765e+06 2.48893e+06 1.98837e+06 1.57478e+06 1.01736e+06 838388 823343
threshold=15.019983925529987 0 7.4989146471023567 0.33992424242424252 0.1801515151515152 278.44569124894218 17.319960113349918 17.963562687527723 25.632744012084355 0.15999962844824792 0.4400617283950618 28.553654166726833 18.763233794326226 34.157793897804034 0.69937500000000019 278.99955054364256 0.870294117647059 181.04542460651254 15.75996379753113 17.761495818405717 17.560083461233347 276.38051498725684 244.04934087507249 7.7019032955169688 246.27150400024991 220.40638309362274 0.54037878787878801 1.0041218606348836 0.43188358347689532 0.33992424242424252
decision_type=2 1 10 2 2 2 2 2 2 2 2 2 2 2 2 2 2 2 2 2 2 2 2 8 2 2 2 2 2 2
left_child=1 7 -2 4 -4 18 -7 29 9 12 -11 28 -9 -13 19 17 -17 -16 -6 20 -5 22 23 25 -24 -3 -25 -26 -10 -1
right_child=2 21 3 14 5 6 -8 8 11 10 -12 13 -14 -15 15 16 -18 -19 -20 -21 -22 -23 24 26 27 -27 -28 -29 -30 -31
leaf_value=-2.9894140989877966 -1.1044555162907026 -0.51077666535780442 2.1484301868331719 1.6186511771992764 -4.6573095728325411 2.4868268380911895 -2.4378659996317715 0.70458470029939191 -9.4077697186152154 -2.4091065289432705 13.222092835379138 2.3079501613203375 -4.3129252262660893 -0.018772917315357136 2.0164494771547594 -1.6198200879290121 2.6464949177862485 -0.63691162035973947 -1.2890222919336571 2.800039927342346 -3.0840895459032431 -1.7649525465570268 1.6714336238002472 0.069049439048456229 -1.3262163538384384 -3.5454786685071142 -4.1852523248619873 0.86710172582503897 0.46399963709024289 -12.330874982980582
leaf_weight=274 1103 32211 1365 3551 486 687 317 478 149 428 508 911 514 40013 1870 856 3671 3742 929 2328 126 1683 1884 301 1884 548 783 734 25 25
leaf_count=274 1103 32211 1365 3551 486 687 317 478 149 428 508 911 514 40013 1870 856 3671 3742 929 2328 126 1683 1884 301 1884 548 783 734 25 25
internal_value=0.000598403 -0.248571 0.988106 1.10398 0.106616 -1.04595 0.931035 0.0605812 0.08756 1.97661 6.07954 -0.00110527 -1.89693 0.0330768 1.33773 0.958437 1.83961 0.247428 -2.44838 1.97787 1.45671 -0.58318 -0.531266 -0.639995 0.286044 -0.561649 -3.00496 -0.711185 -7.99484 -3.80899
internal_weight=104384 83353 21031 19928 3784 2419 1004 43325 43026 1928 936 41098 992 40924 16144 10139 4527 5612 1415 6005 3677 40028 38345 33843 4502 32759 1084 2618 174 299
internal_count=104384 83353 21031 19928 3784 2419 1004 43325 43026 1928 936 41098 992 40924 16144 10139 4527 5612 1415 6005 3677 40028 38345 33843 4502 32759 1084 2618 174 299
cat_boundaries=0 1
cat_threshold=2
is_linear=0
shrinkage=0.05


Tree=87
num_leaves=31
num_cat=2
split_feature=0 5 5 3 3 4 0 3 3 3 4 4 0 3 0 4 4 4 3 4 3 4 0 0 4 3 0 3 4 3
split_gain=9.27242e+06 3.1127e+06 1.84148e+06 1.67737e+06 3.2168e+06 2.42333e+06 1.90422e+06 1.64465e+06 1.6604e+06 2.60658e+06 3.71496e+06 3.28449e+06 2.5872e+06 2.57655e+06 1.81529e+06 1.50413e+06 2.0326e+06 1.99542e+06 1.41442e+06 2.29323e+06 4.56464e+06 3.22181e+06 1.30725e+06 1.03357e+06 1.02078e+06 2.42464e+06 2.24042e+06 980511 1.01964e+06 1.72271e+06
threshold=15.019983925529987 0 1 0.33992424242424252 0.1801515151515152 278.44569124894218 17.319960113349918 2.2983333333333342 0.11348484848484851 0.22007575757575762 37.746023660788687 41.953151611830769 11.799972907264712 0.040833333333333346 13.280323082430719 82.341677575627799 149.23024062292276 72.667141910237405 0.69937500000000019 278.99955054364256 0.870294117647059 257.29026212764853 15.75996379753113 0.039999890417299407 278.63826055011754 0.53015151515151526 18.379957119216922 0.060833333333333343 7.355930341194008 1.1921568627450982
decision_type=2 1 1 2 2 2 2 2 2 2 2 2 2 2 2 2 2 2 2 2 2 2 2 2 2 2 2 2 2 2
left_child=1 7 -2 4 -4 22 -7 8 12 10 -10 -11 13 -1 -14 17 -17 -9 24 21 -21 -20 -6 -18 25 -5 -26 -3 -29 -30
right_child=2 27 3 18 5 6 -8 15 9 11 -12 -13 14 -15 -16 16 23 -19 19 20 -22 -23 -24 -25 26 -27 -28 28 29 -31
leaf_value=-2.3131705409825618 -1.0492827549374197 -3.2238813399822832 2.0410872964876243 1.023989248112678 -4.424922246174769 2.3626662137729748 -2.3163560182081078 11.871971054077148 -3.4640643745342596 0.91257487725878272 -0.42017858165988553 -0.20977889623841409 5.8842050980126928 1.2034585067829566 1.1919848003778208 7.4085542130032014 -4.4136311739408054 -4.8043265915301543 1.1281630681305939 -1.5389235944717325 2.5142062306407866 -1.3713696278325642 -1.2246404701404034 2.3559763135642653 -0.1237004490034346 3.6705438693397014 2.9041937252433407 -1.1362619879547704 -0.13713240546138186 -0.86810085199475628
leaf_weight=698 1103 340 1365 1625 486 687 317 20 1226 9073 5478 23145 405 2043 420 203 64 123 3607 856 3671 2005 929 427 1495 1853 1032 5921 20473 13294
leaf_count=698 1103 340 1365 1625 486 687 317 20 1226 9073 5478 23145 405 2043 420 203 64 123 3607 856 3671 2005 929 427 1495 1853 1032 5921 20473 13294
internal_value=0.000556677 -0.236156 0.938698 1.04878 0.101235 -0.993779 0.884486 0.0575351 0.0142712 -0.0803486 -0.977266 0.106309 1.04676 0.307425 3.49978 2.25106 3.21269 -2.4057 1.27085 0.910527 1.74764 0.235069 -2.32617 1.4664 1.87898 2.43467 1.11352 -0.554032 -0.531079 -0.424931
internal_weight=104384 83353 21031 19928 3784 2419 1004 43325 42488 38922 6704 32218 3566 2741 825 837 694 143 16144 10139 4527 5612 1415 491 6005 3478 2527 40028 39688 33767
internal_count=104384 83353 21031 19928 3784 2419 1004 43325 42488 38922 6704 32218 3566 2741 825 837 694 143 16144 10139 4527 5612 1415 491 6005 3478 2527 40028 39688 33767
cat_boundaries=0 1 2
cat_threshold=2 4
is_linear=0
shrinkage=0.05


Tree=88
num_leaves=31
num_cat=1
split_feature=0 5 1 3 1 1 3 1 3 3 3 3 3 2 3 0 3 0 3 3 0 1 3 0 1 1 3 0 3 3
split_gain=8.43161e+06 4.00699e+06 2.24261e+06 2.19164e+06 1.98027e+06 3.1493e+06 2.07568e+06 1.75211e+06 1.36152e+06 1.76223e+06 1.78297e+06 1.23103e+06 1.18562e+06 980390 979184 1.72864e+06 2.02223e+06 2.20213e+06 1.76059e+06 1.61222e+06 2.48678e+06 2.25735e+06 1.45357e+06 1.28413e+06 1.25023e+06 1.00289e+06 1.2683e+06 999912 962633 1.49451e+06
threshold=16.219962576889042 0 1.0000000180025095e-35 1.0937254901960787 15.139965027656556 15.859963177536013 0.85988095238095252 1.6599961476850511 2.7958333333333338 2.3208333333333337 1.3358333333333337 3.2641666666666671 3.2641666666666671 2.7159958660602572 0.69937500000000019 17.019960953750616 0.91977777777777792 18.379957119216922 1.0403431372549021 0.45993827160493833 17.119960333755497 17.699958294967654 2.3608333333333338 19.019955969009406 17.436626025792446 17.879958365402228 0.48022222222222227 17.999958659530645 1.4008333333333336 0.64015151515151525
decision_type=2 1 2 2 2 2 2 2 2 2 2 2 2 10 2 2 2 2 2 2 2 2 2 2 2 2 2 2 2 2
left_child=1 2 8 4 6 -6 -4 -5 9 10 -1 -9 14 -3 19 18 23 -18 24 20 -2 -22 -20 -17 -16 27 -27 -21 29 -15
right_child=12 13 3 7 5 -7 -8 11 -10 -11 -12 -13 -14 28 15 16 17 -19 22 25 21 -23 -24 -25 -26 26 -28 -29 -30 -31
leaf_value=-0.11265108788660752 2.1364576841916558 -2.087165452470801 0.61034689367070838 7.9675966344965561 -1.7348032631670174 4.5679379957233941 -1.0549670152016333 1.1770157672905772 -6.0594488039883707 3.6247773604432747 -1.7733622177114776 6.6572984163079942 -5.6174335900880399 -0.69377995992612629 1.5516563398417711 -2.1680671472118136 5.4619972910389416 1.5316917029619106 -2.3475506519555469 2.0968071077886576 -3.4730947679325794 0.65547464665734445 4.12525055710893 0.8332554719168761 -8.5148055559396738 6.399926404268184 2.6955753817586832 -1.5333630160758893 -0.9316813014869747 0.0089392719742289566
leaf_weight=22719 1909 995 16116 100 2089 218 2116 4355 98 299 1739 104 63 15937 864 520 410 2697 1006 1215 463 1155 94 1127 31 281 1304 224 9732 14404
leaf_count=22719 1909 995 16116 100 2089 218 2116 4355 98 299 1739 104 63 15937 864 520 410 2697 1006 1215 463 1155 94 1127 31 281 1304 224 9732 14404
internal_value=0.000535271 -0.171651 0.129149 0.462531 0.242368 -1.1375 0.417024 1.45413 -0.207497 -0.184088 -0.230798 1.3063 1.1733 -0.537524 1.20588 0.783017 1.30131 2.05193 -0.45209 1.64134 0.914639 -0.527352 -1.79117 -0.115076 1.19387 2.48834 3.35593 1.53105 -0.498996 -0.360184
internal_weight=104384 91021 49953 25098 20539 2307 18232 4559 24855 24757 24458 4459 13363 41068 13300 6749 4754 3107 1995 6551 3527 1618 1100 1647 895 3024 1585 1439 40073 30341
internal_count=104384 91021 49953 25098 20539 2307 18232 4559 24855 24757 24458 4459 13363 41068 13300 6749 4754 3107 1995 6551 3527 1618 1100 1647 895 3024 1585 1439 40073 30341
cat_boundaries=0 1
cat_threshold=2
is_linear=0
shrinkage=0.05


Tree=89
num_leaves=31
num_cat=1
split_feature=0 5 1 4 1 3 3 3 0 3 3 0 3 3 1 3 4 4 0 3 4 3 4 4 1 0 3 3 4 1
split_gain=7.67404e+06 2.495e+06 2.42551e+06 1.6567e+06 3.80908e+06 2.87869e+06 2.5057e+06 3.79414e+06 3.03246e+06 2.31273e+06 3.22538e+06 2.8496e+06 2.01277e+06 3.38237e+06 2.55792e+06 1.95651e+06 1.6468e+06 2.56998e+06 1.09953e+07 2.14416e+07 4.10549e+06 2.42889e+06 1.85614e+06 1.53378e+06 1.14341e+06 979083 907205 1.18231e+06 1.91396e+06 2.28109e+06
threshold=15.019983925529987 0 13.599968220170341 278.99955054364256 16.039962506454472 0.73083333333333356 0.870294117647059 0.58083333333333353 18.379957119216922 1.6808333333333336 2.1008333333333336 20.099953286518097 0.93984848484848504 0.57527777777777789 14.099966989433289 0.46696969696969709 17.963562687527723 25.632744012084355 0.15999962844824792 0.76060606060606073 28.553654166726833 0.75023809523809526 79.705660969726708 269.10220127150848 15.808290202742139 15.75996379753113 3.7808333333333337 2.4208333333333338 134.78011504522837 10.679975307694123
decision_type=2 1 2 2 2 2 2 2 2 2 2 2 2 2 2 2 2 2 2 2 2 2 2 2 2 2 2 2 2 2
left_child=1 16 25 4 12 15 7 24 -9 11 -11 -8 13 -4 -14 -6 -1 18 21 -20 -19 -18 -22 -7 -5 -2 27 -3 -29 -30
right_child=2 26 3 6 5 23 9 8 -10 10 -12 -13 14 -15 -16 -17 17 20 19 -21 22 -23 -24 -25 -26 -27 -28 28 29 -31
leaf_value=-3.6435435488164623 11.250658331406424 -0.46346029160860358 -0.73679247863706843 3.1565328753885256 1.0590096242394904 0.97395677992678031 3.4768883936403991 -3.1941175357584286 1.5967931837805613 -2.661379581642648 2.8314933474156794 -5.2207092031045832 11.90651507433723 2.1685298506628814 -1.9283769384376619 3.5109362590751547 -0.86591544749979199 -7.6518656487873633 1.6494341537403585 19.729387123269856 -0.47695994104868178 -8.296790786830206 0.24968122520286506 -1.4862492401014635 0.97920323141464471 -0.6633167606851329 4.6608902834057808 -0.81426735043346388 4.8825023102253038 -7.0571503479317803
leaf_weight=299 77 38791 3095 843 1522 2079 2499 944 507 479 602 97 33 1480 1975 1750 867 174 725 211 12777 125 28147 910 2117 22 84 830 46 277
leaf_count=299 77 38791 3095 843 1522 2079 2499 944 507 479 602 97 33 1480 1975 1750 867 174 725 211 12777 125 28147 910 2117 22 84 830 46 277
internal_value=0.000515218 -0.214831 0.853977 0.816822 0.463777 1.3466 1.37734 0.573618 -1.52016 2.34109 0.397341 3.15001 -0.375936 0.203339 -1.69519 2.37107 0.0481094 0.0738479 1.85749 5.74186 -0.00986991 -1.80968 0.0228083 0.2247 1.60016 8.6229 -0.499424 -0.510392 -2.08758 -5.34693
internal_weight=104384 83353 21031 20932 12844 6261 8088 4411 1451 3677 1081 2596 6583 4575 2008 3272 43325 43026 1928 936 41098 992 40924 2989 2960 99 40028 39944 1153 323
internal_count=104384 83353 21031 20932 12844 6261 8088 4411 1451 3677 1081 2596 6583 4575 2008 3272 43325 43026 1928 936 41098 992 40924 2989 2960 99 40028 39944 1153 323
cat_boundaries=0 1
cat_threshold=2
is_linear=0
shrinkage=0.05


Tree=90
num_leaves=31
num_cat=1
split_feature=0 5 1 4 1 3 3 3 0 3 0 1 0 3 3 1 4 4 3 3 0 3 0 4 0 3 4 0 4 1
split_gain=6.92668e+06 2.25173e+06 2.19213e+06 1.49499e+06 3.43747e+06 2.59822e+06 2.26126e+06 3.4245e+06 2.73718e+06 2.14131e+06 2.34923e+06 1.91271e+06 1.85067e+06 1.81606e+06 3.05278e+06 2.3147e+06 1.49365e+06 4.19268e+06 6.54395e+06 4.31481e+06 1.22816e+07 5.56384e+06 3.71127e+06 3.70603e+06 6.89186e+06 5.49128e+06 3.02436e+06 5.35502e+07 3.88674e+06 2.51722e+06
threshold=15.019983925529987 0 13.599968220170341 278.99955054364256 16.039962506454472 0.73083333333333356 0.870294117647059 0.58083333333333353 18.379957119216922 1.4008333333333336 20.059953451095584 14.57996631215668 17.999958659530645 0.93984848484848504 0.57527777777777789 14.099966989433289 36.928172484557372 36.898829917399304 1.6208333333333338 0.82004901960784327 0.20346191134857275 0.7997619047619049 0.45999893142664433 36.971720385111944 0.29999931166803845 0.85988095238095252 36.972016444086492 0.44520146530287003 79.705660969726708 0.079999816677379113
decision_type=2 1 2 2 2 2 2 2 2 2 2 2 2 2 2 2 2 2 2 2 2 2 2 2 2 2 2 2 2 2
left_child=1 16 -2 4 13 12 7 -5 -9 10 -8 -11 -6 14 -4 -15 17 19 22 21 -21 -1 -19 24 29 -26 27 -25 -28 -18
right_child=2 -3 3 6 5 -7 9 8 -10 11 -12 -13 -14 15 -16 -17 23 18 -20 20 -22 -23 -24 26 25 -27 28 -29 -30 -31
leaf_value=0.013692477692233088 8.1970467674255385 -0.47445126439875962 -0.69996475511261824 1.5202210685729789 3.5850968624043986 0.21345604473847374 3.6064420604755818 -3.0345806554004002 1.5171107121360192 12.856797347068786 -3.7420912410681662 0.49889713446331491 1.1907558524629047 11.328698885300581 2.0601765745014937 -1.8320068949982826 -0.75323610123018148 12.937918539776334 -0.85924709073019256 -0.10432779376740969 14.127221751791929 -10.433076017846291 -8.2893812892747967 -1.7363193546627906 -10.430048174911075 2.8943057683501578 -1.0320862893526281 26.60610506947835 0.2371976012232421 14.676267342037626
leaf_weight=3056 99 40028 3095 2960 1450 2989 2070 944 507 31 114 1462 1822 33 1480 1975 1261 223 220 559 207 132 22 1146 359 98 7675 194 28147 26
leaf_count=3056 99 40028 3095 2960 1450 2989 2070 944 507 31 114 1462 1822 33 1480 1975 1261 223 220 559 207 132 22 1146 359 98 7675 194 28147 26
internal_value=0.000503308 -0.204089 0.811342 0.77602 0.440648 1.2793 1.30848 0.544966 -1.4442 2.22401 3.22133 0.763928 2.25259 -0.357053 0.193187 -1.61019 0.0457047 0.916704 5.40243 0.387937 3.75493 -0.421993 11.0058 -0.0532456 -2.30522 -7.57266 0.0524977 2.38376 -0.0347724 -0.430372
internal_weight=104384 83353 21031 20932 12844 6261 8088 4411 1451 3677 2184 1493 3272 6583 4575 2008 43325 4419 465 3954 766 3188 245 38906 1744 457 37162 1340 35822 1287
internal_count=104384 83353 21031 20932 12844 6261 8088 4411 1451 3677 2184 1493 3272 6583 4575 2008 43325 4419 465 3954 766 3188 245 38906 1744 457 37162 1340 35822 1287
cat_boundaries=0 1
cat_threshold=2
is_linear=0
shrinkage=0.05


Tree=91
num_leaves=31
num_cat=0
split_feature=0 2 1 1 2 4 4 3 4 3 3 1 4 4 4 4 0 1 2 4 1 3 1 3 3 3 0 4 1 1
split_gain=6.25219e+06 2.26261e+06 3.03918e+06 4.26352e+06 2.95778e+06 2.16176e+06 1.45884e+07 6.07477e+06 4.61277e+06 4.58954e+06 3.51665e+06 1.98066e+06 1.95811e+06 1.89694e+06 2.05352e+06 1.60315e+06 1.40742e+06 2.21294e+06 1.15638e+06 1.12524e+06 1.14736e+06 1.07297e+06 1.06448e+06 1.117e+06 1.01995e+06 907284 885529 865360 900441 3.09112e+06
threshold=15.019983925529987 7.3310961961746228 0.99999769051669152 3.7799912001055689 7.3940989494323732 53.530094638705926 87.141502936962553 0.077500000000000013 73.493986445789304 0.11348484848484851 0.50083333333333346 13.599968220170341 193.30658157425756 172.73666716826514 95.555931740717114 57.66614639130723 19.35995519575501 18.939956020095828 4.9305500000000011 257.29026212764853 18.009958560455328 0.46696969696969709 20.049953179412842 1.3802380952380955 2.0162500000000003 3.7808333333333337 15.75996379753113 220.40638309362274 0.17999958808812513 10.839974905344109
decision_type=2 10 2 2 10 2 2 2 2 2 2 2 2 2 2 2 2 2 10 2 2 2 2 2 2 2 2 2 2 2
left_child=1 25 5 13 15 7 8 -3 -7 -9 -8 26 -6 14 -4 -5 18 19 -13 21 -21 -18 23 -19 -24 27 -2 28 -1 -30
right_child=11 2 3 4 12 6 10 9 -10 -11 -12 16 -14 -15 -16 -17 17 22 -20 20 -22 -23 24 -25 -26 -27 -28 -29 29 -31
leaf_value=-1.1275644637617099 10.290739631897365 7.1356950822114955 2.5840026945325691 0.56218542914018566 0.73185402081605244 -2.0329705037228121 -0.69617183118816506 -6.2118448448206323 -5.4846673854483079 0.058123730436259104 0.65524980078040485 -4.1655727435163028 -0.26582984984564234 -2.1381038727301394 7.8524253921234575 7.3929428537918316 -4.0349369606604943 1.0407608679613556 0.53453766783561063 -6.2474257345457334 2.7976185000795195 6.5916557887530773 2.1410474138552771 -1.5117626207625425 9.4658188721627905 4.4540309348667364 -1.023625660771909 -2.7380405850328771 1.8944444793945536 -0.70217468972430841
leaf_weight=6445 77 299 456 140 9318 2617 9985 295 1537 20880 9293 131 10413 115 312 222 25 3634 15370 36 693 320 173 485 65 84 22 517 1310 9115
leaf_count=6445 77 299 456 140 9318 2617 9985 295 1537 20880 9293 131 10413 115 312 222 25 3634 15370 36 693 320 173 485 65 84 22 517 1310 9115
internal_value=0.000513909 -0.193862 -0.0597081 0.437163 0.287633 -0.291806 -0.623899 0.070579 -3.31113 -0.0295155 -0.0447158 0.770864 0.205341 3.83561 4.73173 4.76005 0.737289 1.42989 0.49455 3.46177 2.343 5.81216 0.928348 0.739914 4.17277 -0.699714 7.79129 -0.724868 -0.663013 -0.375734
internal_weight=104384 83353 65882 20976 20093 44906 23432 21474 4154 21175 19278 21031 19731 883 768 362 20932 5431 15501 1074 729 345 4357 4119 238 17471 99 17387 16870 10425
internal_count=104384 83353 65882 20976 20093 44906 23432 21474 4154 21175 19278 21031 19731 883 768 362 20932 5431 15501 1074 729 345 4357 4119 238 17471 99 17387 16870 10425
is_linear=0
shrinkage=0.05


Tree=92
num_leaves=31
num_cat=1
split_feature=5 1 4 4 4 4 3 3 1 1 4 4 3 3 3 1 1 4 3 3 1 4 4 1 4 4 4 2 4 4
split_gain=5.60211e+06 3.76229e+06 2.96284e+06 3.75562e+06 3.81327e+06 2.57367e+07 3.50249e+06 2.84923e+06 4.85513e+06 2.80045e+06 2.63368e+06 2.29367e+06 2.145e+06 1.20964e+06 1.72391e+06 4.32979e+06 4.19058e+06 1.46387e+06 1.18796e+06 1.74971e+06 1.03653e+06 971948 1.00836e+06 1.00696e+06 907558 891161 1.12016e+06 2.3e+06 2.25627e+06 1.74814e+06
threshold=0 11.899972057614617 175.85592669041588 172.00503490767841 147.19915526419507 145.25178461759691 0.11348484848484851 0.31933333333333336 11.708306160100303 0.022499948315836956 172.48559991947982 38.814310056685947 0.75941176470588245 0.09416666666666669 0.34007575757575764 12.959969866744816 12.699970664131166 227.89723681478856 1.0803703703703706 2.1908333333333343 15.239964407661441 35.992682306176619 26.695935969762441 13.544962857794493 278.63826055011754 276.38051498725684 244.04934087507249 7.7019032955169688 246.27150400024991 220.40638309362274
decision_type=1 2 2 2 2 2 2 2 2 2 2 2 2 2 2 2 2 2 2 2 2 2 2 2 2 2 2 8 2 2
left_child=1 2 3 4 5 -1 -6 8 -4 10 -5 21 -11 17 15 -15 -16 -13 -9 -20 -19 22 23 -3 -10 26 27 29 -28 -2
right_child=25 11 7 9 6 -7 -8 18 24 12 -12 13 -14 14 16 -17 -18 20 19 -21 -22 -23 -24 -25 -26 -27 28 -29 -30 -31
leaf_value=-0.033865558529619526 -0.38195558875686014 17.050160460905595 -1.2336011077866544 2.7256115692435969 2.1304846603001644 18.895826287203729 -2.343054168593822 -3.0972987043751616 2.7291773775490853 7.407167429082965 -0.60421342327552241 4.8086582289710842 -2.3262419150532159 2.8935521085889686 -2.0643853278504727 -0.6234916690942417 0.95188521524825465 -1.2699590041173829 2.5911547854337198 -5.0652751410115853 4.3986274204280065 8.1860271212911613 1.0675649041609885 3.0330649641788372 9.9658036184310923 -1.5777587385482357 1.6553652160930767 -2.7652860478557848 -0.61011695383556463 -3.1965546243139773
leaf_weight=22543 33277 21 661 1270 514 180 2914 1771 65 325 1114 378 68 1026 1214 5915 22066 269 231 109 114 124 194 32 135 1690 1885 1086 2633 560
leaf_count=22543 33277 21 661 1270 514 180 2914 1771 65 325 1114 378 68 1026 1214 5915 22066 269 231 109 114 124 194 32 135 1690 1885 1086 2633 560
internal_value=0.000501541 0.295874 -0.0864222 0.0680511 -0.117625 0.116911 -1.67186 -1.58951 0.833911 1.81597 1.17004 0.684831 5.72137 0.637949 0.588317 -0.103269 0.794511 2.60556 -2.57786 0.128923 0.424344 4.58774 2.75556 8.79999 7.6392 -0.453732 -0.405529 -0.50137 0.335244 -0.42863
internal_weight=104384 63253 31900 28928 26151 22723 3428 2972 861 2777 2384 31353 393 30982 30221 6941 23280 761 2111 340 383 371 247 53 200 41131 39441 34923 4518 33837
internal_count=104384 63253 31900 28928 26151 22723 3428 2972 861 2777 2384 31353 393 30982 30221 6941 23280 761 2111 340 383 371 247 53 200 41131 39441 34923 4518 33837
cat_boundaries=0 1
cat_threshold=2
is_linear=0
shrinkage=0.05


Tree=93
num_leaves=31
num_cat=1
split_feature=0 5 0 3 3 1 3 4 4 4 3 3 3 4 0 1 3 4 1 3 3 0 0 3 4 0 4 4 4 3
split_gain=5.22714e+06 2.5872e+06 1.56399e+06 2.85136e+06 2.9377e+06 2.69428e+06 1.96851e+06 1.9674e+06 1.59304e+07 6.19752e+06 5.21027e+06 8.06876e+06 3.93827e+06 1.65926e+06 1.56624e+06 1.34628e+06 1.09768e+06 905001 856376 921540 901093 1.40745e+06 2.48653e+06 1.18502e+06 2.64345e+06 2.34225e+06 807392 1.00503e+06 2.03639e+06 1.7741e+06
threshold=16.219962576889042 0 13.739968146217349 0.33992424242424252 0.12022727272727275 14.299960682977858 1.2537500000000004 41.953151611830769 60.679466652429532 72.667141910237405 0.077500000000000013 0.20062500000000003 0.74016666666666675 277.70090727900936 14.659966075691225 15.279964382118226 3.2641666666666671 26.695935969762441 20.049953179412842 2.0162500000000003 0.69937500000000019 19.959953700332644 19.35995519575501 0.45993827160493833 278.63826055011754 17.119960333755497 276.38051498725684 244.04934087507249 246.27150400024991 1.2754761904761909
decision_type=2 1 2 2 2 2 2 2 2 2 2 2 2 2 2 2 2 2 2 2 2 2 2 2 2 2 2 2 2 2
left_child=1 2 7 4 13 6 -5 10 12 -10 17 -12 -9 -4 -7 -6 18 -1 20 -20 23 22 -22 25 -25 -2 27 29 -29 -3
right_child=16 26 3 5 15 14 -8 8 9 -11 11 -13 -14 -15 -16 -17 -18 -19 19 -21 21 -23 -24 24 -26 -27 -28 28 -30 -31
leaf_value=-0.61107315085150982 1.8826577692266691 -0.27432454456737604 3.9953931381429237 1.7012189796224437 -0.81394547070738033 -2.3746005916102049 5.1347310937787336 -7.1852450161911321 4.5197276996948776 -0.17492843516799497 -3.0044441203520242 0.85491755169873918 3.6014803344972672 -2.2324669057641713 0.67683410188530324 -3.6555543032837856 -5.6096088557690384 7.0714813230452478 1.9909111188129449 8.9528262141256629 0.11147991270205425 -1.1107407232214719 2.4216709194518291 3.3962933454104558 0.38335528429773924 -0.70905391370041526 -1.4989174523801858 1.5726408416157394 -0.57962269187443127 -1.1111182129397841
leaf_weight=43 1909 26541 455 2445 2287 452 503 981 723 24226 1584 9304 92 139 5869 509 63 341 173 65 3783 1136 1682 1640 1309 1603 1690 1885 2633 8319
leaf_count=43 1909 26541 455 2445 2287 452 503 981 723 24226 1584 9304 92 139 5869 509 63 341 173 65 3783 1136 1682 1640 1309 1603 1690 1885 2633 8319
internal_value=0.000506781 -0.135067 0.106637 0.586818 -0.653875 1.04061 2.2886 -0.0563655 -0.29538 -0.0387055 0.495389 0.293228 -6.25788 2.53672 0.458291 -1.33237 0.923898 6.21183 0.955266 3.9218 0.900917 0.489942 0.822817 1.32065 2.0595 0.699843 -0.429059 -0.383107 0.318493 -0.474044
internal_weight=104384 91021 49953 12659 3390 9269 2948 37294 26022 24949 11272 10888 1073 594 6321 2796 13363 384 13300 238 13062 6601 5465 6461 2949 3512 41068 39378 4518 34860
internal_count=104384 91021 49953 12659 3390 9269 2948 37294 26022 24949 11272 10888 1073 594 6321 2796 13363 384 13300 238 13062 6601 5465 6461 2949 3512 41068 39378 4518 34860
cat_boundaries=0 1
cat_threshold=2
is_linear=0
shrinkage=0.05


Tree=94
num_leaves=31
num_cat=1
split_feature=1 1 5 2 2 4 4 4 4 3 3 4 4 3 4 3 3 3 1 4 3 3 3 4 4 4 2 3 4 3
split_gain=4.95265e+06 4.90366e+06 4.60146e+06 2.86242e+06 2.60704e+06 2.11905e+06 1.15451e+07 5.13187e+06 6.47091e+06 5.69119e+06 5.11517e+06 4.59093e+06 2.37132e+07 2.27237e+07 6.82127e+06 8.71011e+06 4.57642e+06 6.31839e+06 3.30883e+06 3.15399e+06 6.62193e+06 2.227e+06 3.85442e+06 2.17891e+06 1.72136e+06 1.65819e+06 1.40036e+06 1.49289e+06 1.3367e+06 4.19727e+06
threshold=0.99999769051669152 3.7799912001055689 0 7.1956784248352061 5.5858000000000017 121.31720883073699 121.56743733502135 53.530094638705926 60.679466652429532 0.76060606060606073 0.077500000000000013 147.19915526419507 145.25178461759691 0.33992424242424252 154.65435644450841 0.33992424242424252 0.060833333333333343 0.11348484848484851 0.044999874682521743 17.963562687527723 0.20062500000000003 0.37916666666666676 1.1137500000000002 246.27150400024991 113.42715472994669 59.420553629851376 4.8553500000000005 1.9008333333333336 178.95663949190643 0.5150555555555556
decision_type=2 2 1 10 8 2 2 2 2 2 2 2 2 2 2 2 2 2 2 2 2 2 2 2 2 2 10 2 2 2
left_child=5 -2 4 -4 26 7 21 10 9 25 -1 12 18 -14 15 -13 24 -18 -8 -12 -21 -7 -23 -16 -10 -9 27 -3 29 -5
right_child=1 2 3 28 -6 6 11 8 16 -11 19 14 13 -15 23 -17 17 -19 -20 20 -22 22 -24 -25 -26 -27 -28 -29 -30 -31
leaf_value=6.2052036052846766 3.4480063382852224 -1.1503347060956308 11.425359429836274 -0.17838465018609662 -10.12352890001403 5.9154551895123788 1.8327388530818329 -7.2461773924975708 -4.3740937185314825 -0.24768195079786484 -1.083288499498068 -9.9395758556388323 -12.89962892581255 31.063534654601803 0.30774678969893154 4.1141496421665913 4.8394570018296612 -1.1301116436076357 -3.2307710648840726 -3.1017309279332443 0.40627409456102082 23.239283666312698 6.3079634701239096 -1.2060317171140376 -12.261148025179374 -19.543648934199894 -0.3972749205906756 -5.4330836469461561 0.29735511305905088 1.6459256036509826
leaf_weight=311 1239 727 59 5278 71 198 1240 677 217 392 7702 383 38 122 7917 154 464 9490 435 1462 16714 63 73 3396 102 28 9934 282 27387 7829
leaf_count=311 1239 727 59 5278 71 198 1240 677 217 392 7702 383 38 122 7917 154 464 9490 435 1462 16714 63 73 3396 102 28 9934 282 27387 7829
internal_value=0.000489738 0.340865 0.266145 0.51229 -0.640113 -0.34799 0.176575 -0.543784 -1.43075 -5.07926 -0.158668 -0.0479108 2.27861 20.607 -0.408341 -5.90911 -1.04069 -0.851385 0.516592 -0.235385 0.12395 9.34713 14.2636 -0.146734 -6.92642 -7.76159 -0.577663 -2.3515 0.496107 0.911344
internal_weight=104384 52806 51567 40553 11014 51578 14019 37559 11370 1097 26189 13685 1835 160 11850 537 10273 9954 1675 25878 18176 334 136 11313 319 705 10943 1009 40494 13107
internal_count=104384 52806 51567 40553 11014 51578 14019 37559 11370 1097 26189 13685 1835 160 11850 537 10273 9954 1675 25878 18176 334 136 11313 319 705 10943 1009 40494 13107
cat_boundaries=0 1
cat_threshold=4
is_linear=0
shrinkage=0.05


Tree=95
num_leaves=31
num_cat=1
split_feature=0 5 4 4 4 0 4 0 0 4 2 4 1 1 0 0 1 1 0 1 4 1 1 1 4 2 1 2 4 4
split_gain=4.4851e+06 2.17072e+06 1.529e+06 2.11036e+06 3.62503e+06 6.1525e+06 3.31111e+06 5.63115e+06 4.37451e+06 2.56849e+06 792846 862347 791576 819809 875422 825802 1.64046e+06 980924 2.48946e+06 1.24973e+06 955458 786748 1.70662e+06 2.73106e+06 1.32921e+06 926076 1.03625e+06 842286 679324 514892
threshold=16.219962576889042 0 17.963562687527723 36.928172484557372 36.971720385111944 0.29999931166803845 35.992682306176619 0.16203430980392161 0.27214977569888577 36.972016444086492 2.7159958660602572 7.3182521484678587 20.049953179412842 19.709954508804326 19.81995397511292 19.35995519575501 18.939956020095828 18.309957441986089 18.742363650087714 17.879958365402228 257.29026212764853 14.299966861717225 0.79999816532109491 8.9999792146502262 7.3168859882196235 4.8553500000000005 15.139965027656556 5.3402500000000002 278.99955054364256 278.99955054364256
decision_type=2 1 2 2 2 2 2 2 2 2 10 2 2 2 2 2 2 2 2 2 2 2 2 2 2 10 2 10 2 2
left_child=1 2 -1 6 5 -5 7 -4 -8 -6 11 -3 13 15 -15 17 20 19 -19 -2 -17 22 24 -24 -12 26 -23 -27 -18 -14
right_child=12 10 3 4 9 -7 8 -9 -10 -11 21 -13 29 14 -16 16 28 18 -20 -21 -22 25 23 -25 -26 27 -28 -29 -30 -31
leaf_value=-3.4625312423534598 0.6037371040215771 -1.5054490113682977 -0.87904657332337133 -0.44423480956323491 2.2626697048953806 -7.192574297876857 7.2404368601124478 3.2577984816310663 -2.2590478281605813 0.040098477962191952 -2.791382364037708 -9.5012202632767817 1.3251162994359384 3.7723039491256971 -1.5363576466298119 5.3084909561991358 0.24736007743927699 -6.7883195908116072 0.30626064845710804 3.3401981027283698 2.1119482335464599 -2.4537334852514796 1.5293051527525847 -0.2295478826300108 -0.45973027652124582 -0.08550195510674008 -11.104141061000334 -1.4534644324037873 1.6596625893787254 5.9822239349709179
leaf_weight=299 6706 961 2279 1287 1340 457 437 1286 167 42401 627 34 117 88 610 345 1834 153 627 444 729 320 2960 8667 22960 2279 38 2222 1589 121
leaf_count=299 6706 961 2279 1287 1340 457 437 1286 167 42401 627 34 117 88 610 345 1834 153 627 444 729 320 2960 8667 22960 2279 38 2222 1589 121
internal_value=0.000468831 -0.125114 0.0962827 0.117782 0.0190854 -2.21569 1.19433 0.613728 4.61452 0.108237 -0.394405 -1.78794 0.855811 0.803814 -0.862624 0.897476 1.43869 0.590416 -1.09227 0.77411 3.14276 -0.35976 -0.277447 0.218313 -0.521827 -0.956115 -3.40032 -0.760995 0.903264 3.70795
internal_weight=104384 91021 49953 49654 45485 1744 4169 3565 604 43741 41068 995 13363 13125 698 12427 4497 7930 780 7150 1074 40073 35214 11627 23587 4859 358 4501 3423 238
internal_count=104384 91021 49953 49654 45485 1744 4169 3565 604 43741 41068 995 13363 13125 698 12427 4497 7930 780 7150 1074 40073 35214 11627 23587 4859 358 4501 3423 238
cat_boundaries=0 1
cat_threshold=2
is_linear=0
shrinkage=0.05


Tree=96
num_leaves=31
num_cat=2
split_feature=1 1 5 2 2 0 1 1 3 2 3 3 3 3 0 0 5 1 3 3 3 3 3 1 2 1 0 0 0 0
split_gain=4.1906e+06 4.32411e+06 3.83759e+06 2.59272e+06 2.33066e+06 1.96092e+06 4.57031e+06 3.04948e+06 1.35978e+06 1.20703e+06 1.33523e+06 1.19925e+06 1.33369e+06 1.6899e+07 3.98446e+07 2.56515e+06 3.8974e+06 2.00327e+06 1.18977e+06 1.09514e+06 1.05455e+06 780119 1.43708e+06 2.74155e+06 844290 688896 558919 847072 506108 652662
threshold=0.99999769051669152 3.7799912001055689 0 7.1956784248352061 5.5858000000000017 10.645000149766956 11.209969343024381 9.4199780113872613 0.040833333333333346 4.8553500000000005 1.8608333333333336 0.09416666666666669 0.32007575757575768 0.33992424242424252 0.44520146530287003 0.17999958815944198 1 0.3199992689446855 0.62007575757575772 3.7808333333333337 0.35992424242424254 0.32007575757575768 0.28854166666666675 1.2999969742627144 7.6362954139709478 0.022499948315836956 0.06023571162254697 0.44520146530287003 1.2339893697294186 0.039999890417299407
decision_type=2 2 1 10 8 2 2 2 2 10 2 2 2 2 2 2 1 2 2 2 2 2 2 2 10 2 2 2 2 2
left_child=8 21 4 18 9 7 -7 -5 25 10 -3 26 15 14 -14 17 -17 -13 -4 -11 -15 22 28 -24 -23 -1 -10 -28 29 -2
right_child=1 2 3 5 -6 6 -8 -9 11 19 -12 12 13 20 -16 16 -18 -19 -20 -21 -22 24 23 -25 -26 -27 27 -29 -30 -31
leaf_value=-2.1224518330921791 2.3628464617422882 -0.99714017513502873 3.6743260389758698 0.43836612199460412 -9.5508883570796907 4.6939842590640728 0.52300170066128782 -1.8391875730657696 0.25822457047563335 -0.40529354761231584 -4.989260827716353 -0.15765794270741867 -4.1859674500291417 -1.7158313668060625 22.48824818166127 -0.66080175657298001 -3.1694489240217933 7.8949831881737103 17.911786865234372 5.4325209999673163 -0.24070461803131687 4.7608623170398223 -19.201360230653183 2.2286102354803754 -0.40456212078200449 -9.2320210889312957 3.0341809750220774 -3.5033385323069313 1.3114086051033849 9.2912491156799444
leaf_weight=681 89 713 30 4295 71 669 33297 2233 649 9854 296 7853 295 1258 265 5561 2145 77 29 80 32192 700 22 42 89 35 513 54 242 55
leaf_count=681 89 713 30 4295 71 669 33297 2233 649 9854 296 7853 295 1258 265 5561 2145 77 29 80 32192 700 22 42 89 35 513 54 242 55
internal_value=0.000439084 0.313535 0.243369 0.468157 -0.584256 0.452756 0.60529 -0.340867 -0.320111 -0.525211 -2.17205 -0.289624 -0.327631 -0.151904 8.45423 -0.70982 -1.35942 -0.0784809 10.8544 -0.357738 -0.296232 3.23129 1.56507 -5.31994 4.17842 -2.48238 1.26108 2.40648 2.71744 5.05497
internal_weight=104384 52806 51567 40553 11014 40494 33966 6528 51578 10943 1009 50862 49646 34010 560 15636 7706 7930 59 9934 33450 1239 450 64 789 716 1216 567 386 144
internal_count=104384 52806 51567 40553 11014 40494 33966 6528 51578 10943 1009 50862 49646 34010 560 15636 7706 7930 59 9934 33450 1239 450 64 789 716 1216 567 386 144
cat_boundaries=0 1 2
cat_threshold=4 1
is_linear=0
shrinkage=0.05


Tree=97
num_leaves=31
num_cat=2
split_feature=1 1 5 2 2 4 4 3 3 4 4 3 5 4 3 4 3 4 3 4 4 4 3 3 4 4 1 4 3 4
split_gain=3.78209e+06 3.90251e+06 3.46398e+06 2.34846e+06 2.10667e+06 1.93234e+06 8.45275e+06 4.55764e+06 4.24044e+06 1.59888e+07 1.19673e+07 1.88226e+07 6.51338e+06 3.83154e+06 6.41233e+06 1.07955e+07 5.15558e+06 3.17205e+06 2.86882e+06 3.2704e+06 2.48302e+06 6.23911e+06 5.7993e+06 5.42996e+06 2.36074e+06 1.87859e+06 3.46477e+06 1.63767e+06 4.35231e+06 1.5083e+06
threshold=0.99999769051669152 3.7799912001055689 0 7.1956784248352061 5.5858000000000017 95.557937423290767 53.530094638705926 0.077500000000000013 0.50083333333333346 154.65435644450841 145.25178461759691 1.0135294117647062 1 60.679466652429532 0.98058823529411787 88.454092356621871 0.76060606060606073 73.493986445789304 0.11348484848484851 33.920180761862021 154.65435644450841 147.19915526419507 0.060833333333333343 0.33992424242424252 37.746023660788687 181.04542460651254 0.022499948315836956 246.27150400024991 1.2537500000000004 59.420553629851376
decision_type=2 2 1 10 8 2 2 2 2 2 2 2 1 2 2 2 2 2 2 2 2 2 2 2 2 2 2 2 2 2
left_child=5 -2 4 -4 -3 6 7 -1 20 10 12 -12 -10 16 15 -15 29 -16 24 -20 21 22 -7 -23 -9 26 -22 28 -11 -8
right_child=1 2 3 -5 -6 8 13 18 9 27 11 -13 -14 14 17 -17 -18 -19 19 -21 25 23 -24 -25 -26 -27 -28 -29 -30 -31
leaf_value=5.8834817968538182 3.069741253250549 -0.49895468676535337 10.329652287483215 0.43012307501632163 -9.0799764589468648 -11.786295766002041 -6.8630602948934625 -5.9539318583529939 5.127963170127404 -1.2314710866453584 40.770939634891988 2.8273648589238141 -1.3126764435509879 2.943319963132689 -1.4577845033574122 -2.8187562314805721 -0.20300134019447499 -5.0404800479461329 -0.71056541462921374 0.42275668373016018 0.49135248396310138 -9.4395910107992176 -0.55171379979262647 4.5511644884558278 4.8866193752369638 -1.9769110868720485 10.896586944795239 -1.1565043632779559 2.0866000565452385 -18.590477763208849
leaf_weight=311 1239 10943 59 40494 71 117 677 344 1635 2054 56 77 516 1530 1098 1732 392 1415 12420 13056 3294 383 4336 84 58 780 81 3201 1903 28
leaf_count=311 1239 10943 59 40494 71 117 677 344 1635 2054 56 77 516 1530 1098 1732 392 1415 12420 13056 3294 383 4336 84 58 780 81 3201 1903 28
internal_value=0.000428589 0.297873 0.231215 0.44478 -0.555091 -0.304097 -0.53313 -0.123564 0.104833 0.84658 4.48804 18.9887 3.58303 -2.09373 -1.57862 -0.116052 -4.80152 -3.4763 -0.195981 -0.129764 -0.666919 -1.42685 -0.849477 -6.91869 -4.38162 0.233051 0.744233 -0.315814 0.364378 -7.35451
internal_weight=104384 52806 51567 40553 11014 51578 33061 26189 18517 9442 2284 133 2151 6872 5775 3262 1097 2513 25878 25476 9075 4920 4453 467 402 4155 3375 7158 3957 705
internal_count=104384 52806 51567 40553 11014 51578 33061 26189 18517 9442 2284 133 2151 6872 5775 3262 1097 2513 25878 25476 9075 4920 4453 467 402 4155 3375 7158 3957 705
cat_boundaries=0 1 2
cat_threshold=4 2
is_linear=0
shrinkage=0.05


Tree=98
num_leaves=31
num_cat=0
split_feature=0 2 0 2 1 4 0 4 3 1 2 3 2 4 3 4 3 4 1 3 0 0 1 1 3 0 0 1 4 3
split_gain=3.59194e+06 1.63087e+06 2.07541e+06 4.60501e+06 3.1017e+06 2.29512e+06 2.03786e+06 3.91789e+06 2.12501e+06 1.62933e+06 1.55426e+06 2.10864e+06 1.5522e+06 1.44959e+06 996534 936664 832338 2.64857e+06 1.85139e+06 1.41712e+06 1.76755e+06 6.44876e+06 2.08937e+06 1.21222e+06 4.18054e+06 1.37356e+06 929934 4.21105e+06 1.30574e+06 742845
threshold=16.219962576889042 7.3310961961746228 10.220005861970135 7.4183825016021734 9.53997812353599 38.814310056685947 8.9482511799928321 193.30658157425756 0.020833333333333339 11.639973171662575 7.4111087799072273 1.2604166666666672 7.5000060558319097 32.539182051599006 3.2641666666666671 29.151013328920875 2.3208333333333337 278.44569124894218 18.469956969055179 1.3208333333333335 17.119960333755497 18.379957119216922 16.309955447264425 19.709954508804326 2.7658333333333336 20.144953443161015 18.742363650087714 18.579956991500861 278.99955054364256 3.7808333333333337
decision_type=2 10 2 10 2 2 2 2 2 2 10 2 10 2 2 2 2 2 2 2 2 2 2 2 2 2 2 2 2 2
left_child=1 29 4 9 6 -5 8 -8 -3 13 11 -6 -7 -4 16 -12 19 18 -18 26 22 -22 -21 25 -25 -19 27 -2 -28 -1
right_child=14 2 3 5 10 12 7 -9 -10 -11 15 -13 -14 -15 -16 -17 17 23 -20 20 21 -23 -24 24 -26 -27 28 -29 -30 -31
leaf_value=-0.55367924065825891 0.63914479096616161 -10.456416140460968 -1.3357188043361758 4.0202577904848997 -9.252038682234204 0.24883846322084843 4.0822868170489031 -2.9996045195967738 -0.14336245055140004 0.79550251663648175 6.5846448799967767 7.8108006849743079 -11.327262994174299 8.8448753643755662 -5.459114727303386 -2.083491984549759 2.2260263705085701 5.5337748970685308 -10.007452443209562 -1.2799290333810975 12.044809491072062 -1.1963038748914985 -8.847708907089233 7.8157540091490141 -12.985214045933313 15.642308966742622 0.71258128995943459 -10.255051610019473 2.2921556195756834 3.8563826103508472
leaf_weight=18416 6165 49 40 407 140 19963 713 268 49192 129 31 20 28 264 63 1266 70 142 54 339 105 693 124 77 34 44 3099 89 2265 95
leaf_count=18416 6165 49 40 407 140 19963 713 268 49192 129 31 20 28 264 63 1266 70 142 54 339 105 693 124 77 34 44 3099 89 2265 95
internal_value=0.000414834 -0.11197 -0.00503156 0.416289 -0.174864 0.307838 -0.108862 2.14649 -0.153837 5.51277 -2.44827 -7.08389 0.232059 7.50532 0.765867 -1.87139 0.795763 2.9811 -3.13886 0.7241 -0.867377 0.558836 -3.32143 5.5382 1.38519 7.99593 0.896897 0.482495 1.37988 -0.530839
internal_weight=104384 91021 72510 20831 51679 20398 50222 981 49241 433 1457 160 19991 304 13363 1297 13300 421 124 12879 1261 798 463 297 111 186 11618 6254 5364 18511
internal_count=104384 91021 72510 20831 51679 20398 50222 981 49241 433 1457 160 19991 304 13363 1297 13300 421 124 12879 1261 798 463 297 111 186 11618 6254 5364 18511
is_linear=0
shrinkage=0.05


Tree=99
num_leaves=31
num_cat=1
split_feature=0 5 4 4 0 4 4 4 4 4 4 0 1 4 1 0 4 1 1 4 4 2 4 4 4 0 4 1 4 1
split_gain=3.24164e+06 1.47512e+06 1.39693e+06 1.99954e+06 9.0119e+06 2.12114e+07 3.18624e+06 1.31813e+06 9.83776e+06 2.31659e+06 705841 1.20313e+06 4.79536e+06 3.08982e+06 1.56969e+06 940413 1.69585e+06 1.14845e+06 783165 654888 869313 2.03588e+06 1.57446e+06 1.50001e+06 1.24958e+06 832602 652233 647784 570360 546150
threshold=16.219962576889042 0 17.963562687527723 20.876902363572629 0.16203430980392161 20.598587732389834 20.682779021084816 79.705660969726708 73.493986445789304 88.454092356621871 259.32885354690455 18.579957362258916 17.349959723434452 275.50993669654093 18.579956991500861 19.599954671737674 278.99955054364256 18.769956406723029 15.199964433204654 276.38051498725684 244.04934087507249 7.7019032955169688 246.27150400024991 220.40638309362274 76.622426155062485 1.0041218606348836 91.462744940372275 18.699957285629278 285.00253006639269 18.309957441986089
decision_type=2 1 2 2 2 2 2 2 2 2 2 2 2 2 2 2 2 2 2 2 2 8 2 2 2 2 2 2 2 2
left_child=1 2 -1 4 6 -6 -4 8 -5 -9 26 12 18 -14 -15 -13 27 -18 -12 20 21 23 -22 -3 -23 -24 29 -17 -20 -2
right_child=10 19 3 7 5 -7 -8 9 -10 -11 11 15 13 14 -16 16 17 -19 28 -21 22 24 25 -25 -26 -27 -28 -29 -30 -31
leaf_value=-3.3255137473434213 1.4051489577726732 -0.25968238597708948 -0.4211899692707915 0.11299806115243863 0.79408754575911267 19.730191435125931 -9.0992709185631302 2.6032584827226115 -4.0683199748418364 0.13209354736735948 6.8671791398525235 2.155477597726057 9.6217242362048179 -4.3859522914133704 -13.122813837610444 -7.1389167201265371 5.9094568327873471 0.98693649350907275 0.53477250519506592 -1.2918881773425346 1.4682778704872361 -1.9447795005403234 -0.98470174520791809 -2.8669079819433194 -7.6889884269351043 0.98504804378708199 1.4745814804134429 -1.0799908352826471 -3.5858901810646056 -1.1813393711123861
leaf_weight=299 358 33214 756 11917 560 200 122 975 1594 33530 47 1325 36 482 57 46 125 2006 3587 1690 1885 982 1884 560 104 749 4004 733 85 472
leaf_count=299 358 33214 756 11917 560 200 122 975 1594 33530 47 1325 36 482 57 46 125 2006 3587 1690 1885 982 1884 560 104 749 4004 733 85 472
internal_value=0.000391682 -0.106373 0.076136 0.0966862 1.81403 5.79666 -1.63601 0.0380647 -0.380569 0.201994 0.727562 0.453899 -0.135862 -4.38114 -5.33249 1.05177 0.548652 1.27832 0.521506 -0.328363 -0.286979 -0.371555 0.365522 -0.302996 -2.50144 -0.424211 1.21021 -1.44647 0.438435 -0.0653671
internal_weight=104384 91021 49953 49654 1638 760 878 48016 13511 34505 13363 8529 4294 575 539 4235 2910 2131 3719 41068 39378 34860 4518 33774 1086 2633 4834 779 3672 830
internal_count=104384 91021 49953 49654 1638 760 878 48016 13511 34505 13363 8529 4294 575 539 4235 2910 2131 3719 41068 39378 34860 4518 33774 1086 2633 4834 779 3672 830
cat_boundaries=0 1
cat_threshold=2
is_linear=0
shrinkage=0.05


Tree=100
num_leaves=31
num_cat=1
split_feature=0 3 3 3 0 4 4 0 3 4 5 4 4 2 4 3 2 3 3 0 0 3 0 0 0 4 0 0 4 4
split_gain=2.95245e+06 1.52328e+06 1.97984e+06 1.88021e+06 1.76227e+06 2.43543e+06 2.12692e+06 3.68073e+06 1.74439e+06 2.00239e+06 1.67733e+06 2.06268e+06 1.56358e+06 1.35162e+06 1.26968e+06 1.03387e+06 924670 712949 2.1707e+06 1.3918e+06 6.23972e+06 1.97486e+06 1.96635e+06 1.01141e+06 779833 2.10375e+06 1.30951e+06 694106 916322 589895
threshold=16.540073909257895 0.020833333333333339 0.12022727272727275 0.22007575757575762 11.659972996665955 189.73420378078126 266.8464034540753 13.280323082430719 0.19962121212121217 5.4946598705377818 0 20.876902363572629 149.23024062292276 7.4989146471023567 163.48335287219297 3.2641666666666671 2.6867630183696751 1.8803571428571433 1.7008333333333336 17.119960333755497 18.742363650087714 2.3608333333333338 19.239955272384645 17.999958659530645 18.742363650087714 269.10220127150848 20.099953286518097 9.2999783966751099 72.667141910237405 275.50993669654093
decision_type=2 2 2 2 2 2 2 2 2 2 1 2 2 10 2 2 10 2 2 2 2 2 2 2 2 2 2 2 2 2
left_child=1 27 4 8 5 12 13 -8 9 -4 11 -5 -3 -6 -10 17 -12 18 24 21 23 29 -22 -21 25 -2 -26 28 -1 -19
right_child=15 2 3 10 6 -7 7 -9 14 -11 16 -13 -14 -15 -16 -17 -18 19 -20 20 22 -23 -24 -25 26 -27 -28 -29 -30 -31
leaf_value=-13.515876726422992 1.6254529127281807 -0.33804284142381835 -6.3532332387966903 1.8912993096613429 0.71386565676452207 -9.0132747342927129 3.9970682322917739 -3.6009097609384533 -1.1485026988567471 -0.18140930379837225 -7.5435997853495849 0.09506997001681837 1.8447641303869962 4.5626949062413145 -3.3921324780687727 -5.6793604055912263 -0.29072416014965041 -12.47198024355132 -3.9845424583492695 20.718839025951571 -11.481109003067017 5.2111926417431587 1.8176947220916171 10.257045602529281 1.5805464843992971 -0.5238003023398019 -0.31851131379118575 -0.1346010942812319 -3.8084889774951174 -3.6846670932652517
leaf_weight=27 1892 2420 133 1666 320 69 291 350 2808 6832 43 38767 1240 797 813 61 36119 28 241 41 29 58 378 61 4543 2856 1134 107 200 60
leaf_count=27 1892 2420 133 1666 320 69 291 350 2808 6832 43 38767 1240 797 813 61 36119 28 241 41 29 58 378 61 4543 2856 1134 107 200 60
internal_value=0.000368421 -0.0926608 -0.0804933 -0.138477 0.840639 0.225204 2.1452 -0.150733 -0.763036 -0.300159 -0.052149 0.169127 0.401788 3.46171 -1.65305 0.76045 -0.299557 0.795648 0.69717 2.39575 3.62864 -1.8979 0.844284 14.6227 0.805771 0.332803 1.20121 -3.4582 -5.01735 -6.58941
internal_weight=104384 93002 92668 87181 5487 3729 1758 641 10586 6965 76595 40433 3660 1117 3621 11382 36162 11321 10666 655 509 146 407 102 10425 4748 5677 334 227 88
internal_count=104384 93002 92668 87181 5487 3729 1758 641 10586 6965 76595 40433 3660 1117 3621 11382 36162 11321 10666 655 509 146 407 102 10425 4748 5677 334 227 88
cat_boundaries=0 1
cat_threshold=2
is_linear=0
shrinkage=0.05


Tree=101
num_leaves=31
num_cat=1
split_feature=1 1 5 2 2 4 4 4 4 3 3 4 4 3 4 3 3 3 4 3 4 4 3 3 4 4 4 4 3 1
split_gain=2.90777e+06 3.64073e+06 2.5033e+06 2.16813e+06 1.88077e+06 1.68865e+06 1.02202e+07 4.15671e+06 5.31668e+06 4.70736e+06 4.11385e+06 3.78248e+06 2.01257e+07 1.95229e+07 5.59123e+06 7.12279e+06 3.50573e+06 5.6225e+06 2.86319e+06 2.58105e+06 2.90786e+06 2.12756e+06 1.87768e+06 3.51862e+06 1.50779e+06 1.44023e+06 1.37046e+06 1.24099e+06 3.74637e+06 2.63956e+06
threshold=0.99999769051669152 3.7799912001055689 0 7.1956784248352061 5.5858000000000017 121.31720883073699 121.56743733502135 53.530094638705926 60.679466652429532 0.76060606060606073 0.077500000000000013 147.19915526419507 145.25178461759691 0.33992424242424252 154.65435644450841 0.33992424242424252 0.060833333333333343 0.11348484848484851 121.59622677996582 0.11348484848484851 33.920180761862021 37.746023660788687 0.37916666666666676 1.1137500000000002 246.27150400024991 113.42715472994669 59.420553629851376 178.95663949190643 0.5150555555555556 11.708306160100303
decision_type=2 2 1 10 8 2 2 2 2 2 2 2 2 2 2 2 2 2 2 2 2 2 2 2 2 2 2 2 2 2
left_child=5 -2 4 -4 -3 7 22 10 9 26 -1 12 18 -14 15 -13 25 -18 -8 21 -21 -12 -7 -24 -16 -10 -9 28 -5 -29
right_child=1 2 3 27 -6 6 11 8 16 -11 19 14 13 -15 24 -17 17 -19 -20 20 -22 -23 23 -25 -26 -27 -28 29 -30 -31
leaf_value=5.612229472708254 2.9384277977837066 -0.41864208746741305 9.8760621376038582 -0.26519592325987068 -8.5264986016021833 5.6767018666578899 -3.501226351287928 -6.517942316431915 -3.7050479102968623 -0.15288582349537327 -5.6265116679918945 -8.9617401166423232 -12.067929231692583 28.679702479044597 0.27811880114423498 3.7469626126539328 4.6478028249061243 -0.98341973089928703 1.5511062814062919 -0.64852631783022607 0.42013347349915969 4.6645377779613106 21.919828431606295 5.7496554544809699 -0.98113359637184505 -10.915723431874248 -17.696130592083108 -1.2894395800936154 1.4583248176645598 0.33750149445220301
leaf_weight=311 1239 10943 59 5278 71 198 355 677 217 392 344 383 38 122 7917 154 464 9490 1320 12420 13056 58 63 73 3396 102 28 2773 7829 24614
leaf_count=311 1239 10943 59 5278 71 198 355 677 217 392 344 383 38 122 7917 154 464 9490 1320 12420 13056 58 63 73 3396 102 28 2773 7829 24614
internal_value=0.000334103 0.261141 0.196758 0.37831 -0.471678 -0.266682 0.201587 -0.441466 -1.23972 -4.54686 -0.0948673 -0.00962744 2.10214 18.9873 -0.336789 -5.31696 -0.886162 -0.720483 0.47886 -0.163669 -0.100862 -4.13383 8.8299 13.3456 -0.0999435 -6.03758 -6.98634 0.364228 0.76432 0.172729
internal_weight=104384 52806 51567 40553 11014 51578 14019 37559 11370 1097 26189 13685 1835 160 11850 537 10273 9954 1675 25878 25476 402 334 136 11313 319 705 40494 13107 27387
internal_count=104384 52806 51567 40553 11014 51578 14019 37559 11370 1097 26189 13685 1835 160 11850 537 10273 9954 1675 25878 25476 402 334 136 11313 319 705 40494 13107 27387
cat_boundaries=0 1
cat_threshold=4
is_linear=0
shrinkage=0.05


Tree=102
num_leaves=31
num_cat=0
split_feature=1 1 2 4 4 4 4 3 3 4 4 3 4 3 3 3 1 3 4 4 3 3 1 3 3 4 1 3 1 3
split_gain=2.62419e+06 3.28606e+06 2.25981e+06 1.52496e+06 9.23461e+06 3.75256e+06 4.80122e+06 4.25061e+06 3.71397e+06 3.41494e+06 1.81742e+07 1.76442e+07 5.04707e+06 6.43085e+06 3.16681e+06 5.07527e+06 2.87706e+06 2.32954e+06 2.62436e+06 1.92201e+06 1.69867e+06 3.18104e+06 1.47742e+06 1.47341e+06 1.41738e+06 1.54238e+06 2.26232e+06 1.66821e+06 1.41645e+06 1.39682e+06
threshold=0.99999769051669152 3.7799912001055689 4.8553500000000005 121.31720883073699 121.56743733502135 53.530094638705926 60.679466652429532 0.76060606060606073 0.077500000000000013 147.19915526419507 145.25178461759691 0.33992424242424252 154.65435644450841 0.33992424242424252 0.060833333333333343 0.11348484848484851 0.044999874682521743 0.11348484848484851 33.920180761862021 37.746023660788687 0.37916666666666676 1.1137500000000002 15.139965027656556 0.14840909090909096 0.12022727272727275 266.8464034540753 12.919964401295308 0.020833333333333339 16.039962506454472 3.7808333333333337
decision_type=2 2 10 2 2 2 2 2 2 2 2 2 2 2 2 2 2 2 2 2 2 2 2 2 2 2 2 2 2 2
left_child=3 -2 22 5 20 8 7 -7 -1 10 16 -12 13 -11 -8 -16 -6 19 -19 -10 -5 -22 -3 -14 25 27 -27 -4 29 -26
right_child=1 2 24 4 9 6 14 -9 17 12 11 -13 23 -15 15 -17 -18 18 -20 -21 21 -23 -24 -25 28 26 -28 -29 -30 -31
leaf_value=5.3325174020498238 2.7916248797412599 -1.7540944626523201 -2.8336592037057224 5.3942930940617275 1.6821468544894895 -6.6387404011932887 -5.7379842983037239 -0.1452609960674178 -5.3460015319646281 -8.5148198233793178 -11.480004372229942 27.257375609545207 1.5047386530618139 3.56082307650966 4.4159123630318593 -0.93425389091771471 -3.0394393809645552 -0.61610263755245553 0.39912840921755177 4.4352639056060275 20.840961908102038 5.4660575521314465 -11.448666704311604 -0.29844732189112522 0.0094549601694962314 2.5162856181935922 -2.8437263158562556 2.766539527425806 0.66875421060526108 5.9867387486477286
leaf_weight=311 1239 976 145 198 1240 705 319 392 344 383 38 122 1276 154 464 9490 435 12420 13056 58 63 73 40 10037 36881 360 432 1511 11125 97
leaf_count=311 1239 976 145 198 1240 705 319 392 344 383 38 122 1276 154 464 9490 435 12420 13056 58 63 73 40 10037 36881 360 432 1511 11125 97
internal_value=0.000324722 0.248088 0.186922 -0.253337 0.191658 -0.419434 -1.17789 -4.32062 -0.0901155 -0.00911409 1.99743 18.0431 -0.319975 -5.0516 -0.841908 -0.68444 0.454859 -0.155488 -0.0958192 -3.92726 8.39339 12.6884 -2.14666 -0.0949494 0.233865 1.40724 -0.40725 2.27477 0.174122 0.0252961
internal_weight=104384 52806 51567 51578 14019 37559 11370 1097 26189 13685 1835 160 11850 537 10273 9954 1675 25878 25476 402 334 136 1016 11313 50551 2448 792 1656 48103 36978
internal_count=104384 52806 51567 51578 14019 37559 11370 1097 26189 13685 1835 160 11850 537 10273 9954 1675 25878 25476 402 334 136 1016 11313 50551 2448 792 1656 48103 36978
is_linear=0
shrinkage=0.05


Tree=103
num_leaves=31
num_cat=1
split_feature=1 1 5 0 4 1 4 3 3 4 4 4 4 3 3 4 4 4 3 4 3 4 3 0 4 4 3 3 4 4
split_gain=2.36793e+06 2.96595e+06 2.17013e+06 1.53495e+06 4.81176e+06 3.9882e+06 2.38116e+06 2.26235e+06 1.58272e+06 1.42766e+06 1.41687e+06 6.21358e+06 4.19537e+06 3.35296e+06 3.05016e+06 8.89844e+06 9.9579e+06 3.4551e+06 4.19528e+06 2.83731e+06 5.59284e+06 9.56806e+06 3.83674e+06 2.86519e+06 2.37049e+06 2.31727e+06 2.17216e+06 2.10254e+06 2.36851e+06 1.73631e+06
threshold=0.99999769051669152 3.7799912001055689 0 9.2999783966751099 38.814310056685947 9.4199780113872613 227.89723681478856 0.65516666666666679 0.93984848484848504 178.95663949190643 95.557937423290767 53.530094638705926 110.2701612581685 0.077500000000000013 0.48022222222222227 154.65435644450841 145.25178461759691 154.65435644450841 0.060833333333333343 60.679466652429532 0.98058823529411787 88.454092356621871 0.76060606060606073 0.21999949599564081 163.48335287219297 163.48335287219297 0.52044444444444449 0.11348484848484851 33.920180761862021 37.746023660788687
decision_type=2 2 1 2 2 2 2 2 2 2 2 2 2 2 2 2 2 2 2 2 2 2 2 2 2 2 2 2 2 2
left_child=10 -2 -3 5 8 7 -7 -4 -5 -6 11 13 26 -1 17 16 -16 18 -14 22 21 -21 -13 -22 -19 -17 -12 29 -29 -15
right_child=1 2 3 4 9 6 -8 -9 -10 -11 12 19 14 27 15 25 -18 24 -20 20 23 -23 -24 -25 -26 -27 -28 28 -30 -31
leaf_value=5.0667461179330573 2.6521562078944254 -0.4447982785322222 -1.281475961962063 3.1987514270079878 0.92595191700827817 -5.4646996399487406 0.41426868519715732 1.1657042993118587 9.0624567125487498 0.18405068697795787 1.1213692679827161 -6.3072735909041198 -10.653554274286286 -5.0794762441032182 2.6133216436442126 -4.0769229895782475 16.49195072444618 2.9331667167605593 -1.584528123865903 2.914517027966284 -4.7973815289025579 -2.5101119237430543 -0.13801639726826254 -1.4198226720440645 -0.34440137870578252 -0.0420977335192044 4.9436418664574626 -0.58529996324072708 0.37917352510431873 4.2172593847371758
leaf_weight=311 1239 11014 1599 738 8599 567 247 2304 136 26363 979 705 131 344 1560 374 140 661 3795 1530 1252 1732 392 1261 3309 6969 599 12420 13056 58
leaf_count=311 1239 11014 1599 738 8599 567 247 2304 136 26363 979 705 131 344 1560 374 140 661 3795 1530 1252 1732 392 1261 3309 6969 599 12420 13056 58
internal_value=0.000324487 0.23568 0.177569 0.346608 0.458212 -0.501191 -3.68246 0.163059 4.1205 0.366545 -0.240634 -0.436753 0.109529 -0.0856017 -0.12024 0.506688 3.76529 -0.838211 -1.88977 -1.77477 -1.33152 0.0343538 -4.1049 -3.10379 0.20191 -0.248131 2.5745 -0.147716 -0.0910287 -3.73101
internal_weight=104384 52806 51567 40553 35836 4717 814 3903 874 34962 51578 33061 18517 26189 16939 9043 1700 7896 3926 6872 5775 3262 1097 2513 3970 7343 1578 25878 25476 402
internal_count=104384 52806 51567 40553 35836 4717 814 3903 874 34962 51578 33061 18517 26189 16939 9043 1700 7896 3926 6872 5775 3262 1097 2513 3970 7343 1578 25878 25476 402
cat_boundaries=0 1
cat_threshold=4
is_linear=0
shrinkage=0.05


Tree=104
num_leaves=31
num_cat=0
split_feature=0 3 3 1 4 1 3 4 3 4 4 4 2 1 3 4 4 3 1 3 1 3 3 0 0 4 3 0 4 3
split_gain=2.16431e+06 1.15646e+06 1.68797e+06 1.74641e+06 2.65919e+06 2.90226e+06 1.55307e+06 1.54192e+06 1.73541e+06 1.50314e+06 1.02963e+06 3.33981e+06 2.38262e+06 999102 951113 4.03047e+06 3.69352e+06 912594 675378 765192 747054 2.45236e+06 2.17953e+06 599649 561685 870088 555319 348983 213847 212174
threshold=16.540073909257895 0.020833333333333339 0.12022727272727275 0.43999898407208388 266.8464034540753 12.959969866744816 0.22007575757575762 5.4946598705377818 0.19962121212121217 99.462654092432331 17.963562687527723 20.876902363572629 7.3542668581008916 15.739963532234194 0.040833333333333346 53.530094638705926 37.746023660788687 3.2641666666666671 20.049953179412842 2.0162500000000003 19.709954508804326 2.3608333333333338 2.3608333333333338 1.360728303306189 9.2999783966751099 72.667141910237405 0.9607407407407409 19.45995494651795 88.454092356621871 2.5020833333333337
decision_type=2 2 2 2 2 2 2 2 2 2 2 2 8 2 2 2 2 2 2 2 2 2 2 2 2 2 2 2 2 2
left_child=1 24 3 14 9 -6 7 23 -9 -5 12 -12 -8 -2 15 -3 -16 18 20 26 22 -22 -15 -4 25 -1 -20 -19 -26 -21
right_child=13 2 6 4 5 -7 10 8 -10 -11 11 -13 -14 17 16 -17 -18 27 19 29 21 -23 -24 -25 28 -27 -28 -29 -30 -31
leaf_value=-12.68943779536656 4.3261955337111768 5.7136934669693904 -6.7251537857855954 1.0585545402246692 2.2745944061582857 -4.2222833866786358 -0.071956362509386182 -0.14445664786421158 -1.5032437172418514 4.3138257876261825 1.7217669133741134 -0.056685979997134123 -2.2006218405741564 0.56799446683293631 -3.1090195752148486 -4.2500648373664145 1.3829639721188116 -8.5434093300071918 3.3215701607523891 10.735292047298316 -0.018435742664128684 -9.8222129542391059 5.6447762299246271 0.91818285904824737 1.1854620554049811 -3.2395879044224376 -2.846539555054445 -0.85836895548380332 -4.0822850997924807 4.7945073385799635
leaf_weight=27 181 133 142 578 376 315 4996 6832 3581 920 2747 67069 1783 9989 579 418 2168 36 122 32 628 70 215 31 83 200 51 25 24 33
leaf_count=27 181 133 142 578 376 315 4996 6832 3581 920 2747 67069 1783 9989 579 418 2168 36 122 32 628 70 215 31 83 200 51 25 24 33
internal_value=0.000314756 -0.0793357 -0.068734 0.781796 1.87636 -0.688894 -0.122273 -0.689904 -0.611839 3.05933 -0.0438142 0.0133131 -0.632077 0.651087 0.054947 -1.83902 0.435376 0.591318 0.624933 3.25446 0.567235 -1.01427 0.675506 -5.3581 -3.01178 -4.41433 1.49729 -5.45853 -0.0229011 7.83762
internal_weight=104384 93002 92668 5487 2189 691 87181 10586 10413 1498 76595 69816 6779 11382 3298 551 2747 11201 11140 238 10902 698 10204 173 334 227 173 61 107 65
internal_count=104384 93002 92668 5487 2189 691 87181 10586 10413 1498 76595 69816 6779 11382 3298 551 2747 11201 11140 238 10902 698 10204 173 334 227 173 61 107 65
is_linear=0
shrinkage=0.05


Tree=105
num_leaves=31
num_cat=1
split_feature=1 1 2 1 4 4 4 4 4 4 0 4 4 2 4 4 4 4 4 4 4 2 4 1 1 5 0 1 2 0
split_gain=2.00004e+06 2.68075e+06 1.96608e+06 1.33814e+06 1.24547e+06 5.61913e+06 3.80368e+06 2.7747e+06 8.32915e+06 2.91144e+06 2.76481e+06 2.56153e+06 3.7437e+06 6.76589e+06 4.4833e+06 2.07085e+06 5.26446e+06 3.95999e+06 3.80124e+06 3.41248e+06 2.9776e+06 1.93864e+06 1.8917e+06 3.83574e+06 1.92223e+06 1.37828e+06 1.13273e+06 1.30076e+06 1.22098e+06 4.11129e+06
threshold=0.99999769051669152 3.7799912001055689 4.8553500000000005 15.139965027656556 95.557937423290767 53.530094638705926 110.2701612581685 121.31720883073699 121.56743733502135 147.19915526419507 0.35274331010320692 60.679466652429532 72.667141910237405 7.6193904399871837 76.622426155062485 33.920180761862021 26.695935969762441 36.928172484557372 20.682779021084816 36.97190895456697 35.992682306176619 7.6731572866439821 116.90209583102994 0.044999874682521743 1.0000000180025095e-35 0 17.761495818405717 17.349959723434452 7.5340837955474864 7.9612387325791962
decision_type=2 2 10 2 2 2 2 2 2 2 2 2 2 10 2 2 2 2 2 2 2 10 2 2 2 1 2 2 10 2
left_child=4 -2 3 -3 5 15 -6 22 10 -10 -9 21 13 -13 -14 16 18 20 -1 -19 -17 -7 23 -8 -24 -18 28 -28 -4 -30
right_child=1 2 26 -5 6 11 7 8 9 -11 -12 12 14 -15 -16 17 25 19 -20 -21 -22 -23 24 -25 -26 -27 27 -29 29 -31
leaf_value=-0.54379717596114607 2.5139473421106175 -1.6417247579207868 0.065837429756560137 -10.867864144749758 2.4542220120123481 -4.7938755491964251 0.22763536060389017 6.7695334174746566 1.8424958324654754 -0.29725936900985073 25.59258252189273 5.8453349056008985 -4.1215449373288946 -1.6475181910344618 -0.79358908931088967 0.13427076456435025 -7.2561824370214083 -1.6784179063322089 2.1955230584662622 0.41567295275547278 3.4881153642728862 0.99492559690115068 -4.3859802808763915 -4.8908982384068818 9.2522938081953257 -2.8409851755459994 4.2001072763269311 0.64593757474461977 -1.4422359358868659 5.0367305716366539
leaf_weight=9816 1239 976 42087 40 1578 926 1791 314 1835 11850 20 476 1543 817 2939 1149 212 2530 1453 8408 1560 171 644 459 26 1061 266 7220 481 497
leaf_count=9816 1239 976 42087 40 1578 926 1791 314 1835 11850 20 476 1543 817 2939 1149 212 2530 1453 8408 1560 171 644 459 26 1061 266 7220 481 497
internal_value=0.000291139 0.216592 0.161346 -2.01529 -0.22116 -0.405034 0.107141 -0.111639 0.180446 -0.010229 7.96971 -1.67744 -1.25628 1.11325 -1.93996 -0.0711026 -0.534869 0.35512 -0.190431 -0.0688067 2.06619 -3.89143 -1.51353 -0.818252 -3.84373 -3.5814 0.205132 0.772773 0.106444 1.85202
internal_weight=104384 52806 51567 1016 51578 33061 18517 16939 14019 13685 334 6872 5775 1293 4482 26189 12542 13647 11269 10938 2709 1097 2920 2250 670 1273 50551 7486 43065 978
internal_count=104384 52806 51567 1016 51578 33061 18517 16939 14019 13685 334 6872 5775 1293 4482 26189 12542 13647 11269 10938 2709 1097 2920 2250 670 1273 50551 7486 43065 978
cat_boundaries=0 1
cat_threshold=2
is_linear=0
shrinkage=0.05


Tree=106
num_leaves=31
num_cat=0
split_feature=0 1 4 3 3 3 3 0 3 0 1 0 3 1 0 3 1 4 3 1 0 3 3 0 3 4 4 4 3 3
split_gain=1.84897e+06 1.8162e+06 1.26322e+06 2.06183e+06 2.91337e+06 2.00982e+06 2.4883e+06 2.73506e+06 2.2115e+06 3.0238e+06 1.76571e+06 1.6628e+06 2.82849e+06 1.53587e+06 1.50712e+06 1.44573e+06 1.33591e+06 1.09291e+06 3.95038e+06 5.72351e+06 5.66926e+06 4.37055e+06 3.71637e+06 1.9525e+06 1.48868e+06 1.43198e+06 1.38483e+06 7.24973e+06 4.47631e+06 2.38303e+06
threshold=15.019983925529987 13.599968220170341 278.99955054364256 0.83015151515151531 0.53015151515151526 0.93984848484848504 0.58083333333333353 18.379957119216922 1.4008333333333336 20.059953451095584 14.57996631215668 19.019955969009406 2.7658333333333336 14.099966989433289 19.719954595108039 0.1801515151515152 15.808290202742139 267.93661157518937 0.58083333333333353 12.919964401295308 11.799972907264712 0.20062500000000003 1.1005882352941179 14.011457475470676 0.22007575757575762 276.38051498725684 76.622426155062485 73.493986445789304 0.98058823529411787 0.53916666666666679
decision_type=2 2 2 2 2 2 2 2 2 2 2 2 2 2 2 2 2 2 2 2 2 2 2 2 2 2 2 2 2 2
left_child=17 -2 3 4 15 6 16 -8 9 -7 -10 13 -13 -5 -6 -3 -4 26 19 20 24 23 -20 -21 -19 -22 27 -1 -29 -28
right_child=1 2 5 11 14 8 7 -9 10 -11 -12 12 -14 -15 -16 -17 -18 18 22 21 25 -23 -24 -25 -26 -27 29 28 -30 -31
leaf_value=-0.097800867096834471 7.1416183521270753 1.2714049401638337 2.7816958803379848 8.3697079019546514 2.2529847043945699 3.3599626626551919 -2.7269712742123744 1.3745299544440446 11.996634588986636 -7.1668297567166066 0.12363627426832997 1.1104637567231284 -10.882907460156609 -1.4903046519252561 -0.28505347947641929 -0.73719328451309429 0.42883593689836746 -4.2717168897031632 -2.6785200892163732 -6.0227745927332812 -0.11324113982565263 1.3870766135579986 -0.23005423624639026 -0.36848383072682345 1.2937699040682553 6.1960332391875586 -0.21845037590753447 -0.26005166376705352 -5.4698891064629658 0.62376167571545538
leaf_weight=38929 99 1194 843 39 2616 1793 1142 630 31 70 1462 1364 50 3250 753 3578 2117 215 2796 462 101 731 3476 228 270 817 17090 682 1042 16514
leaf_count=38929 99 1194 843 39 2616 1793 1142 630 31 70 1462 1364 50 3250 753 3578 2117 215 2796 462 101 731 3476 228 270 817 17090 682 1042 16514
internal_value=0.000288314 0.419214 0.38708 0.0788324 0.560309 0.876516 0.212641 -1.26881 1.81224 2.9608 0.37803 -0.754556 0.678975 -1.37088 1.68579 -0.234461 1.09964 -0.105416 -0.622688 0.929957 3.19425 -1.30632 -1.32181 -4.15764 -1.17711 5.5025 -0.0420456 -0.238356 -3.41027 0.195444
internal_weight=104384 21031 20932 12844 8141 8088 4732 1772 3356 1863 1493 4703 1414 3289 3369 4772 2960 83353 9096 2824 1403 1421 6272 690 485 918 74257 40653 1724 33604
internal_count=104384 21031 20932 12844 8141 8088 4732 1772 3356 1863 1493 4703 1414 3289 3369 4772 2960 83353 9096 2824 1403 1421 6272 690 485 918 74257 40653 1724 33604
is_linear=0
shrinkage=0.05


Tree=107
num_leaves=31
num_cat=1
split_feature=5 0 3 3 1 3 0 3 3 0 0 0 0 0 0 0 1 3 3 0 3 1 3 0 0 1 1 3 3 1
split_gain=1.72564e+06 1.64307e+06 1.66736e+06 2.3401e+06 2.2781e+06 1.81225e+06 1.56657e+06 1.43621e+06 1.12523e+07 7.16606e+06 1.55056e+07 3.39286e+06 1.97632e+07 1.10737e+07 2.32608e+06 3.98337e+06 2.8075e+06 2.70766e+06 2.40468e+06 2.21908e+06 1.29863e+06 1.1742e+06 1.15536e+06 1.07495e+06 2.6666e+06 869036 706854 653727 1.03754e+06 1.24064e+06
threshold=0 13.739968146217349 0.33992424242424252 0.13015151515151518 14.299960682977858 1.5808333333333338 14.659966075691225 0.45993827160493833 0.4400617283950618 0.25297908095009852 0.15999963279306892 0.44520146530287003 0.48599659707669246 0.27999935919821267 8.4677270478442779 9.2999783966751099 1.0000000180025095e-35 0.48022222222222227 2.5020833333333337 0.45999893142664433 1.1405882352941179 12.599970727989197 0.69937500000000019 16.339962500259404 17.119960333755497 15.279964382118226 14.389960498682644 1.4008333333333336 0.64015151515151525 9.3099784902902716
decision_type=1 2 2 2 2 2 2 2 2 2 2 2 2 2 2 2 2 2 2 2 2 2 2 2 2 2 2 2 2 2
left_child=1 7 3 -3 5 21 26 8 11 10 -10 13 -13 -1 16 20 19 -18 -17 -9 -16 -4 -8 25 -25 -5 -6 28 -2 -30
right_child=27 2 4 23 6 -7 22 14 9 -11 -12 12 -14 -15 15 18 17 -19 -20 -21 -22 -23 -24 24 -26 -27 -28 -29 29 -31
leaf_value=0.04785499407706334 -0.4057040170463142 1.862788719131486 12.813985280679621 -0.90055564869381488 0.55513187202854442 5.7902226000428207 1.0696261171940451 -0.19034317274931062 -0.092498332435434524 -0.5930032116366607 25.301845794791603 21.912172883919311 0.69437303889138591 -5.4159020812003877 -8.925359334433276 -1.1129268927649121 -3.2801333123036458 2.9451816986205639 12.864758629029797 -4.6985629282082835 3.4569756322105727 1.4631161731143068 0.21821862169038814 2.2807526112314811 -1.7190032106180997 -2.9843073766148369 -3.7412809715844411 -0.60932359841775652 0.54789778808287259 -0.39996009818588019
leaf_weight=13277 16963 1023 22 2239 137 279 6389 10867 109 131 133 111 5464 996 211 4241 203 1219 30 279 23 2658 10587 811 855 644 315 9754 8686 5728
leaf_count=13277 16963 1023 22 2239 137 279 6389 10867 109 131 133 111 5464 996 211 4241 203 1219 30 279 23 2658 10587 811 855 644 315 9754 8686 5728
internal_value=0.000277095 0.164211 0.469649 -0.29681 0.679135 1.96163 0.461287 -0.0483989 0.236706 8.82884 13.9106 0.0747988 1.12068 -0.33377 -0.386067 -1.36073 -0.0366201 2.05479 -1.01176 -0.303602 -7.69874 1.56104 0.538694 -0.782774 0.228254 -1.3669 -2.44069 -0.251826 -0.140676 0.171225
internal_weight=104384 63253 25959 5572 20387 2959 17428 37294 20221 373 242 19848 5575 14273 17073 4505 12568 1422 4271 11146 234 2680 16976 4549 1666 2883 452 41131 31377 14414
internal_count=104384 63253 25959 5572 20387 2959 17428 37294 20221 373 242 19848 5575 14273 17073 4505 12568 1422 4271 11146 234 2680 16976 4549 1666 2883 452 41131 31377 14414
cat_boundaries=0 1
cat_threshold=2
is_linear=0
shrinkage=0.05


Tree=108
num_leaves=31
num_cat=1
split_feature=5 0 4 3 4 0 0 0 3 3 3 3 4 3 3 4 0 0 4 3 0 3 3 3 3 3 3 4 4 4
split_gain=1.55777e+06 1.48272e+06 1.97688e+06 5.14347e+06 5.03824e+06 4.09195e+06 3.35281e+06 3.26367e+06 1.90115e+06 1.69176e+06 2.66157e+07 2.06522e+06 1.63576e+06 1.50498e+06 2.2129e+06 1.97564e+06 1.66775e+06 1.64711e+06 2.40815e+06 1.21238e+06 880986 890534 1.09575e+06 798693 1.12703e+06 835131 630396 2.02428e+06 2.84035e+06 1.79999e+06
threshold=0 13.739968146217349 172.73573143991823 0.40068181818181825 172.00897615464345 11.659972996665955 13.280323082430719 0.11999972392986342 0.11348484848484851 0.32674242424242433 0.33992424242424252 0.11348484848484851 172.48559991947982 0.33992424242424252 0.1801515151515152 278.44569124894218 17.319960113349918 14.011457475470676 253.03728638509264 0.23342592592592595 13.979967807579042 0.50083333333333346 0.68030303030303052 1.1005882352941179 0.60083333333333344 3.101666666666667 1.1991666666666669 56.279287858403407 244.04934087507249 248.50768118551136
decision_type=1 2 2 2 2 2 2 2 2 2 2 2 2 2 2 2 2 2 2 2 2 2 2 2 2 2 2 2 2 2
left_child=1 2 4 5 9 8 -7 12 -4 11 -11 -1 -6 14 17 19 -17 18 -3 -16 21 -15 -23 24 -5 -25 -2 -28 -29 -30
right_child=26 13 3 23 7 6 -8 -9 -10 10 -12 -13 -14 20 15 16 -18 -19 -20 -21 -22 22 -24 25 -26 -27 27 28 29 -31
leaf_value=0.84344930111443939 -0.10003683944073789 3.3891058838036323 -5.7880918158926411 -1.1890270391617788 3.1267907481881156 3.6350085970572543 -0.3844586691733769 7.5994209908863599 -0.68886594662991918 15.744087758838695 0.034518878264725474 -0.86309817152938173 -0.33477330158989416 5.2090234048093738 -3.7085237783643374 1.5865965704315126 -2.6086864519901809 1.5200105093549998 -6.0405088674629139 -1.1737147545980438 0.5841360367931594 -2.4147076751498715 2.7975202174489158 -0.66272542882988894 -3.1698282481929638 -10.724893493652344 0.44204812140477046 -1.6319237107543534 1.4759805701509521 -0.68127068569797777
leaf_weight=2231 27318 107 221 1200 877 1275 874 289 1037 273 16862 8619 558 200 691 928 317 1861 181 1487 19708 143 336 1164 1794 20 3949 5638 1496 2730
leaf_count=2231 27318 107 221 1200 877 1275 874 289 1037 273 16862 8619 558 200 691 928 317 1861 181 1487 19708 143 336 1164 1794 20 3949 5638 1496 2730
internal_value=0.000291383 0.156048 -0.0459214 -0.766322 0.138023 0.675427 2.00087 2.76059 -1.58857 -0.0236311 0.285713 -0.512148 1.78146 0.446198 -0.281983 -1.07138 0.51716 0.975307 -2.53752 -1.97925 0.645223 2.41479 1.23967 -1.94189 -2.37658 -0.841606 -0.239236 -0.514502 -0.897458 0.0825615
internal_weight=104384 63253 37294 7585 29709 3407 2149 1724 1258 27985 17135 10850 1435 25959 5572 3423 1245 2149 288 2178 20387 679 479 4178 2994 1184 41131 13813 9864 4226
internal_count=104384 63253 37294 7585 29709 3407 2149 1724 1258 27985 17135 10850 1435 25959 5572 3423 1245 2149 288 2178 20387 679 479 4178 2994 1184 41131 13813 9864 4226
cat_boundaries=0 1
cat_threshold=2
is_linear=0
shrinkage=0.05


Tree=109
num_leaves=31
num_cat=1
split_feature=1 1 5 4 3 0 4 1 3 4 3 4 4 4 3 4 4 4 4 3 3 4 3 1 3 3 0 4 3 1
split_gain=1.55678e+06 2.36524e+06 1.50974e+06 1.28492e+06 3.39272e+06 3.26785e+06 2.63125e+06 1.95932e+06 2.12016e+06 1.11169e+06 1.33049e+06 1.04972e+06 1.2043e+06 1.04647e+06 1.98079e+06 2.42573e+06 965283 4.38738e+06 3.46291e+06 2.63918e+06 2.61048e+06 2.40837e+06 2.82595e+06 2.59992e+06 1.89641e+06 1.75687e+06 3.32116e+06 1.67185e+06 856381 822550
threshold=0.99999769051669152 3.7799912001055689 0 175.85592669041588 0.5150555555555556 9.2999783966751099 165.12263666090334 11.708306160100303 1.4384523809523813 7.3168859882196235 0.65516666666666679 227.46626986163585 95.555931740717114 187.13717721115947 1.7008333333333336 255.24665026500438 41.953151611830769 95.557937423290767 110.2701612581685 0.48022222222222227 0.077500000000000013 40.456495911064998 0.25505555555555554 0.25999940797617699 0.52044444444444449 1.3558333333333337 0.21388239506172843 88.454092356621871 0.48840909090909096 1.2999969742627144
decision_type=2 2 1 2 2 2 2 2 2 2 2 2 2 2 2 2 2 2 2 2 2 2 2 2 2 2 2 2 2 2
left_child=9 11 13 4 6 -6 -4 8 -5 10 -1 12 29 -3 -15 -16 20 25 24 -20 -11 23 -23 -22 -19 27 -27 -18 -9 -2
right_child=1 2 3 7 5 -7 -8 28 -10 16 -12 -13 -14 14 15 -17 17 18 19 -21 21 22 -24 -25 -26 26 -28 -29 -30 -31
leaf_value=-3.6140939093348781 -2.2072509980671047 -0.20826175166615415 -0.71213067288058252 -1.7287866534301999 -0.15902333538920843 2.0612756751207613 2.7623438194461518 0.61954247364568782 2.1659529080511528 4.6223968516786895 1.2738260253108278 -2.9876324456237082 4.7440242285915373 0.081044770502576649 -5.3955702253078499 3.7096488830224539 -0.38043808518017891 0.98521701464399103 -0.77318401626687316 0.47783252446989666 -0.14029017972798702 -3.8655896912135326 5.5262994227526674 3.9046392724793635 4.5565313700618848 -4.8600641755901215 -1.0745594261134281 -2.0901477510626516 0.0092285151203620932 2.2418139751177635
leaf_weight=482 126 9800 4552 2402 2421 5251 618 9001 408 311 195 85 455 662 466 86 5847 979 7896 9043 20793 101 375 404 599 852 1809 1892 15900 573
leaf_count=482 126 9800 4552 2402 2421 5251 618 9001 408 311 195 85 455 662 466 86 5847 979 7896 9043 20793 101 375 404 599 852 1809 1892 15900 573
internal_value=0.000279594 0.191113 0.139219 0.280211 0.693625 1.3607 -0.296352 0.0886067 -1.16272 -0.195097 -2.20639 2.34904 2.74438 -0.379884 -1.76399 -3.97285 -0.168303 -0.358148 0.103419 -0.105331 0.0814178 0.0160459 3.52955 -0.0630159 2.3429 -1.17989 -2.28798 -0.798638 0.229856 1.43782
internal_weight=104384 52806 51567 40553 12842 7672 5170 27711 2810 51578 677 1239 1154 11014 1214 552 50901 28917 18517 16939 21984 21673 476 21197 1578 10400 2661 7739 24901 699
internal_count=104384 52806 51567 40553 12842 7672 5170 27711 2810 51578 677 1239 1154 11014 1214 552 50901 28917 18517 16939 21984 21673 476 21197 1578 10400 2661 7739 24901 699
cat_boundaries=0 1
cat_threshold=4
is_linear=0
shrinkage=0.05


Tree=110
num_leaves=31
num_cat=0
split_feature=1 1 2 3 1 3 2 1 0 4 3 3 4 4 4 4 4 3 4 3 3 4 4 4 0 4 3 3 0 4
split_gain=1.405e+06 2.16305e+06 1.56636e+06 1.21614e+06 1.21181e+06 1.21473e+06 1.08314e+06 3.55904e+06 1.49734e+06 1.00348e+06 1.21754e+06 950137 3.26832e+06 1.81436e+06 1.12943e+06 3.98549e+06 2.99434e+06 2.7072e+06 2.58542e+06 2.07079e+06 1.5901e+06 794404 1.51034e+06 960599 1.08073e+06 1.02269e+06 793530 1.37121e+06 684961 1.34911e+06
threshold=0.99999769051669152 2.9599918329492101 4.8553500000000005 3.7808333333333337 15.139965027656556 1.0937254901960787 7.5340837955474864 8.1199810039901745 10.645000149766956 7.3168859882196235 0.23342592592592595 0.040833333333333346 53.530094638705926 172.48958797418496 95.557937423290767 53.530094638705926 99.462654092432331 0.1003787878787879 60.679466652429532 0.15590909090909094 0.50861111111111124 173.65532581007514 95.558530165327838 36.852335675344129 1.2716597319995386 37.472367610754716 2.7658333333333336 1.9208333333333336 0.039999890417299407 147.19915526419507
decision_type=2 2 10 2 2 2 10 2 2 2 2 2 2 2 2 2 2 2 2 2 2 2 2 2 2 2 2 2 2 2
left_child=9 21 4 6 26 -6 8 -8 -4 10 -1 12 -11 -14 15 20 19 -18 -17 -16 -13 22 23 24 -2 -25 27 -3 29 -24
right_child=1 2 3 -5 5 -7 7 -9 -10 11 -12 14 13 -15 16 18 17 -19 -20 -21 -22 -23 28 25 -26 -27 -28 -29 -30 -31
leaf_value=-5.8178865997664095 8.3415290138639246 -0.76138205833727746 -0.58783098289631552 5.6848177291870119 -1.3352859420471248 -18.625453486669631 -0.95115541008727511 5.0057319576267538 0.23707207681863554 5.015711870228543 -0.88787222131520327 0.30836312091387108 -4.4542174713974614 5.4322361070969523 -5.205759033800951 -3.6976786146912879 2.3425000541527417 -0.12445860943172155 -0.97906394915691719 3.996774012761958 -0.49380548120551115 -1.4042242994185152 11.790306598472595 -5.7658325041585892 1.0972698047501035 1.1182906726895687 4.3942339744567871 -5.3782315187753689 7.1348481529779892 -1.8846399905314812
leaf_weight=165 86 723 6299 99 20 20 545 463 43385 135 512 14747 531 50 66 1036 1193 16208 5592 713 10630 115 24 66 127 276 54 206 234 64
leaf_count=165 86 723 6299 99 20 20 545 463 43385 135 512 14747 531 50 66 1036 1193 16208 5592 713 10630 115 24 66 127 276 54 206 234 64
internal_value=0.000270188 0.181562 0.137258 0.176289 -1.79886 -10.2239 0.165419 1.78724 0.13248 -0.185337 -2.09624 -0.159881 -1.96716 -3.59552 -0.134057 -0.312826 0.180656 0.0447989 -1.4045 3.21142 -0.0276579 2.49313 3.00521 1.42019 4.04752 -0.223147 -1.44599 -1.78983 5.72429 1.93541
internal_weight=104384 52806 51814 50791 1023 40 50692 1008 49684 51578 677 50901 716 581 50185 32005 18180 17401 6628 779 25377 992 877 555 213 342 983 929 322 88
internal_count=104384 52806 51814 50791 1023 40 50692 1008 49684 51578 677 50901 716 581 50185 32005 18180 17401 6628 779 25377 992 877 555 213 342 983 929 322 88
is_linear=0
shrinkage=0.05


Tree=111
num_leaves=31
num_cat=1
split_feature=0 0 3 3 3 4 3 3 3 4 0 3 5 0 4 4 0 4 0 2 3 4 3 3 4 3 4 4 4 0
split_gain=1.28355e+06 1.22289e+06 1.06007e+06 1.48154e+06 1.02491e+06 988056 960654 1.29042e+06 1.17741e+06 1.42356e+06 2.13249e+06 1.39814e+06 1.2547e+06 1.06591e+06 2.08988e+06 1.57353e+06 2.31522e+06 1.11873e+06 1.02835e+06 930440 927700 841016 708039 1.39691e+06 2.91385e+06 508122 492718 1.30712e+06 1.26744e+06 440329
threshold=19.35995519575501 19.719954595108039 0.48840909090909096 0.45993827160493833 0.4400617283950618 199.80677468231644 0.020833333333333339 0.12022727272727275 0.23342592592592595 276.38051498725684 13.439969079307557 0.24053030303030307 0 11.659972996665955 189.73420378078126 266.8464034540753 13.280323082430719 149.23024062292276 14.819965602760318 2.6867630183696751 2.8875000000000006 15.84039880220352 1.5208333333333337 1.8803571428571433 278.99955054364256 0.31933333333333336 227.89723681478856 278.99955054364256 122.81556862416126 9.2999783966751099
decision_type=2 2 2 2 2 2 2 2 2 2 2 2 1 2 2 2 2 2 2 10 2 2 2 2 2 2 2 2 2 2
left_child=6 4 3 -3 5 25 29 13 9 12 -11 21 -9 14 17 18 -17 -8 -15 -13 26 -10 -6 -24 -25 -2 28 -28 -4 -1
right_child=1 2 20 -5 22 -7 7 8 11 10 -12 19 -14 15 -16 16 -18 -19 -20 -21 -22 -23 23 24 -26 -27 27 -29 -30 -31
leaf_value=-3.9556237704189203 -2.930709051926931 0.58090871920917098 -1.2875671039819025 4.9850205569672594 2.9127202895846036 0.5652480314813163 -0.25557664332115076 0.12089283089741026 -1.6314129684515941 4.1374239476744874 -0.27710982480236096 -7.8562232423299241 -1.1009703281991281 4.0185776756016613 -8.3513626196725035 3.126873590617556 -2.7260342792658481 1.590796820925056 1.1281705926046384 -0.03048185745564665 8.9887577637919662 2.2550030734580946 -5.02009953532108 16.836648662172514 -2.9000327940482018 -13.280177957443962 -2.5589483889651872 0.1844987434121772 2.502394267932504 -0.066984243039731634
leaf_weight=227 29 810 430 249 1155 189 2420 2952 161 382 957 37 7286 682 69 291 400 1240 562 80182 26 998 85 28 52 20 667 1240 451 107
leaf_count=227 29 810 430 249 1155 189 2420 2952 161 382 957 37 7286 682 69 291 400 1240 562 80182 26 998 85 28 52 20 667 1240 451 107
internal_value=0.000258368 0.748588 0.272536 1.62017 1.93106 -1.08539 -0.0408205 -0.0317403 -0.0763891 -0.548161 0.984446 -0.00926786 -0.748683 0.700898 0.206655 1.65277 -0.260242 0.370233 2.71474 -0.0341893 -0.235015 1.71418 2.47535 -0.585346 4.13032 -7.3362 -0.324227 -0.775896 0.653215 -2.7138
internal_weight=104384 5431 3873 1059 1558 238 98953 98619 92955 11577 1339 81378 10238 5664 3729 1935 691 3660 1244 80219 2814 1159 1320 165 80 49 2788 1907 881 334
internal_count=104384 5431 3873 1059 1558 238 98953 98619 92955 11577 1339 81378 10238 5664 3729 1935 691 3660 1244 80219 2814 1159 1320 165 80 49 2788 1907 881 334
cat_boundaries=0 1
cat_threshold=1
is_linear=0
shrinkage=0.05


Tree=112
num_leaves=31
num_cat=1
split_feature=1 1 2 4 4 4 0 0 5 3 1 3 2 0 0 4 4 4 4 3 3 4 4 0 3 3 3 3 4 1
split_gain=1.21803e+06 2.02882e+06 1.46354e+06 1.13178e+06 1.42533e+06 1.31917e+06 1.48033e+06 1.10585e+06 1.8255e+06 1.10505e+06 1.07844e+06 1.09681e+06 1.03041e+06 3.24084e+06 1.74279e+06 939902 1.40608e+06 3.73367e+06 4.1213e+06 3.67443e+06 3.27462e+06 3.04545e+06 4.95436e+06 4.8012e+06 2.74449e+06 7.75385e+06 6.0039e+06 2.88404e+07 3.38056e+06 2.53243e+06
threshold=0.99999769051669152 4.559989464361192 4.8553500000000005 60.679466652429532 172.73666716826514 36.852335675344129 1.2716597319995386 0.39999907691371445 0 3.7808333333333337 15.139965027656556 1.0937254901960787 7.5340837955474864 7.9612387325791962 9.2999783966751099 7.3558067376044018 41.953151611830769 85.189214138531426 73.493986445789304 0.98058823529411787 0.35340909090909095 88.454092356621871 92.59150347442251 0.19438611718302773 0.50861111111111124 0.58083333333333353 0.32007575757575768 0.33992424242424252 38.592034641495182 0.059999862689068546
decision_type=2 2 10 2 2 2 2 2 1 2 2 2 10 2 2 2 2 2 2 2 2 2 2 2 2 2 2 2 2 2
left_child=15 3 10 5 7 6 -2 -5 -9 12 -3 -12 14 -14 -4 -1 24 18 20 -20 -18 23 -23 -19 26 -26 29 -28 -27 -17
right_child=1 2 9 4 -6 -7 -8 8 -10 -11 11 -13 13 -15 -16 16 17 21 19 -21 -22 22 -24 -25 25 28 27 -29 -30 -31
leaf_value=-0.85119656427311075 7.7503213170673071 -1.432361540609854 -0.8857495741550736 0.40043583430584129 -0.87137660839281039 -2.7182249330160566 0.32680431896204304 7.5543787531294955 1.7675898585077059 5.4049281556129456 -1.2702494369943937 -17.699810224260602 -1.2718341562686657 4.560080197512745 0.20070908212893157 -0.24669742729865904 -4.0333841247678732 6.6732131145299949 -0.048331581427379457 -5.1131455739897156 -0.26761294895329429 -4.4041035672314353 0.058629013040709735 -2.5581820102532706 -4.5188024097600534 -0.14410135325294457 16.680683114788508 0.99957533976530666 4.2298186857752551 5.6880694820272772
leaf_weight=4642 88 966 4018 158 180 225 274 326 235 99 20 20 456 497 45244 6334 644 405 528 1112 5501 641 19871 215 1017 6688 324 3000 472 184
leaf_count=4642 88 966 4018 158 180 225 274 326 235 99 20 20 456 497 45244 6334 644 405 528 1112 5501 641 19871 215 1017 6688 324 3000 472 184
internal_value=0.000245299 0.169044 0.116287 1.98973 3.10376 0.281175 2.14781 4.09877 5.13779 0.154058 -1.77108 -9.71649 0.143598 1.77116 0.112077 -0.172572 -0.105439 -0.321463 -1.25744 -3.48355 -0.662861 0.0233944 -0.081039 3.47303 0.241236 -0.435722 0.803659 2.53262 0.144785 -0.0783142
internal_weight=104384 52806 51320 1486 899 587 362 719 561 50314 1006 40 50215 953 49262 51578 46936 28917 7785 1640 6145 21132 20512 620 18019 8177 9842 3324 7160 6518
internal_count=104384 52806 51320 1486 899 587 362 719 561 50314 1006 40 50215 953 49262 51578 46936 28917 7785 1640 6145 21132 20512 620 18019 8177 9842 3324 7160 6518
cat_boundaries=0 1
cat_threshold=2
is_linear=0
shrinkage=0.05


Tree=113
num_leaves=31
num_cat=1
split_feature=5 3 4 3 4 4 4 4 4 1 1 3 4 1 1 4 3 1 1 1 1 2 3 2 2 2 1 3 4 3
split_gain=1.12024e+06 1.34317e+06 1.27755e+06 1.4411e+06 1.38462e+06 6.27964e+06 2.99822e+06 1.12319e+06 2.6456e+06 3.06622e+06 1.38636e+06 2.42521e+06 1.29855e+06 914493 905473 803908 802410 725840 606652 1.06742e+06 1.69842e+06 3.31219e+06 2.87777e+06 2.37318e+06 2.13129e+06 1.99344e+06 1.28073e+06 1.00014e+06 700542 1.12526e+06
threshold=0 1.8803571428571433 14.407848116095989 0.020833333333333339 36.928172484557372 36.898829917399304 36.971468137649033 178.95663949190643 74.184791746501446 0.17999958808812513 13.099969481803894 1.9208333333333336 230.57262448925982 14.139960988067484 20.049953179412842 272.6292277115125 2.4208333333333338 1.6599961476850511 14.299966861717225 0.79999816532109491 8.839979524310726 7.5324984788894662 1.1005882352941179 7.4791815996170055 7.3140944242477426 7.432311558723451 8.1199810039901745 0.87976190476190497 7.3168859882196235 0.65516666666666679
decision_type=1 2 2 2 2 2 2 2 2 2 2 2 2 2 2 2 2 2 2 2 2 10 2 10 10 8 2 2 2 2
left_child=1 2 -1 -4 5 -5 -6 8 9 -3 11 -9 -13 15 -15 -12 -10 -18 19 28 23 25 -23 24 -21 -22 -25 -20 29 -2
right_child=18 7 3 4 6 -7 -8 10 16 -11 13 12 -14 14 -16 -17 17 -19 27 20 21 22 -24 26 -26 -27 -28 -29 -30 -31
leaf_value=-4.3273227262496947 -3.2136951457226481 -1.5529160829139417 -6.6569244737262965 0.45381719170296853 -2.6741278920360543 8.1432334326693887 0.084521473406583184 6.6221094287752083 6.0357836690087083 12.397592671416527 10.371514413924444 -1.0211357522200026 -8.1155223148616411 0.26490991435170524 5.9439908624661939 2.4924878938648165 4.1218774722028284 -0.95585105367226186 -0.028012398412916997 1.1534311925740259 0.10590750729524168 6.6478194358252685 -8.2081069874119112 -1.0856530933884943 5.0538406675616336 -1.8564199774671479 2.7328906707376137 -1.4534829766510029 -0.2740933070072939 1.3043099065017456
leaf_weight=163 477 468 78 3886 1002 284 54704 57 352 42 41 125 133 1365 73 146 234 100 2522 866 7014 281 36 979 588 1586 282 2402 23905 193
leaf_count=163 477 468 78 3886 1002 284 54704 57 352 42 41 125 133 1365 73 146 234 100 2522 866 7014 281 36 979 588 1586 282 2402 23905 193
internal_value=0.000239715 0.132324 0.0796903 0.091744 0.100647 0.979337 0.0348536 1.14096 2.34546 -0.382028 0.397564 -2.6331 -4.69555 0.986308 0.557142 4.26598 4.37079 2.60327 -0.202883 -0.132059 0.262529 -0.0708911 4.94019 1.35722 2.73316 -0.256155 -0.230212 -0.723533 -0.318831 -1.91223
internal_weight=104384 63253 60117 59954 59876 4170 55706 3136 1196 510 1940 315 258 1625 1438 187 686 334 41131 36207 11632 8917 317 2715 1454 8600 1261 4924 24575 670
internal_count=104384 63253 60117 59954 59876 4170 55706 3136 1196 510 1940 315 258 1625 1438 187 686 334 41131 36207 11632 8917 317 2715 1454 8600 1261 4924 24575 670
cat_boundaries=0 1
cat_threshold=2
is_linear=0
shrinkage=0.05


Tree=114
num_leaves=31
num_cat=0
split_feature=0 1 3 3 2 2 4 1 3 0 4 4 3 4 3 2 3 0 3 1 0 3 0 1 3 0 4 1 0 1
split_gain=1.10048e+06 1.19763e+06 1.62975e+06 1.70952e+06 784155 1.82202e+06 2.22424e+06 1.41472e+06 1.10552e+06 1.20986e+06 1.46758e+06 1.30568e+06 998002 2.99054e+06 1.52137e+06 695799 2.88436e+06 829977 662548 2.46196e+06 5.03106e+06 1.44565e+06 2.09888e+06 2.13363e+06 1.81099e+06 1.11978e+06 631094 836123 629133 6.73552e+06
threshold=17.761495818405717 17.349959723434452 0.67055555555555568 0.72041666666666682 7.3310961961746228 7.3940989494323732 57.66614639130723 11.639973171662575 0.12022727272727275 0.06023571162254697 266.8464034540753 172.73573143991823 0.23342592592592595 7.3565387915560505 0.19962121212121217 5.4770500000000011 2.6408333333333336 13.387096665430567 2.6408333333333336 19.809953888809208 20.144953443161015 1.9008333333333336 18.379957119216922 19.959953700332644 1.640714285714286 18.379957119216922 25.479514141707288 9.1099751930655923 10.645000149766956 10.839974905344109
decision_type=2 2 2 2 10 10 2 2 2 2 2 2 2 2 2 8 2 2 2 2 2 2 2 2 2 2 2 2 2 2
left_child=4 2 -2 -4 15 6 26 -8 9 11 -11 -7 14 -14 -10 -1 28 -18 21 20 -20 24 -23 -24 25 -3 -6 -28 -17 -30
right_child=1 18 3 -5 5 8 7 -9 12 10 -12 -13 13 -15 -16 16 17 -19 19 -21 -22 22 23 -25 -26 -27 27 -29 29 -31
leaf_value=-0.15647947307837429 -1.7282328934967521 -2.1146294808452546 20.033687301817395 4.7839232472497972 -0.43383994974499701 -0.0013209311318582405 9.2221748421408929 0.59765346419172627 -0.039230482261298993 1.870334034681141 -0.68041691136312643 -5.9097945525911122 -2.7597444481772233 0.062648003394723192 -1.3442551366202724 -1.4712868930919694 -2.3013983431729406 -14.237744285920087 -5.7123710473795093 -14.402093604496546 11.826840459636001 15.590674474443709 -0.71008700427449789 9.8488019693599043 -3.8060895878173477 0.72522243331632841 3.8724040277868284 -1.8792871942974274 18.716532879705017 -0.56376614158042093
leaf_weight=13782 87 367 20 159 416 1684 153 69 5945 2494 728 98 952 61869 3576 1706 21 50 123 34 60 34 161 67 245 6129 257 83 45 2970
leaf_count=13782 87 367 20 159 416 1684 153 69 5945 2494 728 98 952 61869 3576 1706 21 50 123 34 60 34 161 67 245 6129 257 83 45 2970
internal_value=0.000243299 0.584288 3.87285 6.58967 -0.0448835 0.0243835 2.16789 6.5563 -0.00274762 0.715914 1.29397 -0.329389 -0.0524678 0.0198337 -0.529476 -0.336958 -0.855882 -10.7883 0.46261 -2.25216 0.0711862 0.547042 4.18387 2.42218 0.405091 0.56448 0.872257 2.46691 -0.704251 -0.269888
internal_weight=104384 7486 266 179 96898 78324 978 222 77346 5004 3222 1782 72342 62821 9521 18574 4792 71 7220 217 183 7003 262 228 6741 6496 756 340 4721 3015
internal_count=104384 7486 266 179 96898 78324 978 222 77346 5004 3222 1782 72342 62821 9521 18574 4792 71 7220 217 183 7003 262 228 6741 6496 756 340 4721 3015
is_linear=0
shrinkage=0.05


Tree=115
num_leaves=31
num_cat=0
split_feature=0 1 3 3 1 0 3 3 3 0 0 2 3 1 0 0 1 3 3 3 1 0 3 3 3 0 3 0 0 2
split_gain=1.00627e+06 1.53091e+06 749694 1.06896e+06 1.22402e+06 1.20514e+06 943943 1.28447e+06 1.04076e+06 1.6506e+06 850955 812775 809150 1.05124e+06 904852 697664 654346 714652 731847 580925 555403 535112 564363 507825 500515 463362 442340 385167 373070 653678
threshold=19.35995519575501 18.939956020095828 0.020833333333333339 0.12022727272727275 0.43999898407208388 0.29999931166803845 0.23342592592592595 0.24053030303030307 0.19962121212121217 0.49999881609046465 0.039999890417299407 2.6867630183696751 0.040833333333333346 0.022499948315836956 0.44520146530287003 15.199964433204654 20.049953179412842 1.3802380952380955 2.8875000000000006 2.0162500000000003 19.099955547164921 19.599954671737674 0.48840909090909096 1.5208333333333337 0.9607407407407409 13.280323082430719 0.46696969696969709 20.144953443161015 9.2999783966751099 7.4989146471023567
decision_type=2 2 2 2 2 2 2 2 2 2 2 10 2 2 2 2 2 2 2 2 2 2 2 2 2 2 2 2 2 10
left_child=2 23 28 4 12 -6 8 15 9 -5 -10 -9 13 -4 -14 -8 17 21 20 24 -19 26 -23 27 -18 -7 -3 -2 29 -1
right_child=1 16 3 6 5 25 7 11 10 -11 -12 -13 14 -15 -16 -17 19 18 -20 -21 -22 22 -24 -25 -26 -27 -28 -29 -30 -31
leaf_value=-2.0896322402123655 2.8779098722495697 -1.1510097312927248 -1.2335008976507946 -0.9494129965294702 9.3504951533178495 2.2152097662486461 2.0979131677937422 -7.3432551851910901 0.71232477292017693 0.57314775555511521 -1.3634881940561738 -0.029061625237911559 0.77932768621737891 -11.355294154131855 -1.6282000979414157 -1.657287083542939 2.991146500272964 3.4377678875923161 5.7406975075506397 6.7825226801091976 -2.7408041234498475 1.0926801651458191 -0.31312911617903499 -1.4395257007203452 -2.8636851282303155 0.76978670171876817 3.0910659861152481 -1.8240631965450622 0.037835301249115563 -8.5347590496960812
leaf_weight=177 948 78 525 3266 47 919 1019 37 566 3910 3835 80182 2277 26 470 140 122 39 30 65 416 1050 2225 81 51 1400 281 45 107 50
leaf_count=177 948 78 525 3266 47 919 1019 37 566 3910 3835 80182 2277 26 470 140 122 39 30 65 416 1050 2225 81 51 1400 281 45 107 50
internal_value=0.000248794 0.662836 -0.0361233 -0.0281018 0.638711 1.50625 -0.068739 -0.00863986 -0.491156 -0.119848 -1.09642 -0.0325268 0.0160645 -1.73083 0.366966 1.64327 0.245833 0.0982256 -1.70254 2.78931 -2.20482 0.338962 0.137783 2.35272 1.25859 1.34331 2.16874 2.6632 -2.39744 -3.54049
internal_weight=104384 5431 98953 98619 5664 2366 92955 81378 11577 7176 4401 80219 3298 551 2747 1159 4357 4119 485 238 455 3634 3275 1074 173 2319 359 993 334 227
internal_count=104384 5431 98953 98619 5664 2366 92955 81378 11577 7176 4401 80219 3298 551 2747 1159 4357 4119 485 238 455 3634 3275 1074 173 2319 359 993 334 227
is_linear=0
shrinkage=0.05


Tree=116
num_leaves=31
num_cat=0
split_feature=1 1 2 4 3 4 0 2 3 3 0 4 1 3 3 3 3 4 4 4 4 3 0 4 4 4 3 4 3 3
split_gain=938570 1.7955e+06 1.26735e+06 1.03065e+06 1.2866e+06 1.20555e+06 1.33537e+06 1.1968e+06 1.0029e+06 972229 2.15992e+06 1.14398e+06 965198 985690 901438 1.43328e+06 1.14563e+06 813685 1.32253e+06 7.20549e+06 3.02889e+06 3.14937e+06 2.53939e+06 2.31546e+06 1.586e+07 4.8501e+06 1.9212e+06 2.4523e+06 1.61754e+06 1.25348e+06
threshold=0.99999769051669152 4.559989464361192 4.8553500000000005 60.679466652429532 0.32007575757575768 36.852335675344129 1.2716597319995386 7.6362954139709478 3.7808333333333337 0.28083333333333343 0.92332403387878881 172.73666716826514 15.139965027656556 1.0937254901960787 0.19363636363636369 0.17507575757575761 0.23342592592592595 278.99955054364256 121.31720883073699 121.56743733502135 116.90209583102994 0.29527777777777781 0.35274331010320692 147.19915526419507 145.25178461759691 154.65435644450841 1.2754761904761909 85.189214138531426 0.78044117647058842 0.2191666666666667
decision_type=2 2 10 2 2 2 2 10 2 2 2 2 2 2 2 2 2 2 2 2 2 2 2 2 2 2 2 2 2 2
left_child=17 3 12 5 9 6 -2 -6 14 11 -11 -5 -3 -14 15 -4 -16 18 20 22 26 -22 -20 24 -21 -25 29 -28 -23 -1
right_child=1 2 8 4 7 -7 -8 -9 -10 10 -12 -13 13 -15 16 -17 -18 -19 19 23 21 28 -24 25 -26 -27 27 -29 -30 -31
leaf_value=-0.69054291497210307 7.3364633913254469 -1.3371148933590833 0.40158022900945894 3.0565927911552873 5.4254579171787247 -2.636412385197076 0.28588593659509315 -0.862640513771183 5.1361980320781475 -17.731589149128308 2.3167272082737518 -5.4692632750247387 -1.1690463716643198 -16.742144581022718 -1.233060812260387 2.7416437802085425 0.10150737455846054 -1.4437509105114126 6.4040701010909151 0.32236535446900599 7.0565252393555076 -5.2111037919725014 24.441689386311033 -4.785178980712665 16.75259369690226 0.086701788498943486 -1.51452821139064 2.5394842219738916 8.068479948043823 0.084519840987505979
leaf_weight=6545 88 966 4426 242 466 225 274 90 99 21 34 46 20 20 1669 767 43353 1189 314 1675 62 585 20 537 160 10124 4251 408 23 25685
leaf_count=6545 88 966 4426 242 466 225 274 90 99 21 34 46 20 20 1669 767 43353 1189 314 1675 62 585 20 537 160 10124 4251 408 23 25685
internal_value=0.000234451 0.148409 0.0987784 1.8612 2.9243 0.230841 2.01534 4.40787 0.133927 0.513611 -5.51794 1.68059 -1.65753 -9.17415 0.123963 0.747667 0.0520075 -0.151468 -0.120946 0.317314 -0.270659 -3.59984 7.55392 0.1233 1.76332 -0.159123 -0.210096 -1.15904 -4.69632 -0.0728898
internal_weight=104384 52806 51320 1486 899 587 362 556 50314 343 55 288 1006 40 50215 5193 45022 51578 50389 12830 37559 670 334 12496 1835 10661 36889 4659 608 32230
internal_count=104384 52806 51320 1486 899 587 362 556 50314 343 55 288 1006 40 50215 5193 45022 51578 50389 12830 37559 670 334 12496 1835 10661 36889 4659 608 32230
is_linear=0
shrinkage=0.05


Tree=117
num_leaves=31
num_cat=0
split_feature=0 1 3 3 3 1 4 1 4 3 3 4 0 3 4 4 4 3 3 0 0 3 0 4 0 4 0 4 0 4
split_gain=899272 931517 751307 669853 949642 1.07068e+06 2.08e+06 2.14018e+06 1.15241e+06 983088 1.01816e+06 1.33061e+06 1.20903e+06 819832 788872 784522 1.34278e+06 596092 1.58184e+06 1.29962e+06 5.32701e+06 1.53632e+06 634906 594183 556177 335311 332425 797864 318992 198788
threshold=16.540073909257895 15.739963532234194 3.2641666666666671 0.020833333333333339 0.12022727272727275 0.43999898407208388 266.8464034540753 12.959969866744816 99.462654092432331 0.22007575757575762 0.19962121212121217 163.48335287219297 0.49999881609046465 0.25505555555555554 7.3565387915560505 172.73573143991823 162.74490812503146 1.8803571428571433 1.7008333333333336 17.119960333755497 18.742363650087714 2.3608333333333338 18.742363650087714 175.85592669041588 0.06023571162254697 263.05597234752685 9.2999783966751099 72.667141910237405 19.45995494651795 88.454092356621871
decision_type=2 2 2 2 2 2 2 2 2 2 2 2 2 2 2 2 2 2 2 2 2 2 2 2 2 2 2 2 2 2
left_child=3 -2 17 26 5 15 8 -8 -7 10 12 -12 -6 14 -11 16 -5 18 22 21 -21 -19 -3 -15 -17 -20 27 -1 -4 -28
right_child=1 2 28 4 9 6 7 -9 -10 13 11 -13 -14 23 -16 24 -18 19 25 20 -22 -23 -24 -25 -26 -27 29 -29 -30 -31
leaf_value=-11.276965744836094 3.9682004336210399 -0.042658807718861824 -8.0760782398404309 -0.49632705508738523 -0.88212079219157491 0.74674681367651785 1.7286619791767959 -3.8505671530622472 3.5965905337414252 -1.5491244304137501 -0.69849085502910024 -2.9948408765765024 0.43777228398164986 0.043793701958869329 1.2807764215236583 -5.6581202303038705 1.7404432209706859 -6.4045049945193897 -0.098011154281158086 13.196464725501329 0.46658945783680567 4.2326546294797547 0.74861159369007158 -0.26412377929320013 1.3613269673585895 -4.7096938862902595 1.1808502585547311 -2.2425432925852973 -0.73283039267246541 -3.8980431869506837
leaf_weight=27 181 4587 36 2196 3266 578 376 315 920 281 2808 813 3699 51930 1949 98 965 88 50 102 407 54 5666 22435 39 186 83 200 25 24
leaf_count=27 181 4587 36 2196 3266 578 376 315 920 281 2808 813 3699 51930 1949 98 965 88 50 102 407 54 5666 22435 39 186 83 200 25 24
internal_value=0.000237936 0.419721 0.362031 -0.0511042 -0.0430356 0.594915 1.45194 -0.816573 2.49822 -0.0831934 -0.534807 -1.21476 -0.181184 -0.0207709 0.923647 0.0258053 0.186854 0.392545 0.301329 1.85952 3.03845 -2.35804 0.394642 -0.0491034 -3.66446 -3.7372 -2.2829 -3.36189 -5.12699 0.016068
internal_weight=104384 11382 11201 93002 92668 5487 2189 691 1498 87181 10586 3621 6965 76595 2230 3298 3161 11140 10489 651 509 142 10253 74365 137 236 334 227 61 107
internal_count=104384 11382 11201 93002 92668 5487 2189 691 1498 87181 10586 3621 6965 76595 2230 3298 3161 11140 10489 651 509 142 10253 74365 137 236 334 227 61 107
is_linear=0
shrinkage=0.05


Tree=118
num_leaves=31
num_cat=1
split_feature=2 2 4 0 3 3 4 4 3 3 0 4 4 4 0 3 2 2 3 0 4 3 0 5 4 2 4 0 2 4
split_gain=901296 1.57968e+06 2.00248e+06 1.29581e+06 1.28647e+06 1.69732e+06 1.42103e+06 1.28355e+06 3.09435e+06 2.987e+06 2.71394e+06 1.4127e+06 1.93302e+06 1.1033e+06 813082 825009 716339 635956 2.62089e+06 740697 588973 581640 561574 5.31271e+06 1.82679e+06 1.13964e+06 644079 2.75804e+06 1.10491e+06 560228
threshold=7.3310961961746228 7.3940989494323732 57.66614639130723 13.739968146217349 0.33992424242424252 0.13015151515151518 277.10028313804997 248.50768118551136 0.47983333333333339 0.93984848484848504 13.439969079307557 244.04934087507249 193.30658157425756 141.52957083783937 13.979967807579042 0.50083333333333346 7.3608105421066297 5.4770500000000011 2.6408333333333336 13.387096665430567 5.4934507320493147 0.75023809523809526 11.440534806539896 0 37.026206013103618 5.5858000000000017 26.695935969762441 9.6964800574538454 7.1956784248352061 25.479514141707288
decision_type=10 10 2 2 2 2 2 2 2 2 2 2 2 2 2 2 10 8 2 2 2 2 2 1 2 8 2 2 8 2
left_child=17 2 29 7 5 13 -7 11 10 -10 -9 12 -3 -5 15 -6 -4 20 22 -20 -1 -16 26 24 -24 -25 27 -19 -28 -2
right_child=1 3 16 4 14 6 -8 8 9 -11 -12 -13 -14 -15 21 -17 -18 18 19 -21 -22 -23 23 25 -26 -27 28 -29 -30 -31
leaf_value=1.4678623370328521 -0.39442540091755007 0.024723158822139241 12.732556097242567 5.5150844531886429 4.9131013591550481 -1.4500900403949275 0.36350693706619447 2.104084200147367 -2.9888004779760973 -0.54417895538351435 -2.3051399296758461 1.2946892573817745 -1.5141141546148484 0.83286345273154483 0.77774124700251379 1.0929907662694653 4.9510265130087978 -1.1353281189950477 -2.2573300500349567 -13.538570426866119 -0.20932767290496251 0.229095623249158 4.4117307645479844 -0.38301404827767693 21.463705537584094 -7.1894260032971706 -0.95577110957080635 8.9703712919966829 -4.3745386785187579 2.3386306368220935
leaf_weight=544 416 46228 35 146 200 2786 1763 1509 1688 4805 453 2056 2134 877 8478 479 187 898 21 50 13238 11230 29 2593 35 62 666 72 366 340
leaf_count=544 416 46228 35 146 200 2786 1763 1509 1688 4805 453 2056 2134 877 8478 479 187 898 21 50 13238 11230 29 2593 35 62 666 72 366 340
internal_value=0.000216857 0.0685727 2.06554 0.0455262 0.339809 -0.333427 -0.74729 -0.0842359 -0.654302 -1.18008 1.08539 0.0113741 -0.0432087 1.50584 0.523819 2.22379 6.22946 -0.315567 -0.811673 -10.2796 -0.143024 0.46514 -0.667135 -0.199052 13.9239 -0.544607 -1.30244 -0.376743 -2.17131 0.836186
internal_weight=104384 85810 978 84832 25959 5572 4549 58873 8455 6493 1962 50418 48362 1023 20387 679 222 18574 4792 71 13782 19708 4721 2719 64 2655 2002 970 1032 756
internal_count=104384 85810 978 84832 25959 5572 4549 58873 8455 6493 1962 50418 48362 1023 20387 679 222 18574 4792 71 13782 19708 4721 2719 64 2655 2002 970 1032 756
cat_boundaries=0 1
cat_threshold=1
is_linear=0
shrinkage=0.05


Tree=119
num_leaves=31
num_cat=1
split_feature=2 2 4 0 3 3 4 0 4 3 3 0 4 4 3 3 0 2 2 3 0 4 0 5 3 2 4 0 2 4
split_gain=813417 1.42714e+06 1.80995e+06 1.16962e+06 1.16095e+06 1.57798e+06 1.59238e+06 1.42985e+06 1.15849e+06 2.79271e+06 2.69596e+06 2.46373e+06 1.27503e+06 1.74463e+06 746497 1.11861e+06 1.03727e+06 649404 573865 2.37115e+06 669466 531638 507086 4.80872e+06 1.65537e+06 1.03034e+06 581733 2.49235e+06 997504 505757
threshold=7.3310961961746228 7.3940989494323732 57.66614639130723 13.739968146217349 0.33992424242424252 0.1801515151515152 278.44569124894218 13.979967807579042 248.50768118551136 0.47983333333333339 0.93984848484848504 13.480209602494101 244.04934087507249 193.30658157425756 0.59011111111111114 0.55950000000000022 15.91996286115265 7.3608105421066297 5.4770500000000011 2.6408333333333336 13.387096665430567 5.4934507320493147 11.440534806539896 0 0.62007575757575772 5.5858000000000017 26.695935969762441 9.6964800574538454 7.1956784248352061 25.479514141707288
decision_type=10 10 2 2 2 2 2 2 2 2 2 2 2 2 2 2 2 10 8 2 2 2 2 1 2 8 2 2 8 2
left_child=18 2 29 8 5 7 -7 -5 12 11 -11 -10 13 -3 15 -6 -16 -4 21 22 -21 -1 26 24 -24 -25 27 -20 -28 -2
right_child=1 3 17 4 14 6 -8 -9 9 10 -12 -13 -14 -15 16 -17 -18 -19 19 20 -22 -23 23 25 -26 -27 28 -29 -30 -31
leaf_value=1.3946038741009703 -0.37475140599609857 0.023487029054845288 12.113612098693848 -2.7785855101365744 0.68764554273609391 -1.7983652381945661 0.44287214419073506 1.2164259139537168 1.9135884444711131 -2.839448929482717 -0.51697567280478818 -2.5216950131682183 1.2299862727105433 -1.4384438953930709 0.82324528683378095 2.6536073662224955 -0.023549172184215077 4.7047919890728407 -1.0786248688546485 -2.1495938006314366 -12.874914990593405 -0.19886208234088745 3.9174475964184468 -0.36387072885273652 20.202184592582086 -6.8356605135448394 -0.90805419462519343 8.5279967096733724 -4.1564077338048486 2.2220420051346426
leaf_weight=544 416 46228 35 253 4487 2178 1245 1896 1572 1688 4805 390 2056 2134 6050 862 8988 187 898 21 50 13238 28 2593 36 62 666 72 366 340
leaf_count=544 416 46228 35 253 4487 2178 1245 1896 1572 1688 4805 390 2056 2134 6050 862 8988 187 898 21 50 13238 28 2593 36 62 666 72 366 340
internal_value=0.000222422 0.0651604 1.96327 0.0432548 0.322842 -0.316708 -0.983299 0.745021 -0.0800275 -0.621609 -1.1211 1.03112 0.0108052 -0.0410498 0.497645 1.0049 0.31716 5.92195 -0.299772 -0.771037 -9.77662 -0.135868 -0.633558 -0.188763 13.2476 -0.51752 -1.23725 -0.357503 -2.063 0.794505
internal_weight=104384 85810 978 84832 25959 5572 3423 2149 58873 8455 6493 1962 50418 48362 20387 5349 15038 222 18574 4792 71 13782 4721 2719 64 2655 2002 970 1032 756
internal_count=104384 85810 978 84832 25959 5572 3423 2149 58873 8455 6493 1962 50418 48362 20387 5349 15038 222 18574 4792 71 13782 4721 2719 64 2655 2002 970 1032 756
cat_boundaries=0 1
cat_threshold=1
is_linear=0
shrinkage=0.05


Tree=120
num_leaves=31
num_cat=0
split_feature=2 2 3 0 3 3 4 4 3 3 0 4 4 4 4 0 0 0 3 2 4 3 0 4 3 3 3 2 0 4
split_gain=736028 1.60552e+06 1.92015e+06 1.05562e+06 1.04786e+06 1.43486e+06 1.16269e+06 1.04562e+06 2.52044e+06 2.43328e+06 2.23181e+06 1.15077e+06 1.60697e+06 994065 793328 979231 796332 717163 750624 510093 723808 1.61011e+06 1.72577e+06 2.00854e+06 723385 719582 1.21037e+06 2.99506e+06 2.47553e+06 541716
threshold=7.334843802452089 7.3940989494323732 0.39583333333333343 13.739968146217349 0.33992424242424252 0.13015151515151518 277.10028313804997 248.50768118551136 0.47983333333333339 0.93984848484848504 13.439969079307557 244.04934087507249 227.46626986163585 141.52957083783937 25.217317244677925 1.1907310791423176 9.2999783966751099 13.979967807579042 0.50083333333333346 5.1471500000000008 151.35422855133075 1.7008333333333336 7.0572628705318561 255.24665026500438 2.0401190476190481 3.7808333333333337 2.7004166666666674 5.405450000000001 13.387096665430567 106.93991843328517
decision_type=10 10 2 2 2 2 2 2 2 2 2 2 2 2 2 2 2 2 2 8 2 2 2 2 2 2 2 10 2 2
left_child=19 2 -2 7 5 13 -7 11 10 -10 -9 12 -3 -5 -4 -16 -17 18 -6 20 24 -22 -23 -24 -1 26 -21 -28 -29 -26
right_child=1 3 14 4 17 6 -8 8 9 -11 -12 -13 -14 -15 15 16 -18 -19 -20 25 21 22 23 -25 29 -27 27 28 -30 -31
leaf_value=0.061361325968549089 -0.5770529125266991 -0.0033433538221737599 -3.3120959865301849 5.1957459270832489 4.6344572287353127 -1.3171345138689352 0.32334726876277231 1.9033336042447992 -2.6975605414723098 -0.49113226518663566 -2.0951032748201346 1.1685168407621667 -2.3687667252519904 0.75144627563205635 12.470639313062032 0.90353936617611019 5.6633502590442149 0.41766520975420446 0.99083957891538743 -0.47520712507732066 0.1275216917427241 4.9920425907283459 -5.8128897711626344 5.8934080244855185 3.4905228349821913 4.9332146513660753 2.6380090659041153 0.37378209489457154 -13.959537316135977 0.16140243797127263
leaf_weight=6811 343 47634 31 146 200 2786 1763 1509 1688 4805 453 2056 728 877 38 130 273 19708 479 9752 943 52 358 40 279 59 94 46 86 217
leaf_count=6811 343 47634 31 146 200 2786 1763 1509 1688 4805 453 2056 728 877 38 130 273 19708 479 9752 943 52 358 40 279 59 94 46 86 217
internal_value=0.00022146 0.0623226 2.26959 0.0410903 0.306702 -0.300899 -0.681421 -0.0760296 -0.590552 -1.06507 0.979548 0.0102647 -0.0389988 1.39019 4.33508 4.87893 4.13398 0.472773 2.06931 -0.283631 -0.0034115 -1.04751 -3.50468 -4.62454 0.195749 -0.526499 -0.559274 -4.16868 -8.9993 2.0373
internal_weight=104384 85647 815 84832 25959 5572 4549 58873 8455 6493 1962 50418 48362 1023 472 441 403 20387 679 18737 8700 1393 450 398 7307 10037 9978 226 132 496
internal_count=104384 85647 815 84832 25959 5572 4549 58873 8455 6493 1962 50418 48362 1023 472 441 403 20387 679 18737 8700 1393 450 398 7307 10037 9978 226 132 496
is_linear=0
shrinkage=0.05


Tree=121
num_leaves=31
num_cat=1
split_feature=1 1 2 2 3 0 0 0 1 6 4 3 4 0 2 3 0 4 4 3 4 4 4 3 3 4 0 4 3 4
split_gain=767225 1.63491e+06 1.16769e+06 1.46957e+06 2.70438e+06 1.63186e+06 1.62999e+06 1.30826e+06 4.79716e+06 1.86041e+06 922119 1.19467e+06 1.09762e+06 1.20044e+06 1.06727e+06 878920 1.95048e+06 1.05238e+06 729452 955753 783757 3.22145e+06 3.68074e+06 3.22744e+06 3.03728e+06 2.81956e+06 4.29163e+06 4.26798e+06 2.22373e+06 2.01101e+06
threshold=0.99999769051669152 4.559989464361192 7.6558114767074601 7.5340837955474864 1.1005882352941179 9.1616146857637091 7.9612387325791962 9.2999783966751099 8.839979524310726 0 60.679466652429532 0.32007575757575768 36.852335675344129 1.2716597319995386 7.6362954139709478 0.28083333333333343 0.92332403387878881 172.73666716826514 7.3168859882196235 0.65516666666666679 41.953151611830769 85.189214138531426 73.493986445789304 0.98058823529411787 0.35340909090909095 88.454092356621871 0.19438611718302773 92.59150347442251 0.077500000000000013 40.456495911064998
decision_type=2 2 8 10 2 2 2 2 2 1 2 2 2 2 10 2 2 2 2 2 2 2 2 2 2 2 2 2 2 2
left_child=18 10 3 7 6 -6 -5 8 -3 -9 12 15 13 -2 -13 17 -17 -12 19 -1 28 22 24 -24 -22 26 -23 -27 -20 -30
right_child=1 2 -4 4 5 -7 -8 9 -10 -11 11 14 -14 -15 -16 16 -18 -19 20 -21 21 25 23 -25 -26 27 -28 -29 29 -31
leaf_value=-2.9593295135106854 6.9743317016858732 0.56612045736095185 -5.7344747354263488 -0.46151589752262479 0.04660713038457337 -11.721242508888245 6.3545947733404917 0.074992167186184913 -2.9466371104197968 1.756026977126085 2.8809005774269378 5.1646688826264109 -2.5094589366638558 0.2893555169501088 -0.77376373097136786 -16.889540443420412 2.1628171531132292 -5.2962598553616953 4.3009016861938516 1.1831219571722404 -3.8398823095206609 6.3788209670826141 -0.039974229454092812 -4.7867289064912937 -0.21316418934815237 -4.0789013888113592 -2.3491457435047187 0.063176748784284836 -0.022799183964748289 3.2600444749647468
leaf_weight=482 88 2507 85 116 371 31 357 44559 1586 1708 242 466 225 274 90 21 34 46 311 195 644 405 528 1112 5501 641 215 19871 21197 476
leaf_count=482 88 2507 85 116 371 31 357 44559 1586 1708 242 466 225 274 90 21 34 46 311 195 644 405 528 1112 5501 641 215 19871 21197 476
internal_value=0.000221893 0.13419 0.0868311 0.0966006 2.12694 -0.887685 4.68553 0.061282 -0.795427 0.137086 1.7686 2.77416 0.226447 1.92918 4.20374 0.451332 -5.28333 1.561 -0.136936 -1.76616 -0.115232 -0.286298 -1.15571 -3.25946 -0.59381 0.0340309 3.35327 -0.0664555 0.109785 0.0494481
internal_weight=104384 52806 51320 51235 875 402 473 50360 4093 46267 1486 899 587 362 556 343 55 288 51578 677 50901 28917 7785 1640 6145 21132 620 20512 21984 21673
internal_count=104384 52806 51320 51235 875 402 473 50360 4093 46267 1486 899 587 362 556 343 55 288 51578 677 50901 28917 7785 1640 6145 21132 620 20512 21984 21673
cat_boundaries=0 1
cat_threshold=2
is_linear=0
shrinkage=0.05


Tree=122
num_leaves=31
num_cat=0
split_feature=1 1 2 2 1 0 4 0 1 1 4 4 4 4 3 0 4 4 4 3 4 3 4 3 3 0 4 4 1 0
split_gain=692335 1.48459e+06 1.06779e+06 919898 2.24849e+06 2.04049e+06 969285 908426 3.8726e+06 3.33091e+06 675780 1.11383e+06 6.51766e+06 2.77071e+06 2.89107e+06 2.30466e+06 2.10496e+06 1.43175e+07 4.48138e+06 1.61522e+06 2.17217e+06 1.5343e+06 1.06911e+06 969659 745317 976808 594181 1.09254e+06 800722 1.51096e+06
threshold=0.99999769051669152 2.9599918329492101 7.691423559188844 7.5340837955474864 8.1199810039901745 10.220005861970135 250.6632397057476 10.220005861970135 8.839979524310726 11.209969343024381 278.99955054364256 121.31720883073699 121.56743733502135 116.90209583102994 0.31354166666666677 0.35274331010320692 147.19915526419507 145.25178461759691 149.23024062292276 1.2537500000000004 85.189214138531426 0.78044117647058842 33.920180761862021 0.15590909090909094 2.6408333333333336 0.039999890417299407 173.65532581007514 95.558530165327838 1.2999969742627144 0.43188358347689532
decision_type=2 2 8 10 2 2 2 2 2 2 2 2 2 2 2 2 2 2 2 2 2 2 2 2 2 2 2 2 2 2
left_child=10 26 3 7 6 -6 -5 8 -3 -9 11 13 15 19 -15 23 17 -14 -18 22 -21 -16 -1 -13 25 -12 27 28 29 -2
right_child=1 2 -4 4 5 -7 -8 9 -10 -11 24 12 16 14 21 -17 18 -19 -20 20 -22 -23 -24 -25 -26 -27 -28 -29 -30 -31
leaf_value=-0.44187058883780495 -11.374843813952278 0.7101107686880288 -10.240176588821411 -1.9192096515291746 4.8735427579135724 -10.753502842296253 2.9092459198118936 2.5955697190996965 -1.8840656657301444 0.066592668344611569 9.5627324181511284 1.8112578792838676 0.31000389040192156 4.7201674667254414 -5.2709568091617518 23.270569547925675 -9.5275371129172211 15.920793326993167 -0.041777364924982088 -1.3677323689569281 2.4138323139857789 7.6792734154065458 0.16057592536921683 7.8975672934983114 -10.032679061889649 -1.3219674380196369 -1.3274569406180547 4.7979540065936632 2.16605757644504 0.93388664419346679
leaf_weight=11439 33 3022 24 387 442 21 141 1341 2744 43692 20 94 1675 93 554 20 125 160 10536 4366 415 23 20669 220 23 1146 115 322 429 93
leaf_count=11439 33 3022 24 387 442 21 141 1341 2744 43692 20 94 1675 93 554 20 125 160 10536 4366 415 23 20669 220 23 1146 115 322 429 93
internal_value=0.000199699 0.127461 0.0907585 0.0957437 1.60369 4.1431 -0.626721 0.0662952 -0.524552 0.141957 -0.130092 -0.102277 0.299919 -0.23967 -3.4238 7.18246 0.115398 1.6791 -0.153881 -0.181746 -1.03905 -4.74234 -0.0540624 6.0871 -1.30778 -1.12723 2.0425 2.48541 1.13749 -2.35397
internal_weight=104384 52806 51814 51790 991 463 528 50799 5766 45033 51578 50389 12830 37559 670 334 12496 1835 10661 36889 4781 577 32108 314 1189 1166 992 877 555 126
internal_count=104384 52806 51814 51790 991 463 528 50799 5766 45033 51578 50389 12830 37559 670 334 12496 1835 10661 36889 4781 577 32108 314 1189 1166 992 877 555 126
is_linear=0
shrinkage=0.05


Tree=123
num_leaves=31
num_cat=1
split_feature=2 2 3 1 4 0 1 3 1 3 1 3 0 4 3 4 3 3 2 3 0 4 4 3 1 2 0 3 0 5
split_gain=668126 1.41135e+06 1.67021e+06 993446 1.32342e+06 897014 1.53166e+06 1.27725e+06 1.143e+06 975664 1.65381e+06 1.30129e+06 857392 718245 2.36309e+06 877618 625897 509571 476201 1.9583e+06 592619 472998 448947 532779 511723 574094 473905 444375 405672 4.27801e+06
threshold=7.334843802452089 7.3940989494323732 0.39583333333333343 11.639973171662575 74.184791746501446 13.739968146217349 12.919964401295308 0.60083333333333344 13.48996314170693 0.33992424242424252 14.389960498682644 0.1801515151515152 1.1907310791423176 7.3558067376044018 0.20062500000000003 25.217317244677925 0.33340909090909099 0.29527777777777781 5.4770500000000011 2.6408333333333336 13.939978476112223 5.4934507320493147 5.4946598705377818 0.66022727272727277 14.339960514015937 5.3756500000000011 0.21388239506172843 2.8375000000000008 11.440534806539896 0
decision_type=10 10 2 2 2 2 2 2 2 2 2 2 2 2 2 2 2 2 8 2 2 2 2 2 2 10 2 2 2 1
left_child=18 2 -2 4 12 8 7 17 13 11 -11 -8 -4 14 -3 -15 -10 -7 21 28 27 -1 23 26 -24 -26 -23 -21 -20 -30
right_child=1 5 3 -5 -6 6 9 -9 16 10 -12 -13 -14 15 -16 -17 -18 -19 19 20 -22 22 24 -25 25 -27 -28 -29 29 -31
leaf_value=1.3245194595513541 -0.52608922427476845 0.83405805108341868 9.802827022725598 -1.3358821274238091 10.702905956361354 6.9167983367226347 0.6432348670921576 15.006170431375503 -4.7316445626302084 1.436686503796778 0.22343961078844898 -0.92980399646089884 2.4717936982029549 0.60067249155317459 -2.8273929705194396 -0.078930026855794422 -1.1503566378649861 -3.9831749425615586 -1.0802906921658311 -10.798847576488148 -15.359003365834553 0.11191324934363366 0.037605972087449674 2.1085106785624634 -0.35764696390950124 -2.0438497803390976 -5.5057376676292744 -1.1758496086938039 12.510176419038039 -0.47312357265656502
leaf_weight=544 343 860 46 72 81 21 2138 31 181 3365 16973 3411 273 5234 902 51323 373 20 2165 21 23 55 9844 50 2543 629 117 27 64 2655
leaf_count=544 343 860 46 72 81 21 2138 31 181 3365 16973 3411 273 5234 902 51323 373 20 2165 21 23 55 9844 50 2543 629 117 27 64 2655
internal_value=0.000202796 0.05937 2.12886 4.05524 5.02657 0.0394631 0.284309 7.51672 -0.0685004 0.263904 0.424237 -0.323713 3.55628 -0.0470077 -1.04084 -0.0160274 -2.32684 1.63138 -0.27024 -0.690576 -8.87673 -0.119078 -0.178497 -2.40299 -0.140374 -0.692557 -3.7191 -5.52048 -0.569778 -0.163033
internal_weight=104384 85647 815 472 400 84832 25959 72 58873 25887 20338 5549 319 58319 1762 56557 554 41 18737 4955 71 13782 13238 222 13016 3172 172 48 4884 2719
internal_count=104384 85647 815 472 400 84832 25959 72 58873 25887 20338 5549 319 58319 1762 56557 554 41 18737 4955 71 13782 13238 222 13016 3172 172 48 4884 2719
cat_boundaries=0 1
cat_threshold=1
is_linear=0
shrinkage=0.05


Tree=124
num_leaves=31
num_cat=0
split_feature=0 1 4 1 3 3 1 3 3 0 3 4 3 1 0 4 3 1 3 3 4 3 0 3 3 1 3 3 1 3
split_gain=645984 1.3644e+06 751604 988464 854643 716025 684725 2.39842e+06 2.51552e+06 2.03445e+06 1.95734e+06 1.38394e+06 1.22122e+06 1.15005e+06 2.18296e+06 1.44995e+06 914288 592308 594908 656686 642855 660529 575425 562348 724357 826749 700972 530210 499894 494306
threshold=19.35995519575501 18.939956020095828 257.29026212764853 18.009958560455328 0.46696969696969709 1.5401190476190478 18.309957441986089 0.66022727272727277 0.4400617283950618 18.742363650087714 1.0202380952380954 141.52957083783937 1.7008333333333336 17.879958365402228 18.379957119216922 230.57262448925982 1.0396296296296299 20.049953179412842 1.3802380952380955 2.8875000000000006 99.462654092432331 0.91977777777777792 19.019955969009406 0.020833333333333339 0.12022727272727275 0.15999963263062142 0.23342592592592595 2.0162500000000003 19.099955547164921 1.1991666666666669
decision_type=2 2 2 2 2 2 2 2 2 2 2 2 2 2 2 2 2 2 2 2 2 2 2 2 2 2 2 2 2 2
left_child=6 2 4 -4 -2 -5 13 8 -8 10 -9 -11 -13 23 -15 22 -17 18 20 28 21 -3 -16 -1 25 -25 -26 -19 -20 -6
right_child=1 17 3 5 29 -7 7 9 -10 11 -12 12 -14 14 15 16 -18 27 19 -21 -22 -23 -24 24 26 -27 -28 -29 -30 -31
leaf_value=-2.073797641480136 -4.7175215985224801 -2.1986339516230631 -6.7533314838924925 2.1233882809884892 6.0075228347573519 -3.6388895959369201 -4.992563635508219 -11.918673554044783 9.0719656951301992 -8.1350861427600574 1.2756592180132866 0.90867618913410786 -5.9512402148337307 12.961492538346185 -4.4170678800935148 6.4357691962557642 0.53477125457679964 1.0956967823875361 3.2318421726226809 5.4050263468680848 0.44905770725670657 6.3662420479456587 3.5139802051412654 0.0033982571919078577 -0.41988460931809146 1.2255142702378654 -0.0031191837800598823 6.3718970836292614 -2.6301380749150436 1.6730592557129107
leaf_weight=334 25 372 36 635 226 58 47 98 94 64 39 362 78 44 110 132 130 173 39 30 3239 23 28 3225 11540 2423 80205 65 416 94
leaf_count=334 25 372 36 635 226 58 47 98 94 64 39 362 78 44 110 132 130 173 39 30 3239 23 28 3225 11540 2423 80205 65 416 94
internal_value=0.000198581 0.531079 2.12641 1.21356 4.04622 1.63656 -0.0289436 -1.50167 4.38161 -2.80063 -8.18056 -1.32491 -0.318126 -0.0171971 2.51888 1.34072 3.52098 0.13743 -0.0029798 -1.64594 0.216684 -1.68509 -2.79413 -0.0287449 -0.0217103 0.527813 -0.0555454 2.55733 -2.12169 4.74347
internal_weight=104384 5431 1074 729 345 693 98953 782 141 641 137 504 440 98171 444 400 262 4357 4119 485 3634 395 138 97727 97393 5648 91745 238 455 320
internal_count=104384 5431 1074 729 345 693 98953 782 141 641 137 504 440 98171 444 400 262 4357 4119 485 3634 395 138 97727 97393 5648 91745 238 455 320
is_linear=0
shrinkage=0.05


Tree=125
num_leaves=31
num_cat=0
split_feature=2 4 4 4 4 4 4 4 4 2 2 4 1 3 4 4 0 3 4 4 2 4 1 3 3 0 4 2 4 3
split_gain=598701 1.72959e+06 2.07785e+06 2.36943e+06 1.70878e+06 1.58933e+06 1.39876e+06 1.3493e+06 1.06541e+06 724708 987127 1.28983e+06 1.09437e+06 931430 1.05215e+06 2.89105e+06 1.90842e+06 769605 773228 665036 575268 545121 539231 1.73632e+06 1.14434e+06 493959 423418 421837 401596 1.67258e+06
threshold=7.6328552246093757 35.992682306176619 56.279287858403407 240.72410923780095 51.885076554379133 246.27150400024991 17.254587724801393 40.456495911064998 76.622426155062485 7.3310961961746228 7.3940989494323732 57.66614639130723 11.639973171662575 1.8803571428571433 74.184791746501446 149.23024062292276 12.780964191841049 0.020833333333333339 7.3558067376044018 261.10839630236018 7.7260485410690309 74.184791746501446 8.9999792146502262 0.4400617283950618 1.1202777777777781 9.2999783966751099 244.53765163147617 7.6713869333267226 41.953151611830769 2.0608333333333335
decision_type=8 2 2 2 2 2 2 2 2 10 10 2 2 2 2 2 2 2 2 2 8 2 2 2 2 2 2 10 2 2
left_child=9 6 4 8 7 26 -2 -3 27 28 11 22 21 17 16 -16 -15 25 -19 -7 -10 -13 23 -11 -24 -12 -5 -4 29 -1
right_child=1 2 3 5 -6 19 -8 -9 20 10 13 12 -14 14 15 -17 -18 18 -20 -21 -22 -23 24 -25 -26 -27 -28 -29 -30 -31
leaf_value=-0.13258849450022697 9.7302117853579304 1.4422284946416513 -2.5796026657377658 0.71587992823752533 3.3809375300084241 -2.7104434400915092 -2.7699548188702923 -2.734039805304679 -3.343971742929611 0.19055135846585303 -7.7292375054078946 4.1174504713816189 -0.20502306990431887 -1.281620071825496 4.6139745857789976 0.54622023618408189 10.829476808660171 -0.98841091464483632 0.077716136420363791 -0.40933798833241775 -8.1830074266592661 10.174440601628003 -7.0283982706839048 7.6055019065907787 3.2664094591140747 -1.0414018395639235 2.4171815051760031 -0.62332994663831309 -0.47062779475302485 3.6101664096830732
leaf_weight=8784 22 568 425 1360 676 352 885 292 451 557 50 72 69 752 536 2343 33 1742 70094 2847 71 81 61 91 47 61 500 783 9471 308
leaf_count=8784 22 568 425 1360 676 352 885 292 451 557 50 72 69 752 536 2343 33 1742 70094 2847 71 81 61 91 47 61 500 783 9471 308
internal_value=0.000193836 -0.384215 -0.158188 -0.533951 1.50192 0.0123981 -2.45637 0.0227054 -2.13072 0.0374943 0.105428 1.68294 5.02478 0.0850015 0.862535 1.30488 -0.759355 0.0453931 0.0518494 -0.663308 -4.01655 7.36937 0.696256 1.24197 -2.55934 -4.0961 1.17427 -1.31316 -0.242784 -0.00541554
internal_weight=104384 9232 8325 6789 1536 5059 907 860 1730 95152 76589 978 222 75611 3664 2879 785 71947 71836 3199 522 153 756 648 108 111 1860 1208 18563 9092
internal_count=104384 9232 8325 6789 1536 5059 907 860 1730 95152 76589 978 222 75611 3664 2879 785 71947 71836 3199 522 153 756 648 108 111 1860 1208 18563 9092
is_linear=0
shrinkage=0.05


Tree=126
num_leaves=31
num_cat=1
split_feature=1 4 3 4 4 3 3 4 3 3 3 4 4 3 4 3 4 1 4 4 5 4 3 4 2 2 3 3 1 4
split_gain=563192 978512 4.09212e+06 3.28143e+06 1.50993e+07 1.72187e+07 9.64603e+06 4.81962e+06 4.69748e+06 3.05759e+06 2.20053e+06 2.08761e+06 2.62243e+06 2.80733e+06 2.4144e+06 3.09922e+06 1.67345e+06 1.5541e+06 1.45905e+06 1.77994e+06 1.44887e+06 1.39796e+06 5.06335e+06 3.27228e+06 1.19201e+06 938451 879209 1.47781e+06 1.16559e+06 995293
threshold=0.11999972465400027 95.557937423290767 1.3558333333333337 147.19915526419507 145.25178461759691 0.33992424242424252 0.52044444444444449 154.65435644450841 0.33992424242424252 0.040833333333333346 0.35340909090909095 88.454092356621871 92.59150347442251 0.50083333333333346 76.622426155062485 0.19962121212121217 72.667141910237405 1.0000000180025095e-35 73.493986445789304 85.189214138531426 0 172.00503490767841 0.11348484848484851 172.48559991947982 5.4977500000000008 4.6196500000000009 0.18768939393939396 0.17507575757575761 19.099955547164921 199.80677468231644
decision_type=2 2 2 2 2 2 2 2 2 2 2 2 2 2 2 2 2 2 2 2 1 2 2 2 10 10 2 2 2 2
left_child=1 2 11 4 6 -6 9 8 17 -3 -7 14 13 -13 16 -16 -1 -5 -4 24 -8 22 -9 -23 -20 -2 27 29 -29 -27
right_child=25 3 18 7 5 10 20 21 -10 -11 -12 12 -14 -15 15 -17 -18 -19 19 -21 -22 23 -24 -25 -26 26 -28 28 -30 -31
leaf_value=-0.039788088754468966 -8.8934325274101713 -11.620098379465842 -1.3462912093275832 -7.0873808307058557 -12.357449942694771 17.810060165356369 4.4199261701516903 3.8877079359232951 3.2666416956738731 -0.43182065800991576 33.958041875627309 -2.6974558420790054 -0.58630277370600725 -11.274905407012456 9.8024294937740688 1.2415466003635836 -2.5025724651796719 -19.644844702261466 6.381826877919111 1.5046779845542266 0.15659674582027255 2.5206003666975305 -2.1611735648279788 -0.35990148807720451 -5.4978574901337325 1.1044528613375924 0.042874962698629435 3.4391003397406119 -5.9540660100664411 -0.32477998962960908
leaf_weight=24202 28 61 1072 345 35 38 1495 416 122 4061 62 397 1323 125 131 533 709 26 21 118 230 1279 2031 4291 670 2489 55039 617 34 2384
leaf_count=24202 28 61 1072 345 35 38 1495 416 122 4061 62 397 1323 125 131 533 709 26 21 118 230 1279 2031 4291 670 2489 55039 617 34 2384
internal_value=0.000193954 -0.136414 -0.302627 0.199645 1.09694 17.5668 0.713727 -0.431149 -5.22439 -0.600171 28.059 -0.147821 -1.77167 -4.76908 -0.030611 2.94272 -0.10998 -8.01788 -2.55801 -4.15999 3.85191 -0.135776 -1.13167 0.301861 -5.12812 0.0989303 0.103235 0.704517 2.94013 0.40531
internal_weight=104384 43793 29301 14492 5982 135 5847 8510 493 4122 100 27420 1845 522 25575 664 24911 371 1881 809 1725 8017 2447 5570 691 60591 60563 5524 651 4873
internal_count=104384 43793 29301 14492 5982 135 5847 8510 493 4122 100 27420 1845 522 25575 664 24911 371 1881 809 1725 8017 2447 5570 691 60591 60563 5524 651 4873
cat_boundaries=0 1
cat_threshold=2
is_linear=0
shrinkage=0.05


Tree=127
num_leaves=31
num_cat=0
split_feature=1 2 2 3 1 4 3 2 3 2 3 1 3 2 3 1 2 2 3 4 4 4 3 2 2 1 3 1 4 3
split_gain=560083 512417 1.1843e+06 1.4028e+06 839484 1.05515e+06 715290 714280 2.54855e+06 899738 475199 451790 441142 429406 1.77938e+06 426394 519045 627316 519723 414891 409178 472090 366160 1.48142e+06 748284 300558 257303 239283 189311 173268
threshold=20.049953179412842 7.334843802452089 7.3940989494323732 0.39583333333333343 11.639973171662575 74.184791746501446 0.020833333333333339 7.4111087799072273 1.2203571428571431 7.4373547077178968 2.0162500000000003 8.529976677823953 0.9607407407407409 5.4770500000000011 2.6408333333333336 14.339960514015937 5.3756500000000011 4.8553500000000005 2.2408333333333341 153.11144539855789 5.4934507320493147 5.4946598705377818 0.29527777777777781 5.5311500000000011 7.2544859409332281 4.559989464361192 0.26863636363636373 13.48996314170693 175.85592669041588 2.5020833333333337
decision_type=2 10 10 2 2 2 2 10 2 10 2 2 2 8 2 2 10 10 2 2 2 2 2 10 8 2 2 2 2 2
left_child=1 13 3 -3 5 -5 11 8 -8 -9 12 25 -2 15 22 20 17 -17 -18 -16 26 -22 23 -15 -24 -4 -1 -21 -6 -12
right_child=10 2 6 4 28 -7 7 9 -10 -11 29 -13 -14 14 19 16 18 -19 -20 27 21 -23 24 -25 -26 -27 -28 -29 -30 -31
leaf_value=-3.4534532322666864 2.6613120770648244 -0.49083113721810112 -2.7896491709622473 3.2872771806400274 -5.1253472748669715 9.669804925685975 -3.5381740233475476 1.8934370560581251 5.8986351925203167 0.030206922549271344 8.6247076130635811 -1.0937803398238291 -2.8344892024076902 -1.5273499678111326 -2.9313227813720708 -2.3084299009228628 -1.4942516754848201 0.0051699856781468245 -7.599083867459683 -6.6662771645459262 -2.2716761807609567 0.054773880336502705 -0.41300252619330391 2.2933337574238206 -2.1922222784512861 -10.819732071449017 2.1562379899371056 -14.372399051807546 0.41655554945652301 3.3324009255801936
leaf_weight=21 122 343 21 319 21 81 403 652 86 83342 32 62 51 524 24 333 631 2386 36 21 222 9844 3143 490 727 28 309 26 51 33
leaf_count=21 122 343 21 319 21 81 403 652 86 83342 32 62 51 524 24 333 631 2386 36 21 222 9844 3143 490 727 28 309 26 51 33
internal_value=0.000182694 -0.00536544 0.0465819 1.94229 3.70774 4.60064 0.0282954 0.0335888 -1.86987 0.0446926 2.41787 -3.96485 1.03415 -0.242148 -0.641297 -0.0986063 -0.585832 -0.278923 -1.83464 -8.44453 0.0601248 0.00324427 -0.526152 0.319373 -0.74772 -7.50299 1.78989 -11.14 -1.24783 6.02912
internal_weight=104384 104146 85409 815 472 400 84594 84483 489 83994 238 111 173 18737 4955 13782 3386 2719 667 71 10396 10066 4884 1014 3870 49 330 47 72 65
internal_count=104384 104146 85409 815 472 400 84594 84483 489 83994 238 111 173 18737 4955 13782 3386 2719 667 71 10396 10066 4884 1014 3870 49 330 47 72 65
is_linear=0
shrinkage=0.05


Tree=128
num_leaves=31
num_cat=0
split_feature=0 1 4 1 3 3 1 3 3 0 3 4 3 1 0 4 3 0 1 3 0 4 0 3 3 1 3 3 4 3
split_gain=554095 1.23605e+06 677549 893790 773125 650543 630075 2.16987e+06 2.27371e+06 1.83972e+06 1.76051e+06 1.25513e+06 1.10837e+06 1.02826e+06 1.95803e+06 1.33469e+06 844979 660158 530837 7.89162e+06 3.04328e+06 2.74089e+06 1.07854e+06 1.38667e+06 613265 481697 546768 590240 582675 598403
threshold=19.35995519575501 18.939956020095828 257.29026212764853 18.009958560455328 0.46696969696969709 1.5401190476190478 18.309957441986089 0.66022727272727277 0.4400617283950618 18.742363650087714 1.0202380952380954 141.52957083783937 1.7008333333333336 17.879958365402228 18.379957119216922 208.08813912549496 0.9607407407407409 19.019955969009406 17.349959723434452 0.53916666666666679 17.761495818405717 261.10839630236018 17.761495818405717 0.67055555555555568 2.8375000000000008 20.049953179412842 1.3802380952380955 2.8875000000000006 99.462654092432331 0.91977777777777792
decision_type=2 2 2 2 2 2 2 2 2 2 2 2 2 2 2 2 2 2 2 2 2 2 2 2 2 2 2 2 2 2
left_child=6 2 4 -4 -2 -5 13 8 -8 10 -9 -11 -13 18 -15 17 -17 -16 22 20 -20 -21 24 -24 -1 26 28 -28 29 -3
right_child=1 25 3 5 -6 -7 7 9 -10 11 -12 12 -14 14 15 16 -18 -19 19 21 -22 -23 23 -25 -26 -27 27 -29 -30 -31
leaf_value=-0.036222771735989444 -4.501971073150635 -2.0982243055065259 -6.4321271721092437 2.0098729129290245 4.4962308914225977 -3.4825285462201649 -4.7556862994035081 -11.33622323546747 8.6156815652596332 -7.7572629245611342 1.1778251593112945 0.85584845920896402 -5.6794188529026659 12.272448059082031 -5.3448520519894167 6.069411861538887 0.61476570580767687 3.6097870904427993 -19.943388129340278 5.4670470594643525 -5.5245451185860475 -1.4077403986003871 -1.7166359849240296 6.1544808240552111 1.3222835526400223 2.2994388503060681 -2.0355418574042097 5.1004049576482471 0.4223605182021512 6.0539673058191941
leaf_weight=95882 25 372 36 635 320 58 47 98 94 64 39 362 78 44 88 129 157 26 62 232 90 383 87 154 837 238 455 30 3239 23
leaf_count=95882 25 372 36 635 320 58 47 98 94 64 39 362 78 44 88 129 157 26 62 232 90 383 87 154 837 238 455 30 3239 23
internal_value=0.000158409 0.491833 2.01028 1.14358 3.83305 1.54583 -0.0268316 -1.43957 4.15642 -2.67507 -7.79107 -1.27173 -0.312916 -0.0155636 2.38247 1.26667 3.08767 -3.28889 -0.0264829 -1.33584 -11.4979 1.19033 -0.0161115 3.31767 -0.0244527 0.11716 -0.0094609 -1.58455 0.201129 -1.60944
internal_weight=104384 5431 1074 729 345 693 98953 782 141 641 137 504 440 98171 444 400 286 114 97727 767 152 615 96960 241 96719 4357 4119 485 3634 395
internal_count=104384 5431 1074 729 345 693 98953 782 141 641 137 504 440 98171 444 400 286 114 97727 767 152 615 96960 241 96719 4357 4119 485 3634 395
is_linear=0
shrinkage=0.05


Tree=129
num_leaves=31
num_cat=0
split_feature=2 4 4 4 4 4 4 4 4 3 4 2 2 4 1 3 4 4 0 3 4 4 1 3 2 4 3 3 4 2
split_gain=515978 1.55526e+06 1.85912e+06 2.11545e+06 1.54264e+06 1.43645e+06 1.26492e+06 1.21907e+06 960109 615448 604538 590098 816678 1.06393e+06 887643 813193 840942 2.41079e+06 1.70235e+06 697739 666447 590621 531344 1.51386e+06 1.13262e+06 438489 423876 399780 379282 359112
threshold=7.6328552246093757 35.992682306176619 56.279287858403407 240.72410923780095 51.885076554379133 246.27150400024991 17.254587724801393 40.456495911064998 70.311670125367542 1.5608333333333337 261.10839630236018 7.3310961961746228 7.3940989494323732 57.66614639130723 11.639973171662575 1.8803571428571433 74.184791746501446 149.23024062292276 12.780964191841049 1.8608333333333336 7.3558067376044018 173.65532581007514 8.839979524310726 0.4400617283950618 7.3691513538360605 74.184791746501446 1.0396296296296299 1.1991666666666669 244.53765163147617 5.1471500000000008
decision_type=8 2 2 2 2 2 2 2 2 2 2 10 10 2 2 2 2 2 2 2 2 2 2 2 10 2 2 2 2 10
left_child=11 6 4 8 7 28 -2 -3 26 -10 -7 29 13 22 25 19 18 -18 -17 20 -14 -21 23 -13 -24 -15 -4 -8 -5 -1
right_child=1 2 3 5 -6 10 27 -9 9 -11 -12 12 15 14 -16 16 17 -19 -20 21 -22 -23 24 -25 -26 -27 -28 -29 -30 -31
leaf_value=0.016018196953895784 9.2670447109056564 1.3717236860114788 -5.8420307274751879 0.68913168873479858 3.2132513957469282 -2.5757737194504013 -3.3536023744471688 -2.597883275696951 -5.843442534455594 -2.5212046565767046 -0.38183626371276247 0.27233218394778336 -0.91304879811684059 3.7594639610917597 -0.1445233957852636 -1.1393638575057039 4.2212308959388203 0.50666878309157493 10.299050191430485 2.5746880211830145 0.071242408510862679 -5.4596183065146207 -11.655225501427283 7.5503397566298167 0.1343599234882154 9.1940001129522564 -0.76407848380672072 -1.0768494409333123 2.2993470790970352 -0.42467081364150111
leaf_weight=8700 22 568 42 1360 676 352 599 292 187 554 2847 556 1762 72 69 752 536 2343 33 29 70057 99 25 81 94 81 947 286 500 9863
leaf_count=8700 22 568 42 1360 676 352 599 292 187 554 2847 556 1762 72 69 752 536 2343 33 29 70057 99 25 81 94 81 947 286 500 9863
internal_value=0.000143061 -0.356722 -0.142389 -0.497826 1.42791 0.0184107 -2.32167 0.022446 -2.00659 -3.36636 -0.623976 0.0347709 0.0960717 1.53094 4.56606 0.0774922 0.804001 1.19946 -0.646016 0.040483 0.0470815 -3.63346 0.634809 1.20818 -2.41889 6.67762 -0.985413 -2.61989 1.12299 -0.218141
internal_weight=104384 9232 8325 6789 1536 5059 907 860 1730 741 3199 95152 76589 978 222 75611 3664 2879 785 71947 71819 128 756 637 119 153 989 885 1860 18563
internal_count=104384 9232 8325 6789 1536 5059 907 860 1730 741 3199 95152 76589 978 222 75611 3664 2879 785 71947 71819 128 756 637 119 153 989 885 1860 18563
is_linear=0
shrinkage=0.05


Tree=130
num_leaves=31
num_cat=1
split_feature=1 3 3 3 0 4 0 5 2 4 0 4 4 3 4 4 3 3 4 3 3 3 4 4 3 4 3 4 3 4
split_gain=497417 846358 840721 1.32699e+06 1.103e+06 1.01908e+06 2.04138e+06 2.27182e+06 1.27564e+06 919960 1.69575e+06 1.66586e+06 834553 3.62365e+06 2.92852e+06 1.36496e+07 1.5563e+07 8.56995e+06 4.35014e+06 4.24719e+06 2.7646e+06 1.9802e+06 1.88204e+06 2.35207e+06 2.54406e+06 2.1866e+06 2.78953e+06 1.52041e+06 1.51988e+06 1.30337e+06
threshold=0.11999972465400027 3.7808333333333337 0.18768939393939396 0.17507575757575761 19.879953380661018 25.217317244677925 1.0041218606348836 0 5.002250000000001 199.80677468231644 11.659972996665955 99.462654092432331 95.557937423290767 1.3558333333333337 147.19915526419507 145.25178461759691 0.33992424242424252 0.52044444444444449 154.65435644450841 0.33992424242424252 0.040833333333333346 0.35340909090909095 88.454092356621871 92.59150347442251 0.50083333333333346 76.622426155062485 0.19962121212121217 72.667141910237405 0.09416666666666669 73.493986445789304
decision_type=2 2 2 2 2 2 2 1 8 2 2 2 2 2 2 2 2 2 2 2 2 2 2 2 2 2 2 2 2 2
left_child=12 2 3 9 -5 6 7 -4 -8 11 -11 -2 13 22 15 17 -17 20 19 28 -14 -18 25 24 -24 27 -27 -1 -16 -15
right_child=1 -3 5 4 -6 -7 8 -9 -10 10 -12 -13 14 29 18 16 21 -19 -20 -21 -22 -23 23 -25 -26 26 -28 -29 -30 -31
leaf_value=-0.033404417972518349 -0.23746521570455403 4.6661831018476203 14.952989028664522 3.2621950102274222 -6.1322616554029068 -0.037345259213386085 2.9046501915104095 2.814781566285395 0.083410580722113839 -5.712838400158569 0.016909260414954871 2.348931620039886 -11.051673084997361 -1.2588680265455545 -15.505603695275651 -11.759911344316272 16.93921299235943 3.6233976964518178 -0.13317623191801345 3.1062208405936635 -0.41292485856773464 32.2608245602392 -2.5445697084323848 -0.55528875184687154 -10.709798736572267 9.3127844349091706 1.1908388514680028 -2.3808768375003844 -6.2945684597864755 -3.9182065713052396
leaf_weight=24202 1239 100 42 619 32 50563 451 382 3529 136 2248 1250 61 1072 52 35 38 1725 8017 122 4061 62 397 1323 125 131 533 709 319 809
leaf_count=24202 1239 100 42 619 32 50563 451 382 3529 136 2248 1250 61 1072 52 35 38 1725 8017 122 4061 62 397 1323 125 131 533 709 319 809
internal_value=0.000141053 0.0929327 0.0852954 0.673234 2.7917 0.0261983 0.755595 4.04952 0.403754 0.389705 -0.312212 1.06187 -0.128242 -0.281743 0.182113 1.02978 16.689 0.665436 -0.413795 -4.9676 -0.573007 26.664 -0.136067 -1.67789 -4.51659 -0.0247775 2.80481 -0.10031 -7.62383 -2.4041
internal_weight=104384 60591 60491 5524 651 54967 4404 424 3980 4873 2384 2489 43793 29301 14492 5982 135 5847 8510 493 4122 100 27420 1845 522 25575 664 24911 371 1881
internal_count=104384 60591 60491 5524 651 54967 4404 424 3980 4873 2384 2489 43793 29301 14492 5982 135 5847 8510 493 4122 100 27420 1845 522 25575 664 24911 371 1881
cat_boundaries=0 1
cat_threshold=2
is_linear=0
shrinkage=0.05


Tree=131
num_leaves=31
num_cat=0
split_feature=0 1 3 0 1 3 1 3 3 0 3 4 3 1 0 4 3 4 4 4 1 1 3 0 3 0 3 4 3 3
split_gain=498907 1.14305e+06 669359 584463 622203 894541 572597 1.9602e+06 2.05677e+06 1.66569e+06 1.58358e+06 1.13969e+06 997948 922717 1.75617e+06 1.20754e+06 763185 599720 547233 4.15831e+06 3.39728e+06 1.69729e+06 7.47214e+06 1.64668e+06 1.19055e+06 468282 426645 391743 1.5775e+06 833540
threshold=19.35995519575501 19.099955547164921 2.8875000000000006 19.599954671737674 20.049953179412842 1.0002222222222226 18.309957441986089 0.66022727272727277 0.4400617283950618 18.742363650087714 1.0202380952380954 141.52957083783937 1.7008333333333336 17.879958365402228 18.379957119216922 208.08813912549496 0.9607407407407409 113.61401437796748 172.73573143991823 172.01086858696587 16.939961004837041 17.349959723434452 0.55950000000000022 0.11999972392986342 0.60083333333333344 19.019955969009406 2.0162500000000003 257.29026212764853 0.46030303030303038 0.41515151515151522
decision_type=2 2 2 2 2 2 2 2 2 2 2 2 2 2 2 2 2 2 2 2 2 2 2 2 2 2 2 2 2 2
left_child=6 27 3 -3 5 -5 13 8 -8 10 -9 -11 -13 18 -15 17 -17 -16 19 20 -1 24 -23 -21 -20 -10 -6 28 29 -2
right_child=1 2 -4 4 26 -7 7 9 25 11 -12 12 -14 14 15 16 -18 -19 21 23 -22 22 -24 -25 -26 -27 -28 -29 -30 -31
leaf_value=-0.024296679664764932 -0.45268860602662681 2.3708213963070968 8.4442568040930706 0.013529371073236688 0.868577297535436 -1.9702936536835609 -4.5296526555220282 -10.776815168014682 13.992664684515734 -7.3912879194846512 1.0923284434080125 0.81148367808541644 -5.3897157850295683 11.62323072687785 0.62736871446881981 5.7660304683653214 0.58212446310852151 -6.5904147457281752 0.25637855427640077 1.8168386303906887 5.9729818846404807 -12.595459036650389 0.22670799736252856 5.906927670142629 -0.38664423161136513 5.9146063589368545 5.6003865497762506 0.95792883998953193 3.6663126732227855 -10.572386350278501
leaf_weight=64777 83 221 22 2335 173 750 47 98 25 64 39 362 78 44 55 129 157 59 11549 1108 236 147 489 316 19105 69 65 1247 509 26
leaf_count=64777 83 221 22 2335 173 750 47 98 25 64 39 362 78 44 55 129 157 59 11549 1108 236 147 489 316 19105 69 65 1247 509 26
internal_value=0.000142997 0.46669 -0.0579654 -0.113113 -0.278975 -0.469242 -0.0254677 -1.37222 3.94654 -2.54652 -7.41454 -1.21119 -0.297537 -0.0147259 2.25691 1.20018 2.93228 -3.13293 -0.0250696 0.0561287 -0.00243468 -0.197472 -2.75202 2.72798 -0.144383 8.18776 2.17892 1.46936 2.49811 -2.94078
internal_weight=104384 5431 3566 3544 3323 3085 98953 782 141 641 137 504 440 98171 444 400 286 114 97727 66437 65013 31290 636 1424 30654 94 238 1865 618 109
internal_count=104384 5431 3566 3544 3323 3085 98953 782 141 641 137 504 440 98171 444 400 286 114 97727 66437 65013 31290 636 1424 30654 94 238 1865 618 109
is_linear=0
shrinkage=0.05


Tree=132
num_leaves=31
num_cat=1
split_feature=1 2 3 0 2 3 3 1 3 3 3 3 3 3 0 3 0 5 3 1 2 2 3 0 3 3 0 3 3 1
split_gain=455778 823759 766825 746521 773121 2.30324e+06 725276 1.12983e+06 855654 648756 1.24226e+06 845963 779218 2.49737e+07 4.44102e+07 1.26563e+06 1.2064e+06 2.39376e+06 961979 714103 801771 444501 418881 390909 392902 266835 250882 235695 202264 200821
threshold=0.11999972465400027 4.6196500000000009 3.7808333333333337 0.20346191134857275 7.5239886760711681 0.50083333333333346 0.19962121212121217 12.959969866744816 0.23342592592592595 1.8803571428571433 1.4008333333333336 3.7808333333333337 0.32674242424242433 0.33992424242424252 0.44520146530287003 0.36071428571428582 0.17999958815944198 0 0.2191666666666667 0.039999907976621146 7.7260485410690309 7.4989146471023567 1.6608333333333336 0.17999958091807369 2.1404166666666673 2.7958333333333338 0.27999935919821267 1.6208333333333338 1.4608333333333337 0.47999889740452173
decision_type=2 10 2 2 10 2 2 2 2 2 2 2 2 2 2 2 2 1 2 2 10 10 2 2 2 2 2 2 2 2
left_child=9 -2 3 4 5 -3 7 -5 -8 10 12 21 16 14 -14 -15 18 -18 -1 20 22 26 -12 25 -25 -23 -11 28 -21 -6
right_child=1 2 -4 6 29 -7 8 -9 -10 11 19 -13 13 15 -16 -17 17 -19 -20 27 -22 23 -24 24 -26 -27 -28 -29 -30 -31
leaf_value=-0.42650040370954073 -8.3359937937506299 0.64101003657200972 4.4460731986843713 1.554954697950456 -0.039423129316461032 6.4063361700773243 -1.103639459898871 0.074260850084968563 0.03769907538811601 1.4095720119061679 -2.4868953994626928 -7.0293096101284025 -4.1145881901369536 -1.2288258634961329 32.338903536997684 0.014465030653316967 -0.2421222984893753 -2.1491457381388197 0.60076423178570559 0.65867538137688797 -7.677348287300986 1.7366365121793841 -0.55106744863571377 1.1941706022134064 -2.5135276360429568 -1.4137428751024042 6.3534956229502155 1.4720044347209233 -1.6514772288387665 -3.3516012139413878
leaf_weight=5093 28 703 100 1992 446 229 1695 3644 51704 45 784 31 171 2267 162 20998 5529 2342 4123 164 60 758 435 140 144 73 61 191 222 50
leaf_count=5093 28 703 100 1992 446 229 1695 3644 51704 45 784 31 171 2267 162 20998 5529 2342 4123 164 60 758 435 140 144 73 61 191 222 50
internal_value=0.00014345 0.0889664 0.0929992 0.0857261 1.21495 2.06295 0.058391 0.597784 0.00145043 -0.122749 -0.155773 0.998584 -0.0980466 0.0881521 13.6633 -0.106732 -0.355187 -0.809755 0.033086 -1.42045 -2.07876 1.20799 -1.79712 0.91165 -0.687995 1.45852 4.2875 0.0398389 -0.670783 -0.379394
internal_weight=104384 60591 60563 60463 1428 932 59035 5636 53399 43793 42541 1252 40685 23598 333 23265 17087 7871 9216 1856 1279 1221 1219 1115 284 831 106 577 386 496
internal_count=104384 60591 60563 60463 1428 932 59035 5636 53399 43793 42541 1252 40685 23598 333 23265 17087 7871 9216 1856 1279 1221 1219 1115 284 831 106 577 386 496
cat_boundaries=0 1
cat_threshold=1
is_linear=0
shrinkage=0.05


Tree=133
num_leaves=31
num_cat=0
split_feature=0 1 3 0 1 3 1 3 3 0 3 4 3 1 0 4 3 0 4 4 1 0 1 3 0 0 3 1 3 4
split_gain=448231 1.03147e+06 606719 527736 561822 808292 518702 1.77302e+06 1.86113e+06 1.50446e+06 1.45095e+06 1.03014e+06 917652 832274 1.58904e+06 1.09097e+06 692095 567728 514060 3.74327e+06 3.07371e+06 1.85881e+06 1.53006e+06 6.74351e+06 1.1206e+06 425219 385738 383184 378817 353051
threshold=19.35995519575501 19.099955547164921 2.8875000000000006 19.599954671737674 20.049953179412842 1.0002222222222226 18.309957441986089 0.66022727272727277 0.4400617283950618 18.742363650087714 1.1533823529411766 141.52957083783937 1.2137777777777778 17.879958365402228 18.379957119216922 208.08813912549496 1.0135294117647062 19.019955969009406 172.73573143991823 172.00897615464345 16.939961004837041 0.11999972392986342 17.349959723434452 0.55950000000000022 0.06023571162254697 19.019955969009406 2.0162500000000003 18.579956991500861 0.85011111111111126 257.29026212764853
decision_type=2 2 2 2 2 2 2 2 2 2 2 2 2 2 2 2 2 2 2 2 2 2 2 2 2 2 2 2 2 2
left_child=6 29 3 -3 5 -5 13 8 -8 10 28 27 -13 18 -15 17 -17 -16 19 20 -1 -21 24 -24 -20 -10 -6 -11 -9 -2
right_child=1 2 -4 4 26 -7 7 9 25 11 -12 12 -14 14 15 16 -18 -19 22 21 -22 -23 23 -25 -26 -27 -28 -29 -30 -31
leaf_value=-0.028267995674232823 2.3714582626408145 2.25178490744115 8.0385977919205374 0.011969932228875385 0.82352393614492214 -1.8737926161408762 -4.3104576333363847 -11.558542211349698 13.318128127937133 -3.1337991579841167 4.259502413670222 1.3238214784711599 -3.5118616746072058 11.053019013298883 -4.8872229623794556 5.3540647537255808 0.4351238984866253 3.4156947955378785 -1.6401054740870806 1.5187145032172682 5.6763259988721417 5.5941004149393114 -11.967458263087918 0.21351464586689764 -0.079479461177284091 5.6212427040253372 5.3227536103219695 -10.948376522064208 -5.3777426862716675 0.90931615509794295
leaf_weight=64419 618 221 22 2335 173 750 47 72 25 33 23 294 146 44 88 136 150 26 1196 1435 236 347 147 489 29458 69 65 31 42 1247
leaf_count=64419 618 221 22 2335 173 750 47 72 25 33 23 294 146 44 88 136 150 26 1196 1435 236 347 147 489 29458 69 65 31 42 1247
internal_value=0.000143277 0.442361 -0.0560282 -0.108532 -0.266139 -0.446938 -0.0241319 -1.30594 3.75251 -2.42276 -7.04919 -1.1537 -0.28506 -0.0139081 2.14352 1.13835 2.78472 -2.9803 -0.0237318 0.0549669 -0.00735786 2.31499 -0.190827 -2.61626 -0.140421 7.78698 2.06946 -7.02926 -9.34801 1.39484
internal_weight=104384 5431 3566 3544 3323 3085 98953 782 141 641 137 504 440 98171 444 400 286 114 97727 66437 64655 1782 31290 636 30654 94 238 64 114 1865
internal_count=104384 5431 3566 3544 3323 3085 98953 782 141 641 137 504 440 98171 444 400 286 114 97727 66437 64655 1782 31290 636 30654 94 238 64 114 1865
is_linear=0
shrinkage=0.05


Tree=134
num_leaves=31
num_cat=0
split_feature=2 2 3 1 3 3 3 3 3 0 1 0 1 0 3 2 3 0 1 2 2 3 3 3 3 1 0 3 0 2
split_gain=427743 967929 1.20405e+06 702988 677043 670560 935490 8.46859e+06 1.7491e+06 922759 862703 428378 1.07468e+06 412861 379672 368213 1.64333e+06 521073 402493 449186 575825 504729 480850 473209 375457 349072 949217 633846 612939 439692
threshold=7.334843802452089 7.3940989494323732 0.39583333333333343 11.639973171662575 0.020833333333333339 0.12022727272727275 0.32674242424242433 0.33992424242424252 0.31354166666666677 0.06023571162254697 0.35999917323786407 9.6964800574538454 9.4199780113872613 9.2999783966751099 0.09416666666666669 5.4770500000000011 2.6408333333333336 13.939978476112223 14.339960514015937 5.3756500000000011 4.8553500000000005 1.7205952380952385 2.2625000000000006 2.2408333333333341 2.8875000000000006 0.15999963263062142 6.1068796667851233 1.9208333333333336 0.26004182463998643 4.8776500000000018
decision_type=10 10 2 2 2 2 2 2 2 2 2 2 2 2 2 8 2 2 2 10 10 2 2 2 2 2 2 2 2 10
left_child=15 2 -2 11 13 9 8 -8 -7 10 -6 12 -4 -3 -11 18 -17 24 25 20 21 -20 -22 -21 -18 27 -27 28 -1 -28
right_child=1 4 3 -5 5 6 7 -9 -10 14 -12 -13 -14 -15 -16 16 17 -19 19 23 22 -23 -24 -25 -26 26 29 -29 -30 -31
leaf_value=0.4367997250759264 -0.49275784150415736 -7.1758061543632952 4.9729428592041458 -1.1379426800796431 -0.49250302163149962 -0.14556998562705145 6.1679976835658339 0.039338243312724688 -1.7464033204024574 1.6277788388225543 6.6771584260186492 5.8167644110888972 -3.0148509908113326 -1.0591628889114628 0.54373305980042663 -0.47521232741614744 -9.6003259832962708 -14.157753162384033 -0.64093749610367678 -1.3936974011333307 -0.22614299498225834 -4.6204595083178894 2.2172113551535051 -7.2186681649491593 -0.79642359839545351 2.1938756068062863 -0.95178507536584755 3.5168986673398059 -0.71255672241400514 0.33559844051065707
leaf_weight=1802 343 50 136 72 1732 17141 568 60109 1894 1658 42 204 60 61 1577 4884 22 23 202 631 2165 131 221 36 26 620 802 110 3252 3810
leaf_count=1802 343 50 136 72 1732 17141 568 60109 1894 1658 42 204 60 61 1577 4884 22 23 202 631 2165 131 221 36 26 620 802 110 3252 3810
internal_value=0.000144847 0.0474865 1.76132 3.39693 0.0310007 0.0361362 0.00087078 0.0968097 -0.304938 0.597228 -0.31909 4.21402 2.52478 -3.85392 1.09966 -0.216245 -0.58586 -8.08482 -0.0833252 -0.556699 -0.271184 -2.21562 0.00100134 -1.71843 -4.94522 0.0708919 0.3587 -0.220719 -0.302748 0.111571
internal_weight=104384 85647 815 472 84832 84721 79712 60677 19035 5009 1774 400 196 111 3235 18737 4955 71 13782 3386 2719 333 2386 667 48 10396 5232 5164 5054 4612
internal_count=104384 85647 815 472 84832 84721 79712 60677 19035 5009 1774 400 196 111 3235 18737 4955 71 13782 3386 2719 333 2386 667 48 10396 5232 5164 5054 4612
is_linear=0
shrinkage=0.05


Tree=135
num_leaves=31
num_cat=0
split_feature=2 3 4 4 4 3 3 3 3 1 4 4 4 4 4 3 3 1 4 3 4 3 4 4 3 4 1 4 3 1
split_gain=407939 621986 421273 2.47436e+06 3.16677e+06 2.93182e+06 2.9081e+06 2.18406e+06 2.09294e+06 2.03872e+06 1.77314e+06 4.47448e+06 3.37092e+06 1.72961e+06 1.36862e+06 2.21603e+06 1.89477e+06 1.80395e+06 1.30436e+06 2.78557e+06 1.4775e+06 1.22321e+06 1.20022e+06 1.79137e+06 1.10482e+06 717269 341629 205771 145321 29605.1
threshold=2.7040423750877385 0.33992424242424252 41.953151611830769 74.184791746501446 73.493986445789304 0.42006172839506178 0.98058823529411787 0.077500000000000013 0.1003787878787879 13.259969379631045 34.663429674957491 34.157793897804034 36.928172484557372 50.651647877876762 88.454092356621871 0.19962121212121217 0.20062500000000003 2.2199948400125509 92.59150347442251 0.58083333333333353 110.2701612581685 1.1801960784313728 38.592034641495182 37.472367610754716 0.17507575757575761 26.695935969762441 1.0000000180025095e-35 34.663429674957491 0.060833333333333343 9.4199780113872613
decision_type=10 2 2 2 2 2 2 2 2 2 2 2 2 2 2 2 2 2 2 2 2 2 2 2 2 2 2 2 2 2
left_child=1 -1 7 4 5 9 24 25 22 -4 11 -10 -12 -7 15 17 -17 -5 19 -16 -20 -8 23 -9 -6 29 28 -28 -27 -2
right_child=2 -3 3 14 6 13 21 8 10 -11 12 -13 -14 -15 18 16 -18 -19 20 -21 -22 -23 -24 -25 -26 26 27 -29 -30 -31
leaf_value=-0.86060434089678395 -1.673459584917341 -7.5336939874855249 -2.6738875364428134 9.4190860457696797 -4.0269435916818104 -1.2994626686409518 -8.0334653031247338 -2.205033806986092 -0.012799090255441185 0.82545053409444069 2.4567788660251377 -5.627361293016877 0.22656734202389731 0.45628356887671606 -3.391421800937966 -7.3858818030021558 0.89714482281414876 1.5230982524311387 0.90333252459747038 2.1118318891166203 -0.02319271776782475 -3.6361666516335607 3.1878209244051288 -9.8564513862807814 1.2583482289242109 3.6291417721816992 4.5298364564646851 11.234003867149355 7.3279132210823796 0.26983841507964662
leaf_weight=631 34 36 1931 137 129 1818 205 278 17978 530 2151 361 7968 6128 748 70 2512 153 4675 331 53913 701 61 105 412 263 22 29 30 44
leaf_count=631 34 36 1931 137 129 1818 205 278 17978 530 2151 361 7968 6128 748 70 2512 153 4675 331 53913 701 61 105 412 263 22 29 30 44
internal_value=0.000127278 -1.23152 0.00805978 -0.0552066 -0.717511 -0.412643 -2.90835 0.168559 0.116352 -1.92024 0.169552 -0.123622 0.700841 0.0544651 0.0703397 1.13628 0.669811 5.27284 0.0190139 -1.70282 0.050753 -4.63891 -3.28616 -4.3229 -0.00701079 3.73535 4.71444 8.48483 4.03151 -0.587637
internal_weight=104384 667 103717 74393 11854 10407 1447 29324 28902 2461 28458 18339 10119 7946 62539 2872 2582 290 59667 1079 58588 906 444 383 541 422 344 51 293 78
internal_count=104384 667 103717 74393 11854 10407 1447 29324 28902 2461 28458 18339 10119 7946 62539 2872 2582 290 59667 1079 58588 906 444 383 541 422 344 51 293 78
is_linear=0
shrinkage=0.05


Tree=136
num_leaves=31
num_cat=0
split_feature=2 4 4 4 4 4 4 4 0 4 4 2 2 3 3 4 4 0 2 0 2 4 0 3 2 4 3 4 0 3
split_gain=416337 1.40159e+06 1.64039e+06 1.93344e+06 1.46341e+06 1.29033e+06 1.14539e+06 989834 886920 762373 546504 448528 830793 1.08463e+06 712848 676675 1.91808e+06 1.52299e+06 626714 3.28652e+06 1.35754e+06 601635 762034 380848 346078 345431 1.4637e+06 1.07039e+06 1.2916e+06 1.56861e+06
threshold=7.6328552246093757 35.992682306176619 56.279287858403407 240.72410923780095 51.885076554379133 246.27150400024991 17.254587724801393 40.456495911064998 5.4778346966344351 70.311670125367542 261.10839630236018 7.334843802452089 7.3940989494323732 0.39583333333333343 1.8803571428571433 74.184791746501446 149.23024062292276 12.780964191841049 7.4111087799072273 9.2999783966751099 7.4446953773498548 25.217317244677925 1.1907310791423176 1.1991666666666669 7.640443897247315 41.953151611830769 2.0608333333333335 48.245206104620372 8.6171326063798421 1.3755555555555559
decision_type=8 2 2 2 2 2 2 2 2 2 2 10 10 2 2 2 2 2 10 2 10 2 2 2 10 2 2 2 2 2
left_child=11 6 4 8 7 -5 -2 24 9 -4 -7 25 13 -13 18 17 -17 -16 19 -14 -20 -15 -23 -8 -3 26 -1 -27 -29 -30
right_child=1 2 3 5 -6 10 23 -9 -10 -11 -12 12 14 21 15 16 -18 -19 20 -21 -22 22 -24 -25 -26 27 -28 28 29 -31
leaf_value=-0.087625067008874138 8.8416063524329154 -0.87917523928590724 -0.85185376681002067 1.0895621299029923 3.0969449676667926 -2.4219119554403488 -3.1856535666853194 -2.3719176810593328 -11.444918943246206 -2.9911489929438133 -0.33596064174992529 -0.46755346047692004 -4.5376518294474746 -3.4256845003366472 -1.0193955961487207 3.7981367689959384 0.48480478475308975 9.799566028258381 2.088291805105571 4.3368958057227891 0.022078385725970109 10.388362080500677 3.0433900159564207 -0.96397403588070674 1.9331660713772711 -1.8329670961878635 3.4125815016204877 0.7813978584024962 0.040934986809127202 -1.6297933297761729
leaf_weight=8942 22 147 985 1860 676 352 599 292 23 722 2847 343 332 31 752 536 2343 33 803 151 70661 38 403 286 421 1145 308 2379 3681 2271
leaf_count=8942 22 147 985 1860 676 352 599 292 23 722 2847 343 332 31 752 536 2343 33 803 151 70661 38 403 286 421 1145 308 2379 3681 2271
internal_value=0.000117092 -0.320444 -0.116978 -0.450854 1.35806 0.0426708 -2.18579 -0.0107941 -1.89325 -1.75792 -0.566174 0.0312222 0.0849576 1.67183 0.067831 0.74804 1.10277 -0.55269 0.0331804 -1.75997 0.0453242 3.22422 3.69837 -2.46959 1.20505 -0.188079 0.0292781 -0.400234 -0.203124 -0.596701
internal_weight=104384 9232 8325 6789 1536 5059 907 860 1730 1707 3199 95152 76426 815 75611 3664 2879 785 71947 483 71464 472 441 885 568 18726 9250 9476 8331 5952
internal_count=104384 9232 8325 6789 1536 5059 907 860 1730 1707 3199 95152 76426 815 75611 3664 2879 785 71947 483 71464 472 441 885 568 18726 9250 9476 8331 5952
is_linear=0
shrinkage=0.05


Tree=137
num_leaves=31
num_cat=1
split_feature=1 3 3 4 1 1 3 1 1 3 4 3 3 4 4 4 1 4 3 4 5 4 3 1 3 4 4 4 3 2
split_gain=389517 627256 478140 1.33709e+06 1.95742e+06 8.23096e+06 1.33305e+06 1.3377e+06 1.03548e+06 757424 1.07154e+06 1.06747e+06 967082 885422 1.86761e+06 765972 559778 451860 2.0123e+06 1.83789e+06 4.21176e+06 2.45094e+06 2.34615e+06 2.29316e+06 1.77623e+06 1.60825e+06 3.39606e+06 2.44771e+06 1.58044e+06 1.55472e+06
threshold=16.039962506454472 3.2641666666666671 0.69937500000000019 278.63826055011754 17.879958365402228 17.349959723434452 0.32007575757575768 18.939956020095828 19.499954920974734 0.85011111111111126 278.99955054364256 2.7004166666666674 2.3208333333333337 276.38051498725684 277.10028313804997 99.462654092432331 16.80995403041177 41.953151611830769 0.077500000000000013 60.679466652429532 0 63.31877527050807 0.74016666666666675 13.159969443489077 0.1003787878787879 33.920180761862021 26.695935969762441 34.12810361454143 1.0403431372549021 7.6731572866439821
decision_type=2 2 2 2 2 2 2 2 2 2 2 2 2 2 2 2 2 2 2 2 1 2 2 2 2 2 2 2 2 10
left_child=17 2 3 6 5 -5 16 -8 -6 13 11 -11 -12 15 -15 -4 -2 18 -1 20 22 28 23 -19 -20 26 -26 -27 -21 -22
right_child=1 -3 9 4 8 -7 7 -9 -10 10 12 -13 -14 14 -16 -17 -18 19 24 21 29 -23 -24 -25 25 27 -28 -29 -30 -31
leaf_value=3.5509264909410874 1.1197201417813929 -4.6595479500666261 -1.9209705737954694 0.15054765014734467 2.0975764141772575 -11.281271991298555 3.0346647897655941 0.32899764736407877 -0.76707325484847422 -0.23589207509315982 0.72680087087209266 -6.5503889870989145 3.9460017701704411 -10.227820384253317 -1.4382460471166252 1.3153762437368142 -1.4633120203994248 -5.1329020943933914 -2.998239052324875 4.6253389756514043 -0.62543872879034978 -0.050748911152197256 2.2363775061061548 1.5348914850958242 0.10910191381364627 4.6425178634642901 -1.8889507226719424 0.46234078031917419 -0.63971974861794623 1.7546779667076018
leaf_weight=422 386 63 284 969 889 187 1305 703 488 2235 1855 68 266 66 623 509 457 980 461 460 4856 55617 158 148 15338 361 2468 10758 206 798
leaf_count=422 386 63 284 969 889 187 1305 703 488 2235 1855 68 266 66 623 509 457 980 461 460 4856 55617 158 148 15338 361 2468 10758 206 798
internal_value=0.000118274 0.276592 0.304547 0.645297 -0.190647 -1.70687 1.38781 2.08805 1.08254 -0.00614116 0.321602 -0.425103 1.1322 -0.984066 -2.29382 0.155366 -0.28064 -0.0336236 0.126857 -0.109287 -0.876942 -0.0146168 -3.4585 -4.25746 0.0775657 0.126689 -0.167928 0.598464 2.99828 -0.28926
internal_weight=104384 11353 11290 5384 2533 1156 2851 2008 1377 5906 4424 2303 2121 1482 689 793 843 93031 29808 63223 6940 56283 1286 1128 29386 28925 17806 11119 666 5654
internal_count=104384 11353 11290 5384 2533 1156 2851 2008 1377 5906 4424 2303 2121 1482 689 793 843 93031 29808 63223 6940 56283 1286 1128 29386 28925 17806 11119 666 5654
cat_boundaries=0 1
cat_threshold=2
is_linear=0
shrinkage=0.05


Tree=138
num_leaves=31
num_cat=0
split_feature=1 3 0 0 2 2 3 1 3 3 3 3 3 0 3 1 2 3 0 0 3 2 0 1 3 0 3 2 2 3
split_gain=395211 702675 692347 771038 1.53963e+06 677806 636267 1.00842e+06 752971 562575 734802 503632 644755 1.78806e+06 838917 641505 430587 1.78618e+06 371737 222132 208289 168167 202131 163920 109187 196604 68785 27503.7 23044 18478.9
threshold=0.11999972465400027 3.7808333333333337 0.20346191134857275 0.19438611718302773 7.5239886760711681 4.6196500000000009 0.19962121212121217 12.959969866744816 0.23342592592592595 3.7808333333333337 2.2625000000000006 0.040833333333333346 0.1003787878787879 0.44520146530287003 0.2191666666666667 0.022499948315836956 7.5387078523635873 0.50083333333333346 0.11993492842096491 0.039999907976621146 2.7958333333333338 5.1254500000000016 11.017994619494585 0.47999889740452173 2.4608333333333339 0.39999907981026178 2.6408333333333336 7.6885518789291387 5.2382500000000016 2.9541666666666671
decision_type=2 2 2 2 10 10 2 2 2 2 2 2 2 2 2 2 10 2 2 2 2 10 2 2 2 2 2 10 10 2
left_child=9 2 3 16 -5 -4 7 -7 -8 10 11 15 13 -13 -14 19 17 -2 20 -1 26 -3 -23 -18 -20 -26 -12 -6 -24 -22
right_child=1 21 5 4 27 6 8 -9 -10 -11 18 12 14 -15 -16 -17 23 -19 24 -21 29 22 28 -25 25 -27 -28 -29 -30 -31
leaf_value=-2.1700574370480807 0.24771745423592431 0.13675053281443458 -7.5926394896671683 14.001706785875209 -1.1765523157596589 1.4627893269247467 -1.0366987316895997 0.063915010202812747 0.03396879633037804 -6.7415114438533781 1.2971573243884071 1.4367518955331786 -0.6893409275968384 -3.0373805828610294 -0.05442862029632544 -9.8648089114102451 -0.068666333809458455 5.4392150801937333 6.9316234794083762 -0.35710602158259963 -2.080632999574437 1.458636331833326 5.2233256725470234 -3.2814289128509437 1.4983623456458253 7.3631765283857078 3.1465619507256672 1.2192673607883247 7.971570260813742 -0.48782497860136487
leaf_weight=310 681 20 28 33 24 1992 1695 3644 51704 31 206 1583 6121 259 34650 21 407 218 33 371 33 25 23 43 47 20 67 22 32 41
leaf_count=310 681 20 28 33 24 1992 1695 3644 51704 31 206 1583 6121 259 34650 21 407 218 33 371 33 25 23 43 47 20 67 22 32 41
internal_value=0.000103622 0.0828146 0.0758557 1.16335 5.93359 0.0495435 0.0532968 0.558509 -3.51954e-05 -0.114333 -0.109484 -0.130317 -0.108416 0.806343 -0.149763 -1.45771 0.879798 1.51126 1.90509 -1.18436 1.12426 4.24983 5.26366 -0.38227 4.57657 3.33166 1.76089 -0.0290566 6.93619 -1.21647
internal_weight=104384 60591 60491 1428 79 59063 59035 5636 53399 43793 43762 43315 42613 1842 40771 702 1349 899 447 681 347 100 80 450 100 67 273 46 55 74
internal_count=104384 60591 60491 1428 79 59063 59035 5636 53399 43793 43762 43315 42613 1842 40771 702 1349 899 447 681 347 100 80 450 100 67 273 46 55 74
is_linear=0
shrinkage=0.05


Tree=139
num_leaves=31
num_cat=0
split_feature=3 4 1 0 3 4 4 4 4 4 0 4 0 2 4 0 4 4 1 3 3 4 4 4 1 4 3 4 0 0
split_gain=376493 2.49346e+06 1.4985e+06 935960 882056 1.61366e+06 1.27145e+06 882715 3.19421e+06 6.4346e+06 1.19506e+06 1.72017e+06 1.05551e+06 613646 1.00924e+06 1.33115e+06 533482 610615 524221 388478 6.11943e+06 2.56087e+07 8.35455e+07 1.60441e+06 4.06474e+06 2.82799e+06 4.84314e+06 2.21901e+06 1.93619e+06 1.35945e+06
threshold=0.040833333333333346 52.850771244946998 11.639973171662575 14.899965551673892 0.09416666666666669 37.746023660788687 37.472367610754716 171.16656316259125 149.23024062292276 145.25178461759691 12.101222741938008 172.73573143991823 13.280323082430719 7.4989146471023567 172.48958797418496 10.843494605390156 278.99955054364256 173.65532581007514 1.0000000180025095e-35 0.32674242424242433 0.33992424242424252 36.972016444086492 36.97190895456697 171.83167905709141 13.099969481803894 121.56743733502135 0.17507575757575761 112.62422041420211 11.659972996665955 13.900046924062918
decision_type=2 2 2 2 2 2 2 2 2 2 2 2 2 10 2 2 2 2 2 2 2 2 2 2 2 2 2 2 2 2
left_child=1 -1 13 16 5 6 -2 8 9 -7 11 -9 -12 -3 18 -16 17 -4 -15 23 21 22 -21 25 28 27 -27 -6 -25 -26
right_child=4 2 3 -5 19 7 -8 10 -10 -11 12 -13 -14 14 15 -17 -18 -19 -20 20 -22 -23 -24 24 29 26 -28 -29 -30 -31
leaf_value=4.1045808028005499 -0.23644259636454723 -0.89554557853378369 3.3970503109473249 -5.9202600543498995 -0.32953516199709965 2.4375891436595438 -8.3234532261522194 1.0192481452252666 7.8264570345763778 -12.553220483562615 6.6738104723996301 -5.7034884218496789 0.81862109687423035 -4.2599215942263751 4.9001400713063781 -6.3227785157097713 6.6701310065876358 -2.3145075680485259 -8.7836877016904875 -2.0006607208551443 0.0034084012061008449 -3.7209414427354939 55.689069462294107 0.89670781780347919 -2.6405737713817654 0.97173001006864335 -3.7357927762857046 2.2456848848569866 3.5401992625973473 -0.15974082616196331
leaf_weight=208 135 223 114 39 15268 762 75 228 217 78 93 162 427 321 63 44 54 78 81 202 74574 383 90 1888 652 854 1514 884 1094 3579
leaf_count=208 135 223 114 39 15268 762 75 228 217 78 93 162 427 321 63 44 54 78 81 202 74574 383 90 1888 652 854 1514 884 1094 3579
internal_value=0.000108169 -0.870931 -1.89158 1.18132 0.01046 1.00599 -3.15044 1.45112 2.43322 1.03231 0.308949 -1.78071 1.87661 -3.08797 -4.04486 0.269249 2.32661 1.07673 -5.19097 -0.0110117 0.0463376 4.78213 15.9098 -0.178709 0.453871 -0.425092 -2.03837 -0.188463 1.86738 -0.542574
internal_weight=104384 1225 1017 285 103159 2177 210 1967 1057 840 910 390 520 732 509 107 246 192 402 100982 75249 675 292 25733 7213 18520 2368 16152 2982 4231
internal_count=104384 1225 1017 285 103159 2177 210 1967 1057 840 910 390 520 732 509 107 246 192 402 100982 75249 675 292 25733 7213 18520 2368 16152 2982 4231
is_linear=0
shrinkage=0.05


Tree=140
num_leaves=31
num_cat=0
split_feature=2 4 4 4 4 4 4 4 4 4 4 4 3 4 4 1 1 2 2 3 4 3 4 3 4 4 3 3 1 3
split_gain=363919 1.14899e+06 1.41625e+06 1.74808e+06 1.28074e+06 1.16394e+06 1.02291e+06 906325 750797 492623 440203 3.06458e+06 2.16591e+06 3.02129e+06 4.45788e+06 3.29156e+06 1.32246e+06 2.10906e+06 1.14808e+06 1.65896e+06 1.61992e+06 1.13693e+06 1.01034e+06 6.11064e+06 4.36553e+06 945750 1.812e+06 1.40578e+06 1.57684e+06 823118
threshold=7.6328552246093757 35.992682306176619 56.279287858403407 240.72410923780095 51.885076554379133 246.27150400024991 17.254587724801393 40.456495911064998 76.622426155062485 261.10839630236018 172.73573143991823 172.00897615464345 0.58083333333333353 76.622426155062485 73.493986445789304 11.209969343024381 11.708306160100303 7.4412220239639293 5.0531500000000014 1.7205952380952385 263.05597234752685 0.09416666666666669 41.467459884849028 0.53015151515151526 57.66614639130723 172.48559991947982 0.060833333333333343 0.69937500000000019 0.022499948315836956 0.48840909090909096
decision_type=8 2 2 2 2 2 2 2 2 2 2 2 2 2 2 2 2 10 10 2 2 2 2 2 2 2 2 2 2 2
left_child=10 6 4 8 7 -5 -2 -3 -4 -7 11 12 22 14 -14 -15 17 -12 19 -18 -21 -19 23 -1 -24 26 -13 28 -27 -20
right_child=1 2 3 5 -6 9 -8 -9 -10 -11 16 25 13 15 -16 -17 18 21 29 20 -22 -23 24 -25 -26 27 -28 -29 -30 -31
leaf_value=0.29645839023266579 8.4318924746306063 1.1380917636361398 -1.1107761853004248 1.0379753982007587 2.8819464639207268 -2.2964579153713105 -2.2567671920268317 -2.2846630140213429 -3.3802036331764946 -0.31600736030458548 1.8115513100039113 -2.3454574245523521 0.23473629513029604 2.1122541411270896 -2.7197739645772319 0.23007974502375481 0.14139815932950059 -4.9895356393106214 0.44921836839270712 -6.2855202635463145 7.3715097077687588 -1.0749220064605722 -2.3695980134142798 -3.6006037265433122 -0.15139603870175988 0.20729128603781782 3.8548996363899763 -6.730637246493635 6.4451290385818485 -0.13948838756297016
leaf_weight=16546 22 568 1208 1860 676 352 885 292 522 2847 645 134 15540 4373 1390 4954 353 193 9207 243 23 4276 2595 1070 15237 535 941 57 124 16716
leaf_count=16546 22 568 1208 1860 676 352 885 292 522 2847 645 134 15540 4373 1390 4954 353 193 9207 243 23 4276 2595 1070 15237 535 941 57 124 16716
internal_value=0.000118701 -0.299584 -0.115362 -0.425589 1.2552 0.0436806 -1.9885 -0.0253508 -1.7971 -0.534576 0.0291999 0.105135 0.0459384 0.390124 -0.00798322 1.11268 -0.123109 -0.859267 0.0187575 -2.10756 -5.08144 -1.24506 -0.20901 0.0595587 -0.474315 2.14344 3.08055 0.734132 1.38902 0.06961
internal_weight=104384 9232 8325 6789 1536 5059 907 860 1730 3199 95152 63496 61705 26257 16930 9327 31656 5114 26542 619 266 4469 35448 17616 17832 1791 1075 716 659 25923
internal_count=104384 9232 8325 6789 1536 5059 907 860 1730 3199 95152 63496 61705 26257 16930 9327 31656 5114 26542 619 266 4469 35448 17616 17832 1791 1075 716 659 25923
is_linear=0
shrinkage=0.05


Tree=141
num_leaves=31
num_cat=1
split_feature=1 4 1 5 4 3 1 1 2 4 2 3 4 4 4 4 3 4 3 4 4 3 3 4 3 3 4 3 1 2
split_gain=385146 709872 1.23223e+06 3.68097e+06 3.29189e+06 1.41079e+06 824315 1.1397e+06 875102 779869 746202 976376 651931 1.0153e+06 7.36747e+06 9.4373e+06 1.38265e+07 3.81223e+06 3.62194e+06 3.2373e+06 2.85172e+06 2.5416e+06 2.0047e+06 2.19597e+06 1.82717e+06 1.27188e+06 1.09311e+06 648533 643414 622664
threshold=0.11999972465400027 40.456495911064998 2.2199948400125509 0 19.020390382422935 2.080833333333334 16.459962423629765 18.009958560455328 5.002250000000001 33.920180761862021 7.5821911334991468 1.3802380952380955 269.10220127150848 121.31720883073699 147.19915526419507 145.25178461759691 0.33992424242424252 154.65435644450841 0.33992424242424252 121.56743733502135 116.90209583102994 0.2267592592592593 1.3558333333333337 85.189214138531426 1.2537500000000004 0.78044117647058842 33.920180761862021 3.7808333333333337 0.3199992689446855 4.8186000000000009
decision_type=2 2 2 1 2 2 2 2 10 2 10 2 2 2 2 2 2 2 2 2 2 2 2 2 2 2 2 2 2 10
left_child=12 2 3 4 -2 6 8 -8 -4 -6 28 -12 13 20 15 19 -17 18 -16 -15 22 -22 26 -24 -19 -23 -1 29 -5 -3
right_child=1 27 5 10 9 -7 7 -9 -10 -11 11 -13 -14 14 17 16 -18 24 -20 -21 21 25 23 -25 -26 -27 -28 -29 -30 -31
leaf_value=-0.43290766985476514 21.085639241369147 -1.6846591883687674 1.7181699740611522 -2.0773721353560686 -2.2634387456253173 3.7863341997508453 9.3889798026680946 -1.6669351149913743 -0.17350009760691262 6.3185808914068984 0.27597157748614221 4.3059331803359244 -1.4461804234964946 6.6255669345852146 -7.0002362439501029 -10.878428404066298 25.34183388530618 -0.35015230184008694 2.9083641239879578 1.0976361079543877 7.7511135154122357 -4.7578984140136553 -2.3645535220996456 1.8731907519287354 1.8537604586924408 7.5214206487482249 0.18408100222324456 4.016440747675329 1.4262576998877634 0.023605633039473817
leaf_weight=11429 37 538 682 319 31 268 54 40 5829 164 375 250 897 332 371 35 100 6006 122 1297 46 591 1763 369 1114 21 19300 100 221 51683
leaf_count=11429 37 538 682 319 31 268 54 40 5829 164 375 250 897 332 371 35 100 6006 122 1297 46 591 1763 369 1114 21 19300 100 221 51683
internal_value=0.000110172 0.0817612 0.5122 1.8654 7.60253 0.236919 0.0923477 4.71626 0.0248771 4.94965 0.71735 1.89227 -0.11286 -0.0849452 0.374938 3.28553 15.9404 -0.299813 -4.54728 2.22764 -0.213606 -3.47025 -0.148292 -1.63056 -0.00511402 -4.32496 -0.0454013 0.0137163 -0.643484 0.00597444
internal_weight=104384 60591 8270 1397 232 6873 6605 94 6511 195 1165 625 43793 42896 9377 1764 135 7613 493 1629 33519 658 32861 2132 7120 612 30729 52321 540 52221
internal_count=104384 60591 8270 1397 232 6873 6605 94 6511 195 1165 625 43793 42896 9377 1764 135 7613 493 1629 33519 658 32861 2132 7120 612 30729 52321 540 52221
cat_boundaries=0 1
cat_threshold=2
is_linear=0
shrinkage=0.05


Tree=142
num_leaves=31
num_cat=0
split_feature=0 1 4 1 3 3 1 1 3 3 0 3 4 1 0 4 4 4 1 3 1 4 3 3 0 4 3 3 0 4
split_gain=360787 920683 520146 822012 639037 560873 483265 729264 1.29687e+06 1.47264e+06 1.13549e+06 1.25336e+06 1.00425e+06 718575 1.42257e+06 989657 483224 3.03967e+06 1.22366e+06 435559 429684 407358 561943 419811 401303 388383 365256 946465 626935 431684
threshold=19.35995519575501 18.939956020095828 257.29026212764853 18.009958560455328 0.46696969696969709 1.5401190476190478 19.208289321111049 18.309957441986089 0.66022727272727277 0.4400617283950618 18.742363650087714 1.1533823529411766 248.50768118551136 17.879958365402228 18.379957119216922 233.54283251771065 172.73573143991823 172.01086858696587 17.349959723434452 1.1991666666666669 18.59995679335022 99.462654092432331 0.9004901960784315 0.80011904761904773 19.019955969009406 139.57060578323578 1.3802380952380955 1.9008333333333336 19.719954595108039 263.05597234752685
decision_type=2 2 2 2 2 2 2 2 2 2 2 2 2 2 2 2 2 2 2 2 2 2 2 2 2 2 2 2 2 2
left_child=6 2 4 -4 -2 20 7 13 9 -9 11 -10 -12 16 -15 -16 17 -1 -18 25 -5 22 23 -3 -11 -6 -23 29 -29 -28
right_child=1 21 3 5 19 -7 -8 8 10 24 12 -13 -14 14 15 -17 18 -19 -20 -21 -22 26 -24 -25 -26 -27 27 28 -30 -31
leaf_value=0.0051693304464698582 -4.2700483934695903 -1.1675602652560468 -6.3163117877857102 4.0076956516392528 2.6842089493286729 -3.3343159125214918 5.6915794197288712 -4.1550965607419927 -8.6683498999968815 12.275468312072753 -4.3092194035878553 3.9781901864210769 0.40035791088292999 10.422531783209907 -2.300282144388119 2.8829611458419375 -0.13798982535643253 2.3396175643383486 -2.3520978969667734 1.0330027032651399 1.0090408875032542 0.42539422595095683 4.1237836679598185 -5.309525296030901 4.5599338848590847 6.9027967434151236 -0.27784389391254921 7.2106404001572546 0.045266656621297197 -4.8380888114944103
leaf_weight=65013 25 288 36 159 98 58 36 46 114 24 181 23 299 44 142 258 30654 1424 636 94 476 3384 40 77 59 128 77 33 299 159
leaf_count=65013 25 288 36 159 98 58 36 46 114 24 181 23 299 44 142 258 30654 1424 636 94 476 3384 40 77 59 128 77 33 299 159
internal_value=0.000139358 0.396884 1.70738 0.948097 3.30438 1.33403 -0.0216396 -0.0237764 -1.58012 2.96302 -2.53325 -6.53173 -1.3808 -0.0119337 1.99272 1.04175 -0.0210618 0.0552401 -0.183068 3.90761 1.76501 0.0735286 -1.43471 -2.05348 6.91057 5.0934 0.228418 -0.943795 0.777017 -3.35768
internal_weight=104384 5431 1074 729 345 693 98953 98917 746 129 617 137 480 98171 444 400 97727 66437 31290 320 635 4357 405 365 83 226 3952 568 332 236
internal_count=104384 5431 1074 729 345 693 98953 98917 746 129 617 137 480 98171 444 400 97727 66437 31290 320 635 4357 405 365 83 226 3952 568 332 236
is_linear=0
shrinkage=0.05


Tree=143
num_leaves=31
num_cat=1
split_feature=1 4 0 1 5 4 3 1 0 0 3 4 4 4 4 3 4 3 4 4 3 3 4 3 3 4 3 4 4 4
split_gain=365256 635789 2.61792e+06 1.34554e+06 1.89613e+06 2.01307e+06 1.20074e+06 717084 1.32405e+06 856140 586326 579606 877619 6.70961e+06 8.52381e+06 1.24985e+07 3.41601e+06 3.27028e+06 2.92272e+06 2.57237e+06 2.29701e+06 1.80927e+06 1.98218e+06 1.68566e+06 1.15134e+06 990954 566411 1.6248e+06 1.58738e+06 1.58453e+06
threshold=0.11999972465400027 40.456495911064998 0.30130323148743332 2.2199948400125509 0 19.020390382422935 2.080833333333334 16.459962423629765 18.379957119216922 16.339962500259404 3.7808333333333337 269.10220127150848 121.31720883073699 147.19915526419507 145.25178461759691 0.33992424242424252 154.65435644450841 0.33992424242424252 121.56743733502135 116.90209583102994 0.2267592592592593 1.3558333333333337 85.189214138531426 1.2537500000000004 0.78044117647058842 35.992682306176619 0.18768939393939396 56.279287858403407 199.80677468231644 51.935772360415989
decision_type=2 2 2 2 1 2 2 2 2 2 2 2 2 2 2 2 2 2 2 2 2 2 2 2 2 2 2 2 2 2
left_child=11 2 3 4 5 -2 7 9 -9 -4 26 12 19 14 18 -16 17 -15 -14 21 -21 25 -23 -18 -22 -1 27 29 -29 -3
right_child=1 10 6 -5 -6 -7 -8 8 -10 -11 -12 -13 13 16 15 -17 23 -19 -20 20 24 22 -24 -25 -26 -27 -28 28 -30 -31
leaf_value=-0.38499067586248581 24.247204603112262 1.9511442089141018 0.18915418689665145 -3.1843521378679975 1.8068604535455102 7.7711544150114067 3.5609557734062713 9.7799353999011913 -2.0642794901825665 -7.1451160239027818 3.8211781859645009 -1.367060084315411 6.2950257093779323 -6.6514231159353772 -10.349867251714072 24.087031418450991 -0.35234298150163951 2.7638717106299673 1.0425383601513318 7.3715508094747015 -4.5206632352655607 -2.2466511997485497 1.7795265812922167 1.7645072609639556 7.162196893908761 0.19260304106680248 -0.045229730653410155 1.8748705228593963 -0.012470250682587303 -5.9036143330395552
leaf_weight=12555 22 98 7583 40 110 107 275 52 42 39 100 897 332 371 35 100 6006 122 1297 46 591 1763 369 1114 21 18174 47298 1855 2787 183
leaf_count=12555 22 98 7583 40 110 107 275 52 42 39 100 897 332 371 35 100 6006 122 1297 46 591 1763 369 1114 21 18174 47298 1855 2787 183
internal_value=0.000143209 0.0796579 0.487017 5.23921 6.65642 10.746 0.320463 0.204524 4.52176 0.150693 0.0152613 -0.109871 -0.0835501 0.344016 3.12162 15.1485 -0.299904 -4.32058 2.11624 -0.20317 -3.29619 -0.141137 -1.5493 -0.0209372 -4.10874 -0.0433901 0.00790012 0.518255 0.741975 -3.16701
internal_weight=104384 60591 8270 279 239 129 7991 7716 94 7622 52321 43793 42896 9377 1764 135 7613 493 1629 33519 658 32861 2132 7120 612 30729 52221 4923 4642 281
internal_count=104384 60591 8270 279 239 129 7991 7716 94 7622 52321 43793 42896 9377 1764 135 7613 493 1629 33519 658 32861 2132 7120 612 30729 52221 4923 4642 281
cat_boundaries=0 1
cat_threshold=2
is_linear=0
shrinkage=0.05


Tree=144
num_leaves=31
num_cat=1
split_feature=5 2 0 4 2 3 3 2 4 4 3 3 0 0 3 3 0 3 4 4 3 2 2 3 0 0 0 2 2 0
split_gain=357920 1.14617e+06 685770 4.07646e+06 2.13217e+06 1.35678e+06 760071 4.29165e+06 1.00731e+06 736350 693437 590388 917634 529476 500058 1.38531e+07 1.12221e+06 360497 351994 1.03273e+06 603907 378399 552653 341691 514436 295712 305020 269398 254634 236056
threshold=0 5.5858000000000017 10.645000149766956 21.749337827658128 7.1956784248352061 0.20062500000000003 1.1005882352941179 7.3140944242477426 253.03728638509264 278.99955054364256 0.020833333333333339 2.6408333333333336 0.039999890417299407 11.239974006385806 0.32674242424242433 0.33992424242424252 9.9403491686412639 1.4008333333333336 5.4934507320493147 5.4946598705377818 0.66022727272727277 5.002250000000001 4.9084500000000011 0.50083333333333346 14.259954723929601 6.6199846035118117 13.172864286387552 5.390550000000002 5.1254500000000016 10.843494605390156
decision_type=1 8 2 2 10 2 2 10 2 2 2 2 2 2 2 2 2 2 2 2 2 10 10 2 2 2 2 10 10 2
left_child=1 18 9 5 -5 -4 8 -8 -6 10 -2 12 -11 -7 16 -16 -12 -14 21 20 27 22 -1 28 -25 -23 -27 -20 -21 -24
right_child=2 -3 3 4 6 13 7 -9 -10 11 14 -13 17 -15 15 -17 -18 -19 19 23 -22 25 29 24 -26 26 -28 -29 -30 -31
leaf_value=0.66845182107743772 -5.1984099018757162 -6.5176547885934513 1.0033056306838988 13.08845277786255 0.37731520604821983 21.346877571741743 22.188768317181129 0.55651495189052047 -0.24027040240929651 9.4259502056666786 -0.20778019303749776 -8.8645286687215172 -1.7883275343742868 10.951828759776221 9.4136139248345643 -0.026540330678757225 -4.4270269572060057 -0.34295971647627699 -1.5761245177324537 0.63979386515987358 2.1810937801061896 2.3538541436739613 1.881970691453843 -0.0824600240634418 -0.83885778641299413 -4.8589650282178614 0.013602893423393865 -4.729584920837766 -0.16782113375966726 8.5035123777389536
leaf_weight=104 64 71 23 31 12485 23 22 7380 14011 20 17890 23 894 35 392 34891 158 834 102 1863 50 127 20 6784 3361 34 390 209 2048 45
leaf_count=104 64 71 23 31 12485 23 22 7380 14011 20 17890 23 894 35 392 34891 158 834 102 1863 50 127 20 6784 3361 34 390 209 2048 45
internal_value=0.000166348 -0.224024 0.0384018 0.214989 0.188073 11.3498 0.175889 0.623799 0.050741 -0.0704666 -0.0371881 -1.07321 -0.965683 15.366 -0.0308969 0.078605 -0.244961 -1.09134 -0.194075 -0.247978 -2.88486 0.884097 2.94636 -0.180054 -0.33311 0.24737 -0.387624 -3.70371 0.216949 6.52558
internal_weight=104384 15208 89176 34010 33929 81 33898 7402 26496 55166 53395 1771 1748 58 53331 35283 18048 1728 15137 14417 361 720 169 14056 10145 551 424 311 3911 65
internal_count=104384 15208 89176 34010 33929 81 33898 7402 26496 55166 53395 1771 1748 58 53331 35283 18048 1728 15137 14417 361 720 169 14056 10145 551 424 311 3911 65
cat_boundaries=0 1
cat_threshold=4
is_linear=0
shrinkage=0.05


Tree=145
num_leaves=31
num_cat=1
split_feature=0 3 3 0 3 4 0 0 3 0 3 3 3 4 3 3 4 5 4 3 0 3 4 2 4 4 4 4 3 4
split_gain=332535 574460 476229 1.50757e+06 1.89865e+06 1.37531e+06 1.34456e+06 758108 1.79155e+06 1.11992e+06 1.37232e+06 1.09199e+06 442355 441679 1.61423e+06 1.54253e+06 1.4654e+06 3.55648e+06 2.20177e+06 1.98978e+06 1.98421e+06 1.39751e+06 1.3051e+06 1.44959e+06 1.18609e+06 4.20029e+06 3.11591e+06 1.00502e+06 3.51022e+06 1.96063e+06
threshold=16.540073909257895 3.2641666666666671 0.59011111111111114 17.119960333755497 0.45993827160493833 261.10839630236018 19.45995494651795 17.560083461233347 2.4008333333333338 19.959953700332644 1.8803571428571433 1.1603921568627453 2.5020833333333337 41.953151611830769 0.077500000000000013 0.1003787878787879 60.679466652429532 0 63.31877527050807 0.74016666666666675 15.290764050833879 1.0403431372549021 51.885076554379133 7.6731572866439821 34.663429674957491 34.157793897804034 36.928172484557372 76.622426155062485 0.98058823529411787 88.454092356621871
decision_type=2 2 2 2 2 2 2 2 2 2 2 2 2 2 2 2 2 1 2 2 2 2 2 10 2 2 2 2 2 2
left_child=13 2 3 -2 6 -6 -5 8 11 10 -9 -4 -11 14 -1 -16 17 19 21 20 -15 -18 -19 -24 25 -17 -26 28 -20 -29
right_child=1 -3 7 4 5 -7 -8 9 -10 12 -12 -13 -14 16 15 24 18 22 27 -21 -22 -23 23 -25 26 -27 -28 29 -30 -31
leaf_value=3.1942579547469112 2.0160052644828488 -4.54459697884898 -0.43897394255456224 -2.9676915432401745 3.8835284831297816 0.35223686790933162 0.011718339245843402 0.56139032904613873 6.6721667566738638 -1.1619152267870951 4.7508213484690387 -3.2914261614067066 1.6051894249799059 -4.3691829745879769 -2.7829728331233006 -0.00023887145065846382 4.3593553480617215 -1.2009937777237782 1.0742019340274618 2.0926938589690609 5.5564910530144314 -0.59002218712067267 -0.13296104742139947 2.5067942779243788 2.2642882249276934 -5.4531601355102746 0.1108853195044453 1.4045724392366929 -1.9240603293862941 -0.063197012706176406
leaf_weight=422 1438 61 1312 603 405 860 1015 3521 75 1274 206 450 162 1072 461 18563 461 2210 1559 157 52 206 2813 637 2132 359 7908 2385 2608 48997
leaf_count=422 1438 61 1312 603 405 860 1015 3521 75 1274 206 450 162 1072 461 18563 461 2210 1559 157 52 206 2813 637 2132 359 7908 2385 2608 48997
internal_value=0.000189033 0.255276 0.281538 0.694227 0.0344708 1.48499 -1.0998 0.0267275 -0.845333 0.337112 0.794164 -1.16892 -0.848846 -0.031032 0.127474 0.083381 -0.105935 -0.7913 -0.0213004 -3.16925 -3.90545 2.83216 -0.252644 0.355021 0.129101 -0.103978 0.568342 -0.0556135 -0.80233 0.0049584
internal_weight=104384 11382 11321 4321 2883 1265 1618 7000 1837 5163 3727 1762 1436 93002 29845 29423 63157 6941 56216 1281 1124 667 5660 3450 28962 18922 10040 55549 4167 51382
internal_count=104384 11382 11321 4321 2883 1265 1618 7000 1837 5163 3727 1762 1436 93002 29845 29423 63157 6941 56216 1281 1124 667 5660 3450 28962 18922 10040 55549 4167 51382
cat_boundaries=0 1
cat_threshold=2
is_linear=0
shrinkage=0.05


Tree=146
num_leaves=31
num_cat=0
split_feature=1 1 3 3 4 1 3 3 3 4 4 1 4 4 3 1 3 4 3 3 3 3 3 3 3 3 4 1 4 3
split_gain=355013 339374 1.9442e+06 551615 522867 387595 596034 1.88037e+06 1.75661e+06 1.44498e+06 515875 422393 4.14632e+06 2.57979e+06 2.19291e+06 333856 722935 499445 318094 383709 208087 169008 130520 125884 104719 58431.1 129781 77491.2 55808.2 7715.69
threshold=20.049953179412842 19.709954508804326 2.3608333333333338 0.25505555555555554 85.189214138531426 16.039962506454472 2.3608333333333338 2.2983333333333342 2.9541666666666671 277.10028313804997 261.10839630236018 15.279964382118226 278.94763736680397 279.0016283573446 0.1801515151515152 0.11999972465400027 0.29527777777777781 95.557937423290767 2.0162500000000003 0.9607407407407409 2.7958333333333338 2.5020833333333337 0.50083333333333346 3.4850000000000008 2.3208333333333337 0.74016666666666675 257.29026212764853 20.149953300933841 278.83075392663449 2.7658333333333336
decision_type=2 2 2 2 2 2 2 2 2 2 2 2 2 2 2 2 2 2 2 2 2 2 2 2 2 2 2 2 2 2
left_child=1 5 3 -3 -5 11 7 10 9 -8 -7 15 14 -14 -13 17 -17 -1 19 25 29 -20 -6 -10 -9 26 -2 -28 -21 -4
right_child=18 2 20 4 22 6 8 24 23 -11 -12 12 13 -15 -16 16 -18 -19 21 28 -22 -23 -24 -25 -26 -27 27 -29 -30 -31
leaf_value=-0.22039415788387356 -0.86532638148827989 -5.681410233253656 -5.1780862136114223 -6.482802575656347 1.6603158833904761 0.73713533594786029 -1.3520271673752713 -12.463530114215352 -2.498567786931992 7.6209378092353424 -0.0021414304643424015 1.7933406209188463 2.0256231653385188 -5.1191453494816805 -2.0451086088145507 0.52643082016107967 -0.0011900789619043158 0.13844505177962571 7.4254855479616104 -0.92739666879177085 -12.544755768157819 2.2646651413861445 0.0082271070855180015 -7.0172604959661316 -6.9501576113700869 4.4381537839942258 0.54247279771644141 4.2046781733903016 -4.2766945089142903 -7.5047782867431643
leaf_weight=29301 32 42 20 27 172 3767 64 22 59 147 6314 428 1630 136 2813 7904 36327 14492 32 23 26 33 387 21 23 25 22 43 28 24
leaf_count=29301 32 42 20 27 172 3767 64 22 59 147 6314 428 1630 136 2813 7904 36327 14492 32 23 26 33 387 21 23 25 22 43 28 24
internal_value=0.000186051 -0.0042311 -1.10225 -0.215242 0.185534 0.00318813 0.292401 0.228155 2.51955 4.90572 0.274152 -0.0291988 -0.475862 1.47281 -1.53781 -0.0037864 0.0931045 -0.101646 1.92503 0.793289 -8.94476 4.87946 0.518628 -3.75678 -9.85804 2.31158 1.72374 2.99224 -2.81321 -6.58587
internal_weight=104384 104146 698 628 586 103448 10417 10126 291 211 10081 93031 5007 1766 3241 88024 44231 43793 238 173 70 65 559 80 45 122 97 65 51 44
internal_count=104384 104146 698 628 586 103448 10417 10126 291 211 10081 93031 5007 1766 3241 88024 44231 43793 238 173 70 65 559 80 45 122 97 65 51 44
is_linear=0
shrinkage=0.05


Tree=147
num_leaves=31
num_cat=0
split_feature=3 4 1 0 3 4 4 4 4 4 0 1 4 4 4 0 4 4 0 3 3 4 4 3 4 4 0 4 1 4
split_gain=333490 2.09741e+06 1.23221e+06 857192 805510 1.45699e+06 1.10788e+06 841557 2.8667e+06 5.23957e+06 1.04762e+06 866558 502096 538584 496378 1.12302e+06 904424 1.04872e+06 481161 353621 4.83778e+06 2.2539e+07 7.5227e+07 1.38001e+06 2.98458e+06 4.42939e+06 1.42477e+06 1.09801e+06 3.48636e+06 2.17771e+06
threshold=0.040833333333333346 52.850771244946998 11.639973171662575 14.899965551673892 0.09416666666666669 37.746023660788687 37.472367610754716 171.16656316259125 149.23024062292276 145.25178461759691 15.639963781471254 15.044965211907707 278.99955054364256 173.65532581007514 172.48958797418496 10.843494605390156 110.28524329966014 162.74490812503146 16.339962500259404 0.32674242424242433 0.33992424242424252 36.972016444086492 36.97190895456697 0.31933333333333336 121.56743733502135 134.78011504522837 0.15999963279306892 171.83167905709141 13.099969481803894 163.48335287219297
decision_type=2 2 2 2 2 2 2 2 2 2 2 2 2 2 2 2 2 2 2 2 2 2 2 2 2 2 2 2 2 2
left_child=1 -1 14 12 5 6 -2 8 9 -7 11 -9 13 -4 16 -16 -3 -18 -12 23 21 22 -21 27 26 -26 -25 29 -29 -6
right_child=4 2 3 -5 19 7 -8 10 -10 -11 18 -13 -14 -15 15 -17 17 -19 -20 20 -22 -23 -24 24 25 -27 -28 28 -30 -31
leaf_value=3.7436904998829492 -0.26780088301032423 -1.5188547439330093 3.0950120890762496 -5.7645784007310867 -0.1820350121902867 2.2839400474959559 -7.8170730634112111 -0.30042558720127222 7.4524387116607178 -11.243484446610077 7.5004697818322619 -10.379807572798295 6.3406391923210839 -2.2687349233597138 4.4879286733223838 -5.7875838653511469 -10.478077798223495 -3.6364037928694772 1.9469031063429743 -2.2990729448962681 0.005923752734195372 -3.7218281071043267 52.441578547718763 2.3880596044882747 -13.71094452768002 -2.3745447339063053 -1.1276199646152847 1.7898116824513393 -0.48066338292340288 -3.5687687489542741
leaf_weight=208 135 320 114 39 16187 762 75 697 217 78 54 21 54 78 64 44 74 230 138 202 74574 383 90 383 105 464 1154 2900 4052 488
leaf_count=208 135 320 114 39 16187 762 75 697 217 78 54 21 54 78 64 44 74 230 138 202 74574 383 90 383 105 464 1154 2900 4052 488
internal_value=0.000153867 -0.819632 -1.7557 1.03092 0.00989662 0.961252 -2.98826 1.38422 2.34314 1.01594 0.269031 -0.60926 2.12725 0.915499 -2.84059 0.286872 -3.38148 -5.33072 3.53964 -0.0106222 0.0440937 4.25485 14.6944 -0.170619 -1.39673 -4.48689 -0.250573 -0.0612748 0.466577 -0.281357
internal_weight=104384 1225 1017 285 103159 2177 210 1967 1057 840 910 718 246 192 732 108 624 304 192 100982 75249 675 292 25733 2106 569 1537 23627 6952 16675
internal_count=104384 1225 1017 285 103159 2177 210 1967 1057 840 910 718 246 192 732 108 624 304 192 100982 75249 675 292 25733 2106 569 1537 23627 6952 16675
is_linear=0
shrinkage=0.05


Tree=148
num_leaves=31
num_cat=0
split_feature=1 1 3 3 4 1 3 3 3 4 4 3 3 4 1 1 1 4 3 3 3 3 3 3 3 4 4 1 3 3
split_gain=322274 305897 1.76346e+06 495125 473858 357659 535951 1.70573e+06 1.58818e+06 1.30521e+06 465599 385477 539052 1.67767e+06 533044 419468 736207 456345 287432 348302 188374 153023 119081 114360 94971.1 55913.8 137551 58747.2 53044.8 6945.78
threshold=20.049953179412842 19.709954508804326 2.3608333333333338 0.25505555555555554 85.189214138531426 16.039962506454472 2.3608333333333338 2.2983333333333342 2.9541666666666671 277.10028313804997 261.10839630236018 2.8375000000000008 2.7004166666666674 145.25178461759691 15.279964382118226 1.0000000180025095e-35 12.699970664131166 278.99955054364256 2.0162500000000003 0.9607407407407409 2.7958333333333338 2.5020833333333337 0.50083333333333346 3.4850000000000008 2.3208333333333337 193.30658157425756 257.29026212764853 20.149953300933841 1.5208333333333337 2.7658333333333336
decision_type=2 2 2 2 2 2 2 2 2 2 2 2 2 2 2 2 2 2 2 2 2 2 2 2 2 2 2 2 2 2
left_child=1 5 3 -3 -5 11 7 10 9 -8 -7 12 14 -14 -1 17 -17 -13 19 25 29 -20 -6 -10 -9 -2 -27 -28 -21 -4
right_child=18 2 20 4 22 6 8 24 23 -11 -12 15 13 -15 -16 16 -18 -19 21 28 -22 -23 -24 -25 -26 26 27 -29 -30 -31
leaf_value=-0.0019027478857657973 4.5123986079476097 -5.3804718354690912 -4.9317926461356034 -6.1701888372216906 1.5855556035687812 0.70353536577625386 -1.2857574417912045 -11.86773148909859 -2.3760128443141779 7.2421714226619631 0.0012037290561002602 -0.089910451206442435 2.1489049916347223 -5.0210072562767536 -0.54159112503990103 4.970574233446122 0.73353941764773389 -8.1812524679432741 7.0651748547409516 -0.909202512550354 -11.941033983937016 2.1544748508228979 0.0075213545330406464 -6.6826284904913464 -6.6174130487442016 -1.3334915863509691 0.65402607661982382 3.7221477186679843 -4.1611721682921052 -7.1448328674316421
leaf_weight=87078 21 42 20 27 172 3767 64 22 59 147 6314 72 139 195 4828 124 573 22 32 24 26 33 387 21 23 27 23 51 27 24
leaf_count=87078 21 42 20 27 172 3767 64 22 59 147 6314 72 139 195 4828 124 573 22 32 24 26 33 387 21 23 27 23 51 27 24
internal_value=0.000149292 -0.00405926 -1.04651 -0.201751 0.177946 0.00298454 0.280804 0.219882 2.39272 4.66161 0.263691 -0.0281265 -0.0375571 -2.0396 -0.0302593 1.07025 1.49338 -2.04987 1.83409 0.75825 -8.51558 4.64254 0.495044 -3.57511 -9.38654 2.20478 1.6854 2.79004 -2.67784 -6.27097
internal_weight=104384 104146 698 628 586 103448 10417 10126 291 211 10081 93031 92240 334 91906 791 697 94 238 173 70 65 559 80 45 122 101 74 51 44
internal_count=104384 104146 698 628 586 103448 10417 10126 291 211 10081 93031 92240 334 91906 791 697 94 238 173 70 65 559 80 45 122 101 74 51 44
is_linear=0
shrinkage=0.05


Tree=149
num_leaves=31
num_cat=2
split_feature=5 2 0 1 2 1 1 0 2 2 1 1 0 0 2 3 2 2 0 2 2 0 2 3 1 3 5 1 3 2
split_gain=309586 1.03634e+06 578724 4.22364e+06 2.46304e+06 1.90317e+06 1.49197e+06 1.55082e+06 3.04713e+06 2.11369e+06 1.38223e+06 1.30932e+06 1.49475e+06 1.1717e+06 2.2161e+06 1.64409e+06 2.66239e+06 1.79984e+06 1.11995e+06 3.65086e+06 1.03345e+06 974552 946306 633081 505058 499623 394748 271953 568476 405863
threshold=0 5.5858000000000017 10.645000149766956 11.209969343024381 7.3608105421066297 10.839974905344109 9.3099784902902716 8.8257749581760265 7.4373547077178968 7.5353527784347545 10.359971439942887 8.839979524310726 7.9612387325791962 9.2999783966751099 7.530397439002992 0.49507575757575767 7.3140944242477426 7.3542668581008916 11.239974006385806 7.2544859409332281 7.4989146471023567 8.8257749581760265 7.383930659294129 0.59011111111111114 8.839979524310726 2.080833333333334 1 14.389960498682644 0.84083333333333343 5.0131500000000004
decision_type=1 8 2 2 10 2 2 2 10 10 2 2 2 2 10 2 10 10 2 10 10 2 10 2 2 2 1 2 2 10
left_child=1 27 6 4 5 -4 7 11 24 -10 26 12 -2 14 21 16 -15 -17 20 -20 22 -8 -5 -12 -9 -21 -6 29 -29 -1
right_child=2 -3 3 18 10 -7 13 8 9 -11 23 -13 -14 15 -16 17 -18 -19 19 25 -22 -23 -24 -25 -26 -27 -28 28 -30 -31
leaf_value=0.46169782696389644 -0.056873605929459017 -6.1928666625130511 20.738298506221255 -2.7901273796001718 0.78208803447324848 4.1965089885166718 -0.98807176694745502 10.474729520473996 -1.2409689224349156 4.1625283860574696 1.9810458471167263 -2.848512677580624 2.0623482987439661 13.211632611233254 7.1122348424738107 -4.8411406481875119 -4.364091437462398 1.2666981353311699 16.288811616080149 0.088261847819013473 -7.2745355779669261 -4.4424930991969802 3.5356820477321742 5.5949892522679185 4.36774549518932 1.0070455652810226 -4.9721951452891027 0.057721436322244773 -1.0804623212984303 -0.23092928966494042
leaf_weight=2893 50508 71 36 226 66 34 315 101 495 284 202 412 845 22 54 136 349 1008 34 31332 88 583 79 308 54 1552 53 2193 2194 7857
leaf_count=2893 50508 71 36 226 66 34 315 101 495 284 202 412 845 22 54 136 349 1008 34 31332 88 583 79 308 54 1552 53 2193 2194 7857
internal_value=0.000118273 -0.208386 0.0356785 0.197899 4.04159 12.8761 -0.0643327 -0.00806185 2.01011 0.731788 3.03954 -0.0445141 -0.0219628 -1.26587 -2.63953 -0.401515 -3.28914 0.536993 0.117124 0.148837 -2.53284 -3.23321 -1.14542 4.17027 8.3888 0.131654 -1.80078 -0.179909 -0.511616 -0.044506
internal_weight=104384 15208 89176 34010 699 70 55166 52699 934 779 629 51765 51353 2467 952 1515 371 1144 33311 32918 393 898 305 510 155 32884 119 15137 4387 10750
internal_count=104384 15208 89176 34010 699 70 55166 52699 934 779 629 51765 51353 2467 952 1515 371 1144 33311 32918 393 898 305 510 155 32884 119 15137 4387 10750
cat_boundaries=0 1 2
cat_threshold=4 2
is_linear=0
shrinkage=0.05


end of trees

feature_importances:
wave_height_m=1189
water_depth_m=1188
stw_kn=849
sog_kn=803
draft_m=331
vessel_type=133
fuel_type=7

parameters:
[boosting: gbdt]
[objective: regression]
[metric: l2]
[tree_learner: serial]
[device_type: cpu]
[data_sample_strategy: bagging]
[data: ]
[valid: ]
[num_iterations: 150]
[learning_rate: 0.05]
[num_leaves: 31]
[num_threads: 20]
[seed: 42]
[deterministic: 0]
[force_col_wise: 0]
[force_row_wise: 0]
[histogram_pool_size: -1]
[max_depth: 6]
[min_data_in_leaf: 20]
[min_sum_hessian_in_leaf: 0.001]
[bagging_fraction: 0.8]
[pos_bagging_fraction: 1]
[neg_bagging_fraction: 1]
[bagging_freq: 0]
[bagging_seed: 400]
[bagging_by_query: 0]
[feature_fraction: 0.8]
[feature_fraction_bynode: 1]
[feature_fraction_seed: 30056]
[extra_trees: 0]
[extra_seed: 12879]
[early_stopping_round: 0]
[early_stopping_min_delta: 0]
[first_metric_only: 0]
[max_delta_step: 0]
[lambda_l1: 0.1]
[lambda_l2: 1]
[linear_lambda: 0]
[min_gain_to_split: 0]
[drop_rate: 0.1]
[max_drop: 50]
[skip_drop: 0.5]
[xgboost_dart_mode: 0]
[uniform_drop: 0]
[drop_seed: 17869]
[top_rate: 0.2]
[other_rate: 0.1]
[min_data_per_group: 100]
[max_cat_threshold: 32]
[cat_l2: 10]
[cat_smooth: 10]
[max_cat_to_onehot: 4]
[top_k: 20]
[monotone_constraints: ]
[monotone_constraints_method: basic]
[monotone_penalty: 0]
[feature_contri: ]
[forcedsplits_filename: ]
[refit_decay_rate: 0.9]
[cegb_tradeoff: 1]
[cegb_penalty_split: 0]
[cegb_penalty_feature_lazy: ]
[cegb_penalty_feature_coupled: ]
[path_smooth: 0]
[interaction_constraints: ]
[verbosity: -1]
[saved_feature_importance_type: 0]
[use_quantized_grad: 0]
[num_grad_quant_bins: 4]
[quant_train_renew_leaf: 0]
[stochastic_rounding: 1]
[linear_tree: 0]
[max_bin: 255]
[max_bin_by_feature: ]
[min_data_in_bin: 3]
[bin_construct_sample_cnt: 200000]
[data_random_seed: 175]
[is_enable_sparse: 1]
[enable_bundle: 1]
[use_missing: 1]
[zero_as_missing: 0]
[feature_pre_filter: 1]
[pre_partition: 0]
[two_round: 0]
[header: 0]
[label_column: ]
[weight_column: ]
[group_column: ]
[ignore_column: ]
[categorical_feature: 5,6]
[forcedbins_filename: ]
[precise_float_parser: 0]
[parser_config_file: ]
[objective_seed: 16083]
[num_class: 1]
[is_unbalance: 0]
[scale_pos_weight: 1]
[sigmoid: 1]
[boost_from_average: 1]
[reg_sqrt: 0]
[alpha: 0.9]
[fair_c: 1]
[poisson_max_delta_step: 0.7]
[tweedie_variance_power: 1.5]
[lambdarank_truncation_level: 30]
[lambdarank_norm: 1]
[label_gain: ]
[lambdarank_position_bias_regularization: 0]
[eval_at: ]
[multi_error_top_k: 1]
[auc_mu_weights: ]
[num_machines: 1]
[local_listen_port: 12400]
[time_out: 120]
[machine_list_filename: ]
[machines: ]
[gpu_platform_id: -1]
[gpu_device_id: -1]
[gpu_device_id_list: ]
[gpu_use_dp: 0]
[num_gpu: 1]

end of parameters

pandas_categorical:[["offshore_supply", "passenger_cruise", "passenger_cruise_small"], ["mgo", "vlsfo"]]
